"","p","replicate","edge_density","mean_distance","mean_nearest_distance","num_patches","mean_patch_area"
"1",0.01,1,4721,51.1594377055694,1.10382229439157,682,2.15689149560117
"2",0.01,2,4634,50.6417688297105,1.12652498559461,678,2.14896755162242
"3",0.1,1,3234,51.3191835419464,1.44467295426006,378,3.90740740740741
"4",0.1,2,3156,50.0328833959223,1.35735477851583,408,3.45833333333333
"5",0.2,1,2574,51.058744659003,1.65974989450275,214,7.50467289719626
"6",0.2,2,2507,50.5064003468293,1.72690221669161,225,6.66666666666667
"7",0.4,1,1687,46.9639566789354,2.43859510214477,111,12.3063063063063
"8",0.4,2,1755,49.9340778193104,2.72120814837939,106,14.6132075471698
