"movement","habitat_cover","metapop_cap","alpha","mean_distance","edge_density","num_patches","mean_patch_size","mean_dispersal"
"result_final_linear_10",4.34,70.6652228968489,0.912855943201771,25.3900572556952,2886,307,1.41368078175896,1.09546309847376
"result_final_linear_10",16.91,144.550105948096,0.926227315289606,25.5501184954682,10688,695,2.43309352517986,1.0796485738356
"result_final_linear_10",10.22,64.379682497971,0.918597036915773,25.3778703089636,6980,614,1.66449511400651,1.08861661840053
"result_final_linear_10",21.05,639.251666177939,0.931673353788058,25.6072340638329,12596,675,3.11851851851852,1.07333755541482
"result_final_linear_10",26.71,1423.89929556128,0.940242212757223,25.448933701363,14286,586,4.5580204778157,1.06355573748124
"result_final_linear_10",19.9,330.593638104371,0.930097538318625,25.3039121540756,11766,691,2.87988422575977,1.07515605493134
"result_final_linear_10",28.91,2762.51117165208,0.943990014341106,24.8945852990121,15428,541,5.34380776340111,1.05933323955549
"result_final_linear_10",7.57,18.5854639334775,0.915910262000079,25.5210287618936,5290,526,1.43916349809886,1.0918100183923
"result_final_linear_10",13.32,278.849735879855,0.921970728386658,25.5337206183779,8592,649,2.05238828967643,1.0846331333641
"result_final_linear_10",24.86,1152.7855372225,0.937281708412334,25.0755391121673,13954,590,4.2135593220339,1.06691509182859
"result_final_linear_10",41.44,601251.263113054,0.971595434032387,26.1561578513125,18106,177,23.4124293785311,1.0292349726776
"result_final_linear_10",11.63,109.477184809605,0.9200991212361,25.0196278039676,7670,634,1.83438485804416,1.08683942514428
"result_final_linear_10",12.51,150.3831635135,0.921063713311155,25.6054944362893,7884,635,1.97007874015748,1.08570122299691
"result_final_linear_10",10.05,66.1883803291766,0.91841944047376,25.3226634243538,6752,604,1.66390728476821,1.08882712618121
"result_final_linear_10",6.54,28.2220611941071,0.914911112851437,25.2583104533282,4414,429,1.52447552447552,1.09300235394821
"result_final_linear_10",0.96,12.8684083396526,0.90989269439953,24.4037832848603,708,83,1.1566265060241,1.09903069466882
"result_final_linear_10",34.14,33094.6985027055,0.954050295515123,25.4315975593877,16544,350,9.75428571428571,1.04816276951108
"result_final_linear_10",19.63,315.059844526334,0.929734857248623,25.1867472123249,11504,674,2.91246290801187,1.0755754634814
"result_final_linear_10",38.89,304066.473195883,0.964915050843176,24.0204661271278,17814,222,17.518018018018,1.03636066110293
"result_final_linear_10",8.76,32.0369137949037,0.917095529109038,25.3665750719357,6166,584,1.5,1.0903989478299
"result_final_linear_10",45.25,504145.120659802,0.98294434470377,26.1491416752233,18352,121,37.396694214876,1.01735159817352
"result_final_linear_10",23.7,550.981571009266,0.935507601765571,25.307051708733,13376,637,3.72056514913658,1.06893840104849
"result_final_linear_10",11.33,70.6881236272123,0.919775113065848,25.3147655531184,7598,641,1.76755070202808,1.08722228487651
"result_final_linear_10",34.56,73680.3133181083,0.954938127480738,25.5830348310078,16928,355,9.73521126760563,1.04718826405868
"result_final_linear_10",12.62,51.2373656961752,0.921185797419246,25.4792194228608,8466,677,1.86410635155096,1.08555733577478
"result_final_linear_10",26.48,4540.10230172341,0.939865003068112,25.142665346955,14384,599,4.42070116861436,1.06398258977149
"result_final_linear_10",22.08,1351.27595960873,0.933128951906495,25.0144289278101,12724,660,3.34545454545455,1.07166324435318
"result_final_linear_10",28.88,5271.51699653622,0.943937141643661,25.5297461843625,15554,495,5.83434343434343,1.05939257592801
"result_final_linear_10",20.69,305.85715277585,0.931174564410839,25.1905221813573,12202,703,2.94310099573257,1.07391249527172
"result_final_linear_10",1.23,3.20318670617603,0.910121263499318,24.9796181225148,960,113,1.08849557522124,1.09875468259593
"result_final_linear_10",28.7,3324.43828111072,0.943620963472737,24.6503023805255,15404,484,5.9297520661157,1.05974754558205
"result_final_linear_10",26.89,4279.90215162845,0.940539288838574,25.6292362066568,14418,568,4.73415492957746,1.06321980577212
"result_final_linear_10",13.25,219.12224155402,0.921891604675877,25.2247101140586,8752,671,1.97466467958271,1.08472622478386
"result_final_linear_10",3.94,54.1886105891223,0.912493350558553,25.6264120209315,2744,298,1.32214765100671,1.09589839683531
"result_final_linear_10",14.31,95.3462072406776,0.923105097599862,25.3539284324832,9168,708,2.02118644067797,1.08330026840938
"result_final_linear_10",9.8,45.0280365762792,0.918159609120521,25.3800740618827,6552,590,1.66101694915254,1.08913525498891
"result_final_linear_10",19.23,210.895492954186,0.929202521743132,25.1058606100353,11664,724,2.6560773480663,1.07619165531757
"result_final_linear_10",1.55,5.76163057374978,0.910393933789532,26.2504395172533,1022,114,1.35964912280702,1.09842559674962
"result_final_linear_10",29.87,3240.30105304899,0.94570904579535,25.0103902156866,15790,488,6.12090163934426,1.05740767146728
"result_final_linear_10",2.28,7.73333926437849,0.911023269689738,24.9969456893599,1662,193,1.18134715025907,1.09766680311093
"result_final_linear_10",38.84,575064.354024341,0.964790509843513,24.8207880893115,17734,203,19.1330049261084,1.03649444081099
"result_final_linear_10",30.78,8683.71173544301,0.947388590824483,25.1451936980322,16006,475,6.48,1.05553308292401
"result_final_linear_10",6.1,16.560702548732,0.914491624464355,25.2902023343416,4244,437,1.39588100686499,1.09350372736954
"result_final_linear_10",13.49,90.5654949115203,0.922163475887946,25.244344314659,8688,689,1.95791001451379,1.08440642700266
"result_final_linear_10",33.86,24666.4384890371,0.953465574904855,24.6295394039599,16752,351,9.64672364672365,1.04880556395525
"result_final_linear_10",37.41,120322.321674202,0.961325797137065,24.8988465179283,17362,266,14.0639097744361,1.04023006870107
"result_final_linear_10",35.37,66231.7167341418,0.956687784948783,25.3712495029945,17120,302,11.7119205298013,1.04527309299087
"result_final_linear_10",34.28,26293.0025354174,0.954344795539034,25.0757809485461,16772,369,9.289972899729,1.04783931832015
"result_final_linear_10",17.79,191.766076740692,0.927333844696115,25.2472929454612,11172,718,2.47771587743733,1.07836029680088
"result_final_linear_10",12.29,95.547294572136,0.920820560198211,25.313475142033,8128,667,1.84257871064468,1.08598791471896
"result_final_linear_10",27.12,1954.282684389,0.940921297252634,25.3885077207448,14886,586,4.62798634812287,1.06278814489572
"result_final_linear_10",26.76,2909.03831354866,0.94032456861134,25.5287924087452,14666,550,4.86545454545455,1.06346258874932
"result_final_linear_10",15.74,128.98126493596,0.924795855650189,25.0260528205167,10158,729,2.15912208504801,1.08131972466176
"result_final_linear_10",32.12,9659.43840528561,0.949955217196596,25.2402496825049,16366,408,7.87254901960784,1.05268120212139
"result_final_linear_10",11.31,50.4935755832768,0.919753598539843,25.3516310599507,7266,634,1.78391167192429,1.08724771676626
"result_final_linear_10",36.66,251144.56751472,0.959580656890074,24.5745453410315,17116,279,13.1397849462366,1.04212188190717
"result_final_linear_10",26.67,2914.97483979256,0.940176419303554,24.2551212204926,14568,566,4.71201413427562,1.0636301650075
"result_final_linear_10",40.6,1008038.79173306,0.969321148825065,27.0099611855493,17958,185,21.9459459459459,1.03164983164983
"result_final_linear_10",8.22,43.3181080108855,0.91655348725733,24.9491083783227,5548,514,1.59922178988327,1.09104380039224
"result_final_linear_10",29.49,2797.50404229047,0.945022248431888,24.8309291440091,15768,506,5.82806324110672,1.05817614522763
"result_final_linear_10",3.17,5.87481721360968,0.911804587743418,25.8585159161213,2382,275,1.15272727272727,1.09672622121243
"result_final_linear_10",5.08,16.8755224050235,0.913535571296581,24.7121764791378,3528,366,1.3879781420765,1.09464812473662
"result_final_linear_10",26.69,1992.12239546881,0.940209305904684,25.1925139073845,14444,549,4.8615664845173,1.06359296139681
"result_final_linear_10",14.89,103.064923169659,0.923783267485781,25.2021464462227,9554,720,2.06805555555556,1.08250499353778
"result_final_linear_10",25.22,1203.66861128971,0.937844888130832,24.8073671495702,14034,628,4.01592356687898,1.0662744049211
"result_final_linear_10",33.91,15694.2673707128,0.953569573498009,25.3985725805314,16542,356,9.5252808988764,1.04869117869572
"result_final_linear_10",42.4,949925.014235974,0.974289580514208,26.2418938142422,18180,129,32.8682170542636,1.02638888888889
"result_final_linear_10",9.59,45.6746384710717,0.917942574016164,24.9729994938747,6502,608,1.57730263157895,1.08939276628691
"result_final_linear_10",2.17,9.11070693213122,0.910927781295393,25.3460459456896,1540,186,1.16666666666667,1.09778186650312
"result_final_linear_10",34.53,24203.4233720908,0.954874278046788,24.3577035064018,16616,332,10.4006024096386,1.04725828623797
"result_final_linear_10",25.77,1497.57437057687,0.938717183469068,25.5533439521222,14238,579,4.45077720207254,1.06528357806817
"result_final_linear_10",16.07,181.091051767909,0.925195114423035,25.3419911006787,9894,703,2.28591749644381,1.08085309186227
"result_final_linear_10",22.98,684.409856184702,0.93443657187227,25.2294919895552,13308,647,3.55177743431221,1.07016359387172
"result_final_linear_10",5.89,23.8529609390637,0.914292931255586,24.6018757009375,3970,396,1.48737373737374,1.09374136648603
"result_final_linear_10",13.97,141.651529511322,0.922712257068085,25.3189147561653,9200,691,2.02170767004342,1.08376147855399
"result_final_linear_10",38.5,87388.21523909,0.963949843260188,25.1006413702367,17614,258,14.922480620155,1.03739837398374
"result_final_linear_10",3.76,10.1818190747667,0.912331260427726,25.0840496092884,2666,292,1.28767123287671,1.09609310058188
"result_final_linear_10",34.73,18663.7403450097,0.955301211872841,25.9174876828689,17026,343,10.1253644314869,1.04679025586027
"result_final_linear_10",1.9,4.27836077662197,0.910694392870405,24.6572666603303,1418,164,1.15853658536585,1.09806320081549
"result_final_linear_10",18.91,273.293743881641,0.928780867732625,24.9265536461238,11582,709,2.66713681241185,1.07668023184116
"result_final_linear_10",4.63,24.9539187839299,0.913120906897476,25.9096295241025,3124,338,1.3698224852071,1.09514522386495
"result_final_linear_10",10.85,110.972169168778,0.919261703444009,25.4103039257796,7088,621,1.74718196457327,1.08782950084128
"result_final_linear_10",33.8,16601.9204511354,0.953341013824885,24.9590542709882,16756,382,8.84816753926702,1.04894259818731
"result_final_linear_10",29.69,16404.0099695369,0.94538267089765,25.0563487326365,15470,512,5.798828125,1.05777272080785
"result_final_linear_10",39.59,418860.352923613,0.966683735518146,24.876348113726,18290,198,19.9949494949495,1.03446449263367
"result_final_linear_10",35.14,36673.1401367501,0.956185870975351,25.4518646484325,16782,332,10.5843373493976,1.04582176996608
"result_final_linear_10",33.16,17002.9433464913,0.952028258887876,24.9056308358184,16590,399,8.31077694235589,1.05038898862956
"result_final_linear_10",29.27,4775.69196541767,0.944628452374593,24.8501724300108,15122,540,5.42037037037037,1.05861727696875
"result_final_linear_10",22.7,580.662611331038,0.934026099565007,24.6653836155518,13082,651,3.48694316436252,1.07063389391979
"result_final_linear_10",17.31,605.067498543159,0.926727036356301,25.3776477512216,10764,725,2.38758620689655,1.07906639255049
"result_final_linear_10",10.14,57.515996613843,0.918513369858533,25.3867617485482,6794,598,1.69565217391304,1.08871578010238
"result_final_linear_10",1.87,2.76682935767211,0.910668547459074,26.7497275626555,1360,154,1.21428571428571,1.09809436461836
"result_final_linear_10",4,10.610781057493,0.91254752851711,25.9667467231271,2926,314,1.27388535031847,1.09583333333333
"result_final_linear_10",39.26,434162.545945027,0.965844040198448,26.179108566541,18000,220,17.8454545454545,1.03536384590056
"result_final_linear_10",12.73,82.4086143107112,0.921308221781175,25.3759478537245,8438,695,1.83165467625899,1.0854130858256
"result_final_linear_10",2.51,17.8061617741962,0.911223688637978,25.4594717236181,1838,211,1.18957345971564,1.09742537696174
"result_final_linear_10",29.1,3817.63500314476,0.944326052210975,24.7998924803462,15706,518,5.61776061776062,1.0589562764457
"result_final_linear_10",36.14,67610.9682869338,0.958398367150918,24.8684224580779,17386,284,12.7253521126761,1.0434074538052
"result_final_linear_10",7.73,27.736613241924,0.916067670068702,25.2474330795677,5400,514,1.50389105058366,1.0916224124851
"result_final_linear_10",38.16,303980.316682536,0.963119860453526,24.7662227094196,17486,243,15.7037037037037,1.03829236739974
"result_final_linear_10",1.21,0.941955872900396,0.910104285661643,25.9226882986406,956,118,1.02542372881356,1.09877517967406
"result_final_linear_10",39.65,663499.957533119,0.966837552066645,25.7178075907587,17854,195,20.3333333333333,1.03429991714996
"result_final_linear_10",17.97,267.10068373184,0.927563435704917,25.3158949165809,11260,720,2.49583333333333,1.07809338047056
"result_final_linear_10",37.16,110238.311908959,0.960738747553816,24.6222248651881,17306,284,13.0845070422535,1.0408656906429
"result_final_linear_10",13.07,85.7959864484004,0.921688790873235,25.2466891781791,8506,664,1.9683734939759,1.08496491429886
"result_final_linear_10",13.77,246.301917675198,0.922482776327614,25.351380985814,8716,707,1.94766619519095,1.08403107967065
"result_final_linear_10",38.08,375442.287984182,0.962926101020154,25.1343757913942,17714,257,14.8171206225681,1.03850129198966
"result_final_linear_10",10.61,131.33975728031,0.919007278858412,25.565842076612,7070,609,1.74220032840722,1.08813066338517
"result_final_linear_10",35.39,41554.2725353986,0.956731623526624,25.2351722676889,17024,341,10.3782991202346,1.04522519733787
"result_final_linear_10",29.11,2176.00829891279,0.944343794959237,25.4299940238398,15570,546,5.33150183150183,1.05893638030752
"result_final_linear_10",12.67,126.833404948429,0.921241402590827,25.3340092596632,8308,677,1.87149187592319,1.08549181266461
"result_final_linear_10",2.97,3.27211765067991,0.911627644781841,25.460207316603,2242,259,1.14671814671815,1.09693909100278
"result_final_linear_10",37.68,266241.855422856,0.961965917510496,25.2291106732047,17306,234,16.1025641025641,1.0395378690629
"result_final_linear_10",43.4,387617.935144027,0.977209944751381,25.031631017842,18332,130,33.3846153846154,1.02332155477032
"result_final_linear_10",21.33,520.656802264674,0.932064831050661,25.3711006394816,12328,651,3.27649769585253,1.0728867420872
"result_final_linear_10",2.9,8.21293780324712,0.911565903116786,25.6335927513255,2132,239,1.21338912133891,1.09701338825953
"result_final_linear_10",12.36,86.5174666312492,0.920897780766644,25.6061287353915,8076,639,1.93427230046948,1.08589685075308
"result_final_linear_10",37.08,277587.881697712,0.960552027357108,25.7693319454186,17642,263,14.0988593155894,1.0410680228862
"result_final_linear_10",25.82,906.917776245322,0.93879720562924,25.1587542579465,14226,572,4.51398601398601,1.0651927743327
"result_final_linear_10",25.38,1084.71854114496,0.938097153776526,25.6066188138991,13918,602,4.21594684385382,1.06598767086572
"result_final_linear_10",28.68,5418.17042059793,0.943585944115157,25.1328835445561,15416,508,5.64566929133858,1.0597868760516
"result_final_linear_10",19.87,224.880603078605,0.930057105715214,25.1590743878208,12210,723,2.74827109266943,1.07520279545738
"result_final_linear_10",3.72,7.66836180655287,0.912295330503335,25.2274699943316,2738,312,1.19230769230769,1.09613626921479
"result_final_linear_10",18.5,272.778823219372,0.928246013667426,25.5560024076665,11216,705,2.6241134751773,1.07730061349693
"result_final_linear_10",31.51,9901.64596304177,0.948772649193772,25.1525570467042,16218,428,7.36214953271028,1.05399328369105
"result_final_linear_10",27.13,2427.91188800558,0.940937968080161,24.8051070484485,14842,558,4.86200716845878,1.06276931521888
"result_final_linear_10",4.75,57.2032787900576,0.913231064237776,25.6635646412395,3254,355,1.33802816901408,1.09501312335958
"result_final_linear_10",35.5,76146.5170367225,0.956973293768546,25.8074419343201,17158,308,11.525974025974,1.04496124031008
"result_final_linear_10",26.68,1826.33223716038,0.940192860073861,25.233247459155,14800,579,4.60794473229706,1.06361156573923
"result_final_linear_10",9.02,31.4858707498963,0.917359038477051,25.2508258854637,6156,578,1.56055363321799,1.09008573312816
"result_final_linear_10",39.81,778282.910075134,0.9672494696921,26.333896231016,17748,195,20.4153846153846,1.03385944509055
"result_final_linear_10",8.52,36.8163507819917,0.916853752405388,25.2562385025488,5772,544,1.56617647058824,1.09068648885002
"result_final_linear_10",2.08,6.22261545494373,0.910849828843578,26.492266270171,1520,169,1.23076923076923,1.09787581699346
"result_final_linear_10",13.08,92.987653430724,0.921700033932813,24.8596157091965,8416,681,1.92070484581498,1.08495167970548
"result_final_linear_10",43.54,831154.335953119,0.977628480398947,24.7910339571853,18368,137,31.7810218978102,1.02288345731491
"result_final_linear_10",5.09,16.0590973011979,0.913544835020983,25.3466814644877,3730,397,1.28211586901763,1.09463702454957
"result_final_linear_10",13.03,66.6158819470273,0.921643847229876,25.6919995681167,8480,677,1.92466765140325,1.08501782223755
"result_final_linear_10",31.42,8721.68618076198,0.948600199181144,25.2458135189346,15822,440,7.14090909090909,1.05418489355497
"result_final_linear_10",5.7,19.2128141306547,0.914113997673517,25.4721335647327,3988,409,1.39364303178484,1.09395546129374
"result_final_linear_10",22.66,452.313003586413,0.933967732586224,25.3929323990682,13210,691,3.27930535455861,1.07070080165503
"result_final_linear_10",30.62,8102.21482784039,0.947089658184995,25.1052742937568,15832,476,6.4327731092437,1.05586624387432
"result_final_linear_10",6.71,48.6953669927834,0.915074351630243,25.1398718732836,4742,465,1.44301075268817,1.09280737485261
"result_final_linear_10",41.23,394096.246723254,0.971019760756064,26.000948989577,18338,158,26.0949367088608,1.02984515909478
"result_final_linear_10",30.54,4967.45257440132,0.946940778710874,25.1168576618342,15876,471,6.48407643312102,1.05603224877627
"result_final_linear_10",4.13,11.9800838114458,0.912665168881612,25.614134037227,3036,333,1.24024024024024,1.0956920830291
"result_final_linear_10",5.94,41.4431017188705,0.914340150867097,25.9652304697259,4162,420,1.41428571428571,1.09368488199022
"result_final_linear_10",22.21,964.363071804627,0.933315736430388,25.209349285645,13190,669,3.31988041853513,1.07144877233578
"result_final_linear_10",19.74,416.230683669726,0.929882287515062,24.8434878613583,11762,692,2.85260115606936,1.07540493396461
"result_final_linear_10",41.62,493537.117397143,0.972092713467431,25.8494425055673,18294,150,27.7466666666667,1.02870846180199
"result_final_linear_10",19.16,190.787172901722,0.929109966899595,25.2092112802911,11440,708,2.70621468926554,1.07629886194953
"result_final_linear_10",16.27,283.662864332943,0.925438790397453,25.0978197643729,10230,727,2.23796423658872,1.08056849396871
"result_final_linear_10",43.82,668680.091217166,0.978472899540198,25.8709322398426,18474,108,40.5740740740741,1.02200071199715
"result_final_linear_10",13.45,77.3542886818888,0.922118048156829,25.6357043930709,8864,696,1.93247126436782,1.08445984979781
"result_final_linear_10",23.83,999.254893400319,0.935703405238072,24.7992500808364,13616,648,3.67746913580247,1.06871471708022
"result_final_linear_10",9.9,47.5890231078572,0.918263350998777,25.5082251469996,6782,612,1.61764705882353,1.08901220865705
"result_final_linear_10",24.24,778.720997322044,0.936325884912003,25.1554524773655,13538,663,3.65610859728507,1.06800422386484
"result_final_linear_10",40.01,370787.827671352,0.967767955088081,26.352964537796,18024,193,20.7305699481865,1.03330555092515
"result_final_linear_10",25.86,2443.54700241815,0.938861310910749,24.6283792912016,14474,597,4.33165829145729,1.06512004316159
"result_final_linear_10",19.58,345.330671407523,0.929667992231573,25.1562012424556,11918,708,2.76553672316384,1.07565282268093
"result_final_linear_10",10.84,59.1855616857809,0.919251072253382,25.3254796300132,7298,610,1.77704918032787,1.08784208165096
"result_final_linear_10",23.08,752.453373691084,0.934583981337481,25.2645749491019,13138,643,3.58942457231726,1.06999479979199
"result_final_linear_10",5.96,32.8742788527946,0.914359054138146,25.287945787032,4200,420,1.41904761904762,1.09366227137388
"result_final_linear_10",27.21,1682.24580522492,0.941071520918446,25.4576993144532,14446,576,4.72395833333333,1.06261849155104
"result_final_linear_10",12.48,66.9845224534212,0.921030476511197,25.0354415203689,8072,644,1.93788819875776,1.08574040219378
"result_final_linear_10",38.42,236869.802541568,0.963753599599349,26.0567799942347,17792,236,16.2796610169492,1.03760961351088
"result_final_linear_10",35.16,44965.9094545129,0.956229353468617,26.2545123976861,16770,324,10.8518518518519,1.04577421344849
"result_final_linear_10",31.29,11732.2377447454,0.948352012366808,25.3160975190425,15964,462,6.77272727272727,1.05446077717945
"result_final_linear_10",6.02,16.5222107271873,0.914415816922239,25.693969928843,4226,441,1.36507936507937,1.09359438178336
"result_final_linear_10",41.63,758528.434874201,0.972120445006995,24.3374948451704,18078,154,27.0324675324675,1.02867911598424
"result_final_linear_10",38.67,509448.936495277,0.96436882822819,25.8206876599092,17962,231,16.7402597402597,1.03694766019892
"result_final_linear_10",34.89,52137.437902445,0.955644924558211,25.1407905934011,16696,339,10.2920353982301,1.04641376132698
"result_final_linear_10",27.22,2663.14846908791,0.941088238336609,25.082599427115,14618,552,4.93115942028986,1.06259961527892
"result_final_linear_10",29.15,4956.61744436007,0.944414822713943,25.069790048609,15302,504,5.78373015873016,1.05885673959068
"result_final_linear_10",20.3,574.333749828225,0.930639887902849,24.9751927424472,12232,672,3.02083333333333,1.07452948557089
"result_final_linear_10",29.85,8709.03568946228,0.94567268805608,24.9671261902521,15772,474,6.29746835443038,1.05744832501782
"result_final_linear_10",9.54,47.0651832630302,0.917891062586249,25.7656333052165,6322,577,1.65337954939341,1.08945390227725
"result_final_linear_10",33.34,12137.6568310223,0.952394559378215,25.4813975032334,16538,393,8.48346055979644,1.04998499849985
"result_final_linear_10",33.97,10942.8093126836,0.953694609740597,24.6386779281918,16766,363,9.35812672176309,1.0485536877177
"result_final_linear_10",24.6,2309.98739906471,0.936878727634195,24.8283685750626,13974,626,3.9297124600639,1.06737400530504
"result_final_linear_10",28.88,5642.65535925612,0.943937141643661,24.8696441642366,15246,514,5.61867704280156,1.05939257592801
"result_final_linear_10",32.81,19477.7625784824,0.951322421702441,25.1407096511509,16542,393,8.34860050890585,1.05116832862033
"result_final_linear_10",2.21,11.9654367121233,0.910962477177032,25.2277801467558,1602,179,1.23463687150838,1.09774005522037
"result_final_linear_10",35.71,71606.805006936,0.957437302674689,25.3268699021945,17308,284,12.5739436619718,1.0444548141235
"result_final_linear_10",40.45,1096702.22688262,0.968922876667751,25.9972516588003,18196,183,22.103825136612,1.03207388748951
"result_final_linear_10",39.46,196253.191373023,0.966351679223599,25.0100637643833,17660,205,19.2487804878049,1.03481995374959
"result_final_linear_10",30.72,6104.64352228658,0.947276307153796,25.3316631531567,15604,456,6.73684210526316,1.05565819861432
"result_final_linear_10",7.59,16.7596256631044,0.915929905245213,24.9431623714733,5298,510,1.48823529411765,1.09178660318147
"result_final_linear_10",34.21,41119.7723003553,0.954197366130997,25.7641604990783,16936,375,9.12266666666667,1.04800121599027
"result_final_linear_10",3.45,8.7077265516796,0.912053655771774,25.5104306478634,2488,276,1.25,1.09642672190575
"result_final_linear_10",21.9,478.717195519298,0.932871476349737,25.5159542307145,12388,632,3.46518987341772,1.0719590268886
"result_final_linear_10",11.54,89.2757952704901,0.920001664031949,25.14465101536,7628,631,1.82884310618067,1.0869545557314
"result_final_linear_10",13.4,123.474339488137,0.92206132879046,25.1562012794476,8556,658,2.03647416413374,1.08452655889145
"result_final_linear_10",39.23,233729.861967948,0.965768228338948,25.0316329187606,17604,201,19.5174129353234,1.03544512094784
"result_final_linear_10",13.1,91.6974452097904,0.921722528638099,25.2774391629029,8486,694,1.88760806916427,1.0849252013809
"result_final_linear_10",28.75,5555.53483364803,0.943708609271523,24.9662428985527,15276,507,5.67061143984221,1.05964912280702
"result_final_linear_10",1.37,6.7910905825565,0.910240318948651,25.7435666890572,980,115,1.19130434782609,1.09861097029301
"result_final_linear_10",12.14,112.499801805977,0.920655545309749,25.06960007053,8098,654,1.85626911314985,1.08618256316868
"result_final_linear_10",3.43,13.3346015218034,0.912035812776246,24.7501490792063,2442,270,1.27037037037037,1.09644817231024
"result_final_linear_10",6.25,20.8845947463909,0.914634146341463,25.4182593554018,4460,449,1.39198218262806,1.09333333333333
"result_final_linear_10",21.36,800.905329401166,0.932106959984828,24.9294676550573,12370,657,3.25114155251142,1.07283825025432
"result_final_concave_10",4.34,70.7993597863894,0.90926105229596,25.3900572556952,2886,307,1.41368078175896,1.09979416524541
"result_final_concave_10",16.91,146.173528830996,0.912526825998872,25.5501184954682,10688,695,2.43309352517986,1.09585819453075
"result_final_concave_10",10.22,64.7645528277098,0.910163092604598,25.3778703089636,6980,614,1.66449511400651,1.09870418623361
"result_final_concave_10",21.05,645.817021320336,0.915004214924834,25.6072340638329,12596,675,3.11851851851852,1.09289114048742
"result_final_concave_10",26.71,1444.83585720751,0.920201795918714,25.448933701363,14286,586,4.5580204778157,1.08671815729464
"result_final_concave_10",19.9,334.237260963711,0.914220697890143,25.3039121540756,11766,691,2.87988422575977,1.09382778393425
"result_final_concave_10",28.91,2799.74586184886,0.922967178630547,24.8945852990121,15428,541,5.34380776340111,1.08346214594949
"result_final_concave_10",7.57,18.6711566184142,0.909645592770003,25.5210287618936,5290,526,1.43916349809886,1.09932924201266
"result_final_concave_10",13.32,281.683933471494,0.9110466827397,25.5337206183779,8592,649,2.05238828967643,1.09763859409794
"result_final_concave_10",24.86,1168.98419307971,0.918228207573369,25.0755391121673,13954,590,4.2135593220339,1.08905388851289
"result_final_concave_10",41.44,607081.366298206,0.952450699819046,26.1561578513125,18106,177,23.4124293785311,1.04992310908059
"result_final_concave_10",11.63,110.433002081415,0.910524577472605,25.0196278039676,7670,634,1.83438485804416,1.09826799269467
"result_final_concave_10",12.51,151.324922861804,0.910783766514953,25.6054944362893,7884,635,1.97007874015748,1.09795544976216
"result_final_concave_10",10.05,66.7689347505142,0.910123759807717,25.3226634243538,6752,604,1.66390728476821,1.09875166890629
"result_final_concave_10",6.54,28.4336382306329,0.909495775685134,25.2583104533282,4414,429,1.52447552447552,1.09951032949734
"result_final_concave_10",0.96,12.8737379479335,0.909098674056613,24.4037832848603,708,83,1.1566265060241,1.09999060447175
"result_final_concave_10",34.14,33609.7513544773,0.931854404916657,25.4315975593877,16544,350,9.75428571428571,1.07312901535239
"result_final_concave_10",19.63,318.464521947238,0.91404802406044,25.1867472123249,11504,674,2.91246290801187,1.09403442015852
"result_final_concave_10",38.89,307413.664581076,0.943841126901842,24.0204661271278,17814,222,17.518018018018,1.05950034544744
"result_final_concave_10",8.76,32.2208548734937,0.909853367890417,25.3665750719357,6166,584,1.5,1.09907819797227
"result_final_concave_10",45.25,507604.878908825,0.969281138214668,26.1491416752233,18352,121,37.396694214876,1.03169241675528
"result_final_concave_10",23.7,560.361387057533,0.917135209816484,25.307051708733,13376,637,3.72056514913658,1.09035177070576
"result_final_concave_10",11.33,71.1742290385929,0.910442253729138,25.3147655531184,7598,641,1.76755070202808,1.09836729996223
"result_final_concave_10",34.56,74551.2182003935,0.932740801869039,25.5830348310078,16928,355,9.73521126760563,1.07210920546864
"result_final_concave_10",12.62,51.8113932826643,0.910818073115915,25.4792194228608,8466,677,1.86410635155096,1.09791409450077
"result_final_concave_10",26.48,4590.94918723793,0.919939960416574,25.142665346955,14384,599,4.42070116861436,1.08702746160431
"result_final_concave_10",22.08,1364.17678513549,0.91577583727023,25.0144289278101,12724,660,3.34545454545455,1.09197028279413
"result_final_concave_10",28.88,5351.30638911424,0.922926098974567,25.5297461843625,15554,495,5.83434343434343,1.08351037110237
"result_final_concave_10",20.69,309.445359025749,0.914750369026049,25.1905221813573,12202,703,2.94310099573257,1.09319442097052
"result_final_concave_10",1.23,3.206072692249,0.909103725928108,24.9796181225148,960,113,1.08849557522124,1.09998449184563
"result_final_concave_10",28.7,3388.16365749097,0.922681675375566,24.6503023805255,15404,484,5.9297520661157,1.08379739913331
"result_final_concave_10",26.89,4350.95679871911,0.920410135423136,25.6292362066568,14418,568,4.73415492957746,1.0864721731256
"result_final_concave_10",13.25,220.485433469978,0.911023008421037,25.2247101140586,8752,671,1.97466467958271,1.09766711790647
"result_final_concave_10",3.94,54.2842222122311,0.909229964643041,25.6264120209315,2744,298,1.32214765100671,1.09983176851479
"result_final_concave_10",14.31,96.1347563296941,0.911401569210027,25.3539284324832,9168,708,2.02118644067797,1.09721118964801
"result_final_concave_10",9.8,45.2713640261809,0.910067516476436,25.3800740618827,6552,590,1.66101694915254,1.09881957315844
"result_final_concave_10",19.23,214.687240860462,0.913799779804241,25.1058606100353,11664,724,2.6560773480663,1.09433162723483
"result_final_concave_10",1.55,5.7657520820127,0.909111395053324,26.2504395172533,1022,114,1.35964912280702,1.09997521254405
"result_final_concave_10",29.87,3284.15725932171,0.924334926841779,25.0103902156866,15790,488,6.12090163934426,1.0818589355016
"result_final_concave_10",2.28,7.74457643256693,0.909135901464016,24.9969456893599,1662,193,1.18134715025907,1.09994556192277
"result_final_concave_10",38.84,581252.426704654,0.943689625287758,24.8207880893115,17734,203,19.1330049261084,1.05967043952091
"result_final_concave_10",30.78,8794.06480805029,0.925731408450127,25.1451936980322,16006,475,6.48,1.08022693285757
"result_final_concave_10",6.1,16.6222365300162,0.909439816156638,25.2902023343416,4244,437,1.39588100686499,1.09957798441911
"result_final_concave_10",13.49,91.2818669687296,0.911104943998002,25.244344314659,8688,689,1.95791001451379,1.09756840481177
"result_final_concave_10",33.86,24986.8017012553,0.931279665448633,24.6295394039599,16752,351,9.64672364672365,1.0737912971806
"result_final_concave_10",37.41,122493.753907584,0.939606286232481,24.8988465179283,17362,266,14.0639097744361,1.06427555312521
"result_final_concave_10",35.37,67060.881748873,0.934536069361697,25.3712495029945,17120,302,11.7119205298013,1.07004965649214
"result_final_concave_10",34.28,26622.3647136499,0.93214659512305,25.0757809485461,16772,369,9.289972899729,1.07279263286693
"result_final_concave_10",17.79,193.686460768608,0.912977510414094,25.2472929454612,11172,718,2.47771587743733,1.09531723245454
"result_final_concave_10",12.29,96.3543949149241,0.910716443011277,25.313475142033,8128,667,1.84257871064468,1.09803661466077
"result_final_concave_10",27.12,1992.21545324305,0.920680791772102,25.3885077207448,14886,586,4.62798634812287,1.08615277839698
"result_final_concave_10",26.76,2944.56263645343,0.920259364309299,25.5287924087452,14666,550,4.86545454545455,1.08665017579099
"result_final_concave_10",15.74,130.993255368968,0.911983993315511,25.0260528205167,10158,729,2.15912208504801,1.09651047313288
"result_final_concave_10",32.12,9806.53686025442,0.927980101240321,25.2402496825049,16366,408,7.87254901960784,1.07760931367323
"result_final_concave_10",11.31,50.9021388915654,0.910436871878232,25.3516310599507,7266,634,1.78391167192429,1.09837379272327
"result_final_concave_10",36.66,253939.902675165,0.937645421953991,24.5745453410315,17116,279,13.1397849462366,1.06650123446032
"result_final_concave_10",26.67,2961.41428867977,0.920155908508117,24.2551212204926,14568,566,4.71201413427562,1.08677235102618
"result_final_concave_10",40.6,1018124.40096604,0.949412866353098,27.0099611855493,17958,185,21.9459459459459,1.05328254486504
"result_final_concave_10",8.22,43.7276328506679,0.909754314437137,24.9491083783227,5548,514,1.59922178988327,1.09919786488586
"result_final_concave_10",29.49,2842.23529417625,0.923780999063874,24.8309291440091,15768,506,5.82806324110672,1.08250765171979
"result_final_concave_10",3.17,5.88516196742401,0.909179493156215,25.8585159161213,2382,275,1.15272727272727,1.0998928237245
"result_final_concave_10",5.08,16.9482511101877,0.909327686189501,24.7121764791378,3528,366,1.3879781420765,1.09971357431165
"result_final_concave_10",26.69,2016.95453630342,0.920178833655925,25.1925139073845,14444,549,4.8615664845173,1.08674527540146
"result_final_concave_10",14.89,104.077337152077,0.911627514731757,25.2021464462227,9554,720,2.06805555555556,1.09693924748887
"result_final_concave_10",25.22,1223.60715920901,0.918589253610639,24.8073671495702,14034,628,4.01592356687898,1.08862584236574
"result_final_concave_10",33.91,15907.7330775965,0.931381364146584,25.3985725805314,16542,356,9.5252808988764,1.07367404856365
"result_final_concave_10",42.4,958596.491656046,0.956192935534446,26.2418938142422,18180,129,32.8682170542636,1.04581404320988
"result_final_concave_10",9.59,45.9180976944673,0.910021724042328,24.9729994938747,6502,608,1.57730263157895,1.09887486592956
"result_final_concave_10",2.17,9.1274388476194,0.909131573027177,25.3460459456896,1540,186,1.16666666666667,1.0999507988379
"result_final_concave_10",34.53,24515.3302799301,0.932676503483926,24.3577035064018,16616,332,10.4006024096386,1.07218311629444
"result_final_concave_10",25.77,1513.40209549244,0.919161830625219,25.5533439521222,14238,579,4.45077720207254,1.08794770048251
"result_final_concave_10",16.07,183.194079045855,0.912130826296926,25.3419911006787,9894,703,2.28591749644381,1.09633395908765
"result_final_concave_10",22.98,695.680231426566,0.916508051534617,25.2294919895552,13308,647,3.55177743431221,1.09109788869348
"result_final_concave_10",5.89,24.0102144898926,0.909414747494738,24.6018757009375,3970,396,1.48737373737374,1.09960829506538
"result_final_concave_10",13.97,142.6757728835,0.911275398417602,25.3189147561653,9200,691,2.02170767004342,1.09736310421248
"result_final_concave_10",38.5,88418.5997369551,0.942675556109415,25.1006413702367,17614,258,14.922480620155,1.0608103642012
"result_final_concave_10",3.76,10.2246081130839,0.909217074226507,25.0840496092884,2666,292,1.28767123287671,1.09984736136937
"result_final_concave_10",34.73,19071.4114002591,0.933108066240712,25.9174876828689,17026,343,10.1253644314869,1.07168723128585
"result_final_concave_10",1.9,4.2868146701963,0.909121911727336,24.6572666603303,1418,164,1.15853658536585,1.09996248808919
"result_final_concave_10",18.91,276.238913235623,0.913607548827331,24.9265536461238,11582,709,2.66713681241185,1.09456188413018
"result_final_concave_10",4.63,25.0764894171245,0.909285734729914,25.9096295241025,3124,338,1.3698224852071,1.09976431148679
"result_final_concave_10",10.85,111.584933291748,0.910316700593794,25.4103039257796,7088,621,1.74718196457327,1.09851878950228
"result_final_concave_10",33.8,16821.3111113267,0.931158157758306,24.9590542709882,16756,382,8.84816753926702,1.07393141720138
"result_final_concave_10",29.69,16606.8096942952,0.924070453273037,25.0563487326365,15470,512,5.798828125,1.08216856892028
"result_final_concave_10",39.59,423607.333677404,0.946028172516254,24.876348113726,18290,198,19.9949494949495,1.05705097274238
"result_final_concave_10",35.14,37179.2427006007,0.934014496739757,25.4518646484325,16782,332,10.5843373493976,1.07064719390392
"result_final_concave_10",33.16,17242.7308153263,0.929897383757041,24.9056308358184,16590,399,8.31077694235589,1.07538747550802
"result_final_concave_10",29.27,4846.81608370391,0.923467874754383,24.8501724300108,15122,540,5.42037037037037,1.08287470234519
"result_final_concave_10",22.7,587.298896136558,0.916274234085587,24.6653836155518,13082,651,3.48694316436252,1.09137631813686
"result_final_concave_10",17.31,610.647727871084,0.912727013716369,25.3776477512216,10764,725,2.38758620689655,1.0956178407915
"result_final_concave_10",10.14,58.0343826832531,0.910144472629434,25.3867617485482,6794,598,1.69565217391304,1.09872666381302
"result_final_concave_10",1.87,2.77629112814469,0.909120922033861,26.7497275626555,1360,154,1.21428571428571,1.09996368553792
"result_final_concave_10",4,10.637766158991,0.909234411996843,25.9667467231271,2926,314,1.27388535031847,1.09982638888889
"result_final_concave_10",39.26,439353.335443572,0.944981588298557,26.179108566541,18000,220,17.8454545454545,1.05822167583233
"result_final_concave_10",12.73,82.9694641912391,0.910852813630033,25.3759478537245,8438,695,1.83165467625899,1.09787221934869
"result_final_concave_10",2.51,17.8282074719076,0.909145694902998,25.4594717236181,1838,211,1.18957345971564,1.09993371316211
"result_final_concave_10",29.1,3868.97831673418,0.923229644376939,24.7998924803462,15706,518,5.61776061776062,1.08315412756798
"result_final_concave_10",36.14,68408.5669214618,0.936353402645366,24.8684224580779,17386,284,12.7253521126761,1.06797283715189
"result_final_concave_10",7.73,27.9550625682344,0.909671312240235,25.2474330795677,5400,514,1.50389105058366,1.0992981602743
"result_final_concave_10",38.16,307276.752855748,0.941689032337372,24.7662227094196,17486,243,15.7037037037037,1.06192168078871
"result_final_concave_10",1.21,0.942872354562278,0.909103307481741,25.9226882986406,956,118,1.02542372881356,1.09998499815169
"result_final_concave_10",39.65,671305.785015172,0.946221508928334,25.7178075907587,17854,195,20.3333333333333,1.05683499113498
"result_final_concave_10",17.97,270.21557423753,0.913074403520587,25.3158949165809,11260,720,2.49583333333333,1.09520100020792
"result_final_concave_10",37.16,111466.59603358,0.938939510549769,24.6222248651881,17306,284,13.0845070422535,1.06503133456859
"result_final_concave_10",13.07,86.7322048676538,0.910962969479719,25.2466891781791,8506,664,1.9683734939759,1.09773946197959
"result_final_concave_10",13.77,247.909130255137,0.911203297159073,25.351380985814,8716,707,1.94766619519095,1.09744993583515
"result_final_concave_10",38.08,379547.217379499,0.941460823540135,25.1343757913942,17714,257,14.8171206225681,1.06217908913059
"result_final_concave_10",10.61,132.26729844054,0.910256709213773,25.565842076612,7070,609,1.74220032840722,1.09859118848324
"result_final_concave_10",35.39,42092.9387760035,0.934581876211044,25.2351722676889,17024,341,10.3782991202346,1.06999720993325
"result_final_concave_10",29.11,2217.57500244351,0.923243568787513,25.4299940238398,15570,546,5.33150183150183,1.08313779137751
"result_final_concave_10",12.67,127.757786302056,0.910833810285663,25.3340092596632,8308,677,1.87149187592319,1.09789512500241
"result_final_concave_10",2.97,3.28048538192576,0.909168346793127,25.460207316603,2242,259,1.14671814671815,1.09990630836111
"result_final_concave_10",37.68,269177.772741075,0.94034161784235,25.2291106732047,17306,234,16.1025641025641,1.06344330722545
"result_final_concave_10",43.4,390943.163870006,0.960426435141326,25.031631017842,18332,130,33.3846153846154,1.04120416037159
"result_final_concave_10",21.33,529.538291360155,0.915207228638473,25.3711006394816,12328,651,3.27649769585253,1.09264871245354
"result_final_concave_10",2.9,8.23372436417959,0.909164632835153,25.6335927513255,2132,239,1.21338912133891,1.09991080150312
"result_final_concave_10",12.36,87.2550763095112,0.910737678621873,25.6061287353915,8076,639,1.93427230046948,1.09801101181319
"result_final_concave_10",37.08,280697.039428824,0.938728953964768,25.7693319454186,17642,263,14.0988593155894,1.06527022073459
"result_final_concave_10",25.82,922.718838423785,0.919215169693915,25.1587542579465,14226,572,4.51398601398601,1.08788457041346
"result_final_concave_10",25.38,1105.64314697005,0.918753173394786,25.6066188138991,13918,602,4.21594684385382,1.08843161466861
"result_final_concave_10",28.68,5478.19909168528,0.922654733341673,25.1328835445561,15416,508,5.64566929133858,1.0838290466231
"result_final_concave_10",19.87,228.041646327219,0.914201305635153,25.1590743878208,12210,723,2.74827109266943,1.09385098646872
"result_final_concave_10",3.72,7.68718043576089,0.909214301172179,25.2274699943316,2738,312,1.19230769230769,1.09985071584419
"result_final_concave_10",18.5,276.016917685714,0.913369314861288,25.5560024076665,11216,705,2.6241134751773,1.09484737852384
"result_final_concave_10",31.51,10063.2480583138,0.926926817603033,25.1525570467042,16218,428,7.36214953271028,1.07883382054468
"result_final_concave_10",27.13,2474.74055680538,0.920692673724787,24.8051070484485,14842,558,4.86200716845878,1.08613876110729
"result_final_concave_10",4.75,57.3179570326542,0.909296483985943,25.6635646412395,3254,355,1.33802816901408,1.09975131061373
"result_final_concave_10",35.5,77039.0604446167,0.934835121622381,25.8074419343201,17158,308,11.525974025974,1.06970734931795
"result_final_concave_10",26.68,1853.05226009268,0.920167366446029,25.233247459155,14800,579,4.60794473229706,1.08675881852049
"result_final_concave_10",9.02,31.7425500092336,0.909903971880542,25.2508258854637,6156,578,1.56055363321799,1.09901707312394
"result_final_concave_10",39.81,786857.388641319,0.946741734862116,26.333896231016,17748,195,20.4153846153846,1.0562542699627
"result_final_concave_10",8.52,36.9847320636373,0.909808346650445,25.2562385025488,5772,544,1.56617647058824,1.09913258510059
"result_final_concave_10",2.08,6.24011494578491,0.909128201144954,26.492266270171,1520,169,1.23076923076923,1.09995487846555
"result_final_concave_10",13.08,94.4196962564234,0.910966273484213,24.8596157091965,8416,681,1.92070484581498,1.09773548056313
"result_final_concave_10",43.54,838105.183187797,0.96104833756596,24.7910339571853,18368,137,31.7810218978102,1.04053038844299
"result_final_concave_10",5.09,16.1242599051682,0.909328669651808,25.3466814644877,3730,397,1.28211586901763,1.09971238494318
"result_final_concave_10",13.03,67.3428576136482,0.910949790338784,25.6919995681167,8480,677,1.92466765140325,1.09775534349494
"result_final_concave_10",31.42,8843.7309569049,0.926775676061896,25.2458135189346,15822,440,7.14090909090909,1.07900976021431
"result_final_concave_10",5.7,19.2936594802541,0.90939296353527,25.4721335647327,3988,409,1.39364303178484,1.09963463551829
"result_final_concave_10",22.66,459.134136109766,0.916241281235124,25.3929323990682,13210,691,3.27930535455861,1.09141556976342
"result_final_concave_10",30.62,8211.88052297777,0.925478512163499,25.1052742937568,15832,476,6.4327731092437,1.08052211570239
"result_final_concave_10",6.71,49.0135601855443,0.909518662799957,25.1398718732836,4742,465,1.44301075268817,1.09948266143489
"result_final_concave_10",41.23,398055.584702776,0.95167129293261,26.000948989577,18338,158,26.0949367088608,1.05078298297563
"result_final_concave_10",30.54,5039.80427372955,0.925353262043269,25.1168576618342,15876,471,6.48407643312102,1.08066836852329
"result_final_concave_10",4.13,12.0520256003251,0.909244308100082,25.614134037227,3036,333,1.24024024024024,1.09981441851372
"result_final_concave_10",5.94,41.7496265403583,0.909420621318619,25.9652304697259,4162,420,1.41428571428571,1.09960119284523
"result_final_concave_10",22.21,975.075753011523,0.915878170825766,25.209349285645,13190,669,3.31988041853513,1.09184827398866
"result_final_concave_10",19.74,420.532167209018,0.914117869902934,24.8434878613583,11762,692,2.85260115606936,1.09395082726715
"result_final_concave_10",41.62,498269.521660319,0.95312968947804,25.8494425055673,18294,150,27.7466666666667,1.04917516581361
"result_final_concave_10",19.16,194.457412664552,0.913757250934632,25.2092112802911,11440,708,2.70621468926554,1.09438256055113
"result_final_concave_10",16.27,285.898874870896,0.912222181610849,25.0978197643729,10230,727,2.23796423658872,1.09622416573356
"result_final_concave_10",43.82,674109.835372147,0.962314687966226,25.8709322398426,18474,108,40.5740740740741,1.03916111071049
"result_final_concave_10",13.45,77.9236395674663,0.911091137361456,25.6357043930709,8864,696,1.93247126436782,1.09758503731693
"result_final_concave_10",23.83,1013.42316908287,0.91725252976992,24.7992500808364,13616,648,3.67746913580247,1.09021231072629
"result_final_concave_10",9.9,47.9650196783929,0.910089786894858,25.5082251469996,6782,612,1.61764705882353,1.09879268441404
"result_final_concave_10",24.24,787.769712178427,0.917630964208863,25.1554524773655,13538,663,3.65610859728507,1.08976270309509
"result_final_concave_10",40.01,374656.916567769,0.947401675685735,26.352964537796,18024,193,20.7305699481865,1.05551850462603
"result_final_concave_10",25.86,2471.96893947495,0.919257997722768,24.6283792912016,14474,597,4.33165829145729,1.0878338861095
"result_final_concave_10",19.58,349.218966695112,0.91401650283918,25.1562012424556,11918,708,2.76553672316384,1.09407214956593
"result_final_concave_10",10.84,59.8578813352361,0.910314164260845,25.3254796300132,7298,610,1.77704918032787,1.09852185021418
"result_final_concave_10",23.08,763.027470660032,0.916592905712308,25.2645749491019,13138,643,3.58942457231726,1.09099687960477
"result_final_concave_10",5.96,33.0017330243556,0.909422987409219,25.287945787032,4200,420,1.41904761904762,1.09959833195862
"result_final_concave_10",27.21,1705.34246788189,0.920788074889714,25.4576993144532,14446,576,4.72395833333333,1.0860262282608
"result_final_concave_10",12.48,68.016512037459,0.910774485079363,25.0354415203689,8072,644,1.93788819875776,1.09796663870405
"result_final_concave_10",38.42,239804.050341642,0.942440985358637,26.0567799942347,17792,236,16.2796610169492,1.06107439673738
"result_final_concave_10",35.16,45801.9457811408,0.934059473023215,26.2545123976861,16770,324,10.8518518518519,1.0705956407287
"result_final_concave_10",31.29,11883.9471408578,0.926559253327026,25.3160975190425,15964,462,6.77272727272727,1.079261791849
"result_final_concave_10",6.02,16.6936948774221,0.90943014261231,25.693969928843,4226,441,1.36507936507937,1.09958968055263
"result_final_concave_10",41.63,765808.070455336,0.953167710596818,24.3374948451704,18078,154,27.0324675324675,1.0491333150321
"result_final_concave_10",38.67,515116.064095376,0.943179095503979,25.8206876599092,17962,231,16.7402597402597,1.0602440244561
"result_final_concave_10",34.89,52925.4205556798,0.933458285842726,25.1407905934011,16696,339,10.2920353982301,1.07128515024879
"result_final_concave_10",27.22,2693.0191142662,0.920800043333989,25.082599427115,14618,552,4.93115942028986,1.08601211222715
"result_final_concave_10",29.15,5017.94854147965,0.923299377520188,25.069790048609,15302,504,5.78373015873016,1.08307232122891
"result_final_concave_10",20.3,581.57598244263,0.914484263808848,24.9751927424472,12232,672,3.02083333333333,1.09351252894717
"result_final_concave_10",29.85,8860.66935242911,0.924305353705774,24.9671261902521,15772,474,6.29746835443038,1.08189354956211
"result_final_concave_10",9.54,47.3697412652709,0.910011014420524,25.7656333052165,6322,577,1.65337954939341,1.09888779822822
"result_final_concave_10",33.34,12324.2064216821,0.930245541555444,25.4813975032334,16538,393,8.48346055979644,1.0749849962494
"result_final_concave_10",33.97,11103.9216215336,0.931503935778295,24.6386779281918,16766,363,9.35812672176309,1.07353276952553
"result_final_concave_10",24.6,2335.71868200228,0.917974022954356,24.8283685750626,13974,626,3.9297124600639,1.08935544470164
"result_final_concave_10",28.88,5717.38491837761,0.922926098974567,24.8696441642366,15246,514,5.61867704280156,1.08351037110237
"result_final_concave_10",32.81,19737.5303210662,0.929234449090083,25.1407096511509,16542,393,8.34860050890585,1.07615467870268
"result_final_concave_10",2.21,11.9797390052843,0.909133120558302,25.2277801467558,1602,179,1.23463687150838,1.09994892649593
"result_final_concave_10",35.71,72462.3152952568,0.935324794109152,25.3268699021945,17308,284,12.5739436619718,1.06914732325945
"result_final_concave_10",40.45,1107756.89627355,0.948892252961941,25.9972516588003,18196,183,22.103825136612,1.05386043239212
"result_final_concave_10",39.46,199112.805392033,0.94561251403419,25.0100637643833,17660,205,19.2487804878049,1.05751561570794
"result_final_concave_10",30.72,6213.96556617971,0.925636196226639,25.3316631531567,15604,456,6.73684210526316,1.08033804649873
"result_final_concave_10",7.59,16.863074666468,0.909648770941536,24.9431623714733,5298,510,1.48823529411765,1.09932540112701
"result_final_concave_10",34.21,41604.6293713651,0.932000094484986,25.7641604990783,16936,375,9.12266666666667,1.0729612646151
"result_final_concave_10",3.45,8.73167379989271,0.909196444616537,25.5104306478634,2488,276,1.25,1.09987231683661
"result_final_concave_10",21.9,485.812295469637,0.915636009913519,25.5159542307145,12388,632,3.46518987341772,1.09213703826966
"result_final_concave_10",11.54,90.4152590633379,0.910499564622037,25.14465101536,7628,631,1.82884310618067,1.09829816383835
"result_final_concave_10",13.4,124.740359847117,0.911073964108869,25.1562012794476,8556,658,2.03647416413374,1.0976057262026
"result_final_concave_10",39.23,236498.798197893,0.944887833564532,25.0316329187606,17604,201,19.5174129353234,1.05832667590561
"result_final_concave_10",13.1,92.7916124390311,0.910972892572751,25.2774391629029,8486,694,1.88760806916427,1.09772750446593
"result_final_concave_10",28.75,5617.88885309066,0.922749218971883,24.9662428985527,15276,507,5.67061143984221,1.08371806709757
"result_final_concave_10",1.37,6.81192586049482,0.909106854854292,25.7435666890572,980,115,1.19130434782609,1.09998070596473
"result_final_concave_10",12.14,113.880679936322,0.910671516610308,25.06960007053,8098,654,1.85626911314985,1.09809078439412
"result_final_concave_10",3.43,13.3681957132695,0.909195181214255,24.7501490792063,2442,270,1.27037037037037,1.09987384520062
"result_final_concave_10",6.25,20.9996961222703,0.909458367016976,25.4182593554018,4460,449,1.39198218262806,1.09955555555556
"result_final_concave_10",21.36,811.875045749853,0.91522927403108,24.9294676550573,12370,657,3.25114155251142,1.09262239350753
"result_final_convex_10",4.34,69.6535003109197,0.940270702264586,25.3900572556952,2886,307,1.41368078175896,1.06352351252842
"result_final_convex_10",16.91,137.782807376379,0.987106742529025,25.5501184954682,10688,695,2.43309352517986,1.01306166487926
"result_final_convex_10",10.22,62.1777263360945,0.968963512720884,25.3778703089636,6980,614,1.66449511400651,1.03203060473553
"result_final_convex_10",21.05,615.934174537619,0.993101174274782,25.6072340638329,12596,675,3.11851851851852,1.00694675014382
"result_final_convex_10",26.71,1367.22180341218,0.997397685539584,25.448933701363,14286,586,4.5580204778157,1.00260910416993
"result_final_convex_10",19.9,317.223784898419,0.991735791091117,25.3039121540756,11766,691,2.87988422575977,1.00833307518305
"result_final_convex_10",28.91,2670.30514717689,0.99829402792,24.8945852990121,15428,541,5.34380776340111,1.00170888739418
"result_final_convex_10",7.57,18.0349218614173,0.957778407754523,25.5210287618936,5290,526,1.43916349809886,1.04408283993838
"result_final_convex_10",13.32,264.677202052138,0.978947965895175,25.5337206183779,8592,649,2.05238828967643,1.02150475289621
"result_final_convex_10",24.86,1105.65343165779,0.996360694767338,25.0755391121673,13954,590,4.2135593220339,1.00365259815223
"result_final_convex_10",41.44,592731.021512089,0.999920074037155,26.1561578513125,18106,177,23.4124293785311,1.00007993235152
"result_final_convex_10",11.63,104.32168867449,0.973885685746404,25.0196278039676,7670,634,1.83438485804416,1.02681455804906
"result_final_convex_10",12.51,145.451156885102,0.976629914005014,25.6054944362893,7884,635,1.97007874015748,1.02392931617172
"result_final_convex_10",10.05,62.87638503136,0.968324069288845,25.3226634243538,6752,604,1.66390728476821,1.0327121174778
"result_final_convex_10",6.54,26.8275998753553,0.952684216300927,25.2583104533282,4414,429,1.52447552447552,1.04966575795996
"result_final_convex_10",0.96,12.8222038018255,0.916794058002635,24.4037832848603,708,83,1.1566265060241,1.09075750575723
"result_final_convex_10",34.14,32083.8386805223,0.999444139082925,25.4315975593877,16544,350,9.75428571428571,1.00055617007028
"result_final_convex_10",19.63,302.358625387143,0.991384670350558,25.1867472123249,11504,674,2.91246290801187,1.00869019857488
"result_final_convex_10",38.89,298612.386888682,0.999832310164318,24.0204661271278,17814,222,17.518018018018,1.00016771796028
"result_final_convex_10",8.76,30.9230345050691,0.963130609641771,25.3665750719357,6166,584,1.5,1.0382807793555
"result_final_convex_10",45.25,499864.834167134,0.999978799403708,26.1491416752233,18352,121,37.396694214876,1.00002120104577
"result_final_convex_10",23.7,522.780391070035,0.995547193545632,25.307051708733,13376,637,3.72056514913658,1.00447272262253
"result_final_convex_10",11.33,68.0305194594482,0.972893946360979,25.3147655531184,7598,641,1.76755070202808,1.02786126251521
"result_final_convex_10",34.56,71969.6363720694,0.999496147423338,25.5830348310078,16928,355,9.73521126760563,1.00050410657206
"result_final_convex_10",12.62,48.3292519470736,0.976956140529763,25.4792194228608,8466,677,1.86410635155096,1.0235874043002
"result_final_convex_10",26.48,4397.99441999412,0.997284311565517,25.142665346955,14384,599,4.42070116861436,1.0027230834808
"result_final_convex_10",22.08,1307.31112221803,0.994159211517258,25.0144289278101,12724,660,3.34545454545455,1.00587510372089
"result_final_convex_10",28.88,5073.42765009724,0.998283865706056,25.5297461843625,15554,495,5.83434343434343,1.00171908447376
"result_final_convex_10",20.69,293.102575592939,0.992695626603958,25.1905221813573,12202,703,2.94310099573257,1.00735811985093
"result_final_convex_10",1.23,3.17855643613994,0.918875580525805,24.9796181225148,960,113,1.08849557522124,1.08828662029279
"result_final_convex_10",28.7,3168.3886135865,0.998221800835947,24.6503023805255,15404,484,5.9297520661157,1.00178136678899
"result_final_convex_10",26.89,4090.02007652735,0.997483586363826,25.6292362066568,14418,568,4.73415492957746,1.00252276194874
"result_final_convex_10",13.25,212.194097535448,0.978755216728899,25.2247101140586,8752,671,1.97466467958271,1.02170592085537
"result_final_convex_10",3.94,53.4553492981956,0.937778447712406,25.6264120209315,2744,298,1.32214765100671,1.06634994911578
"result_final_convex_10",14.31,91.595525773983,0.981526974324574,25.3539284324832,9168,708,2.02118644067797,1.01882070096763
"result_final_convex_10",9.8,43.5967930920222,0.967365065175913,25.3800740618827,6552,590,1.66101694915254,1.03373590384738
"result_final_convex_10",19.23,196.994025152721,0.990841834972605,25.1058606100353,11664,724,2.6560773480663,1.00924281222709
"result_final_convex_10",1.55,5.72685854293673,0.921295247281885,26.2504395172533,1022,114,1.35964912280702,1.0854283715783
"result_final_convex_10",29.87,3136.1558129686,0.998593205627469,25.0103902156866,15790,488,6.12090163934426,1.001408776231
"result_final_convex_10",2.28,7.64174228017938,0.926624652699865,24.9969456893599,1662,193,1.18134715025907,1.07918561964259
"result_final_convex_10",38.84,564951.199084774,0.99982999100225,24.8207880893115,17734,203,19.1330049261084,1.00017003790572
"result_final_convex_10",30.78,8429.41039308972,0.998834172221531,25.1451936980322,16006,475,6.48,1.00116718851927
"result_final_convex_10",6.1,16.1358515872708,0.950371974032387,25.2902023343416,4244,437,1.39588100686499,1.05221958067328
"result_final_convex_10",13.49,87.0298727239478,0.979410241018986,25.244344314659,8688,689,1.95791001451379,1.02102260944259
"result_final_convex_10",33.86,24025.0963361807,0.999406956099452,24.6295394039599,16752,351,9.64672364672365,1.00059339581031
"result_final_convex_10",37.41,116649.54031756,0.999750957486437,24.8988465179283,17362,266,14.0639097744361,1.00024910455119
"result_final_convex_10",35.37,64669.2519422812,0.999584720256899,25.3712495029945,17120,302,11.7119205298013,1.00041545227201
"result_final_convex_10",34.28,25643.6481049479,0.999461965628183,25.0757809485461,16772,369,9.289972899729,1.00053832400864
"result_final_convex_10",17.79,183.988722806881,0.988648053486434,25.2472929454612,11172,718,2.47771587743733,1.01148229288829
"result_final_convex_10",12.29,91.3258893549919,0.975966426061966,25.313475142033,8128,667,1.84257871064468,1.02462541056357
"result_final_convex_10",27.12,1855.68023915093,0.997589833666542,25.3885077207448,14886,586,4.62798634812287,1.00241598926946
"result_final_convex_10",26.76,2811.65479967388,0.997421792890416,25.5287924087452,14666,550,4.86545454545455,1.00258487144352
"result_final_convex_10",15.74,120.279323828643,0.984796436432739,25.0260528205167,10158,729,2.15912208504801,1.01543828044538
"result_final_convex_10",32.12,9342.4851803057,0.999124316657287,25.2402496825049,16366,408,7.87254901960784,1.00087645083611
"result_final_convex_10",11.31,48.289782353626,0.972826787461234,25.3516310599507,7266,634,1.78391167192429,1.02793222070877
"result_final_convex_10",36.66,246115.64481028,0.999698162564107,24.5745453410315,17116,279,13.1397849462366,1.00030192856924
"result_final_convex_10",26.67,2787.88104155858,0.997378262129661,24.2551212204926,14568,566,4.71201413427562,1.00262862944771
"result_final_convex_10",40.6,992743.371931342,0.999897005521585,27.0099611855493,17958,185,21.9459459459459,1.00010300508737
"result_final_convex_10",8.22,40.7743593218627,0.960770806751772,24.9491083783227,5548,514,1.59922178988327,1.04083095882238
"result_final_convex_10",29.49,2689.23200292082,0.998480643912569,24.8309291440091,15768,506,5.82806324110672,1.00152166804304
"result_final_convex_10",3.17,5.79421979360511,0.932769080273251,25.8585159161213,2382,275,1.15272727272727,1.07207670274303
"result_final_convex_10",5.08,16.3573088488248,0.944687152287339,24.7121764791378,3528,366,1.3879781420765,1.05855149779346
"result_final_convex_10",26.69,1924.24986939087,0.997387989161007,25.1925139073845,14444,549,4.8615664845173,1.00261885130699
"result_final_convex_10",14.89,98.4641500414419,0.98291539620375,25.2021464462227,9554,720,2.06805555555556,1.0173815608772
"result_final_convex_10",25.22,1146.212119275,0.996586056693581,24.8073671495702,14034,628,4.01592356687898,1.00342563824116
"result_final_convex_10",33.91,15266.6747298972,0.999413748618058,25.3985725805314,16542,356,9.5252808988764,1.00058659527423
"result_final_convex_10",42.4,937769.545053703,0.999940994187082,26.2418938142422,18180,129,32.8682170542636,1.00005900929481
"result_final_convex_10",9.59,44.248996519486,0.966542136763423,24.9729994938747,6502,608,1.57730263157895,1.03461604203684
"result_final_convex_10",2.17,8.97388580995879,0.925838424876033,25.3460459456896,1540,186,1.16666666666667,1.08010207087041
"result_final_convex_10",34.53,23591.6105715244,0.999492576883836,24.3577035064018,16616,332,10.4006024096386,1.0005076807251
"result_final_convex_10",25.77,1451.81951571327,0.996907530982542,25.5533439521222,14238,579,4.45077720207254,1.00310206204823
"result_final_convex_10",16.07,171.985142930853,0.985479722624202,25.3419911006787,9894,703,2.28591749644381,1.01473422237155
"result_final_convex_10",22.98,648.856352307818,0.994969144349356,25.2294919895552,13308,647,3.55177743431221,1.00505629313152
"result_final_convex_10",5.89,22.7762665366214,0.94923897709613,24.6018757009375,3970,396,1.48737373737374,1.05347549366247
"result_final_convex_10",13.97,136.650545448505,0.980671673662706,25.3189147561653,9200,691,2.02170767004342,1.01970927360949
"result_final_convex_10",38.5,85691.4641322889,0.999813480995169,25.1006413702367,17614,258,14.922480620155,1.00018655380066
"result_final_convex_10",3.76,9.85718489412824,0.936632541942049,25.0840496092884,2666,292,1.28767123287671,1.0676545552502
"result_final_convex_10",34.73,17888.9660158644,0.999515974789676,25.9174876828689,17026,343,10.1253644314869,1.00048425960418
"result_final_convex_10",1.9,4.20852339103916,0.923883334602308,24.6572666603303,1418,164,1.15853658536585,1.08238774588402
"result_final_convex_10",18.91,261.917123600775,0.99038746255189,24.9265536461238,11582,709,2.66713681241185,1.00970583515197
"result_final_convex_10",4.63,24.0539521777661,0.942031280521345,25.9096295241025,3124,338,1.3698224852071,1.06153587537621
"result_final_convex_10",10.85,107.49549732017,0.97124555046253,25.4103039257796,7088,621,1.74718196457327,1.02960574648067
"result_final_convex_10",33.8,16161.5734354925,0.9993987157838,24.9590542709882,16756,382,8.84816753926702,1.00060164597643
"result_final_convex_10",29.69,15911.7164917496,0.998540809836552,25.0563487326365,15470,512,5.798828125,1.00146132251088
"result_final_convex_10",39.59,411377.053167749,0.999862054147311,24.876348113726,18290,198,19.9949494949495,1.00013796488437
"result_final_convex_10",35.14,35712.4772659175,0.999561052570098,25.4518646484325,16782,332,10.5843373493976,1.00043914018936
"result_final_convex_10",33.16,16508.7559550864,0.999304501981587,24.9056308358184,16590,399,8.31077694235589,1.00069598207257
"result_final_convex_10",29.27,4602.69670296048,0.99841202469429,24.8501724300108,15122,540,5.42037037037037,1.00159050098199
"result_final_convex_10",22.7,559.054701607216,0.994727952051653,24.6653836155518,13082,651,3.48694316436252,1.00529998974843
"result_final_convex_10",17.31,581.649307722396,0.987827306053749,25.3776477512216,10764,725,2.38758620689655,1.01232269433296
"result_final_convex_10",10.14,54.5351864024578,0.968663868273268,25.3867617485482,6794,598,1.69565217391304,1.03234985091639
"result_final_convex_10",1.87,2.68946726647516,0.923663879853213,26.7497275626555,1360,154,1.21428571428571,1.08264491208525
"result_final_convex_10",4,10.4061278823852,0.938157039739749,25.9667467231271,2926,314,1.27388535031847,1.06591962501012
"result_final_convex_10",39.26,425909.136997733,0.99984864781504,26.179108566541,18000,220,17.8454545454545,1.00015137509591
"result_final_convex_10",12.73,79.5316693187153,0.977278725650883,25.3759478537245,8438,695,1.83165467625899,1.02324953337543
"result_final_convex_10",2.51,17.6273088961375,0.92824942351465,25.4594717236181,1838,211,1.18957345971564,1.07729665612253
"result_final_convex_10",29.1,3691.92677985966,0.998357203472742,24.7998924803462,15706,518,5.61776061776062,1.00164549974853
"result_final_convex_10",36.14,66151.4310257237,0.999656146370198,24.8684224580779,17386,284,12.7253521126761,1.00034397190579
"result_final_convex_10",7.73,26.3484653805497,0.958530661587203,25.2474330795677,5400,514,1.50389105058366,1.04326344484811
"result_final_convex_10",38.16,298423.423368319,0.999795617412231,24.7662227094196,17486,243,15.7037037037037,1.00020442436855
"result_final_convex_10",1.21,0.934128316971589,0.918722649543347,25.9226882986406,956,118,1.02542372881356,1.08846777696953
"result_final_convex_10",39.65,651293.06740463,0.999864379598691,25.7178075907587,17854,195,20.3333333333333,1.0001356387967
"result_final_convex_10",17.97,254.617414654413,0.988943858601318,25.3158949165809,11260,720,2.49583333333333,1.01117974625407
"result_final_convex_10",37.16,108078.392353481,0.999734320436896,24.6222248651881,17306,284,13.0845070422535,1.00026575016749
"result_final_convex_10",13.07,81.2251845674081,0.978253081045103,25.2466891781791,8506,664,1.9683734939759,1.02223036080977
"result_final_convex_10",13.77,238.335792670532,0.980153855019222,25.351380985814,8716,707,1.94766619519095,1.02024798951629
"result_final_convex_10",38.08,368506.449230373,0.999791207530141,25.1343757913942,17714,257,14.8171206225681,1.00020883607326
"result_final_convex_10",10.61,126.062197002535,0.970392300997818,25.565842076612,7070,609,1.74220032840722,1.03051106132204
"result_final_convex_10",35.39,40541.8226075604,0.999586725365321,25.2351722676889,17024,341,10.3782991202346,1.00041344550122
"result_final_convex_10",29.11,2076.01068028946,0.998360472394764,25.4299940238398,15570,546,5.33150183150183,1.00164222007038
"result_final_convex_10",12.67,122.062905353245,0.97710321988251,25.3340092596632,8308,677,1.87149187592319,1.02343332787322
"result_final_convex_10",2.97,3.20602647615903,0.931421708627085,25.460207316603,2242,259,1.14671814671815,1.07362754243081
"result_final_convex_10",37.68,261193.906083078,0.99976791271715,25.2291106732047,17306,234,16.1025641025641,1.00023214115986
"result_final_convex_10",43.4,383159.449967929,0.999957779241077,25.031631017842,18332,130,33.3846153846154,1.00004222254159
"result_final_convex_10",21.33,490.381395584698,0.993403467781508,25.3711006394816,12328,651,3.27649769585253,1.00664033540493
"result_final_convex_10",2.9,8.04743514736068,0.930945579384989,25.6335927513255,2132,239,1.21338912133891,1.07417664592234
"result_final_convex_10",12.36,82.7981279715615,0.976179141285955,25.6061287353915,8076,639,1.93427230046948,1.0244021386102
"result_final_convex_10",37.08,272104.034685084,0.999728798859739,25.7693319454186,17642,263,14.0988593155894,1.00027127471027
"result_final_convex_10",25.82,863.22981209645,0.996935439769772,25.1587542579465,14226,572,4.51398601398601,1.00307398062901
"result_final_convex_10",25.38,1026.29592065264,0.996682363298131,25.6066188138991,13918,602,4.21594684385382,1.00332868005298
"result_final_convex_10",28.68,5265.43176049279,0.998214788006134,25.1328835445561,15416,508,5.64566929133858,1.00178840467534
"result_final_convex_10",19.87,213.402572380362,0.991697373870145,25.1590743878208,12210,723,2.74827109266943,1.00837213685205
"result_final_convex_10",3.72,7.52380036810862,0.936375826703089,25.2274699943316,2738,312,1.19230769230769,1.06794726164699
"result_final_convex_10",18.5,260.181521751322,0.989778235682049,25.5560024076665,11216,705,2.6241134751773,1.01032732782905
"result_final_convex_10",31.51,9549.47744011434,0.999001028698733,25.1525570467042,16218,428,7.36214953271028,1.00099997024284
"result_final_convex_10",27.13,2303.78157722701,0.99759436525425,24.8051070484485,14842,558,4.86200716845878,1.00241143577945
"result_final_convex_10",4.75,56.3512075039922,0.942748514266773,25.6635646412395,3254,355,1.33802816901408,1.06072826938131
"result_final_convex_10",35.5,74466.2686485102,0.999597605167219,25.8074419343201,17158,308,11.525974025974,1.00040255681957
"result_final_convex_10",26.68,1754.34431080896,0.997383129481798,25.233247459155,14800,579,4.60794473229706,1.00262373649689
"result_final_convex_10",9.02,29.9948869882237,0.964226974879441,25.2508258854637,6156,578,1.56055363321799,1.03710021193405
"result_final_convex_10",39.81,764864.46002556,0.999870418471571,26.333896231016,17748,195,20.4153846153846,1.00012959832198
"result_final_convex_10",8.52,35.7694998681633,0.962095719174967,25.2562385025488,5772,544,1.56617647058824,1.03939761924888
"result_final_convex_10",2.08,6.07888839128152,0.925190722357479,26.492266270171,1520,169,1.23076923076923,1.08085822288825
"result_final_convex_10",13.08,85.9531299068107,0.978281224239337,24.8596157091965,8416,681,1.92070484581498,1.02220095328677
"result_final_convex_10",43.54,821884.590483937,0.999959783503574,24.7910339571853,18368,137,31.7810218978102,1.00004021811386
"result_final_convex_10",5.09,15.5933978017322,0.944745130341459,25.3466814644877,3730,397,1.28211586901763,1.05848653555755
"result_final_convex_10",13.03,62.940840026967,0.978140216440193,25.6919995681167,8480,677,1.92466765140325,1.02234831284145
"result_final_convex_10",31.42,8452.04171045695,0.998981634891672,25.2458135189346,15822,440,7.14090909090909,1.00101940323301
"result_final_convex_10",5.7,18.6540897154324,0.948197308930575,25.4721335647327,3988,409,1.39364303178484,1.05463281806595
"result_final_convex_10",22.66,430.454642220427,0.994692717384583,25.3929323990682,13210,691,3.27930535455861,1.00533560015335
"result_final_convex_10",30.62,7850.12662560594,0.998794571304642,25.1052742937568,15832,476,6.4327731092437,1.00120688350737
"result_final_convex_10",6.71,46.5656075426251,0.953555486216103,25.1398718732836,4742,465,1.44301075268817,1.04870667145779
"result_final_convex_10",41.23,388269.32588831,0.999914760021996,26.000948989577,18338,158,26.0949367088608,1.00008524724448
"result_final_convex_10",30.54,4801.30792310031,0.99877434250108,25.1168576618342,15876,471,6.48407643312102,1.00122716157871
"result_final_convex_10",4.13,11.4492483574273,0.938971553462762,25.614134037227,3036,333,1.24024024024024,1.06499498979727
"result_final_convex_10",5.94,39.3282763088778,0.949510477377833,25.9652304697259,4162,420,1.41428571428571,1.05317426592448
"result_final_convex_10",22.21,928.135260926474,0.994282532938567,25.209349285645,13190,669,3.31988041853513,1.00575034446651
"result_final_convex_10",19.74,400.179935297482,0.991529183062485,24.8434878613583,11762,692,2.85260115606936,1.0085431846911
"result_final_convex_10",41.62,486674.384962831,0.999924405868209,25.8494425055673,18294,150,27.7466666666667,1.0000755998467
"result_final_convex_10",19.16,177.143706269066,0.990743990820002,25.2092112802911,11440,708,2.70621468926554,1.0093424832911
"result_final_convex_10",16.27,273.800180313257,0.985881513255344,25.0978197643729,10230,727,2.23796423658872,1.01432067297625
"result_final_convex_10",43.82,661526.449916108,0.999963564848872,25.8709322398426,18474,108,40.5740740740741,1.0000364364787
"result_final_convex_10",13.45,74.5151210472409,0.979302209878379,25.6357043930709,8864,696,1.93247126436782,1.02113524294425
"result_final_convex_10",23.83,955.702017867145,0.99564536060313,24.7992500808364,13616,648,3.67746913580247,1.00437368521883
"result_final_convex_10",9.9,45.4069947975908,0.967751347174249,25.5082251469996,6782,612,1.61764705882353,1.03332328383723
"result_final_convex_10",24.24,751.042501438161,0.995943116534026,25.1554524773655,13538,663,3.65610859728507,1.00407340881083
"result_final_convex_10",40.01,364781.37638097,0.999877644473855,26.352964537796,18024,193,20.7305699481865,1.00012237049885
"result_final_convex_10",25.86,2362.295146651,0.99695761295054,24.6283792912016,14474,597,4.33165829145729,1.00305167141505
"result_final_convex_10",19.58,330.768134137564,0.991318310600791,25.1562012424556,11918,708,2.76553672316384,1.00875772121464
"result_final_convex_10",10.84,55.5114726227762,0.971210389012159,25.3254796300132,7298,610,1.77704918032787,1.0296430220615
"result_final_convex_10",23.08,719.195628780336,0.995053008218756,25.2645749491019,13138,643,3.58942457231726,1.0049715861772
"result_final_convex_10",5.96,31.9844501602915,0.949618772562002,25.287945787032,4200,420,1.41904761904762,1.05305416119994
"result_final_convex_10",27.21,1621.57694348696,0.99763035798022,25.4576993144532,14446,576,4.72395833333333,1.00237527056071
"result_final_convex_10",12.48,62.4172895668542,0.97654030751917,25.0354415203689,8072,644,1.93788819875776,1.02402327103162
"result_final_convex_10",38.42,232013.023935115,0.999809402940226,26.0567799942347,17792,236,16.2796610169492,1.00019063339394
"result_final_convex_10",35.16,43420.9982530981,0.99956315570621,26.2545123976861,16770,324,10.8518518518519,1.00043703521013
"result_final_convex_10",31.29,11391.8941360477,0.998953051820212,25.3160975190425,15964,462,6.77272727272727,1.00104804542904
"result_final_convex_10",6.02,15.3600548298699,0.949942614504913,25.693969928843,4226,441,1.36507936507937,1.05269516782461
"result_final_convex_10",41.63,747978.757888907,0.999924640664959,24.3374948451704,18078,154,27.0324675324675,1.0000753650145
"result_final_convex_10",38.67,500116.394276267,0.999821899572514,25.8206876599092,17962,231,16.7402597402597,1.0001781321529
"result_final_convex_10",34.89,50629.5663531512,0.999534018548534,25.1407905934011,16696,339,10.2920353982301,1.00046619869141
"result_final_convex_10",27.22,2582.29493755864,0.997634824713756,25.082599427115,14618,552,4.93115942028986,1.00237078260266
"result_final_convex_10",29.15,4805.52200376222,0.998373492595487,25.069790048609,15302,504,5.78373015873016,1.00162915724083
"result_final_convex_10",20.3,548.274614510589,0.992234085928739,24.9751927424472,12232,672,3.02083333333333,1.0078266955161
"result_final_convex_10",29.85,8353.92992070035,0.998587464520689,24.9671261902521,15772,474,6.29746835443038,1.00141453355815
"result_final_convex_10",9.54,45.2953574712537,0.966343841646635,25.7656333052165,6322,577,1.65337954939341,1.03482834670526
"result_final_convex_10",33.34,11755.782542639,0.99933220054869,25.4813975032334,16538,393,8.48346055979644,1.00066824570543
"result_final_convex_10",33.97,10624.0210858903,0.999421811179949,24.6386779281918,16766,363,9.35812672176309,1.00057852331576
"result_final_convex_10",24.6,2231.98234612485,0.996190230117218,24.8283685750626,13974,626,3.9297124600639,1.00382433973713
"result_final_convex_10",28.88,5457.91265639578,0.998283865706056,24.8696441642366,15246,514,5.61867704280156,1.00171908447376
"result_final_convex_10",32.81,18932.799907823,0.999247805920462,25.1407096511509,16542,393,8.34860050890585,1.00075276030138
"result_final_convex_10",2.21,11.8481440746073,0.926125013575114,25.2277801467558,1602,179,1.23463687150838,1.07976783408506
"result_final_convex_10",35.71,70008.4475995412,0.999617692510822,25.3268699021945,17308,284,12.5739436619718,1.00038245370409
"result_final_convex_10",40.45,1079828.5066512,0.999892347913599,25.9972516588003,18196,183,22.103825136612,1.00010766367662
"result_final_convex_10",39.46,191823.659513581,0.999856898996338,25.0100637643833,17660,205,19.2487804878049,1.00014312148449
"result_final_convex_10",30.72,5856.3357751098,0.998819454558776,25.3316631531567,15604,456,6.73684210526316,1.00118194077602
"result_final_convex_10",7.59,16.1163530397185,0.957873004671542,24.9431623714733,5298,510,1.48823529411765,1.04397972917391
"result_final_convex_10",34.21,40153.3644020729,0.999453114866399,25.7641604990783,16936,375,9.12266666666667,1.0005471843806
"result_final_convex_10",3.45,8.52322543168176,0.934623215819251,25.5104306478634,2488,276,1.25,1.06994988255609
"result_final_convex_10",21.9,455.844100541313,0.993984790873323,25.5159542307145,12388,632,3.46518987341772,1.00605161083138
"result_final_convex_10",11.54,83.1934342450142,0.973591228700939,25.14465101536,7628,631,1.82884310618067,1.02712511218317
"result_final_convex_10",13.4,117.320874809357,0.979166532252923,25.1562012794476,8556,658,2.03647416413374,1.02127673593903
"result_final_convex_10",39.23,229325.669387692,0.999847375837531,25.0316329187606,17604,201,19.5174129353234,1.00015264746016
"result_final_convex_10",13.1,86.2436850266856,0.97833742322396,25.2774391629029,8486,694,1.88760806916427,1.02214223463379
"result_final_convex_10",28.75,5397.44254128749,0.998239230162522,24.9662428985527,15276,507,5.67061143984221,1.00176387561646
"result_final_convex_10",1.37,6.61551576999398,0.919940485067627,25.7435666890572,980,115,1.19130434782609,1.08702684166192
"result_final_convex_10",12.14,105.340667325651,0.975505519711809,25.06960007053,8098,654,1.85626911314985,1.02510952505469
"result_final_convex_10",3.43,13.0729097027304,0.934492017371882,24.7501490792063,2442,270,1.27037037037037,1.0701000986743
"result_final_convex_10",6.25,20.0932750905698,0.951169568786695,25.4182593554018,4460,449,1.39198218262806,1.05133725133321
"result_final_convex_10",21.36,763.423884648166,0.993435190331623,24.9294676550573,12370,657,3.25114155251142,1.00660819118576
"result_final_linear_50",4.34,80.3718241970205,0.676903481460515,25.3900572556952,2886,307,1.41368078175896,1.47731549236881
"result_final_linear_50",16.91,175.76402467981,0.715183336202444,25.5501184954682,10688,695,2.43309352517986,1.398242869178
"result_final_linear_50",10.22,76.8457046409734,0.692960790367397,25.3778703089636,6980,614,1.66449511400651,1.44308309200267
"result_final_linear_50",21.05,726.677919583454,0.731696014828545,25.6072340638329,12596,675,3.11851851851852,1.3666877770741
"result_final_linear_50",26.71,1638.90390624287,0.758852764547525,25.448933701363,14286,586,4.5580204778157,1.3177786874062
"result_final_linear_50",19.9,386.157982392295,0.726860254083485,25.3039121540756,11766,691,2.87988422575977,1.37578027465668
"result_final_linear_50",28.91,3100.63209876675,0.77120850509872,24.8945852990121,15428,541,5.34380776340111,1.29666619777747
"result_final_linear_50",7.57,25.7919566100894,0.685377428444313,25.5210287618936,5290,526,1.43916349809886,1.45905009196148
"result_final_linear_50",13.32,344.961040599934,0.702658884565499,25.5337206183779,8592,649,2.05238828967643,1.42316566682049
"result_final_linear_50",24.86,1342.86394595477,0.749301954527323,25.0755391121673,13954,590,4.2135593220339,1.33457545914293
"result_final_linear_50",41.44,632075.953315596,0.872467222884386,26.1561578513125,18106,177,23.4124293785311,1.14617486338798
"result_final_linear_50",11.63,135.800210665767,0.697254221240335,25.0196278039676,7670,634,1.83438485804416,1.4341971257214
"result_final_linear_50",12.51,173.271171342066,0.700032005120819,25.6054944362893,7884,635,1.97007874015748,1.42850611498457
"result_final_linear_50",10.05,85.936193134212,0.692455735180908,25.3226634243538,6752,604,1.66390728476821,1.44413563090606
"result_final_linear_50",6.54,40.9709390364305,0.682588372772422,25.2583104533282,4414,429,1.52447552447552,1.46501176974107
"result_final_linear_50",0.96,14.6437841467004,0.668827660723933,24.4037832848603,708,83,1.1566265060241,1.4951534733441
"result_final_linear_50",34.14,36832.3624489399,0.805922662750857,25.4315975593877,16544,350,9.75428571428571,1.24081384755542
"result_final_linear_50",19.63,366.790229520234,0.725754018421528,25.1867472123249,11504,674,2.91246290801187,1.37787731740699
"result_final_linear_50",38.89,323503.613612154,0.84616449736915,24.0204661271278,17814,222,17.518018018018,1.18180330551465
"result_final_linear_50",8.76,39.7878513007953,0.688707729468599,25.3665750719357,6166,584,1.5,1.4519947391495
"result_final_linear_50",45.25,520239.17124804,0.920168067226891,26.1491416752233,18352,121,37.396694214876,1.08675799086758
"result_final_linear_50",23.7,673.003434806912,0.743664717348928,25.307051708733,13376,637,3.72056514913658,1.34469200524246
"result_final_linear_50",11.33,84.4055285301766,0.696324799748704,25.3147655531184,7598,641,1.76755070202808,1.43611142438254
"result_final_linear_50",34.56,79650.0376430568,0.809099901088032,25.5830348310078,16928,355,9.73521126760563,1.2359413202934
"result_final_linear_50",12.62,66.7783110036916,0.700384738698301,25.4792194228608,8466,677,1.86410635155096,1.42778667887388
"result_final_linear_50",26.48,5040.22662685285,0.75762572135202,25.142665346955,14384,599,4.42070116861436,1.31991294885745
"result_final_linear_50",22.08,1510.93620000937,0.73620559334845,25.0144289278101,12724,660,3.34545454545455,1.35831622176591
"result_final_linear_50",28.88,5991.97127747154,0.77103209019948,25.5297461843625,15554,495,5.83434343434343,1.29696287964004
"result_final_linear_50",20.69,357.006974183333,0.730160191493279,25.1905221813573,12202,703,2.94310099573257,1.36956247635859
"result_final_linear_50",1.23,4.06394346138697,0.669445574081605,24.9796181225148,960,113,1.08849557522124,1.49377341297965
"result_final_linear_50",28.7,3933.86223671937,0.769978401727862,24.6503023805255,15404,484,5.9297520661157,1.29873772791024
"result_final_linear_50",26.89,5007.62468669118,0.759821242984826,25.6292362066568,14418,568,4.73415492957746,1.31609902886062
"result_final_linear_50",13.25,249.773284156356,0.702429149797571,25.2247101140586,8752,671,1.97466467958271,1.42363112391931
"result_final_linear_50",3.94,61.8115992190321,0.675907683647622,25.6264120209315,2744,298,1.32214765100671,1.47949198417656
"result_final_linear_50",14.31,112.768638373274,0.705964738836711,25.3539284324832,9168,708,2.02118644067797,1.41650134204691
"result_final_linear_50",9.8,54.6240057628603,0.691717791411043,25.3800740618827,6552,590,1.66101694915254,1.44567627494457
"result_final_linear_50",19.23,275.62315672874,0.724134839519455,25.1058606100353,11664,724,2.6560773480663,1.38095827658784
"result_final_linear_50",1.55,6.73525959328604,0.670183798502383,26.2504395172533,1022,114,1.35964912280702,1.49212798374809
"result_final_linear_50",29.87,3620.86881675221,0.776977620208287,25.0103902156866,15790,488,6.12090163934426,1.28703835733638
"result_final_linear_50",2.28,9.54832082477348,0.671892189218922,24.9969456893599,1662,193,1.18134715025907,1.48833401555465
"result_final_linear_50",38.84,611022.962299064,0.845685840707965,24.8207880893115,17734,203,19.1330049261084,1.18247220405494
"result_final_linear_50",30.78,9579.70062046052,0.782677521483492,25.1451936980322,16006,475,6.48,1.27766541462005
"result_final_linear_50",6.1,19.9974505547605,0.681422351233672,25.2902023343416,4244,437,1.39588100686499,1.46751863684771
"result_final_linear_50",13.49,107.491558895073,0.703218988782312,25.244344314659,8688,689,1.95791001451379,1.42203213501329
"result_final_linear_50",33.86,26988.2338287489,0.803840544482256,24.6295394039599,16752,351,9.64672364672365,1.24402781977623
"result_final_linear_50",37.41,134350.582480337,0.832535248736366,24.8988465179283,17362,266,14.0639097744361,1.20115034350535
"result_final_linear_50",35.37,71821.2091444405,0.815417612919506,25.3712495029945,17120,302,11.7119205298013,1.22636546495435
"result_final_linear_50",34.28,28624.9145417381,0.806974459724951,25.0757809485461,16772,369,9.289972899729,1.23919659160073
"result_final_linear_50",17.79,225.141737764527,0.718493270407271,25.2472929454612,11172,718,2.47771587743733,1.39180148400438
"result_final_linear_50",12.29,116.487803067001,0.699330250358794,25.313475142033,8128,667,1.84257871064468,1.4299395735948
"result_final_linear_50",27.12,2353.55467338283,0.761069340016708,25.3885077207448,14886,586,4.62798634812287,1.3139407244786
"result_final_linear_50",26.76,3259.63942739499,0.759121061359867,25.5287924087452,14666,550,4.86545454545455,1.31731294374659
"result_final_linear_50",15.74,172.178605562477,0.710934863314209,25.0260528205167,10158,729,2.15912208504801,1.40659862330881
"result_final_linear_50",32.12,10806.7319941274,0.791511194029851,25.2402496825049,16366,408,7.87254901960784,1.26340601060695
"result_final_linear_50",11.31,62.9921997636372,0.696263149631025,25.3516310599507,7266,634,1.78391167192429,1.43623858383132
"result_final_linear_50",36.66,268687.31936628,0.82603025560772,24.5745453410315,17116,279,13.1397849462366,1.21060940953584
"result_final_linear_50",26.67,3380.37712867718,0.758638526794951,24.2551212204926,14568,566,4.71201413427562,1.3181508250375
"result_final_linear_50",40.6,1062888.39033066,0.863372093023256,27.0099611855493,17958,185,21.9459459459459,1.15824915824916
"result_final_linear_50",8.22,60.6172945333853,0.687181790955376,24.9491083783227,5548,514,1.59922178988327,1.45521900196121
"result_final_linear_50",29.49,3188.32078985492,0.77466490881125,24.8309291440091,15768,506,5.82806324110672,1.29088072613814
"result_final_linear_50",3.17,7.20625076444939,0.674021996380342,25.8585159161213,2382,275,1.15272727272727,1.48363110606217
"result_final_linear_50",5.08,22.4867361425985,0.678775743707094,24.7121764791378,3528,366,1.3879781420765,1.4732406236831
"result_final_linear_50",26.69,2244.01409696668,0.758745601324777,25.1925139073845,14444,549,4.8615664845173,1.31796480698404
"result_final_linear_50",14.89,126.293560023336,0.707952087838962,25.2021464462227,9554,720,2.06805555555556,1.41252496768887
"result_final_linear_50",25.22,1425.7667619696,0.751104861390116,24.8073671495702,14034,628,4.01592356687898,1.33137202460551
"result_final_linear_50",33.91,17229.8924815994,0.80421027013872,25.3985725805314,16542,356,9.5252808988764,1.24345589347859
"result_final_linear_50",42.4,994278.863734774,0.883435582822086,26.2418938142422,18180,129,32.8682170542636,1.13194444444444
"result_final_linear_50",9.59,54.7598399839637,0.691102277939153,24.9729994938747,6502,608,1.57730263157895,1.44696383143458
"result_final_linear_50",2.17,11.9442035824978,0.671632568996293,25.3460459456896,1540,186,1.16666666666667,1.48890933251559
"result_final_linear_50",34.53,26354.7388545724,0.808870768470472,24.3577035064018,16616,332,10.4006024096386,1.23629143118986
"result_final_linear_50",25.77,1658.07987004478,0.753910217347146,25.5533439521222,14238,579,4.45077720207254,1.32641789034083
"result_final_linear_50",16.07,223.583435211152,0.712116069913457,25.3419911006787,9894,703,2.28591749644381,1.40426545931133
"result_final_linear_50",22.98,830.774907729757,0.740292195309496,25.2294919895552,13308,647,3.55177743431221,1.35081796935861
"result_final_linear_50",5.89,34.0309784961384,0.68087107509767,24.6018757009375,3970,396,1.48737373737374,1.46870683243014
"result_final_linear_50",13.97,164.02030917408,0.704817302965755,25.3189147561653,9200,691,2.02170767004342,1.41880739276996
"result_final_linear_50",38.5,93542.951856085,0.842465753424658,25.1006413702367,17614,258,14.922480620155,1.1869918699187
"result_final_linear_50",3.76,14.4653249731563,0.675463222908478,25.0840496092884,2666,292,1.28767123287671,1.48046550290939
"result_final_linear_50",34.73,21586.0290822476,0.810404767817234,25.9174876828689,17026,343,10.1253644314869,1.23395127930136
"result_final_linear_50",1.9,6.01632962015275,0.670998632010944,24.6572666603303,1418,164,1.15853658536585,1.49031600407747
"result_final_linear_50",18.91,319.621623742389,0.72285612408629,24.9265536461238,11582,709,2.66713681241185,1.38340115920582
"result_final_linear_50",4.63,34.1680447223686,0.677632513855336,25.9096295241025,3124,338,1.3698224852071,1.47572611932474
"result_final_linear_50",10.85,127.922554735173,0.69485580670304,25.4103039257796,7088,621,1.74718196457327,1.43914750420639
"result_final_linear_50",33.8,18194.6938694847,0.803398058252427,24.9590542709882,16756,382,8.84816753926702,1.24471299093656
"result_final_linear_50",29.69,18113.1735219949,0.775877289781505,25.0563487326365,15470,512,5.798828125,1.28886360403925
"result_final_linear_50",39.59,445874.99773352,0.853007624964699,24.876348113726,18290,198,19.9949494949495,1.17232246316835
"result_final_linear_50",35.14,40134.9544543852,0.813597591570497,25.4518646484325,16782,332,10.5843373493976,1.2291088498304
"result_final_linear_50",33.16,18794.175991768,0.798757170172084,24.9056308358184,16590,399,8.31077694235589,1.25194494314782
"result_final_linear_50",29.27,5411.17580642912,0.773343538158758,24.8501724300108,15122,540,5.42037037037037,1.29308638484377
"result_final_linear_50",22.7,664.285325876624,0.739005736137667,24.6653836155518,13082,651,3.48694316436252,1.35316946959897
"result_final_linear_50",17.31,699.429591246312,0.716675333680014,25.3776477512216,10764,725,2.38758620689655,1.39533196275245
"result_final_linear_50",10.14,74.1735137568152,0.692722787542399,25.3867617485482,6794,598,1.69565217391304,1.44357890051191
"result_final_linear_50",1.87,5.18896342092385,0.670928483522494,26.7497275626555,1360,154,1.21428571428571,1.49047182309182
"result_final_linear_50",4,12.957450024028,0.676056338028169,25.9667467231271,2926,314,1.27388535031847,1.47916666666667
"result_final_linear_50",39.26,464430.183713687,0.849748181309457,26.179108566541,18000,220,17.8454545454545,1.1768192295028
"result_final_linear_50",12.73,96.4477214463005,0.700738718484021,25.3759478537245,8438,695,1.83165467625899,1.42706542912799
"result_final_linear_50",2.51,20.7435178293518,0.67243757759691,25.4594717236181,1838,211,1.18957345971564,1.4871268848087
"result_final_linear_50",29.1,4285.57413482136,0.772331154684096,24.7998924803462,15706,518,5.61776061776062,1.29478138222849
"result_final_linear_50",36.14,72785.4881838406,0.821667524446732,24.8684224580779,17386,284,12.7253521126761,1.21703726902599
"result_final_linear_50",7.73,37.6608928986507,0.685818343986918,25.2474330795677,5400,514,1.50389105058366,1.45811206242549
"result_final_linear_50",38.16,323546.914337084,0.839305103148751,24.7662227094196,17486,243,15.7037037037037,1.19146183699871
"result_final_linear_50",1.21,1.23501749350117,0.669399647648733,25.9226882986406,956,118,1.02542372881356,1.49387589837028
"result_final_linear_50",39.65,708336.260297025,0.853606789250353,25.7178075907587,17854,195,20.3333333333333,1.17149958574979
"result_final_linear_50",17.97,320.620042705766,0.719182886200246,25.3158949165809,11260,720,2.49583333333333,1.3904669023528
"result_final_linear_50",37.16,117823.949113497,0.830338266384778,24.6222248651881,17306,284,13.0845070422535,1.20432845321451
"result_final_linear_50",13.07,112.836568724632,0.701840787986436,25.2466891781791,8506,664,1.9683734939759,1.42482457149431
"result_final_linear_50",13.77,281.215990512983,0.704148293320268,25.351380985814,8716,707,1.94766619519095,1.42015539835324
"result_final_linear_50",38.08,399946.354280191,0.838569880823402,25.1343757913942,17714,257,14.8171206225681,1.19250645994832
"result_final_linear_50",10.61,158.462678671435,0.694129523217891,25.565842076612,7070,609,1.74220032840722,1.44065331692583
"result_final_linear_50",35.39,45194.00595678,0.815576874526635,25.2351722676889,17024,341,10.3782991202346,1.22612598668937
"result_final_linear_50",29.11,2566.13807838096,0.772390499019394,25.4299940238398,15570,546,5.33150183150183,1.29468190153759
"result_final_linear_50",12.67,149.540612249797,0.700545483715707,25.3340092596632,8308,677,1.87149187592319,1.42745906332303
"result_final_linear_50",2.97,5.16031217585389,0.673538803276413,25.460207316603,2242,259,1.14671814671815,1.48469545501391
"result_final_linear_50",37.68,284023.480800501,0.834941050375134,25.2291106732047,17306,234,16.1025641025641,1.19768934531451
"result_final_linear_50",43.4,404086.071508129,0.895569620253165,25.031631017842,18332,130,33.3846153846154,1.11660777385159
"result_final_linear_50",21.33,645.342203306613,0.732904788522452,25.3711006394816,12328,651,3.27649769585253,1.364433710436
"result_final_linear_50",2.9,10.6498301368527,0.673370319001387,25.6335927513255,2132,239,1.21338912133891,1.48506694129763
"result_final_linear_50",12.36,108.948267849027,0.699553001277139,25.6061287353915,8076,639,1.93427230046948,1.4294842537654
"result_final_linear_50",37.08,296865.651443097,0.829641350210971,25.7693319454186,17642,263,14.0988593155894,1.20534011443102
"result_final_linear_50",25.82,1085.43881736181,0.754168361122407,25.1587542579465,14226,572,4.51398601398601,1.32596387166352
"result_final_linear_50",25.38,1331.89741251642,0.751914550584442,25.6066188138991,13918,602,4.21594684385382,1.3299383543286
"result_final_linear_50",28.68,5945.97390050645,0.76986183074266,25.1328835445561,15416,508,5.64566929133858,1.29893438025799
"result_final_linear_50",19.87,278.689710286318,0.726736803918012,25.1590743878208,12210,723,2.74827109266943,1.37601397728691
"result_final_linear_50",3.72,9.93574621282127,0.675364758698092,25.2274699943316,2738,312,1.19230769230769,1.48068134607395
"result_final_linear_50",18.5,327.007376347726,0.721238938053097,25.5560024076665,11216,705,2.6241134751773,1.38650306748466
"result_final_linear_50",31.51,11245.358355664,0.787422395953093,25.1525570467042,16218,428,7.36214953271028,1.26996641845525
"result_final_linear_50",27.13,2899.23132796049,0.761123877167328,24.8051070484485,14842,558,4.86200716845878,1.31384657609442
"result_final_linear_50",4.75,64.5883560690596,0.677935943060498,25.6635646412395,3254,355,1.33802816901408,1.4750656167979
"result_final_linear_50",35.5,82073.4342716806,0.816455696202532,25.8074419343201,17158,308,11.525974025974,1.22480620155039
"result_final_linear_50",26.68,2107.21938752999,0.758692052980132,25.233247459155,14800,579,4.60794473229706,1.31805782869613
"result_final_linear_50",9.02,43.1144869260922,0.689451348893604,25.2508258854637,6156,578,1.56055363321799,1.4504286656408
"result_final_linear_50",39.81,826493.353661058,0.855214549587951,26.333896231016,17748,195,20.4153846153846,1.16929722545273
"result_final_linear_50",8.52,44.7278756614428,0.688026474127557,25.2562385025488,5772,544,1.56617647058824,1.45343244425011
"result_final_linear_50",2.08,9.27010585137923,0.671420735052112,26.492266270171,1520,169,1.23076923076923,1.48937908496732
"result_final_linear_50",13.08,130.62007403221,0.70187338501292,24.8596157091965,8416,681,1.92070484581498,1.42475839852738
"result_final_linear_50",43.54,865370.648939389,0.897329942784488,24.7910339571853,18368,137,31.7810218978102,1.11441728657457
"result_final_linear_50",5.09,20.7983850955446,0.678801315977686,25.3466814644877,3730,397,1.28211586901763,1.47318512274787
"result_final_linear_50",13.03,84.0619610696945,0.701710505083105,25.6919995681167,8480,677,1.92466765140325,1.42508911118777
"result_final_linear_50",31.42,9720.5459470107,0.78682882055989,25.2458135189346,15822,440,7.14090909090909,1.27092446777486
"result_final_linear_50",5.7,24.7709381256097,0.68037518037518,25.4721335647327,3988,409,1.39364303178484,1.46977730646872
"result_final_linear_50",22.66,542.049087590269,0.738823079862438,25.3929323990682,13210,691,3.27930535455861,1.35350400827515
"result_final_linear_50",30.62,9019.13003967437,0.781658404686796,25.1052742937568,15832,476,6.4327731092437,1.27933121937158
"result_final_linear_50",6.71,64.867430451738,0.683042905256992,25.1398718732836,4742,465,1.44301075268817,1.46403687426305
"result_final_linear_50",41.23,415271.379741433,0.87015102161682,26.000948989577,18338,158,26.0949367088608,1.14922579547388
"result_final_linear_50",30.54,5581.55817885856,0.781151596941071,25.1168576618342,15876,471,6.48407643312102,1.28016124388137
"result_final_linear_50",4.13,19.0806821768662,0.67637928601665,25.614134037227,3036,333,1.24024024024024,1.47846041514551
"result_final_linear_50",5.94,59.59279879208,0.681002027222705,25.9652304697259,4162,420,1.41428571428571,1.46842440995109
"result_final_linear_50",22.21,1095.80958104141,0.736787270316348,25.209349285645,13190,669,3.31988041853513,1.35724386167888
"result_final_linear_50",19.74,480.706176825789,0.726203402099168,24.8434878613583,11762,692,2.85260115606936,1.37702466982307
"result_final_linear_50",41.62,518399.29327786,0.874475733972439,25.8494425055673,18294,150,27.7466666666667,1.14354230900993
"result_final_linear_50",19.16,251.89154208489,0.723853868194842,25.2092112802911,11440,708,2.70621468926554,1.38149430974765
"result_final_linear_50",16.27,324.082024742538,0.712838413076792,25.0978197643729,10230,727,2.23796423658872,1.40284246984354
"result_final_linear_50",43.82,695155.431863573,0.900898011545863,25.8709322398426,18474,108,40.5740740740741,1.11000355998576
"result_final_linear_50",13.45,90.4754563372096,0.703086921202275,25.6357043930709,8864,696,1.93247126436782,1.42229924898902
"result_final_linear_50",23.83,1169.28451215424,0.744283760015634,24.7992500808364,13616,648,3.67746913580247,1.34357358540108
"result_final_linear_50",9.9,60.1243569814901,0.692012288786482,25.5082251469996,6782,612,1.61764705882353,1.44506104328524
"result_final_linear_50",24.24,881.686490315489,0.746256895193065,25.1554524773655,13538,663,3.65610859728507,1.34002111932418
"result_final_linear_50",40.01,392378.126064738,0.857244927122035,26.352964537796,18024,193,20.7305699481865,1.16652775462577
"result_final_linear_50",25.86,2735.73179257983,0.754375254375254,24.6283792912016,14474,597,4.33165829145729,1.32560021580793
"result_final_linear_50",19.58,403.884112758078,0.725550342836521,25.1562012424556,11918,708,2.76553672316384,1.37826411340463
"result_final_linear_50",10.84,81.1190293908429,0.694825436408978,25.3254796300132,7298,610,1.77704918032787,1.43921040825482
"result_final_linear_50",23.08,888.401030488439,0.74075500770416,25.2645749491019,13138,643,3.58942457231726,1.34997399895996
"result_final_linear_50",5.96,39.9024764352576,0.681054461181923,25.287945787032,4200,420,1.41904761904762,1.46831135686942
"result_final_linear_50",27.21,1922.01876459014,0.761560996024273,25.4576993144532,14446,576,4.72395833333333,1.31309245775519
"result_final_linear_50",12.48,94.8160169172998,0.699936020473449,25.0354415203689,8072,644,1.93788819875776,1.42870201096892
"result_final_linear_50",38.42,254356.905932403,0.841716785128486,26.0567799942347,17792,236,16.2796610169492,1.1880480675544
"result_final_linear_50",35.16,50982.2527455242,0.813755020080321,26.2545123976861,16770,324,10.8518518518519,1.22887106724244
"result_final_linear_50",31.29,12952.8318297169,0.785975749256463,25.3160975190425,15964,462,6.77272727272727,1.27230388589725
"result_final_linear_50",6.02,27.4985005896669,0.681211945491447,25.693969928843,4226,441,1.36507936507937,1.46797190891679
"result_final_linear_50",41.63,796778.060154926,0.874587953251423,24.3374948451704,18078,154,27.0324675324675,1.14339557992119
"result_final_linear_50",38.67,542542.286823685,0.844068263143408,25.8206876599092,17962,231,16.7402597402597,1.18473830099462
"result_final_linear_50",34.89,57599.5450173717,0.81164298180005,25.1407905934011,16696,339,10.2920353982301,1.23206880663493
"result_final_linear_50",27.22,2945.94644386491,0.761615738802846,25.082599427115,14618,552,4.93115942028986,1.31299807639461
"result_final_linear_50",29.15,5500.62483482847,0.772628135223555,25.069790048609,15302,504,5.78373015873016,1.29428369795342
"result_final_linear_50",20.3,681.099123760831,0.728519195612431,24.9751927424472,12232,672,3.02083333333333,1.37264742785446
"result_final_linear_50",29.85,10062.5183924099,0.776854928017719,24.9671261902521,15772,474,6.29746835443038,1.28724162508909
"result_final_linear_50",9.54,58.4810401447277,0.690956309196456,25.7656333052165,6322,577,1.65337954939341,1.44726951138625
"result_final_linear_50",33.34,13515.4541596846,0.800048007681229,25.4813975032334,16538,393,8.48346055979644,1.24992499249925
"result_final_linear_50",33.97,12122.6516253121,0.804655130392396,24.6386779281918,16766,363,9.35812672176309,1.24276843858852
"result_final_linear_50",24.6,2589.29263985688,0.748015873015873,24.8283685750626,13974,626,3.9297124600639,1.3368700265252
"result_final_linear_50",28.88,6327.57364407217,0.77103209019948,24.8696441642366,15246,514,5.61867704280156,1.29696287964004
"result_final_linear_50",32.81,21438.1830449058,0.796278739037687,25.1407096511509,16542,393,8.34860050890585,1.25584164310165
"result_final_linear_50",2.21,14.2163037254718,0.671726885561204,25.2277801467558,1602,179,1.23463687150838,1.48870027610185
"result_final_linear_50",35.71,77216.3166291206,0.81814711122423,25.3268699021945,17308,284,12.5739436619718,1.22227407061751
"result_final_linear_50",40.45,1157144.63761204,0.861794500723589,25.9972516588003,18196,183,22.103825136612,1.16036943744752
"result_final_linear_50",39.46,213392.333737628,0.851716375914463,25.0100637643833,17660,205,19.2487804878049,1.17409976874793
"result_final_linear_50",30.72,7028.743339091,0.782294489611563,25.3316631531567,15604,456,6.73684210526316,1.27829099307159
"result_final_linear_50",7.59,22.6494663250367,0.685432428423083,24.9431623714733,5298,510,1.48823529411765,1.45893301590737
"result_final_linear_50",34.21,44497.1701544667,0.806447658739887,25.7641604990783,16936,375,9.12266666666667,1.24000607995136
"result_final_linear_50",3.45,11.3279695490506,0.674703004891684,25.5104306478634,2488,276,1.25,1.48213360952874
"result_final_linear_50",21.9,587.065626306842,0.735404896421846,25.5159542307145,12388,632,3.46518987341772,1.35979513444302
"result_final_linear_50",11.54,122.059889598253,0.696974472108415,25.14465101536,7628,631,1.82884310618067,1.43477277865702
"result_final_linear_50",13.4,155.754657735333,0.702922077922078,25.1562012794476,8556,658,2.03647416413374,1.42263279445727
"result_final_linear_50",39.23,249938.201430012,0.849454850433324,25.0316329187606,17604,201,19.5174129353234,1.17722560473918
"result_final_linear_50",13.1,119.027874454372,0.701938610662359,25.2774391629029,8486,694,1.88760806916427,1.42462600690449
"result_final_linear_50",28.75,6102.49546794053,0.77027027027027,24.9662428985527,15276,507,5.67061143984221,1.29824561403509
"result_final_linear_50",1.37,13.1543817118429,0.669767757707456,25.7435666890572,980,115,1.19130434782609,1.49305485146507
"result_final_linear_50",12.14,150.260634406081,0.698854597518295,25.06960007053,8098,654,1.85626911314985,1.43091281584339
"result_final_linear_50",3.43,16.6087359142345,0.674654184714266,24.7501490792063,2442,270,1.27037037037037,1.48224086155121
"result_final_linear_50",6.25,26.9472421511562,0.681818181818182,25.4182593554018,4460,449,1.39198218262806,1.46666666666667
"result_final_linear_50",21.36,954.251751225679,0.73303504847129,24.9294676550573,12370,657,3.25114155251142,1.36419125127162
"result_final_concave_50",4.34,80.8247040371209,0.667124391284532,25.3900572556952,2886,307,1.41368078175896,1.49897082622706
"result_final_concave_50",16.91,183.742374006493,0.675999528480909,25.5501184954682,10688,695,2.43309352517986,1.47929097265375
"result_final_concave_50",10.22,78.4799234321244,0.669558744796381,25.3778703089636,6980,614,1.66449511400651,1.49352093116805
"result_final_concave_50",21.05,751.812116956754,0.682847557857726,25.6072340638329,12596,675,3.11851851851852,1.46445570243711
"result_final_concave_50",26.71,1728.14555196067,0.697549125898144,25.448933701363,14286,586,4.5580204778157,1.43359078647318
"result_final_concave_50",19.9,402.647900788664,0.680670824664943,25.3039121540756,11766,691,2.87988422575977,1.46913891967126
"result_final_concave_50",28.91,3253.98514385818,0.705561581529963,24.8945852990121,15428,541,5.34380776340111,1.41731072974745
"result_final_concave_50",7.57,26.5296518678435,0.668160580153223,25.5210287618936,5290,526,1.43916349809886,1.49664621006327
"result_final_concave_50",13.32,356.204820771828,0.671955868512757,25.5337206183779,8592,649,2.05238828967643,1.48819297048972
"result_final_concave_50",24.86,1419.87323878843,0.691912504719964,25.0755391121673,13954,590,4.2135593220339,1.44526944256446
"result_final_concave_50",41.44,655559.583096442,0.800246126641716,26.1561578513125,18106,177,23.4124293785311,1.24961554540297
"result_final_concave_50",11.63,139.753228410687,0.670537921930951,25.0196278039676,7670,634,1.83438485804416,1.49133996347335
"result_final_concave_50",12.51,176.785142001981,0.671241288453183,25.6054944362893,7884,635,1.97007874015748,1.4897772488108
"result_final_concave_50",10.05,88.5269131286218,0.669452327185933,25.3226634243538,6752,604,1.66390728476821,1.49375834453147
"result_final_concave_50",6.54,42.1315864469966,0.66775660237046,25.2583104533282,4414,429,1.52447552447552,1.49755164748669
"result_final_concave_50",0.96,14.661324082311,0.666687546272251,24.4037832848603,708,83,1.1566265060241,1.49995302235875
"result_final_concave_50",34.14,39001.4952143772,0.732254680968116,25.4315975593877,16544,350,9.75428571428571,1.36564507676195
"result_final_concave_50",19.63,381.326844959675,0.680192475058462,25.1867472123249,11504,674,2.91246290801187,1.47017210079257
"result_final_concave_50",38.89,336632.993347709,0.770711883466492,24.0204661271278,17814,222,17.518018018018,1.29750172723719
"result_final_concave_50",8.76,40.838479067224,0.668721429231507,25.3665750719357,6166,584,1.5,1.49539098986135
"result_final_concave_50",45.25,535286.764037605,0.863213405086302,26.1491416752233,18352,121,37.396694214876,1.1584620837764
"result_final_concave_50",23.7,721.26155096976,0.6888196325232,25.307051708733,13376,637,3.72056514913658,1.45175885352879
"result_final_concave_50",11.33,86.3738035544066,0.670314743020829,25.3147655531184,7598,641,1.76755070202808,1.49183649981114
"result_final_concave_50",34.56,82930.7650859515,0.734999022379813,25.5830348310078,16928,355,9.73521126760563,1.36054602734321
"result_final_concave_50",12.62,69.5887785701657,0.671334467525436,25.4792194228608,8466,677,1.86410635155096,1.48957047250387
"result_final_concave_50",26.48,5228.47312537721,0.696797438412753,25.142665346955,14384,599,4.42070116861436,1.43513730802156
"result_final_concave_50",22.08,1558.66676117841,0.685001220281806,25.0144289278101,12724,660,3.34545454545455,1.45985141397063
"result_final_concave_50",28.88,6312.17490325787,0.705441565408486,25.5297461843625,15554,495,5.83434343434343,1.41755185551187
"result_final_concave_50",20.69,372.420826373526,0.682141219938528,25.1905221813573,12202,703,2.94310099573257,1.46597210485259
"result_final_concave_50",1.23,4.07652478181127,0.666701131013525,24.9796181225148,960,113,1.08849557522124,1.49992245922816
"result_final_concave_50",28.7,4222.38019354452,0.704728093389098,24.6503023805255,15404,484,5.9297520661157,1.41898699566653
"result_final_concave_50",26.89,5312.34348785614,0.698148088234435,25.6292362066568,14418,568,4.73415492957746,1.43236086562799
"result_final_concave_50",13.25,254.715418211338,0.671891478664576,25.2247101140586,8752,671,1.97466467958271,1.48833558953234
"result_final_concave_50",3.94,62.1303985815706,0.667040724172401,25.6264120209315,2744,298,1.32214765100671,1.49915884257397
"result_final_concave_50",14.31,116.125874703475,0.672922174420349,25.3539284324832,9168,708,2.02118644067797,1.48605594824007
"result_final_concave_50",9.8,56.3510659948407,0.669300199736098,25.3800740618827,6552,590,1.66101694915254,1.4940978657922
"result_final_concave_50",19.23,295.185788999498,0.67950563749792,25.1058606100353,11664,724,2.6560773480663,1.47165813617413
"result_final_concave_50",1.55,6.77203112551299,0.666721754453727,26.2504395172533,1022,114,1.35964912280702,1.49987606272026
"result_final_concave_50",29.87,3800.96057873421,0.709574807852283,25.0103902156866,15790,488,6.12090163934426,1.40929467750802
"result_final_concave_50",2.28,9.5995498690459,0.666787662127493,24.9969456893599,1662,193,1.18134715025907,1.49972780961384
"result_final_concave_50",38.84,635224.417331349,0.770207037693623,24.8207880893115,17734,203,19.1330049261084,1.29835219760454
"result_final_concave_50",30.78,10000.6280835565,0.713707272746881,25.1451936980322,16006,475,6.48,1.40113466428785
"result_final_concave_50",6.1,20.2527916335086,0.667605800165213,25.2902023343416,4244,437,1.39588100686499,1.49788992209554
"result_final_concave_50",13.49,110.535978887433,0.672114366868065,25.244344314659,8688,689,1.95791001451379,1.48784202405883
"result_final_concave_50",33.86,28296.8810202938,0.730483408565311,24.6295394039599,16752,351,9.64672364672365,1.36895648590298
"result_final_concave_50",37.41,144109.004026834,0.756785853382515,24.8988465179283,17362,266,14.0639097744361,1.32137776562606
"result_final_concave_50",35.37,75127.1196185186,0.740604533988067,25.3712495029945,17120,302,11.7119205298013,1.35024828246071
"result_final_concave_50",34.28,29951.5751157867,0.733157629288184,25.0757809485461,16772,369,9.289972899729,1.36396316433465
"result_final_concave_50",17.79,233.878028586064,0.677237824348054,25.2472929454612,11172,718,2.47771587743733,1.47658616227269
"result_final_concave_50",12.29,119.825966385284,0.67105848799029,25.313475142033,8128,667,1.84257871064468,1.49018307330384
"result_final_concave_50",27.12,2531.72732362296,0.698927339166142,25.3885077207448,14886,586,4.62798634812287,1.4307638919849
"result_final_concave_50",26.76,3397.25083348164,0.697714555548827,25.5287924087452,14666,550,4.86545454545455,1.43325087895492
"result_final_concave_50",15.74,182.263025160618,0.674512430831992,25.0260528205167,10158,729,2.15912208504801,1.48255236566438
"result_final_concave_50",32.12,11398.1135154285,0.720436923940581,25.2402496825049,16366,408,7.87254901960784,1.38804656836617
"result_final_concave_50",11.31,65.079148595025,0.670300156641086,25.3516310599507,7266,634,1.78391167192429,1.49186896361633
"result_final_concave_50",36.66,279200.936603075,0.750465566904446,24.5745453410315,17116,279,13.1397849462366,1.33250617230161
"result_final_concave_50",26.67,3564.54904893683,0.697417304298416,24.2551212204926,14568,566,4.71201413427562,1.43386175513092
"result_final_concave_50",40.6,1102820.64176773,0.789631990260409,27.0099611855493,17958,185,21.9459459459459,1.26641272432518
"result_final_concave_50",8.22,62.4428004885313,0.668453967999729,24.9491083783227,5548,514,1.59922178988327,1.4959893244293
"result_final_concave_50",29.49,3365.37774699044,0.707945426548552,24.8309291440091,15768,506,5.82806324110672,1.41253825859897
"result_final_concave_50",3.17,7.26562749688993,0.666904921285251,25.8585159161213,2382,275,1.15272727272727,1.49946411862251
"result_final_concave_50",5.08,22.8904862422151,0.667303776478383,24.7121764791378,3528,366,1.3879781420765,1.49856787155826
"result_final_concave_50",26.69,2348.02921666133,0.697483157202819,25.1925139073845,14444,549,4.8615664845173,1.43372637700728
"result_final_concave_50",14.89,131.537183541133,0.673538448323503,25.2021464462227,9554,720,2.06805555555556,1.48469623744433
"result_final_concave_50",25.22,1511.38508599914,0.692938644581116,24.8073671495702,14034,628,4.01592356687898,1.44312921182871
"result_final_concave_50",33.91,18096.1017164841,0.730796365419657,25.3985725805314,16542,356,9.5252808988764,1.36837024281826
"result_final_concave_50",42.4,1029787.03208674,0.813623165659578,26.2418938142422,18180,129,32.8682170542636,1.22907021604938
"result_final_concave_50",9.59,56.0139231883618,0.669176377136834,24.9729994938747,6502,608,1.57730263157895,1.4943743296478
"result_final_concave_50",2.17,12.017685452791,0.666776020516899,25.3460459456896,1540,186,1.16666666666667,1.4997539941895
"result_final_concave_50",34.53,27545.6285488484,0.734799434743938,24.3577035064018,16616,332,10.4006024096386,1.36091558147221
"result_final_concave_50",25.77,1716.01404834365,0.6945705753679,25.5533439521222,14238,579,4.45077720207254,1.43973850241254
"result_final_concave_50",16.07,233.518844450928,0.674914210358329,25.3419911006787,9894,703,2.28591749644381,1.48166979543826
"result_final_concave_50",22.98,883.496361907363,0.687054107117187,25.2294919895552,13308,647,3.55177743431221,1.45548944346742
"result_final_concave_50",5.89,34.8334537113009,0.66753826010177,24.6018757009375,3970,396,1.48737373737374,1.49804147532689
"result_final_concave_50",13.97,168.022519464187,0.672578397140667,25.3189147561653,9200,691,2.02170767004342,1.48681552106238
"result_final_concave_50",38.5,97763.7139735908,0.766840691368037,25.1006413702367,17614,258,14.922480620155,1.30405182100601
"result_final_concave_50",3.76,14.6687204437432,0.667006036293346,25.0840496092884,2666,292,1.28767123287671,1.49923680684683
"result_final_concave_50",34.73,23364.1650235329,0.736140594658922,25.9174876828689,17026,343,10.1253644314869,1.35843615642924
"result_final_concave_50",1.9,6.0585650132202,0.666750036893057,24.6572666603303,1418,164,1.15853658536585,1.49981244044595
"result_final_concave_50",18.91,331.813889323664,0.678974472853419,24.9265536461238,11582,709,2.66713681241185,1.47280942065091
"result_final_concave_50",4.63,34.6740229614978,0.667190830716407,25.9096295241025,3124,338,1.3698224852071,1.49882155743393
"result_final_concave_50",10.85,130.055455343417,0.669974577926779,25.4103039257796,7088,621,1.74718196457327,1.49259394751138
"result_final_concave_50",33.8,19087.9329027796,0.730109755366151,24.9590542709882,16756,382,8.84816753926702,1.36965708600688
"result_final_concave_50",29.69,18858.7328072402,0.708796166650663,25.0563487326365,15470,512,5.798828125,1.41084284460141
"result_final_concave_50",39.59,464965.31154337,0.778055799074704,24.876348113726,18290,198,19.9949494949495,1.28525486371188
"result_final_concave_50",35.14,42181.8383214244,0.738969420355425,25.4518646484325,16782,332,10.5843373493976,1.35323596951959
"result_final_concave_50",33.16,19770.3684509741,0.726249440469462,24.9056308358184,16590,399,8.31077694235589,1.37693737754012
"result_final_concave_50",29.27,5702.01683047572,0.707026815554329,24.8501724300108,15122,540,5.42037037037037,1.41437351172596
"result_final_concave_50",22.7,692.387856270874,0.686397581240832,24.6653836155518,13082,651,3.48694316436252,1.4568815906843
"result_final_concave_50",17.31,720.738438266802,0.676549153679334,25.3776477512216,10764,725,2.38758620689655,1.47808920395749
"result_final_concave_50",10.14,76.2850231669607,0.669508364091608,25.3867617485482,6794,598,1.69565217391304,1.49363331906511
"result_final_concave_50",1.87,5.25595734157424,0.666747375240911,26.7497275626555,1360,154,1.21428571428571,1.49981842768961
"result_final_concave_50",4,13.0720148328214,0.6670526925304,25.9667467231271,2926,314,1.27388535031847,1.49913194444444
"result_final_concave_50",39.26,486125.320776724,0.774528317018057,26.179108566541,18000,220,17.8454545454545,1.29110837916167
"result_final_concave_50",12.73,98.7938925965718,0.671428844345776,25.3759478537245,8438,695,1.83165467625899,1.48936109674343
"result_final_concave_50",2.51,20.8256755435926,0.666814003305803,25.4594717236181,1838,211,1.18957345971564,1.49966856581054
"result_final_concave_50",29.1,4506.37645138819,0.706329099694948,24.7998924803462,15706,518,5.61776061776062,1.4157706378399
"result_final_concave_50",36.14,75912.4731704097,0.746344301630226,24.8684224580779,17386,284,12.7253521126761,1.33986418575947
"result_final_concave_50",7.73,38.6477320027318,0.668229967790993,25.2474330795677,5400,514,1.50389105058366,1.49649080137151
"result_final_concave_50",38.16,336164.142021412,0.763587036390983,24.7662227094196,17486,243,15.7037037037037,1.30960840394358
"result_final_concave_50",1.21,1.23998336156509,0.666700005774513,25.9226882986406,956,118,1.02542372881356,1.49992499075846
"result_final_concave_50",39.65,741005.010377274,0.778710093652668,25.7178075907587,17854,195,20.3333333333333,1.28417495567488
"result_final_concave_50",17.97,334.51291697457,0.677504479521177,25.3158949165809,11260,720,2.49583333333333,1.47600500103962
"result_final_concave_50",37.16,122514.730255499,0.754627751188565,24.6222248651881,17306,284,13.0845070422535,1.32515667284295
"result_final_concave_50",13.07,118.451613130135,0.671728223965513,25.2466891781791,8506,664,1.9683734939759,1.48869730989797
"result_final_concave_50",13.77,287.194131329217,0.672382057970399,25.351380985814,8716,707,1.94766619519095,1.48724967917574
"result_final_concave_50",38.08,415797.823900358,0.76283734398199,25.1343757913942,17714,257,14.8171206225681,1.31089544565297
"result_final_concave_50",10.61,161.905924013132,0.669812130143377,25.565842076612,7070,609,1.74220032840722,1.49295594241619
"result_final_concave_50",35.39,47359.6209092419,0.740748395323953,25.2351722676889,17024,341,10.3782991202346,1.34998604966625
"result_final_concave_50",29.11,2755.41858707036,0.706369852738367,25.4299940238398,15570,546,5.33150183150183,1.41568895688756
"result_final_concave_50",12.67,153.167950403756,0.671377217060472,25.3340092596632,8308,677,1.87149187592319,1.48947562501205
"result_final_concave_50",2.97,5.24525463140891,0.666874935352098,25.460207316603,2242,259,1.14671814671815,1.49953154180554
"result_final_concave_50",37.68,295296.81024196,0.75917662174216,25.2291106732047,17306,234,16.1025641025641,1.31721653612726
"result_final_concave_50",43.4,418043.859707658,0.829173094244686,25.031631017842,18332,130,33.3846153846154,1.20602080185793
"result_final_concave_50",21.33,684.88521199574,0.683413223735784,25.3711006394816,12328,651,3.27649769585253,1.4632435622677
"result_final_concave_50",2.9,10.7298501116899,0.666864944502246,25.6335927513255,2132,239,1.21338912133891,1.49955400751558
"result_final_concave_50",12.36,113.308487553548,0.671116140249778,25.6061287353915,8076,639,1.93427230046948,1.49005505906596
"result_final_concave_50",37.08,308763.276299794,0.753948179506001,25.7693319454186,17642,263,14.0988593155894,1.32635110367296
"result_final_concave_50",25.82,1162.09963947599,0.694722887415467,25.1587542579465,14226,572,4.51398601398601,1.4394228520673
"result_final_concave_50",25.38,1437.93719278506,0.693405264293877,25.6066188138991,13918,602,4.21594684385382,1.44215807334307
"result_final_concave_50",28.68,6165.1667870537,0.704649514838342,25.1328835445561,15416,508,5.64566929133858,1.41914523311552
"result_final_concave_50",19.87,298.546519055992,0.68061707875632,25.1590743878208,12210,723,2.74827109266943,1.46925493234358
"result_final_concave_50",3.72,10.0802243976315,0.666998574397008,25.2274699943316,2738,312,1.19230769230769,1.49925357922097
"result_final_concave_50",18.5,341.596369985504,0.678317036431872,25.5560024076665,11216,705,2.6241134751773,1.47423689261922
"result_final_concave_50",31.51,11966.3301649694,0.71727310413535,25.1525570467042,16218,428,7.36214953271028,1.39416910272339
"result_final_concave_50",27.13,3097.7911941239,0.698961578033141,24.8051070484485,14842,558,4.86200716845878,1.43069380553645
"result_final_concave_50",4.75,64.9550669516085,0.667219768248905,25.6635646412395,3254,355,1.33802816901408,1.49875655306866
"result_final_concave_50",35.5,85530.9405157445,0.741544494452119,25.8074419343201,17158,308,11.525974025974,1.34853674658975
"result_final_concave_50",26.68,2228.81725101472,0.697450216289363,25.233247459155,14800,579,4.60794473229706,1.43379409260246
"result_final_concave_50",9.02,44.7179801297979,0.668858128770133,25.2508258854637,6156,578,1.56055363321799,1.4950853656197
"result_final_concave_50",39.81,860625.659800173,0.780474799616471,26.333896231016,17748,195,20.4153846153846,1.28127134981348
"result_final_concave_50",8.52,45.7629855896725,0.668599844890666,25.2562385025488,5772,544,1.56617647058824,1.49566292550296
"result_final_concave_50",2.08,9.34422556020749,0.666766951826629,26.492266270171,1520,169,1.23076923076923,1.49977439232774
"result_final_concave_50",13.08,137.549589500548,0.671737206535552,24.8596157091965,8416,681,1.92070484581498,1.48867740281567
"result_final_concave_50",43.54,894489.041748776,0.831495767726671,24.7910339571853,18368,137,31.7810218978102,1.20265194221496
"result_final_concave_50",5.09,21.1086816026417,0.667306424584074,25.3466814644877,3730,397,1.28211586901763,1.49856192471591
"result_final_concave_50",13.03,86.946887837911,0.671692395684566,25.6919995681167,8480,677,1.92466765140325,1.48877671747472
"result_final_concave_50",31.42,10239.0846142123,0.716820801703782,25.2458135189346,15822,440,7.14090909090909,1.39504880107154
"result_final_concave_50",5.7,25.2122585074953,0.667479577766619,25.4721335647327,3988,409,1.39364303178484,1.49817317759143
"result_final_concave_50",22.66,573.484945071745,0.686305128316807,25.3929323990682,13210,691,3.27930535455861,1.4570778488171
"result_final_concave_50",30.62,9463.50273380331,0.712956265495252,25.1052742937568,15832,476,6.4327731092437,1.40261057851193
"result_final_concave_50",6.71,66.183804134085,0.667818293859662,25.1398718732836,4742,465,1.44301075268817,1.49741330717446
"result_final_concave_50",41.23,431397.814716584,0.797502277175789,26.000948989577,18338,158,26.0949367088608,1.25391491487814
"result_final_concave_50",30.54,5884.66289311417,0.712584752789508,25.1168576618342,15876,471,6.48407643312102,1.40334184261643
"result_final_concave_50",4.13,19.4764506287028,0.667079325242154,25.614134037227,3036,333,1.24024024024024,1.49907209256859
"result_final_concave_50",5.94,60.9159293731901,0.667554084483637,25.9652304697259,4162,420,1.41428571428571,1.49800596422613
"result_final_concave_50",22.21,1134.94479779122,0.685287588878369,25.209349285645,13190,669,3.31988041853513,1.45924136994328
"result_final_concave_50",19.74,499.123806500749,0.680385906239463,24.8434878613583,11762,692,2.85260115606936,1.46975413633575
"result_final_concave_50",41.62,537511.199136742,0.802648206722189,25.8494425055673,18294,150,27.7466666666667,1.24587582906806
"result_final_concave_50",19.16,269.629254873095,0.679388071173686,25.2092112802911,11440,708,2.70621468926554,1.47191280275563
"result_final_concave_50",16.27,332.512253800743,0.675164362450738,25.0978197643729,10230,727,2.23796423658872,1.48112082866779
"result_final_concave_50",43.82,718020.404726166,0.836256360433559,25.8709322398426,18474,108,40.5740740740741,1.19580555355244
"result_final_concave_50",13.45,92.7623221188034,0.672076801317794,25.6357043930709,8864,696,1.93247126436782,1.48792518658466
"result_final_concave_50",23.83,1230.75546457312,0.6891506411271,24.7992500808364,13616,648,3.67746913580247,1.45106155363145
"result_final_concave_50",9.9,61.6921840672482,0.66936043093632,25.5082251469996,6782,612,1.61764705882353,1.49396342207019
"result_final_concave_50",24.24,918.413408792407,0.690219955376281,25.1554524773655,13538,663,3.65610859728507,1.44881351547542
"result_final_concave_50",40.01,407840.789635795,0.782722176199004,26.352964537796,18024,193,20.7305699481865,1.27759252313014
"result_final_concave_50",25.86,2844.78951901217,0.69484522028762,24.6283792912016,14474,597,4.33165829145729,1.43916943054752
"result_final_concave_50",19.58,419.879822739747,0.680105206478103,25.1562012424556,11918,708,2.76553672316384,1.47036074782968
"result_final_concave_50",10.84,84.4422394853553,0.669967708750649,25.3254796300132,7298,610,1.77704918032787,1.49260925107091
"result_final_concave_50",23.08,937.216922942368,0.687292593211434,25.2645749491019,13138,643,3.58942457231726,1.45498439802387
"result_final_concave_50",5.96,40.390464418434,0.667560459006913,25.287945787032,4200,420,1.41904761904762,1.49799165979309
"result_final_concave_50",27.21,2032.39909659292,0.699236574268421,25.4576993144532,14446,576,4.72395833333333,1.43013114130401
"result_final_concave_50",12.48,99.5268263667445,0.67121608267913,25.0354415203689,8072,644,1.93788819875776,1.48983319352025
"result_final_concave_50",38.42,266108.258554357,0.766065161882504,26.0567799942347,17792,236,16.2796610169492,1.30537198368691
"result_final_concave_50",35.16,54869.7316355999,0.739110206880684,26.2545123976861,16770,324,10.8518518518519,1.3529782036435
"result_final_concave_50",31.29,13557.5937248044,0.716173876403902,25.3160975190425,15964,462,6.77272727272727,1.39630895924501
"result_final_concave_50",6.02,28.3829689488312,0.667579736495189,25.693969928843,4226,441,1.36507936507937,1.49794840276313
"result_final_concave_50",41.63,826237.589726623,0.802783039972909,24.3374948451704,18078,154,27.0324675324675,1.24566657516051
"result_final_concave_50",38.67,564518.772123826,0.768509480354045,25.8206876599092,17962,231,16.7402597402597,1.30122012228048
"result_final_concave_50",34.89,60794.181554559,0.737231653913185,25.1407905934011,16696,339,10.2920353982301,1.35642575124393
"result_final_concave_50",27.22,3075.92931910752,0.699271084859363,25.082599427115,14618,552,4.93115942028986,1.43006056113577
"result_final_concave_50",29.15,5745.05197912378,0.706533224907799,25.069790048609,15302,504,5.78373015873016,1.41536160614456
"result_final_concave_50",20.3,712.669633199036,0.681401917381188,24.9751927424472,12232,672,3.02083333333333,1.46756264473583
"result_final_concave_50",29.85,10722.5622546502,0.709487678276707,24.9671261902521,15772,474,6.29746835443038,1.40946774781054
"result_final_concave_50",9.54,59.9678182276054,0.669147423165418,25.7656333052165,6322,577,1.65337954939341,1.49443899114111
"result_final_concave_50",33.34,14265.6808129917,0.727312408778144,25.4813975032334,16538,393,8.48346055979644,1.374924981247
"result_final_concave_50",33.97,12810.3260970527,0.731173820039638,24.6386779281918,16766,363,9.35812672176309,1.36766384762763
"result_final_concave_50",24.6,2684.80445893758,0.691191417552972,24.8283685750626,13974,626,3.9297124600639,1.44677722350822
"result_final_concave_50",28.88,6641.39647474769,0.705441565408486,24.8696441642366,15246,514,5.61867704280156,1.41755185551187
"result_final_concave_50",32.81,22482.7974832235,0.724231799872306,25.1407096511509,16542,393,8.34860050890585,1.3807733935134
"result_final_concave_50",2.21,14.2739274390246,0.666780182667911,25.2277801467558,1602,179,1.23463687150838,1.49974463247965
"result_final_concave_50",35.71,80482.2646262269,0.743087457002881,25.3268699021945,17308,284,12.5739436619718,1.34573661629727
"result_final_concave_50",40.45,1200822.96431486,0.787834473121349,25.9972516588003,18196,183,22.103825136612,1.26930216196058
"result_final_concave_50",39.46,226771.20378202,0.776651930214705,25.0100637643833,17660,205,19.2487804878049,1.2875780785397
"result_final_concave_50",30.72,7489.83700223467,0.71342439065226,25.3316631531567,15604,456,6.73684210526316,1.40169023249364
"result_final_concave_50",7.59,23.3548345790045,0.668169153860527,24.9431623714733,5298,510,1.48823529411765,1.49662700563507
"result_final_concave_50",34.21,46334.491001093,0.732704694499494,25.7641604990783,16936,375,9.12266666666667,1.36480632307548
"result_final_concave_50",3.45,11.4431077178453,0.666950527844063,25.5104306478634,2488,276,1.25,1.49936158418306
"result_final_concave_50",21.9,626.86575014855,0.68461021301718,25.5159542307145,12388,632,3.46518987341772,1.4606851913483
"result_final_concave_50",11.54,126.988477832523,0.670470100876591,25.14465101536,7628,631,1.82884310618067,1.49149081919175
"result_final_concave_50",13.4,161.917317295759,0.672030080038998,25.1562012794476,8556,658,2.03647416413374,1.48802863101302
"result_final_concave_50",39.23,261639.009947647,0.774213500401646,25.0316329187606,17604,201,19.5174129353234,1.29163337952803
"result_final_concave_50",13.1,123.864203510516,0.671755202324222,25.2774391629029,8486,694,1.88760806916427,1.48863752232968
"result_final_concave_50",28.75,6330.56327120167,0.704925146452593,24.9662428985527,15276,507,5.67061143984221,1.41859033548784
"result_final_concave_50",1.37,13.2673040354974,0.666709545058255,25.7435666890572,980,115,1.19130434782609,1.49990352982366
"result_final_concave_50",12.14,156.307703822204,0.670936541720014,25.06960007053,8098,654,1.85626911314985,1.49045392197062
"result_final_concave_50",3.43,16.7345653157581,0.666947128604014,24.7501490792063,2442,270,1.27037037037037,1.49936922600311
"result_final_concave_50",6.25,27.3863222979626,0.667655786350148,25.4182593554018,4460,449,1.39198218262806,1.49777777777778
"result_final_concave_50",21.36,1003.19996842941,0.683474691060689,24.9294676550573,12370,657,3.25114155251142,1.46311196753766
"result_final_convex_50",4.34,76.7590089600322,0.758932485862879,25.3900572556952,2886,307,1.41368078175896,1.31764026264212
"result_final_convex_50",16.91,143.109107826918,0.938675376103556,25.5501184954682,10688,695,2.43309352517986,1.06533102439632
"result_final_convex_50",10.22,67.0643676936459,0.861938393978869,25.3778703089636,6980,614,1.66449511400651,1.16017572367767
"result_final_convex_50",21.05,625.903133262023,0.966410984251481,25.6072340638329,12596,675,3.11851851851852,1.03475645071908
"result_final_convex_50",26.71,1377.12057868626,0.987100354565784,25.448933701363,14286,586,4.5580204778157,1.01306822084963
"result_final_convex_50",19.9,323.966069896548,0.959980269642025,25.3039121540756,11766,691,2.87988422575977,1.04168807591525
"result_final_convex_50",28.91,2681.53655457239,0.991505635413976,24.8945852990121,15428,541,5.34380776340111,1.00856713697091
"result_final_convex_50",7.57,21.0333332404386,0.819378699752899,25.5210287618936,5290,526,1.43916349809886,1.22043689969189
"result_final_convex_50",13.32,283.82436865128,0.902896656772364,25.5337206183779,8592,649,2.05238828967643,1.10754646448106
"result_final_convex_50",24.86,1116.67999274157,0.982042671396588,25.0755391121673,13954,590,4.2135593220339,1.01828569076115
"result_final_convex_50",41.44,592833.231002583,0.999577816556567,26.1561578513125,18106,177,23.4124293785311,1.00042236175757
"result_final_convex_50",11.63,113.379857431391,0.881759965189265,25.0196278039676,7670,634,1.83438485804416,1.1340954902453
"result_final_convex_50",12.51,152.96594320158,0.893120868005921,25.6054944362893,7884,635,1.97007874015748,1.1196692808586
"result_final_convex_50",10.05,70.5213857439726,0.85941419994433,25.3226634243538,6752,604,1.66390728476821,1.16358328738899
"result_final_convex_50",6.54,33.4037455849444,0.801056439769525,25.2583104533282,4414,429,1.52447552447552,1.24835148979979
"result_final_convex_50",0.96,14.4896424625847,0.687847684793742,24.4037832848603,708,83,1.1566265060241,1.45381022878613
"result_final_convex_50",34.14,32132.4414450566,0.997204287569166,25.4315975593877,16544,350,9.75428571428571,1.0028035503514
"result_final_convex_50",19.63,309.038432903714,0.958337528611128,25.1867472123249,11504,674,2.91246290801187,1.04347369287442
"result_final_convex_50",38.89,298719.518114862,0.999139451380356,24.0204661271278,17814,222,17.518018018018,1.00086128980139
"result_final_convex_50",8.76,34.1597004406401,0.83932992825972,25.3665750719357,6166,584,1.5,1.19142659677752
"result_final_convex_50",45.25,499891.72827005,0.999871311334072,26.1491416752233,18352,121,37.396694214876,1.00012870522883
"result_final_convex_50",23.7,530.614500498487,0.978103860717289,25.307051708733,13376,637,3.72056514913658,1.02238631311265
"result_final_convex_50",11.33,72.9283287847406,0.877709589558313,25.3147655531184,7598,641,1.76755070202808,1.13932901257605
"result_final_convex_50",34.56,72046.6223480846,0.99746321876511,25.5830348310078,16928,355,9.73521126760563,1.00254323286029
"result_final_convex_50",12.62,52.7389251497574,0.894486608745957,25.4792194228608,8466,677,1.86410635155096,1.117959721501
"result_final_convex_50",26.48,4424.09372935517,0.986545378306295,25.142665346955,14384,599,4.42070116861436,1.01363811740399
"result_final_convex_50",22.08,1323.43137897186,0.971441354693323,25.0144289278101,12724,660,3.34545454545455,1.02939821860445
"result_final_convex_50",28.88,5097.6901398473,0.991455515048074,25.5297461843625,15554,495,5.83434343434343,1.00861812236882
"result_final_convex_50",20.69,298.821635574315,0.964493801071905,25.1905221813573,12202,703,2.94310099573257,1.03681329925463
"result_final_convex_50",1.23,3.95611182955944,0.693743088747089,24.9796181225148,960,113,1.08849557522124,1.44145580146393
"result_final_convex_50",28.7,3187.82581842004,0.991149496922719,24.6503023805255,15404,484,5.9297520661157,1.00892953394494
"result_final_convex_50",26.89,4122.11452357021,0.98752117899945,25.6292362066568,14418,568,4.73415492957746,1.01263650974371
"result_final_convex_50",13.25,221.617384531907,0.90207741767523,25.2247101140586,8752,671,1.97466467958271,1.10855230427686
"result_final_convex_50",3.94,59.225347125803,0.750879028410379,25.6264120209315,2744,298,1.32214765100671,1.3317724455789
"result_final_convex_50",14.31,95.9604740687324,0.913971345881367,25.3539284324832,9168,708,2.02118644067797,1.09412620483815
"result_final_convex_50",9.8,46.9725506707024,0.855649953888986,25.3800740618827,6552,590,1.66101694915254,1.16870221923689
"result_final_convex_50",19.23,204.656754066784,0.955806598608464,25.1058606100353,11664,724,2.6560773480663,1.04623676113544
"result_final_convex_50",1.55,6.57181278038177,0.700690046197209,26.2504395172533,1022,114,1.35964912280702,1.42716455789148
"result_final_convex_50",29.87,3146.9263365249,0.992983005009539,25.0103902156866,15790,488,6.12090163934426,1.00706658115503
"result_final_convex_50",2.28,9.13160900645371,0.716357626128502,24.9969456893599,1662,193,1.18134715025907,1.39595079821293
"result_final_convex_50",38.84,565151.895057255,0.999127871743004,24.8207880893115,17734,203,19.1330049261084,1.00087288952862
"result_final_convex_50",30.78,8452.00266597114,0.994175481177738,25.1451936980322,16006,475,6.48,1.00585864259634
"result_final_convex_50",6.1,18.1795183200806,0.792945573429386,25.2902023343416,4244,437,1.39588100686499,1.26112060336642
"result_final_convex_50",13.49,91.6911343632106,0.904866214419282,25.244344314659,8688,689,1.95791001451379,1.10513574721294
"result_final_convex_50",33.86,24057.7362206155,0.99701923248662,24.6295394039599,16752,351,9.64672364672365,1.00298967905157
"result_final_convex_50",37.41,116744.147692655,0.998733383595814,24.8988465179283,17362,266,14.0639097744361,1.00126822275593
"result_final_convex_50",35.37,64729.4285564581,0.997904439236563,25.3712495029945,17120,302,11.7119205298013,1.00209996136007
"result_final_convex_50",34.28,25674.2813455227,0.997293027546403,25.0757809485461,16772,369,9.289972899729,1.00271432004318
"result_final_convex_50",17.79,189.368792142361,0.945685351984278,25.2472929454612,11172,718,2.47771587743733,1.05743416444144
"result_final_convex_50",12.29,98.0152645825702,0.89035322092279,25.313475142033,8128,667,1.84257871064468,1.12314975281784
"result_final_convex_50",27.12,1871.55451642798,0.988042076175807,25.3885077207448,14886,586,4.62798634812287,1.01210264634729
"result_final_convex_50",26.76,2828.67387413786,0.987218426545263,25.5287924087452,14666,550,4.86545454545455,1.01294705721759
"result_final_convex_50",15.74,128.437751782898,0.928320561281844,25.0260528205167,10158,729,2.15912208504801,1.07721410222691
"result_final_convex_50",32.12,9364.57607604894,0.995614364343563,25.2402496825049,16366,408,7.87254901960784,1.00440495418056
"result_final_convex_50",11.31,52.4079730110174,0.877436352864293,25.3516310599507,7266,634,1.78391167192429,1.13968380354383
"result_final_convex_50",36.66,246268.022887495,0.998470001635859,24.5745453410315,17116,279,13.1397849462366,1.00153234284619
"result_final_convex_50",26.67,2810.3397597,0.987005239789288,24.2551212204926,14568,566,4.71201413427562,1.01316584723855
"result_final_convex_50",40.6,992959.064001448,0.999462563556394,27.0099611855493,17958,185,21.9459459459459,1.00053772543685
"result_final_convex_50",8.22,48.9070231076858,0.830442359942552,24.9491083783227,5548,514,1.59922178988327,1.20417749411191
"result_final_convex_50",29.49,2701.19669592178,0.99242675154832,24.8309291440091,15768,506,5.82806324110672,1.00763104021517
"result_final_convex_50",3.17,6.75937366162183,0.735074560758635,25.8585159161213,2382,275,1.15272727272727,1.36040621371518
"result_final_convex_50",5.08,19.743823129324,0.773526705107404,24.7121764791378,3528,366,1.3879781420765,1.2927801889673
"result_final_convex_50",26.69,1936.21005378636,0.987052870401235,25.1925139073845,14444,549,4.8615664845173,1.01311695653496
"result_final_convex_50",14.89,103.375540989367,0.920022021614808,25.2021464462227,9554,720,2.06805555555556,1.08693050438599
"result_final_convex_50",25.22,1158.94115037067,0.983138301943105,24.8073671495702,14034,628,4.01592356687898,1.01715089120581
"result_final_convex_50",33.91,15288.2718014061,0.997053033906885,25.3985725805314,16542,356,9.5252808988764,1.00295567637116
"result_final_convex_50",42.4,937891.316917286,0.999682354456706,26.2418938142422,18180,129,32.8682170542636,1.00031774647405
"result_final_convex_50",9.59,47.8013498760731,0.852440132335016,24.9729994938747,6502,608,1.57730263157895,1.17310291018419
"result_final_convex_50",2.17,11.3355256566467,0.714013851292251,25.3460459456896,1540,186,1.16666666666667,1.40053305435204
"result_final_convex_50",34.53,23619.2503402738,0.997445438870275,24.3577035064018,16616,332,10.4006024096386,1.0025611036255
"result_final_convex_50",25.77,1461.2549436027,0.984704573771096,25.5533439521222,14238,579,4.45077720207254,1.01553301024116
"result_final_convex_50",16.07,180.114997675579,0.931364220372808,25.3419911006787,9894,703,2.28591749644381,1.07369381185775
"result_final_convex_50",22.98,659.999972946841,0.975320332731358,25.2294919895552,13308,647,3.55177743431221,1.02530416565758
"result_final_convex_50",5.89,28.5407223274218,0.789016780178908,24.6018757009375,3970,396,1.48737373737374,1.26740016831233
"result_final_convex_50",13.97,142.765986102794,0.910275037852068,25.3189147561653,9200,691,2.02170767004342,1.09856906804745
"result_final_convex_50",38.5,85727.2925760686,0.999045443046281,25.1006413702367,17614,258,14.922480620155,1.0009554690033
"result_final_convex_50",3.76,12.9060535531109,0.747219143863008,25.0840496092884,2666,292,1.28767123287671,1.33829547625099
"result_final_convex_50",34.73,17922.1996250137,0.997561960542702,25.9174876828689,17026,343,10.1253644314869,1.00244399802091
"result_final_convex_50",1.9,5.66836360719994,0.70823464378253,24.6572666603303,1418,164,1.15853658536585,1.41196142942008
"result_final_convex_50",18.91,268.584435737122,0.953696257779633,24.9265536461238,11582,709,2.66713681241185,1.04855187575987
"result_final_convex_50",4.63,30.3141472711836,0.76470016961742,25.9096295241025,3124,338,1.3698224852071,1.30770207688106
"result_final_convex_50",10.85,114.329061556526,0.871041115210836,25.4103039257796,7088,621,1.74718196457327,1.14805143240334
"result_final_convex_50",33.8,16184.231339615,0.996978228894198,24.9590542709882,16756,382,8.84816753926702,1.00303092988214
"result_final_convex_50",29.69,15964.6720611184,0.992724015410786,25.0563487326365,15470,512,5.798828125,1.00732931255441
"result_final_convex_50",39.59,411505.080611544,0.999287982907704,24.876348113726,18290,198,19.9949494949495,1.00071252442186
"result_final_convex_50",35.14,35751.0491724667,0.997786509462704,25.4518646484325,16782,332,10.5843373493976,1.0022184009468
"result_final_convex_50",33.16,16537.3208586152,0.996509615095511,24.9056308358184,16590,399,8.31077694235589,1.00350261036283
"result_final_convex_50",29.27,4622.48795148318,0.992087895742753,24.8501724300108,15122,540,5.42037037037037,1.00797520490997
"result_final_convex_50",22.7,566.198358856915,0.974162626830854,24.6653836155518,13082,651,3.48694316436252,1.02652264874213
"result_final_convex_50",17.31,599.096674858443,0.941942283703333,25.3776477512216,10764,725,2.38758620689655,1.06163617166479
"result_final_convex_50",10.14,61.2263608949675,0.860754123092811,25.3867617485482,6794,598,1.69565217391304,1.16177195458194
"result_final_convex_50",1.87,4.65025472828311,0.707590262512449,26.7497275626555,1360,154,1.21428571428571,1.41324726042624
"result_final_convex_50",4,12.0859331519392,0.752094116728305,25.9667467231271,2926,314,1.27388535031847,1.32962082505061
"result_final_convex_50",39.26,426059.231692994,0.999221031784963,26.179108566541,18000,220,17.8454545454545,1.00077957547956
"result_final_convex_50",12.73,83.7888547372395,0.895840317608342,25.3759478537245,8438,695,1.83165467625899,1.11627036687714
"result_final_convex_50",2.51,20.0618141105413,0.721237422689031,25.4594717236181,1838,211,1.18957345971564,1.38650598061266
"result_final_convex_50",29.1,3706.73133372087,0.991817310075473,24.7998924803462,15706,518,5.61776061776062,1.00825019874265
"result_final_convex_50",36.14,66200.1248374731,0.998260471702659,24.8684224580779,17386,284,12.7253521126761,1.00174255952895
"result_final_convex_50",7.73,31.2254163661534,0.822138597994625,25.2474330795677,5400,514,1.50389105058366,1.21633992424053
"result_final_convex_50",38.16,298549.419067109,0.998956268670537,24.7662227094196,17486,243,15.7037037037037,1.00104482184275
"result_final_convex_50",1.21,1.19434862270673,0.69330742755856,25.9226882986406,956,118,1.02542372881356,1.44236158484763
"result_final_convex_50",39.65,651498.841894595,0.999299596924817,25.7178075907587,17854,195,20.3333333333333,1.00070089398348
"result_final_convex_50",17.97,263.019250114052,0.947040158846797,25.3158949165809,11260,720,2.49583333333333,1.05592143127034
"result_final_convex_50",37.16,108137.797794467,0.99865037311692,24.6222248651881,17306,284,13.0845070422535,1.00135145083746
"result_final_convex_50",13.07,87.7203665075262,0.899948654649889,25.2466891781791,8506,664,1.9683734939759,1.11117450404883
"result_final_convex_50",13.77,248.361703725645,0.908048595125036,25.351380985814,8716,707,1.94766619519095,1.10126264758144
"result_final_convex_50",38.08,368666.072246803,0.998934256654358,25.1343757913942,17714,257,14.8171206225681,1.00106688036629
"result_final_convex_50",10.61,136.914990216855,0.867620234174907,25.565842076612,7070,609,1.74220032840722,1.15257800661021
"result_final_convex_50",35.39,40580.6269891302,0.997914431181552,25.2351722676889,17024,341,10.3782991202346,1.00208992750609
"result_final_convex_50",29.11,2087.63369475205,0.991833441460698,25.4299940238398,15570,546,5.33150183150183,1.00823380035188
"result_final_convex_50",12.67,129.177628528225,0.895103421383692,25.3340092596632,8308,677,1.87149187592319,1.11718933936612
"result_final_convex_50",2.97,4.49842753851011,0.730908445469196,25.460207316603,2242,259,1.14671814671815,1.36816041215403
"result_final_convex_50",37.68,261319.465683892,0.998817992994638,25.2291106732047,17306,234,16.1025641025641,1.00118340579931
"result_final_convex_50",43.4,383196.760226306,0.999766241947648,25.031631017842,18332,130,33.3846153846154,1.00023381270796
"result_final_convex_50",21.33,502.624865500909,0.967843986491748,25.3711006394816,12328,651,3.27649769585253,1.03322437702466
"result_final_convex_50",2.9,9.99573796669136,0.729444652911547,25.6335927513255,2132,239,1.21338912133891,1.37090592961172
"result_final_convex_50",12.36,88.7248332885756,0.891239072021585,25.6061287353915,8076,639,1.93427230046948,1.122033393051
"result_final_convex_50",37.08,272257.162156961,0.998622825673329,25.7693319454186,17642,263,14.0988593155894,1.00137907355136
"result_final_convex_50",25.82,871.949445072514,0.984840737368593,25.1587542579465,14226,572,4.51398601398601,1.01539260314506
"result_final_convex_50",25.38,1038.73709715071,0.983607105360779,25.6066188138991,13918,602,4.21594684385382,1.01666610026491
"result_final_convex_50",28.68,5284.97327074299,0.991114928828522,25.1328835445561,15416,508,5.64566929133858,1.00896472337671
"result_final_convex_50",19.87,219.192630502753,0.959800314610099,25.1590743878208,12210,723,2.74827109266943,1.04188338426023
"result_final_convex_50",3.72,8.88498613305617,0.746402893246778,25.2274699943316,2738,312,1.19230769230769,1.33975900823495
"result_final_convex_50",18.5,268.001969226302,0.950878257604546,25.5560024076665,11216,705,2.6241134751773,1.05165933914527
"result_final_convex_50",31.51,9576.58520878448,0.995002548740683,25.1525570467042,16218,428,7.36214953271028,1.00502255121421
"result_final_convex_50",27.13,2323.98317357608,0.988064302878541,24.8051070484485,14842,558,4.86200716845878,1.01207987889724
"result_final_convex_50",4.75,61.6528457624133,0.767068787677983,25.6635646412395,3254,355,1.33802816901408,1.30366404690658
"result_final_convex_50",35.5,74529.591994101,0.997968650681411,25.8074419343201,17158,308,11.525974025974,1.00203548409782
"result_final_convex_50",26.68,1766.93701274836,0.987029073422887,25.233247459155,14800,579,4.60794473229706,1.01314138248444
"result_final_convex_50",9.02,34.3137583815641,0.843509032900471,25.2508258854637,6156,578,1.56055363321799,1.18552375967027
"result_final_convex_50",39.81,765084.684769451,0.999329757915854,26.333896231016,17748,195,20.4153846153846,1.00067069160989
"result_final_convex_50",8.52,38.8621319731671,0.835414353101478,25.2562385025488,5772,544,1.56617647058824,1.1970107962444
"result_final_convex_50",2.08,8.65071719553525,0.712091549421867,26.492266270171,1520,169,1.23076923076923,1.40431381444125
"result_final_convex_50",13.08,95.9080182499514,0.900067757289358,24.8596157091965,8416,681,1.92070484581498,1.11102746643386
"result_final_convex_50",43.54,821960.343499063,0.999776259501724,24.7910339571853,18368,137,31.7810218978102,1.00022379056929
"result_final_convex_50",5.09,18.5637393173916,0.773721102628433,25.3466814644877,3730,397,1.28211586901763,1.29245537778777
"result_final_convex_50",13.03,68.1348811765011,0.899471256807365,25.6919995681167,8480,677,1.92466765140325,1.11176426420724
"result_final_convex_50",31.42,8473.26536960526,0.994906361816689,25.2458135189346,15822,440,7.14090909090909,1.00511971616506
"result_final_convex_50",5.7,21.801770233337,0.785430706315303,25.4721335647327,3988,409,1.39364303178484,1.27318679032974
"result_final_convex_50",22.66,437.658234494437,0.973993686040315,25.3929323990682,13210,691,3.27930535455861,1.02670070076677
"result_final_convex_50",30.62,7873.02217442233,0.993979350246356,25.1052742937568,15832,476,6.4327731092437,1.00605711753685
"result_final_convex_50",6.71,55.6238355823929,0.804145493995739,25.1398718732836,4742,465,1.44301075268817,1.24355605728893
"result_final_convex_50",41.23,388341.999721562,0.999551265230908,26.000948989577,18338,158,26.0949367088608,1.00044893622238
"result_final_convex_50",30.54,4816.56717790353,0.993879187180505,25.1168576618342,15876,471,6.48407643312102,1.00615850789356
"result_final_convex_50",4.13,16.159670786704,0.754718320266472,25.614134037227,3036,333,1.24024024024024,1.32499764898635
"result_final_convex_50",5.94,50.1070126597194,0.789955538615106,25.9652304697259,4162,420,1.41428571428571,1.26589402962239
"result_final_convex_50",22.21,941.143720481776,0.972030387120899,25.209349285645,13190,669,3.31988041853513,1.02877442233256
"result_final_convex_50",19.74,408.500643244634,0.959013100220787,24.8434878613583,11762,692,2.85260115606936,1.04273862345548
"result_final_convex_50",41.62,486753.945585795,0.999599461262086,25.8494425055673,18294,150,27.7466666666667,1.00040069923348
"result_final_convex_50",19.16,184.773697731192,0.955351534766714,25.2092112802911,11440,708,2.70621468926554,1.04673511645552
"result_final_convex_50",16.27,282.370104163849,0.93316132629793,25.0978197643729,10230,727,2.23796423658872,1.07162606488123
"result_final_convex_50",43.82,661582.207484495,0.999795159574711,25.8709322398426,18474,108,40.5740740740741,1.00020488239349
"result_final_convex_50",13.45,78.2725350263163,0.9044053373717,25.6357043930709,8864,696,1.93247126436782,1.10569891472126
"result_final_convex_50",23.83,967.740179700523,0.978577829344854,24.7992500808364,13616,648,3.67746913580247,1.02189112609417
"result_final_convex_50",9.9,50.5174547406167,0.857163096586023,25.5082251469996,6782,612,1.61764705882353,1.16663911918616
"result_final_convex_50",24.24,758.270996916879,0.980017690129722,25.1554524773655,13538,663,3.65610859728507,1.02038974405414
"result_final_convex_50",40.01,364876.23485531,0.999365849907263,26.352964537796,18024,193,20.7305699481865,1.00063455249426
"result_final_convex_50",25.86,2378.74224853572,0.984948939046214,24.6283792912016,14474,597,4.33165829145729,1.01528105707526
"result_final_convex_50",19.58,338.488165823959,0.958027561285944,25.1562012424556,11918,708,2.76553672316384,1.0438113060732
"result_final_convex_50",10.84,62.9807449981593,0.870899730894785,25.3254796300132,7298,610,1.77704918032787,1.14823781030748
"result_final_convex_50",23.08,729.467875531277,0.975723386571854,25.2645749491019,13138,643,3.58942457231726,1.02488063088601
"result_final_convex_50",5.96,36.3238087375697,0.790330461081351,25.287945787032,4200,420,1.41904761904762,1.26529350599972
"result_final_convex_50",27.21,1631.30136773754,0.988240869708713,25.4576993144532,14446,576,4.72395833333333,1.01189905280355
"result_final_convex_50",12.48,69.8813017211967,0.892746302697997,25.0354415203689,8072,644,1.93788819875776,1.12013905515808
"result_final_convex_50",38.42,232117.273434264,0.999025084418225,26.0567799942347,17792,236,16.2796610169492,1.00097586696969
"result_final_convex_50",35.16,43481.7903206374,0.997796987926954,26.2545123976861,16770,324,10.8518518518519,1.00220787605064
"result_final_convex_50",31.29,11419.4671993514,0.994764626245439,25.3160975190425,15964,462,6.77272727272727,1.00526292714521
"result_final_convex_50",6.02,21.4607384953878,0.791453230087672,25.693969928843,4226,441,1.36507936507937,1.26349853912306
"result_final_convex_50",41.63,748100.815366558,0.999600634484047,24.3374948451704,18078,154,27.0324675324675,1.00039952507249
"result_final_convex_50",38.67,500307.851042843,0.999087472702137,25.8206876599092,17962,231,16.7402597402597,1.00091336076449
"result_final_convex_50",34.89,50692.8957154654,0.997651833407297,25.1407905934011,16696,339,10.2920353982301,1.00235369345705
"result_final_convex_50",27.22,2595.46084988206,0.988262785343008,25.082599427115,14618,552,4.93115942028986,1.01187661301333
"result_final_convex_50",29.15,4823.25290394785,0.991897697343329,25.069790048609,15302,504,5.78373015873016,1.00816848620414
"result_final_convex_50",20.3,560.637353407014,0.962319256310759,24.9751927424472,12232,672,3.02083333333333,1.0391561775805
"result_final_convex_50",29.85,8390.4222816299,0.992954621759102,24.9671261902521,15772,474,6.29746835443038,1.00709536779074
"result_final_convex_50",9.54,49.7911014195896,0.851669469323597,25.7656333052165,6322,577,1.65337954939341,1.17416443352632
"result_final_convex_50",33.34,11777.1529258872,0.996647349549364,25.4813975032334,16538,393,8.48346055979644,1.00336392852713
"result_final_convex_50",33.97,10639.8505279263,0.997093157786473,24.6386779281918,16766,363,9.35812672176309,1.00291531657882
"result_final_convex_50",24.6,2251.30181560152,0.981215224544865,24.8283685750626,13974,626,3.9297124600639,1.01914439868567
"result_final_convex_50",28.88,5480.49037032138,0.991455515048074,24.8696441642366,15246,514,5.61867704280156,1.00861812236882
"result_final_convex_50",32.81,18966.42482602,0.996227782002232,25.1407096511509,16542,393,8.34860050890585,1.0037865015069
"result_final_convex_50",2.21,13.7381139562963,0.714866865086513,25.2277801467558,1602,179,1.23463687150838,1.39886187042531
"result_final_convex_50",35.71,70066.3834996656,0.99806876835198,25.3268699021945,17308,284,12.5739436619718,1.00193496852046
"result_final_convex_50",40.45,1080073.46075461,0.999439296182048,25.9972516588003,18196,183,22.103825136612,1.0005610183831
"result_final_convex_50",39.46,191900.342719893,0.999262237273249,25.0100637643833,17660,205,19.2487804878049,1.00073830742245
"result_final_convex_50",30.72,5878.38735720981,0.994102581985416,25.3316631531567,15604,456,6.73684210526316,1.0059324038801
"result_final_convex_50",7.59,18.6095146687989,0.819724979307737,24.9431623714733,5298,510,1.48823529411765,1.21992134586957
"result_final_convex_50",34.21,40199.7672054103,0.997248967156437,25.7641604990783,16936,375,9.12266666666667,1.00275862190302
"result_final_convex_50",3.45,10.4393814612956,0.740865802850284,25.5104306478634,2488,276,1.25,1.34977211278043
"result_final_convex_50",21.9,464.211391630799,0.970609220802454,25.5159542307145,12388,632,3.46518987341772,1.03028075415691
"result_final_convex_50",11.54,94.1347395015812,0.880554335717955,25.14465101536,7628,631,1.82884310618067,1.13564826091584
"result_final_convex_50",13.4,125.591142700122,0.903827037110498,25.1562012794476,8556,658,2.03647416413374,1.10640637969513
"result_final_convex_50",39.23,229406.195012218,0.999214679911552,25.0316329187606,17604,201,19.5174129353234,1.0007859373008
"result_final_convex_50",13.1,93.8972304120183,0.900305666511264,25.2774391629029,8486,694,1.88760806916427,1.11073387316894
"result_final_convex_50",28.75,5417.42577827743,0.991235419027018,24.9662428985527,15276,507,5.67061143984221,1.0088420780823
"result_final_convex_50",1.37,12.1993865999914,0.696787922080131,25.7435666890572,980,115,1.19130434782609,1.43515690830961
"result_final_convex_50",12.14,117.047593026809,0.888438489844747,25.06960007053,8098,654,1.85626911314985,1.12557032527344
"result_final_convex_50",3.43,15.5925582974149,0.740453777401295,24.7501490792063,2442,270,1.27037037037037,1.35052319337152
"result_final_convex_50",6.25,23.7361603451537,0.795729189877754,25.4182593554018,4460,449,1.39198218262806,1.25670895666606
"result_final_convex_50",21.36,778.542374583571,0.967994560897518,24.9294676550573,12370,657,3.25114155251142,1.03306365592882
"result_final_linear_100",4.34,88.9969771315145,0.511605519306878,25.3900572556952,2886,307,1.41368078175896,1.95463098473761
"result_final_linear_100",16.91,216.372125181278,0.556642325986467,25.5501184954682,10688,695,2.43309352517986,1.796485738356
"result_final_linear_100",10.22,90.4186057849282,0.530175977323727,25.3778703089636,6980,614,1.66449511400651,1.88616618400535
"result_final_linear_100",21.05,814.6961365771,0.576909024479357,25.6072340638329,12596,675,3.11851851851852,1.73337555414819
"result_final_linear_100",26.71,1874.5327329641,0.611412363393677,25.448933701363,14286,586,4.5580204778157,1.63555737481239
"result_final_linear_100",19.9,452.287162550119,0.570919458303635,25.3039121540756,11766,691,2.87988422575977,1.75156054931336
"result_final_linear_100",28.91,3463.58190392338,0.627615432153262,24.8945852990121,15428,541,5.34380776340111,1.59333239555493
"result_final_linear_100",7.57,35.3601839392637,0.521349201872638,25.5210287618936,5290,526,1.43916349809886,1.91810018392297
"result_final_linear_100",13.32,412.846325168199,0.541614596350912,25.5337206183779,8592,649,2.05238828967643,1.84633133364098
"result_final_linear_100",24.86,1576.24376289718,0.599107000478392,25.0755391121673,13954,590,4.2135593220339,1.66915091828587
"result_final_linear_100",41.44,664389.370794101,0.773784355179704,26.1561578513125,18106,177,23.4124293785311,1.29234972677596
"result_final_linear_100",11.63,164.990070399063,0.535218944945794,25.0196278039676,7670,634,1.83438485804416,1.8683942514428
"result_final_linear_100",12.51,195.632582853902,0.538499415276666,25.6054944362893,7884,635,1.97007874015748,1.85701222996914
"result_final_linear_100",10.05,107.903586889395,0.529584927877539,25.3226634243538,6752,604,1.66390728476821,1.88827126181212
"result_final_linear_100",6.54,57.9135552697337,0.518128395609269,25.2583104533282,4414,429,1.52447552447552,1.93002353948213
"result_final_linear_100",0.96,16.1710195864628,0.502435064935065,24.4037832848603,708,83,1.1566265060241,1.99030694668821
"result_final_linear_100",34.14,40869.785879145,0.674933387989342,25.4315975593877,16544,350,9.75428571428571,1.48162769511084
"result_final_linear_100",19.63,424.181294045753,0.569555665792644,25.1867472123249,11504,674,2.91246290801187,1.75575463481399
"result_final_linear_100",38.89,343382.029429864,0.733349333973359,24.0204661271278,17814,222,17.518018018018,1.36360661102929
"result_final_linear_100",8.76,52.9016741235252,0.525212986414921,25.3665750719357,6166,584,1.5,1.90398947829899
"result_final_linear_100",45.25,538262.76013385,0.852140077821012,26.1491416752233,18352,121,37.396694214876,1.17351598173516
"result_final_linear_100",23.7,830.078625703957,0.591931730023274,25.307051708733,13376,637,3.72056514913658,1.68938401048493
"result_final_linear_100",11.33,98.8809437858002,0.534124450334317,25.3147655531184,7598,641,1.76755070202808,1.87222284876508
"result_final_linear_100",34.56,85520.0524985894,0.679401993355482,25.5830348310078,16928,355,9.73521126760563,1.4718826405868
"result_final_linear_100",12.62,87.1647825481672,0.538916985321327,25.4792194228608,8466,677,1.86410635155096,1.85557335774777
"result_final_linear_100",26.48,5523.79410548186,0.609820836098208,25.142665346955,14384,599,4.42070116861436,1.63982589771491
"result_final_linear_100",22.08,1666.59155649142,0.582535885167464,25.0144289278101,12724,660,3.34545454545455,1.71663244353183
"result_final_linear_100",28.88,6741.30062794676,0.627381792519407,25.5297461843625,15554,495,5.83434343434343,1.59392575928009
"result_final_linear_100",20.69,414.598168769203,0.575001812513594,25.1905221813573,12202,703,2.94310099573257,1.73912495271719
"result_final_linear_100",1.23,5.03385195208876,0.503132800163007,24.9796181225148,960,113,1.08849557522124,1.9875468259593
"result_final_linear_100",28.7,4631.33675055592,0.625987708516242,24.6503023805255,15404,484,5.9297520661157,1.59747545582048
"result_final_linear_100",26.89,5799.08464071879,0.612670744992877,25.6292362066568,14418,568,4.73415492957746,1.63219805772124
"result_final_linear_100",13.25,278.968423618027,0.541341653666147,25.2247101140586,8752,671,1.97466467958271,1.84726224783862
"result_final_linear_100",3.94,68.3643682793116,0.510468700180678,25.6264120209315,2744,298,1.32214765100671,1.95898396835311
"result_final_linear_100",14.31,137.36532544631,0.545552938180429,25.3539284324832,9168,708,2.02118644067797,1.83300268409383
"result_final_linear_100",9.8,72.479975426696,0.528722157092614,25.3800740618827,6552,590,1.66101694915254,1.89135254988914
"result_final_linear_100",19.23,358.339957811777,0.567563769236175,25.1058606100353,11664,724,2.6560773480663,1.76191655317568
"result_final_linear_100",1.55,9.32321194472005,0.503967238290248,26.2504395172533,1022,114,1.35964912280702,1.98425596749619
"result_final_linear_100",29.87,4026.86509438436,0.635293051906876,25.0103902156866,15790,488,6.12090163934426,1.57407671467275
"result_final_linear_100",2.28,11.8166597012883,0.505901843031684,24.9969456893599,1662,193,1.18134715025907,1.97666803110929
"result_final_linear_100",38.84,647740.220212367,0.732630570196454,24.8207880893115,17734,203,19.1330049261084,1.36494440810988
"result_final_linear_100",30.78,10469.202501164,0.642950027865503,25.1451936980322,16006,475,6.48,1.5553308292401
"result_final_linear_100",6.1,23.7234160934824,0.516785910842047,25.2902023343416,4244,437,1.39588100686499,1.93503727369542
"result_final_linear_100",13.49,126.606547234506,0.542280448818404,25.244344314659,8688,689,1.95791001451379,1.84406427002659
"result_final_linear_100",33.86,29448.782016331,0.672017882544198,24.6295394039599,16752,351,9.64672364672365,1.48805563955247
"result_final_linear_100",37.41,150357.904914388,0.713113820211917,24.8988465179283,17362,266,14.0639097744361,1.40230068701071
"result_final_linear_100",35.37,77621.2129791701,0.688358717648312,25.3712495029945,17120,302,11.7119205298013,1.45273092990871
"result_final_linear_100",34.28,31070.4029276683,0.676410045286126,25.0757809485461,16772,369,9.289972899729,1.47839318320146
"result_final_linear_100",17.79,270.492196541399,0.560662892995976,25.2472929454612,11172,718,2.47771587743733,1.78360296800876
"result_final_linear_100",12.29,139.205980446737,0.537669343468399,25.313475142033,8128,667,1.84257871064468,1.8598791471896
"result_final_linear_100",27.12,2820.23487342433,0.614295347269049,25.3885077207448,14886,586,4.62798634812287,1.62788144895719
"result_final_linear_100",26.76,3612.96149558178,0.611760775141998,25.5287924087452,14666,550,4.86545454545455,1.63462588749317
"result_final_linear_100",15.74,226.018759329239,0.551511978007593,25.0260528205167,10158,729,2.15912208504801,1.81319724661761
"result_final_linear_100",32.12,11997.1077159279,0.654959475106137,25.2402496825049,16366,408,7.87254901960784,1.52681202121391
"result_final_linear_100",11.31,88.8034507328192,0.534051905822846,25.3516310599507,7266,634,1.78391167192429,1.87247716766264
"result_final_linear_100",36.66,285951.838982835,0.703621417462786,24.5745453410315,17116,279,13.1397849462366,1.42121881907168
"result_final_linear_100",26.67,3856.40313649969,0.611134261188432,24.2551212204926,14568,566,4.71201413427562,1.636301650075
"result_final_linear_100",40.6,1119518.14679107,0.759590792838875,27.0099611855493,17958,185,21.9459459459459,1.31649831649832
"result_final_linear_100",8.22,80.4553673538003,0.523440173377438,24.9491083783227,5548,514,1.59922178988327,1.91043800392242
"result_final_linear_100",29.49,3588.83076997408,0.632206581188918,24.8309291440091,15768,506,5.82806324110672,1.58176145227627
"result_final_linear_100",3.17,9.19979318927281,0.50832064675311,25.8585159161213,2382,275,1.15272727272727,1.96726221212434
"result_final_linear_100",5.08,31.0552961409482,0.51374756440788,24.7121764791378,3528,366,1.3879781420765,1.9464812473662
"result_final_linear_100",26.69,2522.23742948581,0.611273242724923,25.1925139073845,14444,549,4.8615664845173,1.63592961396808
"result_final_linear_100",14.89,157.611700086011,0.547930213094702,25.2021464462227,9554,720,2.06805555555556,1.82504993537774
"result_final_linear_100",25.22,1669.0335092015,0.601415473701142,24.8073671495702,14034,628,4.01592356687898,1.66274404921102
"result_final_linear_100",33.91,18869.8649157428,0.672534852956141,25.3985725805314,16542,356,9.5252808988764,1.48691178695718
"result_final_linear_100",42.4,1041459.52339736,0.791208791208791,26.2418938142422,18180,129,32.8682170542636,1.26388888888889
"result_final_linear_100",9.59,67.6493990381573,0.528003270454944,24.9729994938747,6502,608,1.57730263157895,1.89392766286915
"result_final_linear_100",2.17,15.022776970946,0.505607524936689,25.3460459456896,1540,186,1.16666666666667,1.97781866503118
"result_final_linear_100",34.53,28493.2962441456,0.679078933720568,24.3577035064018,16616,332,10.4006024096386,1.47258286237972
"result_final_linear_100",25.77,1812.01947857523,0.605020784089983,25.5533439521222,14238,579,4.45077720207254,1.65283578068166
"result_final_linear_100",16.07,275.65267389434,0.55293497595362,25.3419911006787,9894,703,2.28591749644381,1.80853091862266
"result_final_linear_100",22.98,1005.30500136338,0.587669769571189,25.2294919895552,13308,647,3.55177743431221,1.70163593871722
"result_final_linear_100",5.89,46.8302742536817,0.516152032029836,24.6018757009375,3970,396,1.48737373737374,1.93741366486027
"result_final_linear_100",13.97,187.137342118124,0.544183692833196,25.3189147561653,9200,691,2.02170767004342,1.83761478553993
"result_final_linear_100",38.5,100089.644982969,0.727810650887574,25.1006413702367,17614,258,14.922480620155,1.3739837398374
"result_final_linear_100",3.76,19.4735573967459,0.50996184824078,25.0840496092884,2666,292,1.28767123287671,1.96093100581879
"result_final_linear_100",34.73,24833.7777523293,0.681244129005323,25.9174876828689,17026,343,10.1253644314869,1.46790255860273
"result_final_linear_100",1.9,8.20546103973417,0.50488934637159,24.6572666603303,1418,164,1.15853658536585,1.98063200815495
"result_final_linear_100",18.91,369.176846342894,0.565994276540797,24.9265536461238,11582,709,2.66713681241185,1.76680231841164
"result_final_linear_100",4.63,43.709708737645,0.512438880232121,25.9096295241025,3124,338,1.3698224852071,1.95145223864947
"result_final_linear_100",10.85,143.388123790279,0.53239773066587,25.4103039257796,7088,621,1.74718196457327,1.87829500841279
"result_final_linear_100",33.8,19877.4103708142,0.671399594320487,24.9590542709882,16756,382,8.84816753926702,1.48942598187311
"result_final_linear_100",29.69,19749.8103312557,0.633823131704679,25.0563487326365,15470,512,5.798828125,1.57772720807851
"result_final_linear_100",39.59,474092.369611549,0.743690754647298,24.876348113726,18290,198,19.9949494949495,1.3446449263367
"result_final_linear_100",35.14,43771.4933087452,0.685768661450624,25.4518646484325,16782,332,10.5843373493976,1.45821769966081
"result_final_linear_100",33.16,20682.4252624058,0.664942300039793,24.9056308358184,16590,399,8.31077694235589,1.50388988629563
"result_final_linear_100",29.27,6080.7690466238,0.630448346554951,24.8501724300108,15122,540,5.42037037037037,1.58617276968755
"result_final_linear_100",22.7,757.226247215242,0.586050037907506,24.6653836155518,13082,651,3.48694316436252,1.70633893919793
"result_final_linear_100",17.31,792.821111075394,0.558452083474033,25.3776477512216,10764,725,2.38758620689655,1.7906639255049
"result_final_linear_100",10.14,91.6558042649265,0.529897393560561,25.3867617485482,6794,598,1.69565217391304,1.88715780102382
"result_final_linear_100",1.87,9.14967027636517,0.504809918205669,26.7497275626555,1360,154,1.21428571428571,1.98094364618363
"result_final_linear_100",4,15.8457082490612,0.51063829787234,25.9667467231271,2926,314,1.27388535031847,1.95833333333333
"result_final_linear_100",39.26,497150.586130463,0.738749695937728,26.179108566541,18000,220,17.8454545454545,1.3536384590056
"result_final_linear_100",12.73,111.810833931288,0.539336258574872,25.3759478537245,8438,695,1.83165467625899,1.85413085825599
"result_final_linear_100",2.51,23.6141751515155,0.506520496700784,25.4594717236181,1838,211,1.18957345971564,1.9742537696174
"result_final_linear_100",29.1,4812.94349976186,0.629103815439219,24.7998924803462,15706,518,5.61776061776062,1.58956276445698
"result_final_linear_100",36.14,78088.0162627129,0.697313823979035,24.8684224580779,17386,284,12.7253521126761,1.43407453805199
"result_final_linear_100",7.73,48.9457403229426,0.521859623324473,25.2474330795677,5400,514,1.50389105058366,1.91622412485098
"result_final_linear_100",38.16,343127.369894713,0.72310570626754,24.7662227094196,17486,243,15.7037037037037,1.38292367399741
"result_final_linear_100",1.21,1.85165173346886,0.503080918673932,25.9226882986406,956,118,1.02542372881356,1.98775179674056
"result_final_linear_100",39.65,756833.256881931,0.744602097470697,25.7178075907587,17854,195,20.3333333333333,1.34299917149959
"result_final_linear_100",17.97,383.62622978034,0.561503182969402,25.3158949165809,11260,720,2.49583333333333,1.7809338047056
"result_final_linear_100",37.16,125400.115842631,0.709896068685043,24.6222248651881,17306,284,13.0845070422535,1.40865690642903
"result_final_linear_100",13.07,151.624916547618,0.540643074818086,25.2466891781791,8506,664,1.9683734939759,1.84964914298861
"result_final_linear_100",13.77,315.652941154295,0.543386476778625,25.351380985814,8716,707,1.94766619519095,1.84031079670648
"result_final_linear_100",38.08,424672.774101617,0.722014925373134,25.1343757913942,17714,257,14.8171206225681,1.38501291989664
"result_final_linear_100",10.61,184.510043601483,0.53154545995124,25.565842076612,7070,609,1.74220032840722,1.88130663385166
"result_final_linear_100",35.39,48994.0916725325,0.68858574016839,25.2351722676889,17024,341,10.3782991202346,1.45225197337873
"result_final_linear_100",29.11,3016.85265706659,0.62918256856306,25.4299940238398,15570,546,5.33150183150183,1.58936380307519
"result_final_linear_100",12.67,172.559742089342,0.539107352305698,25.3340092596632,8308,677,1.87149187592319,1.85491812664606
"result_final_linear_100",2.97,7.98384912609355,0.507771207284526,25.460207316603,2242,259,1.14671814671815,1.96939091002783
"result_final_linear_100",37.68,301873.43624181,0.716651333946642,25.2291106732047,17306,234,16.1025641025641,1.39537869062901
"result_final_linear_100",43.4,421980.986876502,0.810888252148997,25.031631017842,18332,130,33.3846153846154,1.23321554770318
"result_final_linear_100",21.33,786.102697850009,0.578413351959415,25.3711006394816,12328,651,3.27649769585253,1.728867420872
"result_final_linear_100",2.9,13.0645243957552,0.507579717720857,25.6335927513255,2132,239,1.21338912133891,1.97013388259526
"result_final_linear_100",12.36,142.275450670513,0.537932727719126,25.6061287353915,8076,639,1.93427230046948,1.85896850753081
"result_final_linear_100",37.08,316148.077577226,0.708877872915728,25.7693319454186,17642,263,14.0988593155894,1.41068022886205
"result_final_linear_100",25.82,1305.79368140852,0.605353354006855,25.1587542579465,14226,572,4.51398601398601,1.65192774332704
"result_final_linear_100",25.38,1645.00370899755,0.602454383981915,25.6066188138991,13918,602,4.21594684385382,1.6598767086572
"result_final_linear_100",28.68,6451.96537379441,0.625833625833626,25.1328835445561,15416,508,5.64566929133858,1.59786876051598
"result_final_linear_100",19.87,363.595358428927,0.570767148657312,25.1590743878208,12210,723,2.74827109266943,1.75202795457382
"result_final_linear_100",3.72,13.5780115261995,0.50984960813387,25.2274699943316,2738,312,1.19230769230769,1.9613626921479
"result_final_linear_100",18.5,390.013332018796,0.56401384083045,25.5560024076665,11216,705,2.6241134751773,1.77300613496932
"result_final_linear_100",31.51,12775.0971969879,0.649378970323315,25.1525570467042,16218,428,7.36214953271028,1.5399328369105
"result_final_linear_100",27.13,3408.87374443574,0.614366410926566,24.8051070484485,14842,558,4.86200716845878,1.62769315218883
"result_final_linear_100",4.75,70.696006933848,0.51278600269179,25.6635646412395,3254,355,1.33802816901408,1.9501312335958
"result_final_linear_100",35.5,88071.9798932015,0.689839572192513,25.8074419343201,17158,308,11.525974025974,1.44961240310078
"result_final_linear_100",26.68,2437.4323770355,0.611203734578193,25.233247459155,14800,579,4.60794473229706,1.63611565739225
"result_final_linear_100",9.02,60.4577623136944,0.526078408696658,25.2508258854637,6156,578,1.56055363321799,1.9008573312816
"result_final_linear_100",39.81,876441.408583563,0.747052252699516,26.333896231016,17748,195,20.4153846153846,1.33859445090547
"result_final_linear_100",8.52,55.6101533276562,0.524421004356799,25.2562385025488,5772,544,1.56617647058824,1.90686488850022
"result_final_linear_100",2.08,12.4289922211771,0.505367464905037,26.492266270171,1520,169,1.23076923076923,1.97875816993464
"result_final_linear_100",13.08,175.485600708906,0.540681761632247,24.8596157091965,8416,681,1.92070484581498,1.84951679705476
"result_final_linear_100",43.54,902494.234946171,0.813779187085615,24.7910339571853,18368,137,31.7810218978102,1.22883457314913
"result_final_linear_100",5.09,26.4837405857002,0.513776863530558,25.3466814644877,3730,397,1.28211586901763,1.94637024549573
"result_final_linear_100",13.03,105.067505455467,0.540488471816543,25.6919995681167,8480,677,1.92466765140325,1.85017822237553
"result_final_linear_100",31.42,10816.7877521414,0.648571968980518,25.2458135189346,15822,440,7.14090909090909,1.54184893554972
"result_final_linear_100",5.7,32.3914201571705,0.515582285401859,25.4721335647327,3988,409,1.39364303178484,1.93955461293743
"result_final_linear_100",22.66,647.219302936425,0.585820330252992,25.3929323990682,13210,691,3.27930535455861,1.7070080165503
"result_final_linear_100",30.62,9978.35591330807,0.641575735158128,25.1052742937568,15832,476,6.4327731092437,1.55866243874315
"result_final_linear_100",6.71,81.5382365043901,0.518652360037805,25.1398718732836,4742,465,1.44301075268817,1.9280737485261
"result_final_linear_100",41.23,437678.137672068,0.770148080199187,26.000948989577,18338,158,26.0949367088608,1.29845159094776
"result_final_linear_100",30.54,6244.90281210992,0.640893153718398,25.1168576618342,15876,471,6.48407643312102,1.56032248776274
"result_final_linear_100",4.13,28.2414339583345,0.5110068759661,25.614134037227,3036,333,1.24024024024024,1.95692083029102
"result_final_linear_100",5.94,78.8967329731566,0.51630255790976,25.9652304697259,4162,420,1.41428571428571,1.93684881990219
"result_final_linear_100",22.21,1220.74085634661,0.583264602234385,25.209349285645,13190,669,3.31988041853513,1.71448772335776
"result_final_linear_100",19.74,555.244906719445,0.570109390538429,24.8434878613583,11762,692,2.85260115606936,1.75404933964615
"result_final_linear_100",41.62,544524.281407133,0.776949693904711,25.8494425055673,18294,150,27.7466666666667,1.28708461801987
"result_final_linear_100",19.16,325.508424558019,0.567218635980915,25.2092112802911,11440,708,2.70621468926554,1.7629886194953
"result_final_linear_100",16.27,371.931110323637,0.553806468681791,25.0978197643729,10230,727,2.23796423658872,1.80568493968709
"result_final_linear_100",43.82,724009.36658712,0.819667347534286,25.8709322398426,18474,108,40.5740740740741,1.22000711997152
"result_final_linear_100",13.45,114.568975513551,0.542123394926402,25.6357043930709,8864,696,1.93247126436782,1.84459849797805
"result_final_linear_100",23.83,1359.43074413265,0.592716520115166,24.7992500808364,13616,648,3.67746913580247,1.68714717080215
"result_final_linear_100",9.9,73.4439020664711,0.529066353493834,25.5082251469996,6782,612,1.61764705882353,1.89012208657048
"result_final_linear_100",24.24,992.147612045792,0.595223130106851,25.1554524773655,13538,663,3.65610859728507,1.68004223864836
"result_final_linear_100",40.01,414862.513299684,0.750156308615731,26.352964537796,18024,193,20.7305699481865,1.33305550925154
"result_final_linear_100",25.86,3028.03858178741,0.60561999673256,24.6283792912016,14474,597,4.33165829145729,1.65120043161586
"result_final_linear_100",19.58,465.773239133448,0.56930482797678,25.1562012424556,11918,708,2.76553672316384,1.75652822680925
"result_final_linear_100",10.84,108.750873025169,0.532362073083353,25.3254796300132,7298,610,1.77704918032787,1.87842081650965
"result_final_linear_100",23.08,1047.77838331031,0.588253288467421,25.2645749491019,13138,643,3.58942457231726,1.69994799791992
"result_final_linear_100",5.96,46.883820115136,0.516362837689436,25.287945787032,4200,420,1.41904761904762,1.93662271373883
"result_final_linear_100",27.21,2219.5606399867,0.614936216946862,25.4576993144532,14446,576,4.72395833333333,1.62618491551037
"result_final_linear_100",12.48,126.539144429697,0.538385826771654,25.0354415203689,8072,644,1.93788819875776,1.85740402193784
"result_final_linear_100",38.42,272536.963200698,0.726693415152231,26.0567799942347,17792,236,16.2796610169492,1.3760961351088
"result_final_linear_100",35.16,58033.2875751511,0.685992382564537,26.2545123976861,16770,324,10.8518518518519,1.45774213448489
"result_final_linear_100",31.29,14220.1275155212,0.647413549420522,25.3160975190425,15964,462,6.77272727272727,1.5446077717945
"result_final_linear_100",6.02,41.0459681951197,0.516543915576564,25.693969928843,4226,441,1.36507936507937,1.93594381783358
"result_final_linear_100",41.63,837045.792372915,0.777126880575157,24.3374948451704,18078,154,27.0324675324675,1.28679115984238
"result_final_linear_100",38.67,576032.054602192,0.730205976902012,25.8206876599092,17962,231,16.7402597402597,1.36947660198924
"result_final_linear_100",34.89,63321.857069571,0.682995908947865,25.1407905934011,16696,339,10.2920353982301,1.46413761326985
"result_final_linear_100",27.22,3398.26669630495,0.615007605205341,25.082599427115,14618,552,4.93115942028986,1.62599615278923
"result_final_linear_100",29.15,6066.60877491894,0.629498000888494,25.069790048609,15302,504,5.78373015873016,1.58856739590685
"result_final_linear_100",20.3,800.864615710219,0.572969086987779,24.9751927424472,12232,672,3.02083333333333,1.74529485570891
"result_final_linear_100",29.85,11556.1654078704,0.635129017655048,24.9671261902521,15772,474,6.29746835443038,1.57448325017819
"result_final_linear_100",9.54,72.4035832847846,0.527832885984362,25.7656333052165,6322,577,1.65337954939341,1.8945390227725
"result_final_linear_100",33.34,14950.3799355169,0.666733346669334,25.4813975032334,16538,393,8.48346055979644,1.4998499849985
"result_final_linear_100",33.97,13422.3660835035,0.673157304516261,24.6386779281918,16766,363,9.35812672176309,1.48553687717704
"result_final_linear_100",24.6,2857.84733904834,0.597464342313788,24.8283685750626,13974,626,3.9297124600639,1.6737400530504
"result_final_linear_100",28.88,7072.78878391019,0.627381792519407,24.8696441642366,15246,514,5.61867704280156,1.59392575928009
"result_final_linear_100",32.81,23486.8871374315,0.661514226641725,25.1407096511509,16542,393,8.34860050890585,1.5116832862033
"result_final_linear_100",2.21,16.5932825137564,0.505714433469514,25.2277801467558,1602,179,1.23463687150838,1.9774005522037
"result_final_linear_100",35.71,82810.0330248124,0.69225799504684,25.3268699021945,17308,284,12.5739436619718,1.44454814123503
"result_final_linear_100",40.45,1219428.76833447,0.757151938970121,25.9972516588003,18196,183,22.103825136612,1.32073887489505
"result_final_linear_100",39.46,233752.318514125,0.741729968145063,25.0100637643833,17660,205,19.2487804878049,1.34819953749587
"result_final_linear_100",30.72,8028.70300567191,0.642433234421365,25.3316631531567,15604,456,6.73684210526316,1.55658198614319
"result_final_linear_100",7.59,32.2568965895394,0.521412853354398,24.9431623714733,5298,510,1.48823529411765,1.91786603181474
"result_final_linear_100",34.21,47842.2818715782,0.675670124268255,25.7641604990783,16936,375,9.12266666666667,1.48001215990272
"result_final_linear_100",3.45,14.5349761674385,0.509095702610071,25.5104306478634,2488,276,1.25,1.96426721905748
"result_final_linear_100",21.9,733.332595125691,0.581533879374535,25.5159542307145,12388,632,3.46518987341772,1.71959026888604
"result_final_linear_100",11.54,157.271730313718,0.534889345749184,25.14465101536,7628,631,1.82884310618067,1.86954555731404
"result_final_linear_100",13.4,195.140058590283,0.541927409261577,25.1562012794476,8556,658,2.03647416413374,1.84526558891455
"result_final_linear_100",39.23,267653.720186795,0.738306402624225,25.0316329187606,17604,201,19.5174129353234,1.35445120947836
"result_final_linear_100",13.1,150.240406988336,0.540759178593653,25.2774391629029,8486,694,1.88760806916427,1.84925201380898
"result_final_linear_100",28.75,6626.84460734676,0.626373626373626,24.9662428985527,15276,507,5.67061143984221,1.59649122807018
"result_final_linear_100",1.37,21.0546124853198,0.503496860482924,25.7435666890572,980,115,1.19130434782609,1.98610970293014
"result_final_linear_100",12.14,191.124253416435,0.537107225822228,25.06960007053,8098,654,1.85626911314985,1.86182563168677
"result_final_linear_100",3.43,19.7326411624274,0.509040113857994,24.7501490792063,2442,270,1.27037037037037,1.96448172310241
"result_final_linear_100",6.25,32.7862535729207,0.517241379310345,25.4182593554018,4460,449,1.39198218262806,1.93333333333333
"result_final_linear_100",21.36,1129.42031482324,0.578575632725132,24.9294676550573,12370,657,3.25114155251142,1.72838250254324
"result_final_concave_100",4.34,89.680803640922,0.500515117031408,25.3900572556952,2886,307,1.41368078175896,1.99794165245412
"result_final_concave_100",16.91,234.138191396756,0.510573480162966,25.5501184954682,10688,695,2.43309352517986,1.9585819453075
"result_final_concave_100",10.22,93.3189145180772,0.503260660459531,25.3778703089636,6980,614,1.66449511400651,1.9870418623361
"result_final_concave_100",21.05,856.6692571624,0.518427128106077,25.6072340638329,12596,675,3.11851851851852,1.92891140487422
"result_final_concave_100",26.71,2031.85334954791,0.535566553616972,25.448933701363,14286,586,4.5580204778157,1.86718157294636
"result_final_concave_100",19.9,485.680337058509,0.515921907428508,25.3039121540756,11766,691,2.87988422575977,1.93827783934252
"result_final_concave_100",28.91,3735.14589818604,0.545071570391045,24.8945852990121,15428,541,5.34380776340111,1.83462145949491
"result_final_concave_100",7.57,37.1931744949204,0.501682537846862,25.5210287618936,5290,526,1.43916349809886,1.99329242012655
"result_final_concave_100",13.32,431.84060748913,0.505974050546235,25.5337206183779,8592,649,2.05238828967643,1.97638594097944
"result_final_concave_100",24.86,1733.02771341264,0.528949712627472,25.0755391121673,13954,590,4.2135593220339,1.89053888512891
"result_final_concave_100",41.44,701301.204926071,0.667008579352789,26.1561578513125,18106,177,23.4124293785311,1.49923109080594
"result_final_concave_100",11.63,172.652099049513,0.504367843951488,25.0196278039676,7670,634,1.83438485804416,1.9826799269467
"result_final_concave_100",12.51,201.314125814873,0.505164167595023,25.6054944362893,7884,635,1.97007874015748,1.9795544976216
"result_final_concave_100",10.05,112.497649730583,0.503140429211425,25.3226634243538,6752,604,1.66390728476821,1.98751668906294
"result_final_concave_100",6.54,60.3285831479696,0.501227180827917,25.2583104533282,4414,429,1.52447552447552,1.99510329497339
"result_final_concave_100",0.96,16.1965111088827,0.500023489924127,24.4037832848603,708,83,1.1566265060241,1.9999060447175
"result_final_concave_100",34.14,44492.138143296,0.577603931937452,25.4315975593877,16544,350,9.75428571428571,1.7312901535239
"result_final_concave_100",19.63,457.721404773135,0.515372478338151,25.1867472123249,11504,674,2.91246290801187,1.94034420158515
"result_final_concave_100",38.89,363607.35846411,0.626957889774316,24.0204661271278,17814,222,17.518018018018,1.59500345447438
"result_final_concave_100",8.76,55.740104048325,0.502315175737773,25.3665750719357,6166,584,1.5,1.9907819797227
"result_final_concave_100",45.25,563864.66069054,0.759345165529362,26.1491416752233,18352,121,37.396694214876,1.3169241675528
"result_final_concave_100",23.7,929.853721711462,0.525343156143151,25.307051708733,13376,637,3.72056514913658,1.90351770705757
"result_final_concave_100",11.33,102.360621698763,0.50411534571999,25.3147655531184,7598,641,1.76755070202808,1.98367299962229
"result_final_concave_100",34.56,90417.3106357613,0.581026446131723,25.5830348310078,16928,355,9.73521126760563,1.72109205468643
"result_final_concave_100",12.62,93.5329694541442,0.505269724484471,25.4792194228608,8466,677,1.86410635155096,1.97914094500775
"result_final_concave_100",26.48,5812.96439217261,0.534680838536783,25.142665346955,14384,599,4.42070116861436,1.87027461604313
"result_final_concave_100",22.08,1743.09666074828,0.520913958892496,25.0144289278101,12724,660,3.34545454545455,1.91970282794126
"result_final_concave_100",28.88,7274.57366016774,0.544928329659434,25.5297461843625,15554,495,5.83434343434343,1.83510371102375
"result_final_concave_100",20.69,447.747868403569,0.517613290785761,25.1905221813573,12202,703,2.94310099573257,1.93194420970519
"result_final_concave_100",1.23,5.0573765576584,0.500038773392441,24.9796181225148,960,113,1.08849557522124,1.99984491845631
"result_final_concave_100",28.7,5150.87158555621,0.544077339894624,24.6503023805255,15404,484,5.9297520661157,1.83797399133307
"result_final_concave_100",26.89,6315.1391968102,0.536273044518259,25.6292362066568,14418,568,4.73415492957746,1.86472173125597
"result_final_concave_100",13.25,286.7918011617,0.50590103735573,25.2247101140586,8752,671,1.97466467958271,1.97667117906469
"result_final_concave_100",3.94,68.8148123554313,0.500420932783752,25.6264120209315,2744,298,1.32214765100671,1.99831768514794
"result_final_concave_100",14.31,151.164873222681,0.507070618956673,25.3539284324832,9168,708,2.02118644067797,1.97211189648013
"result_final_concave_100",9.8,76.8178994145362,0.502968588109327,25.3800740618827,6552,590,1.66101694915254,1.98819573158441
"result_final_concave_100",19.23,398.184381300607,0.514584277520419,25.1058606100353,11664,724,2.6560773480663,1.94331627234825
"result_final_concave_100",1.55,9.4019559054624,0.500061976321047,26.2504395172533,1022,114,1.35964912280702,1.99975212544052
"result_final_concave_100",29.87,4338.1405719375,0.549876747734058,25.0103902156866,15790,488,6.12090163934426,1.81858935501604
"result_final_concave_100",2.28,11.9318392724541,0.500136132246968,24.9969456893599,1662,193,1.18134715025907,1.99945561922768
"result_final_concave_100",38.84,685145.762018769,0.626290002708393,24.8207880893115,17734,203,19.1330049261084,1.59670439520908
"result_final_concave_100",30.78,11120.1990466885,0.554856027423092,25.1451936980322,16006,475,6.48,1.80226932857571
"result_final_concave_100",6.1,24.1943646582822,0.501057269874031,25.2902023343416,4244,437,1.39588100686499,1.99577984419108
"result_final_concave_100",13.49,132.755865204045,0.506153805793368,25.244344314659,8688,689,1.95791001451379,1.97568404811766
"result_final_concave_100",33.86,31635.1515844312,0.575402805677228,24.6295394039599,16752,351,9.64672364672365,1.73791297180596
"result_final_concave_100",37.41,167545.045390884,0.608733302658729,24.8988465179283,17362,266,14.0639097744361,1.64275553125212
"result_final_concave_100",35.37,82973.5058608345,0.588063522519502,25.3712495029945,17120,302,11.7119205298013,1.70049656492141
"result_final_concave_100",34.28,33276.3136554824,0.57872837713522,25.0757809485461,16772,369,9.289972899729,1.7279263286693
"result_final_concave_100",17.79,299.061488214084,0.511987594454964,25.2472929454612,11172,718,2.47771587743733,1.95317232454538
"result_final_concave_100",12.29,145.27762809645,0.504957127101457,25.313475142033,8128,667,1.84257871064468,1.98036614660769
"result_final_concave_100",27.12,3143.13313363487,0.537193163922298,25.3885077207448,14886,586,4.62798634812287,1.8615277839698
"result_final_concave_100",26.76,3835.3672709926,0.535761617026186,25.5287924087452,14666,550,4.86545454545455,1.86650175790985
"result_final_concave_100",15.74,246.015940589215,0.508878730002254,25.0260528205167,10158,729,2.15912208504801,1.96510473132876
"result_final_concave_100",32.12,12951.3378206213,0.563033536540661,25.2402496825049,16366,408,7.87254901960784,1.77609313673233
"result_final_concave_100",11.31,96.3616222899288,0.504098846058266,25.3516310599507,7266,634,1.78391167192429,1.98373792723266
"result_final_concave_100",36.66,301499.652303568,0.600596147674994,24.5745453410315,17116,279,13.1397849462366,1.66501234460321
"result_final_concave_100",26.67,4153.95876447159,0.53541115400952,24.2551212204926,14568,566,4.71201413427562,1.86772351026183
"result_final_concave_100",40.6,1181217.06016997,0.652390003624019,27.0099611855493,17958,185,21.9459459459459,1.53282544865036
"result_final_concave_100",8.22,83.9951213779787,0.502013412931408,24.9491083783227,5548,514,1.59922178988327,1.9919786488586
"result_final_concave_100",29.49,3876.02265133512,0.547922232617023,24.8309291440091,15768,506,5.82806324110672,1.82507651719795
"result_final_concave_100",3.17,9.34077178122117,0.500268084350159,25.8585159161213,2382,275,1.15272727272727,1.99892823724501
"result_final_concave_100",5.08,32.0868061066686,0.500717091187554,24.7121764791378,3528,366,1.3879781420765,1.99713574311652
"result_final_concave_100",26.69,2717.96712031289,0.535488781630616,25.1925139073845,14444,549,4.8615664845173,1.86745275401457
"result_final_concave_100",14.89,169.31296313214,0.507770803814273,25.2021464462227,9554,720,2.06805555555556,1.96939247488867
"result_final_concave_100",25.22,1817.99957538021,0.530150051264459,24.8073671495702,14034,628,4.01592356687898,1.88625842365742
"result_final_concave_100",33.91,20466.3683679293,0.575791264308262,25.3985725805314,16542,356,9.5252808988764,1.73674048563653
"result_final_concave_100",42.4,1098190.92300672,0.685805000661463,26.2418938142422,18180,129,32.8682170542636,1.45814043209877
"result_final_concave_100",9.59,70.7119145043412,0.50282874878427,24.9729994938747,6502,608,1.57730263157895,1.9887486592956
"result_final_concave_100",2.17,15.1495925494108,0.500123033172125,25.3460459456896,1540,186,1.16666666666667,1.999507988379
"result_final_concave_100",34.53,30295.1342225121,0.580777036402306,24.3577035064018,16616,332,10.4006024096386,1.72183116294443
"result_final_concave_100",25.77,1901.0135996123,0.532062907624168,25.5533439521222,14238,579,4.45077720207254,1.87947700482509
"result_final_concave_100",16.07,295.96852210385,0.509336237422665,25.3419911006787,9894,703,2.28591749644381,1.96333959087652
"result_final_concave_100",22.98,1107.51755931355,0.523292018994502,25.2294919895552,13308,647,3.55177743431221,1.91097888693484
"result_final_concave_100",5.89,48.421171459644,0.500981184009647,24.6018757009375,3970,396,1.48737373737374,1.99608295065378
"result_final_concave_100",13.97,194.139298859299,0.5066803159538,25.3189147561653,9200,691,2.02170767004342,1.97363104212476
"result_final_concave_100",38.5,107068.006989332,0.621850466521435,25.1006413702367,17614,258,14.922480620155,1.60810364201203
"result_final_concave_100",3.76,19.847288982457,0.500381888030913,25.0840496092884,2666,292,1.28767123287671,1.99847361369367
"result_final_concave_100",34.73,27901.8720034829,0.582454497349933,25.9174876828689,17026,343,10.1253644314869,1.71687231285847
"result_final_concave_100",1.9,8.2901314846405,0.50009379736962,24.6572666603303,1418,164,1.15853658536585,1.99962488089189
"result_final_concave_100",18.91,390.412407777892,0.513975285791794,24.9265536461238,11582,709,2.66713681241185,1.94561884130182
"result_final_concave_100",4.63,44.5620331138406,0.500589916465711,25.9096295241025,3124,338,1.3698224852071,1.99764311486785
"result_final_concave_100",10.85,146.651899260836,0.503730655676065,25.4103039257796,7088,621,1.74718196457327,1.98518789502276
"result_final_concave_100",33.8,21370.0987510396,0.574939258295244,24.9590542709882,16756,382,8.84816753926702,1.73931417201376
"result_final_concave_100",29.69,20849.8612993792,0.548942117691884,25.0563487326365,15470,512,5.798828125,1.82168568920283
"result_final_concave_100",39.59,504165.269156135,0.636735947914425,24.876348113726,18290,198,19.9949494949495,1.57050972742377
"result_final_concave_100",35.14,47144.7161019273,0.586004362054174,25.4518646484325,16782,332,10.5843373493976,1.70647193903917
"result_final_concave_100",33.16,22301.6949408289,0.570166140486041,24.9056308358184,16590,399,8.31077694235589,1.75387475508024
"result_final_concave_100",29.27,6564.5557342812,0.546822489483762,24.8501724300108,15122,540,5.42037037037037,1.82874702345192
"result_final_concave_100",22.7,810.081858762779,0.522530692269282,24.6653836155518,13082,651,3.48694316436252,1.9137631813686
"result_final_concave_100",17.31,826.953764255397,0.511200816834423,25.3776477512216,10764,725,2.38758620689655,1.95617840791498
"result_final_concave_100",10.14,96.5820913745085,0.503203737642816,25.3867617485482,6794,598,1.69565217391304,1.98726663813022
"result_final_concave_100",1.87,9.31598580675425,0.500090802642439,26.7497275626555,1360,154,1.21428571428571,1.99963685537923
"result_final_concave_100",4,16.1162329374853,0.500434404865335,25.9667467231271,2926,314,1.27388535031847,1.99826388888889
"result_final_concave_100",39.26,533430.036033721,0.632024654485198,26.179108566541,18000,220,17.8454545454545,1.58221675832334
"result_final_concave_100",12.73,116.058719059998,0.505376653322829,25.3759478537245,8438,695,1.83165467625899,1.97872219348687
"result_final_concave_100",2.51,23.7489519095168,0.500165772037249,25.4594717236181,1838,211,1.18957345971564,1.99933713162109
"result_final_concave_100",29.1,5233.45694382003,0.54598824131268,24.7998924803462,15706,518,5.61776061776062,1.83154127567981
"result_final_concave_100",36.14,83109.9902697095,0.595334351050896,24.8684224580779,17386,284,12.7253521126761,1.67972837151893
"result_final_concave_100",7.73,50.7473259707838,0.501760778234813,25.2474330795677,5400,514,1.50389105058366,1.99298160274301
"result_final_concave_100",38.16,362055.625564342,0.617582522074274,24.7662227094196,17486,243,15.7037037037037,1.61921680788715
"result_final_concave_100",1.21,1.86935655328712,0.500037507434175,25.9226882986406,956,118,1.02542372881356,1.99984998151692
"result_final_concave_100",39.65,811173.234248978,0.637612813800824,25.7178075907587,17854,195,20.3333333333333,1.56834991134977
"result_final_concave_100",17.97,411.58885345437,0.512292456972466,25.3158949165809,11260,720,2.49583333333333,1.95201000207924
"result_final_concave_100",37.16,132495.08878166,0.605945533079584,24.6222248651881,17306,284,13.0845070422535,1.65031334568591
"result_final_concave_100",13.07,163.623818137801,0.505715950670077,25.2466891781791,8506,664,1.9683734939759,1.97739461979594
"result_final_concave_100",13.77,325.632843470908,0.506457495552141,25.351380985814,8716,707,1.94766619519095,1.97449935835148
"result_final_concave_100",38.08,448832.983324328,0.616602303885646,25.1343757913942,17714,257,14.8171206225681,1.62179089130594
"result_final_concave_100",10.61,189.958541073197,0.503547014163927,25.565842076612,7070,609,1.74220032840722,1.98591188483238
"result_final_concave_100",35.39,52513.8289920647,0.588244948486301,25.2351722676889,17024,341,10.3782991202346,1.69997209933251
"result_final_concave_100",29.11,3365.13382690889,0.546036944356636,25.4299940238398,15570,546,5.33150183150183,1.83137791377512
"result_final_concave_100",12.67,178.574970211724,0.505318157780702,25.3340092596632,8308,677,1.87149187592319,1.97895125002411
"result_final_concave_100",2.97,8.15885955688197,0.500234338875198,25.460207316603,2242,259,1.14671814671815,1.99906308361107
"result_final_concave_100",37.68,318984.891613256,0.611832944998241,25.2291106732047,17306,234,16.1025641025641,1.63443307225451
"result_final_concave_100",43.4,444887.54769865,0.708194430934927,25.031631017842,18332,130,33.3846153846154,1.41204160371587
"result_final_concave_100",21.33,857.913120756739,0.519079513828137,25.3711006394816,12328,651,3.27649769585253,1.9264871245354
"result_final_concave_100",2.9,13.1958673282312,0.500223095741232,25.6335927513255,2132,239,1.21338912133891,1.99910801503117
"result_final_concave_100",12.36,152.485566399635,0.505022418118557,25.6061287353915,8076,639,1.93427230046948,1.98011011813191
"result_final_concave_100",37.08,334158.842417969,0.605069682581177,25.7693319454186,17642,263,14.0988593155894,1.65270220734591
"result_final_concave_100",25.82,1460.13005359876,0.532241683177813,25.1587542579465,14226,572,4.51398601398601,1.87884570413459
"result_final_concave_100",25.38,1859.50959070324,0.530696508523081,25.6066188138991,13918,602,4.21594684385382,1.88431614668614
"result_final_concave_100",28.68,6786.44272827651,0.543983673075478,25.1328835445561,15416,508,5.64566929133858,1.83829046623105
"result_final_concave_100",19.87,407.99224356779,0.51586015537836,25.1590743878208,12210,723,2.74827109266943,1.93850986468716
"result_final_concave_100",3.72,13.8557290651885,0.500373489169591,25.2274699943316,2738,312,1.19230769230769,1.99850715844194
"result_final_concave_100",18.5,418.138670357642,0.51322219861307,25.5560024076665,11216,705,2.6241134751773,1.94847378523843
"result_final_concave_100",31.51,14077.2225448486,0.559178346106055,25.1525570467042,16218,428,7.36214953271028,1.78833820544678
"result_final_concave_100",27.13,3746.74084361935,0.537233617571784,24.8051070484485,14842,558,4.86200716845878,1.86138761107291
"result_final_concave_100",4.75,71.1968009672507,0.500622497508286,25.6635646412395,3254,355,1.33802816901408,1.99751310613732
"result_final_concave_100",35.5,93486.7625413756,0.589249672462023,25.8074419343201,17158,308,11.525974025974,1.6970734931795
"result_final_concave_100",26.68,2674.04289792947,0.535449949791941,25.233247459155,14800,579,4.60794473229706,1.86758818520493
"result_final_concave_100",9.02,64.1551914813108,0.50246945365197,25.2508258854637,6156,578,1.56055363321799,1.99017073123939
"result_final_concave_100",39.81,929617.507196346,0.639982510710741,26.333896231016,17748,195,20.4153846153846,1.56254269962696
"result_final_concave_100",8.52,57.6331632910973,0.502177983324451,25.2562385025488,5772,544,1.56617647058824,1.99132585100592
"result_final_concave_100",2.08,12.5499716910389,0.500112829291285,26.492266270171,1520,169,1.23076923076923,1.99954878465548
"result_final_concave_100",13.08,188.419089179064,0.505726133292863,24.8596157091965,8416,681,1.92070484581498,1.97735480563134
"result_final_concave_100",43.54,950121.719387488,0.711589863999888,24.7910339571853,18368,137,31.7810218978102,1.40530388442992
"result_final_concave_100",5.09,27.0851891825913,0.500720073161463,25.3466814644877,3730,397,1.28211586901763,1.99712384943181
"result_final_concave_100",13.03,113.376941918057,0.505675337175182,25.6919995681167,8480,677,1.92466765140325,1.97755343494945
"result_final_concave_100",31.42,11728.8649555813,0.558628757897231,25.2458135189346,15822,440,7.14090909090909,1.79009760214308
"result_final_concave_100",5.7,33.3453587561927,0.50091508289823,25.4721335647327,3988,409,1.39364303178484,1.99634635518286
"result_final_concave_100",22.66,706.716803856939,0.522423542262495,25.3929323990682,13210,691,3.27930535455861,1.91415569763421
"result_final_concave_100",30.62,10706.9864559448,0.553948748112741,25.1052742937568,15832,476,6.4327731092437,1.80522115702386
"result_final_concave_100",6.71,83.6831417317184,0.501296700578856,25.1398718732836,4742,465,1.44301075268817,1.99482661434891
"result_final_concave_100",41.23,463450.036746085,0.663204812814746,26.000948989577,18338,158,26.0949367088608,1.50782982975627
"result_final_concave_100",30.54,6765.71951598111,0.553500321153957,25.1168576618342,15876,471,6.48407643312102,1.80668368523286
"result_final_concave_100",4.13,29.016720542847,0.500464384621645,25.614134037227,3036,333,1.24024024024024,1.99814418513719
"result_final_concave_100",5.94,81.1139400345307,0.500999009948512,25.9652304697259,4162,420,1.41428571428571,1.99601192845226
"result_final_concave_100",22.21,1280.33813022357,0.521245241986971,25.209349285645,13190,669,3.31988041853513,1.91848273988657
"result_final_concave_100",19.74,593.194371392475,0.515594604101681,24.8434878613583,11762,692,2.85260115606936,1.93950827267151
"result_final_concave_100",41.62,574644.017927431,0.670352866407706,25.8494425055673,18294,150,27.7466666666667,1.49175165813613
"result_final_concave_100",19.16,359.335143728948,0.514449442977157,25.2092112802911,11440,708,2.70621468926554,1.94382560551125
"result_final_concave_100",16.27,391.416673004313,0.509621226448652,25.0978197643729,10230,727,2.23796423658872,1.96224165733559
"result_final_concave_100",43.82,761604.088883849,0.718591562610053,25.8709322398426,18474,108,40.5740740740741,1.39161110710488
"result_final_concave_100",13.45,125.223147271267,0.506111198286726,25.6357043930709,8864,696,1.93247126436782,1.97585037316932
"result_final_concave_100",23.83,1471.4102343537,0.525728327562862,24.7992500808364,13616,648,3.67746913580247,1.9021231072629
"result_final_concave_100",9.9,76.1411555983525,0.503036619756711,25.5082251469996,6782,612,1.61764705882353,1.98792684414037
"result_final_concave_100",24.24,1059.24725926456,0.526973943609418,25.1554524773655,13538,663,3.65610859728507,1.89762703095085
"result_final_concave_100",40.01,439335.919298901,0.643010297973658,26.352964537796,18024,193,20.7305699481865,1.55518504626028
"result_final_concave_100",25.86,3203.09249185211,0.532385301029771,24.6283792912016,14474,597,4.33165829145729,1.87833886109504
"result_final_concave_100",19.58,492.978852103395,0.515272285197343,25.1562012424556,11918,708,2.76553672316384,1.94072149565935
"result_final_concave_100",10.84,115.628844027584,0.503722889405432,25.3254796300132,7298,610,1.77704918032787,1.98521850214182
"result_final_concave_100",23.08,1139.57405153569,0.52356876304434,25.2645749491019,13138,643,3.58942457231726,1.90996879604774
"result_final_concave_100",5.96,47.6841635336623,0.501006190877052,25.287945787032,4200,420,1.41904761904762,1.99598331958617
"result_final_concave_100",27.21,2447.36536994689,0.53755860630472,25.4576993144532,14446,576,4.72395833333333,1.86026228260801
"result_final_concave_100",12.48,135.175152826822,0.505135616054456,25.0354415203689,8072,644,1.93788819875776,1.9796663870405
"result_final_concave_100",38.42,291043.126439398,0.620831131610824,26.0567799942347,17792,236,16.2796610169492,1.61074396737383
"result_final_concave_100",35.16,65098.5469227961,0.586181449730193,26.2545123976861,16770,324,10.8518518518519,1.70595640728699
"result_final_concave_100",31.29,15221.7105425704,0.557843358411996,25.3160975190425,15964,462,6.77272727272727,1.79261791849003
"result_final_concave_100",6.02,42.7278670904426,0.501027907470561,25.693969928843,4226,441,1.36507936507937,1.99589680552626
"result_final_concave_100",41.63,883652.95176372,0.670540985282019,24.3374948451704,18078,154,27.0324675324675,1.49133315032103
"result_final_concave_100",38.67,609335.656906435,0.624048231061484,25.8206876599092,17962,231,16.7402597402597,1.60244024456096
"result_final_concave_100",34.89,68492.3989787122,0.583821772376373,25.1407905934011,16696,339,10.2920353982301,1.71285150248787
"result_final_concave_100",27.22,3744.89802002655,0.537599400397551,25.082599427115,14618,552,4.93115942028986,1.86012112227154
"result_final_concave_100",29.15,6477.50844664697,0.546232217566961,25.069790048609,15302,504,5.78373015873016,1.83072321228913
"result_final_concave_100",20.3,858.70320666446,0.516762405742229,24.9751927424472,12232,672,3.02083333333333,1.93512528947166
"result_final_concave_100",29.85,12685.3687359708,0.549772107041402,24.9671261902521,15772,474,6.29746835443038,1.81893549562108
"result_final_concave_100",9.54,75.2987352567969,0.502796053306653,25.7656333052165,6322,577,1.65337954939341,1.98887798228222
"result_final_concave_100",33.34,16175.2901674014,0.571477567467976,25.4813975032334,16538,393,8.48346055979644,1.749849962494
"result_final_concave_100",33.97,14633.5725674521,0.576260035919562,24.6386779281918,16766,363,9.35812672176309,1.73532769525525
"result_final_concave_100",24.6,3001.74260379502,0.528107338859803,24.8283685750626,13974,626,3.9297124600639,1.89355444701644
"result_final_concave_100",28.88,7625.44937939156,0.544928329659434,24.8696441642366,15246,514,5.61867704280156,1.83510371102375
"result_final_concave_100",32.81,25213.1765988821,0.567682906502777,25.1407096511509,16542,393,8.34860050890585,1.7615467870268
"result_final_concave_100",2.21,16.6943239150404,0.500127716374788,25.2277801467558,1602,179,1.23463687150838,1.9994892649593
"result_final_concave_100",35.71,87785.8737160052,0.591200605915653,25.3268699021945,17308,284,12.5739436619718,1.69147323259454
"result_final_concave_100",40.45,1286770.73357864,0.649939678741762,25.9972516588003,18196,183,22.103825136612,1.53860432392115
"result_final_concave_100",39.46,259060.535325702,0.634857690461728,25.0100637643833,17660,205,19.2487804878049,1.5751561570794
"result_final_concave_100",30.72,8816.34599532596,0.554514157946728,25.3316631531567,15604,456,6.73684210526316,1.80338046498728
"result_final_concave_100",7.59,34.0163245974557,0.501692204980327,24.9431623714733,5298,510,1.48823529411765,1.99325401127014
"result_final_concave_100",34.21,50646.0750936216,0.578164135319763,25.7641604990783,16936,375,9.12266666666667,1.72961264615097
"result_final_concave_100",3.45,14.7647809107378,0.500319411826033,25.5104306478634,2488,276,1.25,1.99872316836612
"result_final_concave_100",21.9,820.269474352258,0.52046185837242,25.5159542307145,12388,632,3.46518987341772,1.9213703826966
"result_final_concave_100",11.54,165.614986079878,0.504291104185508,25.14465101536,7628,631,1.82884310618067,1.98298163838349
"result_final_concave_100",13.4,207.092472252787,0.506058209555479,25.1562012794476,8556,658,2.03647416413374,1.97605726202604
"result_final_concave_100",39.23,287692.359473228,0.631605504429465,25.0316329187606,17604,201,19.5174129353234,1.58326675905605
"result_final_concave_100",13.1,159.546799350793,0.505746533695964,25.2774391629029,8486,694,1.88760806916427,1.97727504465935
"result_final_concave_100",28.75,6971.98858057063,0.544312280113922,24.9662428985527,15276,507,5.67061143984221,1.83718067097568
"result_final_concave_100",1.37,21.2640012946099,0.500048239741869,25.7435666890572,980,115,1.19130434782609,1.99980705964731
"result_final_concave_100",12.14,201.34458976504,0.504819041965317,25.06960007053,8098,654,1.85626911314985,1.98090784394124
"result_final_concave_100",3.43,20.0950472646846,0.500315586061925,24.7501490792063,2442,270,1.27037037037037,1.99873845200623
"result_final_concave_100",6.25,33.4680509458126,0.501113585746102,25.4182593554018,4460,449,1.39198218262806,1.99555555555556
"result_final_concave_100",21.36,1220.25651685974,0.519150438217816,24.9294676550573,12370,657,3.25114155251142,1.92622393507532
"result_final_convex_100",4.34,83.5113764720399,0.611515874211358,25.3900572556952,2886,307,1.41368078175896,1.63528052528424
"result_final_convex_100",16.91,149.634025232222,0.884437574488185,25.5501184954682,10688,695,2.43309352517986,1.13066204879263
"result_final_convex_100",10.22,72.7430076566814,0.757374108236866,25.3778703089636,6980,614,1.66449511400651,1.32035144735533
"result_final_convex_100",21.05,637.952190038772,0.935005083767857,25.6072340638329,12596,675,3.11851851851852,1.06951290143817
"result_final_convex_100",26.71,1389.38566238727,0.974529272485457,25.448933701363,14286,586,4.5580204778157,1.02613644169926
"result_final_convex_100",19.9,332.202228340245,0.923040440118957,25.3039121540756,11766,691,2.87988422575977,1.08337615183049
"result_final_convex_100",28.91,2695.46554020013,0.983154363803489,24.8945852990121,15428,541,5.34380776340111,1.01713427394183
"result_final_convex_100",7.57,25.4342279143041,0.694023307542736,25.5210287618936,5290,526,1.43916349809886,1.44087379938378
"result_final_convex_100",13.32,306.088178121952,0.822982321898752,25.5337206183779,8592,649,2.05238828967643,1.21509292896212
"result_final_convex_100",24.86,1130.34849314504,0.964718897150535,25.0755391121673,13954,590,4.2135593220339,1.0365713815223
"result_final_convex_100",41.44,592959.227537749,0.999155989440419,26.1561578513125,18106,177,23.4124293785311,1.00084472351515
"result_final_convex_100",11.63,123.826804304107,0.788524769047913,25.0196278039676,7670,634,1.83438485804416,1.2681909804906
"result_final_convex_100",12.51,161.440380138461,0.806882018271439,25.6054944362893,7884,635,1.97007874015748,1.2393385617172
"result_final_convex_100",10.05,79.6715156442155,0.753484919681083,25.3226634243538,6752,604,1.66390728476821,1.32716657477797
"result_final_convex_100",6.54,42.1012512211592,0.668135237004432,25.2583104533282,4414,429,1.52447552447552,1.49670297959957
"result_final_convex_100",0.96,15.9465688104981,0.524213292025948,24.4037832848603,708,83,1.1566265060241,1.90762045757226
"result_final_convex_100",34.14,32192.946459788,0.994424163573541,25.4315975593877,16544,350,9.75428571428571,1.0056071007028
"result_final_convex_100",19.63,317.162140926925,0.920007732767175,25.1867472123249,11504,674,2.91246290801187,1.08694738574884
"result_final_convex_100",38.89,298852.409877066,0.998280382575112,24.0204661271278,17814,222,17.518018018018,1.00172257960279
"result_final_convex_100",8.76,38.2144480249686,0.72314256109081,25.3665750719357,6166,584,1.5,1.38285319355504
"result_final_convex_100",45.25,499923.920501279,0.999742655785429,26.1491416752233,18352,121,37.396694214876,1.00025741045766
"result_final_convex_100",23.7,540.405889675916,0.957146057332049,25.307051708733,13376,637,3.72056514913658,1.0447726262253
"result_final_convex_100",11.33,78.5555970942018,0.782069936080878,25.3147655531184,7598,641,1.76755070202808,1.27865802515209
"result_final_convex_100",34.56,72142.3418893232,0.994939275481214,25.5830348310078,16928,355,9.73521126760563,1.00508646572057
"result_final_convex_100",12.62,58.1238521630165,0.809114223149566,25.4792194228608,8466,677,1.86410635155096,1.23591944300199
"result_final_convex_100",26.48,4456.21687588594,0.973448003678311,25.142665346955,14384,599,4.42070116861436,1.02727623480798
"result_final_convex_100",22.08,1342.9451326752,0.9444686106388,25.0144289278101,12724,660,3.34545454545455,1.0587964372089
"result_final_convex_100",28.88,5127.77636721629,0.983055809477094,25.5297461843625,15554,495,5.83434343434343,1.01723624473764
"result_final_convex_100",20.69,305.803609058886,0.931422527523545,25.1905221813573,12202,703,2.94310099573257,1.07362659850926
"result_final_convex_100",1.23,4.83298999296622,0.531092377594908,24.9796181225148,960,113,1.08849557522124,1.88291160292787
"result_final_convex_100",28.7,3212.02886931626,0.982454282274165,24.6503023805255,15404,484,5.9297520661157,1.01785906788988
"result_final_convex_100",26.89,4161.95498323288,0.975349961418021,25.6292362066568,14418,568,4.73415492957746,1.02527301948743
"result_final_convex_100",13.25,232.238320137733,0.821622063520315,25.2247101140586,8752,671,1.97466467958271,1.21710460855373
"result_final_convex_100",3.94,64.6012685060982,0.601125948157621,25.6264120209315,2744,298,1.32214765100671,1.6635448911578
"result_final_convex_100",14.31,101.138763735289,0.841572036258198,25.3539284324832,9168,708,2.02118644067797,1.18825240967631
"result_final_convex_100",9.8,50.959511598247,0.747716974187091,25.3800740618827,6552,590,1.66101694915254,1.33740443847378
"result_final_convex_100",19.23,214.29839051914,0.915353992215156,25.1058606100353,11664,724,2.6560773480663,1.09247352227088
"result_final_convex_100",1.55,8.6573077002861,0.53927859487757,26.2504395172533,1022,114,1.35964912280702,1.85432911578296
"result_final_convex_100",29.87,3160.29761127374,0.986063800262819,25.0103902156866,15790,488,6.12090163934426,1.01413316231005
"result_final_convex_100",2.28,10.9258411687922,0.558066359221181,24.9969456893599,1662,193,1.18134715025907,1.79190159642586
"result_final_convex_100",38.84,565400.861928721,0.998257263375863,24.8207880893115,17734,203,19.1330049261084,1.00174577905724
"result_final_convex_100",30.78,8480.03865602767,0.988418419489152,25.1451936980322,16006,475,6.48,1.01171728519268
"result_final_convex_100",6.1,20.4556695532955,0.65692611366518,25.2902023343416,4244,437,1.39588100686499,1.52224120673284
"result_final_convex_100",13.49,97.1978829127796,0.8262608882434,25.244344314659,8688,689,1.95791001451379,1.21027149442589
"result_final_convex_100",33.86,24098.342855016,0.994056182112505,24.6295394039599,16752,351,9.64672364672365,1.00597935810314
"result_final_convex_100",37.41,116861.806914638,0.99746997176689,24.8988465179283,17362,266,14.0639097744361,1.00253644551187
"result_final_convex_100",35.37,64804.2771680733,0.995817642856655,25.3712495029945,17120,302,11.7119205298013,1.00419992272014
"result_final_convex_100",34.28,25712.3865403666,0.994600670927873,25.0757809485461,16772,369,9.289972899729,1.00542864008637
"result_final_convex_100",17.79,195.877461083114,0.896966909986606,25.2472929454612,11172,718,2.47771587743733,1.11486832888287
"result_final_convex_100",12.29,105.788320317462,0.802375348363751,25.313475142033,8128,667,1.84257871064468,1.24629950563568
"result_final_convex_100",27.12,1891.36015360764,0.97636675687265,25.3885077207448,14886,586,4.62798634812287,1.02420529269457
"result_final_convex_100",26.76,2849.67617055877,0.974759466819411,25.5287924087452,14666,550,4.86545454545455,1.02589411443517
"result_final_convex_100",15.74,138.675085368318,0.86622970241196,25.0260528205167,10158,729,2.15912208504801,1.15442820445381
"result_final_convex_100",32.12,9392.04845041462,0.991267028319116,25.2402496825049,16366,408,7.87254901960784,1.00880990836111
"result_final_convex_100",11.31,57.4086676790277,0.781636172793524,25.3516310599507,7266,634,1.78391167192429,1.27936760708765
"result_final_convex_100",36.66,246457.40748017,0.996944677909518,24.5745453410315,17116,279,13.1397849462366,1.00306468569238
"result_final_convex_100",26.67,2838.09868568168,0.974343874773827,24.2551212204926,14568,566,4.71201413427562,1.02633169447709
"result_final_convex_100",40.6,993225.668992148,0.998925704478353,27.0099611855493,17958,185,21.9459459459459,1.0010754508737
"result_final_convex_100",8.22,58.4960751790414,0.71004825371562,24.9491083783227,5548,514,1.59922178988327,1.40835498822381
"result_final_convex_100",29.49,2716.04089702716,0.984967349096817,24.8309291440091,15768,506,5.82806324110672,1.01526208043035
"result_final_convex_100",3.17,8.14110938698704,0.581120861320881,25.8585159161213,2382,275,1.15272727272727,1.72081242743035
"result_final_convex_100",5.08,24.3232570732076,0.630691844925285,24.7121764791378,3528,366,1.3879781420765,1.58556037793459
"result_final_convex_100",26.69,1950.98766916396,0.97443671200511,25.1925139073845,14444,549,4.8615664845173,1.02623391306993
"result_final_convex_100",14.89,109.450990084115,0.851889612592329,25.2021464462227,9554,720,2.06805555555556,1.17386100877198
"result_final_convex_100",25.22,1174.70255265822,0.966835808470088,24.8073671495702,14034,628,4.01592356687898,1.03430178241163
"result_final_convex_100",33.91,15315.1355934565,0.994123385995983,25.3985725805314,16542,356,9.5252808988764,1.00591135274233
"result_final_convex_100",42.4,938040.796614496,0.999364910646715,26.2418938142422,18180,129,32.8682170542636,1.00063549294809
"result_final_convex_100",9.59,52.159698320534,0.742828462683636,24.9729994938747,6502,608,1.57730263157895,1.34620582036837
"result_final_convex_100",2.17,13.9612068960382,0.555226704432038,25.3460459456896,1540,186,1.16666666666667,1.80106610870408
"result_final_convex_100",34.53,23653.6221523008,0.994903896049614,24.3577035064018,16616,332,10.4006024096386,1.00512220725099
"result_final_convex_100",25.77,1472.83708943125,0.969869998753534,25.5533439521222,14238,579,4.45077720207254,1.03106602048232
"result_final_convex_100",16.07,190.062298164747,0.871545046617966,25.3419911006787,9894,703,2.28591749644381,1.1473876237155
"result_final_convex_100",22.98,673.814185504418,0.951829497438106,25.2294919895552,13308,647,3.55177743431221,1.05060833131516
"result_final_convex_100",5.89,35.8393666021493,0.651550547740434,24.6018757009375,3970,396,1.48737373737374,1.53480033662466
"result_final_convex_100",13.97,149.836758842885,0.835325489890445,25.3189147561653,9200,691,2.02170767004342,1.19713813609489
"result_final_convex_100",38.5,85771.7672616292,0.998092706712632,25.1006413702367,17614,258,14.922480620155,1.0019109380066
"result_final_convex_100",3.76,16.5600620770944,0.596448405323732,25.0840496092884,2666,292,1.28767123287671,1.67659095250198
"result_final_convex_100",34.73,17963.5898410448,0.995135780245096,25.9174876828689,17026,343,10.1253644314869,1.00488799604181
"result_final_convex_100",1.9,7.5055587279141,0.548268801585122,24.6572666603303,1418,164,1.15853658536585,1.82392285884015
"result_final_convex_100",18.91,276.654606194142,0.911490821733839,24.9265536461238,11582,709,2.66713681241185,1.09710375151973
"result_final_convex_100",4.63,37.1502544142307,0.619040131642038,25.9096295241025,3124,338,1.3698224852071,1.61540415376212
"result_final_convex_100",10.85,121.715555451399,0.771543700082138,25.4103039257796,7088,621,1.74718196457327,1.29610286480667
"result_final_convex_100",33.8,16212.4196701744,0.993974664971686,24.9590542709882,16756,382,8.84816753926702,1.00606185976429
"result_final_convex_100",29.69,16030.2585021784,0.985553145909298,25.0563487326365,15470,512,5.798828125,1.01465862510882
"result_final_convex_100",39.59,411663.716368146,0.998576979030661,24.876348113726,18290,198,19.9949494949495,1.00142504884373
"result_final_convex_100",35.14,35799.0339705518,0.995582796363858,25.4518646484325,16782,332,10.5843373493976,1.0044368018936
"result_final_convex_100",33.16,16572.856080162,0.993043511015163,24.9056308358184,16590,399,8.31077694235589,1.00700522072565
"result_final_convex_100",29.27,4647.05572214854,0.984300011431894,24.8501724300108,15122,540,5.42037037037037,1.01595040981994
"result_final_convex_100",22.7,574.954618983031,0.9496267657137,24.6653836155518,13082,651,3.48694316436252,1.05304529748426
"result_final_convex_100",17.31,619.784476624533,0.89025605049245,25.3776477512216,10764,725,2.38758620689655,1.12327234332959
"result_final_convex_100",10.14,68.8966421487573,0.75554727960006,25.3867617485482,6794,598,1.69565217391304,1.32354390916388
"result_final_convex_100",1.87,7.81386581983316,0.547496851801819,26.7497275626555,1360,154,1.21428571428571,1.82649452085247
"result_final_convex_100",4,13.9932771883834,0.602684967520551,25.9667467231271,2926,314,1.27388535031847,1.65924165010122
"result_final_convex_100",39.26,426245.346351647,0.99844327620828,26.179108566541,18000,220,17.8454545454545,1.00155915095911
"result_final_convex_100",12.73,88.754796747852,0.811332212083593,25.3759478537245,8438,695,1.83165467625899,1.23254073375429
"result_final_convex_100",2.51,22.4950214189865,0.564011987436852,25.4594717236181,1838,211,1.18957345971564,1.77301196122531
"result_final_convex_100",29.1,3725.10311855961,0.983767446106143,24.7998924803462,15706,518,5.61776061776062,1.01650039748531
"result_final_convex_100",36.14,66260.6693467847,0.996526984813513,24.8684224580779,17386,284,12.7253521126761,1.0034851190579
"result_final_convex_100",7.73,37.0020799900792,0.697992647178087,25.2474330795677,5400,514,1.50389105058366,1.43267984848107
"result_final_convex_100",38.16,298705.844291825,0.997914713819592,24.7662227094196,17486,243,15.7037037037037,1.00208964368551
"result_final_convex_100",1.21,1.70578291156618,0.530581899813799,25.9226882986406,956,118,1.02542372881356,1.88472316969527
"result_final_convex_100",39.65,651753.811733471,0.998600174291865,25.7178075907587,17854,195,20.3333333333333,1.00140178796697
"result_final_convex_100",17.97,273.218539575745,0.899407671435595,25.3158949165809,11260,720,2.49583333333333,1.11184286254068
"result_final_convex_100",37.16,108211.614121427,0.997304384309243,24.6222248651881,17306,284,13.0845070422535,1.00270290167492
"result_final_convex_100",13.07,96.1186435220668,0.818096953795792,25.2466891781791,8506,664,1.9683734939759,1.22234900809766
"result_final_convex_100",13.77,259.777773635585,0.831583338847403,25.351380985814,8716,707,1.94766619519095,1.20252529516287
"result_final_convex_100",38.08,368864.269010524,0.997870782508088,25.1343757913942,17714,257,14.8171206225681,1.00213376073259
"result_final_convex_100",10.61,148.932179333413,0.76619192638322,25.565842076612,7070,609,1.74220032840722,1.30515601322042
"result_final_convex_100",35.39,40628.8970989063,0.995837543452687,25.2351722676889,17024,341,10.3782991202346,1.00417985501218
"result_final_convex_100",29.11,2102.10821961027,0.983799187802591,25.4299940238398,15570,546,5.33150183150183,1.01646760070375
"result_final_convex_100",12.67,137.370303850852,0.810124167915023,25.3340092596632,8308,677,1.87149187592319,1.23437867873224
"result_final_convex_100",2.97,6.61600902913857,0.575930430597987,25.460207316603,2242,259,1.14671814671815,1.73632082430807
"result_final_convex_100",37.68,261475.424882671,0.997638776971437,25.2291106732047,17306,234,16.1025641025641,1.00236681159861
"result_final_convex_100",43.4,383242.278804544,0.999532593155409,25.031631017842,18332,130,33.3846153846154,1.00046762541591
"result_final_convex_100",21.33,517.748737487118,0.937691563896517,25.3711006394816,12328,651,3.27649769585253,1.06644875404932
"result_final_convex_100",2.9,11.9867698556454,0.574114818833442,25.6335927513255,2132,239,1.21338912133891,1.74181185922343
"result_final_convex_100",12.36,96.39624783564,0.803815366804605,25.6061287353915,8076,639,1.93427230046948,1.24406678610199
"result_final_convex_100",37.08,272447.448633567,0.997249439348172,25.7693319454186,17642,263,14.0988593155894,1.00275814710272
"result_final_convex_100",25.82,882.804115136537,0.970134217970662,25.1587542579465,14226,572,4.51398601398601,1.03078520629013
"result_final_convex_100",25.38,1054.27724152556,0.967742996383225,25.6066188138991,13918,602,4.21594684385382,1.03333220052982
"result_final_convex_100",28.68,5309.12158968812,0.98238635613636,25.1328835445561,15416,508,5.64566929133858,1.01792944675343
"result_final_convex_100",19.87,226.333899544144,0.922707753223684,25.1590743878208,12210,723,2.74827109266943,1.08376676852045
"result_final_convex_100",3.72,11.461951456886,0.595408915054008,25.2274699943316,2738,312,1.19230769230769,1.6795180164699
"result_final_convex_100",18.5,277.571629724026,0.906356449570296,25.5560024076665,11216,705,2.6241134751773,1.10331867829053
"result_final_convex_100",31.51,9610.3419201213,0.99005479814291,25.1525570467042,16218,428,7.36214953271028,1.01004510242842
"result_final_convex_100",27.13,2349.05041412805,0.97641016686058,24.8051070484485,14842,558,4.86200716845878,1.02415975779448
"result_final_convex_100",4.75,66.5352451873874,0.62215051416643,25.6635646412395,3254,355,1.33802816901408,1.60732809381315
"result_final_convex_100",35.5,74608.333950018,0.995945537392676,25.8074419343201,17158,308,11.525974025974,1.00407096819565
"result_final_convex_100",26.68,1782.56251091138,0.974390328020681,25.233247459155,14800,579,4.60794473229706,1.02628276496888
"result_final_convex_100",9.02,40.3425842311678,0.729369322283585,25.2508258854637,6156,578,1.56055363321799,1.37104751934054
"result_final_convex_100",39.81,765357.426142733,0.998660413678837,26.333896231016,17748,195,20.4153846153846,1.00134138321978
"result_final_convex_100",8.52,43.2576568031819,0.717349003335496,25.2562385025488,5772,544,1.56617647058824,1.3940215924888
"result_final_convex_100",2.08,11.4019257390914,0.552905409621479,26.492266270171,1520,169,1.23076923076923,1.80862762888249
"result_final_convex_100",13.08,108.300020215741,0.818293820600492,24.8596157091965,8416,681,1.92070484581498,1.22205493286771
"result_final_convex_100",43.54,822052.664868765,0.999552619100674,24.7910339571853,18368,137,31.7810218978102,1.00044758113858
"result_final_convex_100",5.09,22.1588800339064,0.630950352555885,25.3466814644877,3730,397,1.28211586901763,1.58491075557554
"result_final_convex_100",13.03,74.1874413585518,0.817308282378884,25.6919995681167,8480,677,1.92466765140325,1.22352852841448
"result_final_convex_100",31.42,8499.66132121624,0.989864350962329,25.2458135189346,15822,440,7.14090909090909,1.01023943233011
"result_final_convex_100",5.7,25.9682463283604,0.646674265848187,25.4721335647327,3988,409,1.39364303178484,1.54637358065948
"result_final_convex_100",22.66,446.579034588152,0.949305742848076,25.3929323990682,13210,691,3.27930535455861,1.05340140153354
"result_final_convex_100",30.62,7901.4664100471,0.98803076307605,25.1052742937568,15832,476,6.4327731092437,1.0121142350737
"result_final_convex_100",6.71,65.7797002885964,0.67244425635243,25.1398718732836,4742,465,1.44301075268817,1.48711211457786
"result_final_convex_100",41.23,388431.656985714,0.999102933006966,26.000948989577,18338,158,26.0949367088608,1.00089787244477
"result_final_convex_100",30.54,4835.5349227519,0.987832847225687,25.1168576618342,15876,471,6.48407643312102,1.01231701578712
"result_final_convex_100",4.13,22.3820421047036,0.60606233316463,25.614134037227,3036,333,1.24024024024024,1.64999529797269
"result_final_convex_100",5.94,62.4082342491859,0.652831828766856,25.9652304697259,4162,420,1.41428571428571,1.53178805924478
"result_final_convex_100",22.21,956.922961444989,0.945582802198278,25.209349285645,13190,669,3.31988041853513,1.05754884466512
"result_final_convex_100",19.74,418.574317765803,0.921253764503846,24.8434878613583,11762,692,2.85260115606936,1.08547724691097
"result_final_convex_100",41.62,486851.954645821,0.999199243258267,25.8494425055673,18294,150,27.7466666666667,1.00080139846696
"result_final_convex_100",19.16,194.272394492069,0.914519636568239,25.2092112802911,11440,708,2.70621468926554,1.09347023291105
"result_final_convex_100",16.27,292.417545349036,0.874697692632136,25.0978197643729,10230,727,2.23796423658872,1.14325212976246
"result_final_convex_100",43.82,661650.00700232,0.999590403051435,25.8709322398426,18474,108,40.5740740740741,1.00040976478697
"result_final_convex_100",13.45,82.6233174732779,0.825492646342451,25.6357043930709,8864,696,1.93247126436782,1.21139782944251
"result_final_convex_100",23.83,982.590180705124,0.958054228172068,24.7992500808364,13616,648,3.67746913580247,1.04378225218834
"result_final_convex_100",9.9,56.4169769572429,0.750030992196205,25.5082251469996,6782,612,1.61764705882353,1.33327823837232
"result_final_convex_100",24.24,767.14194905541,0.960818320716133,25.1554524773655,13538,663,3.65610859728507,1.04077948810829
"result_final_convex_100",40.01,364993.661181009,0.998732503597487,26.352964537796,18024,193,20.7305699481865,1.00126910498852
"result_final_convex_100",25.86,2398.9836623011,0.970344228910725,24.6283792912016,14474,597,4.33165829145729,1.03056211415053
"result_final_convex_100",19.58,347.863141157453,0.919436566353221,25.1562012424556,11918,708,2.76553672316384,1.08762261214639
"result_final_convex_100",10.84,72.2398397578418,0.771321869921217,25.3254796300132,7298,610,1.77704918032787,1.29647562061496
"result_final_convex_100",23.08,742.192197571599,0.952597544237793,25.2645749491019,13138,643,3.58942457231726,1.04976126177203
"result_final_convex_100",5.96,40.91760081425,0.653344104033442,25.287945787032,4200,420,1.41904761904762,1.53058701199944
"result_final_convex_100",27.21,1643.37618610677,0.976755079466588,25.4576993144532,14446,576,4.72395833333333,1.02379810560709
"result_final_convex_100",12.48,79.8212181827998,0.806270780466404,25.0354415203689,8072,644,1.93788819875776,1.24027811031615
"result_final_convex_100",38.42,232246.68939971,0.998052067905801,26.0567799942347,17792,236,16.2796610169492,1.00195173393938
"result_final_convex_100",35.16,43557.5332462296,0.995603661041711,26.2545123976861,16770,324,10.8518518518519,1.00441575210128
"result_final_convex_100",31.29,11453.7181410552,0.989583785268108,25.3160975190425,15964,462,6.77272727272727,1.01052585429042
"result_final_convex_100",6.02,29.2388310502021,0.654880100457417,25.693969928843,4226,441,1.36507936507937,1.52699707824612
"result_final_convex_100",41.63,748251.169924588,0.999201587826383,24.3374948451704,18078,154,27.0324675324675,1.00079905014498
"result_final_convex_100",38.67,500545.411948103,0.998176609298064,25.8206876599092,17962,231,16.7402597402597,1.00182672152899
"result_final_convex_100",34.89,50771.6964464509,0.995314668752905,25.1407905934011,16696,339,10.2920353982301,1.0047073869141
"result_final_convex_100",27.22,2611.69107269226,0.976797898729126,25.082599427115,14618,552,4.93115942028986,1.02375322602665
"result_final_convex_100",29.15,4845.22648241672,0.983925634064481,25.069790048609,15302,504,5.78373015873016,1.01633697240829
"result_final_convex_100",20.3,575.782805439702,0.927375073849253,24.9751927424472,12232,672,3.02083333333333,1.07831235516101
"result_final_convex_100",29.85,8435.84308502844,0.986007823692702,24.9671261902521,15772,474,6.29746835443038,1.01419073558148
"result_final_convex_100",9.54,55.3485519888422,0.741658822588247,25.7656333052165,6322,577,1.65337954939341,1.34832886705263
"result_final_convex_100",33.34,11803.7381728799,0.993317104511301,25.4813975032334,16538,393,8.48346055979644,1.00672785705426
"result_final_convex_100",33.97,10659.5540325055,0.994203166054564,24.6386779281918,16766,363,9.35812672176309,1.00583063315765
"result_final_convex_100",24.6,2274.9755399708,0.96312317202278,24.8283685750626,13974,626,3.9297124600639,1.03828879737134
"result_final_convex_100",28.88,5508.50456638905,0.983055809477094,24.8696441642366,15246,514,5.61867704280156,1.01723624473764
"result_final_convex_100",32.81,19008.2385476507,0.99248391631063,25.1407096511509,16542,393,8.34860050890585,1.0075730030138
"result_final_convex_100",2.21,15.7539694782967,0.556258994236139,25.2277801467558,1602,179,1.23463687150838,1.79772374085063
"result_final_convex_100",35.71,70138.4199281936,0.996144981637426,25.3268699021945,17308,284,12.5739436619718,1.00386993704093
"result_final_convex_100",40.45,1080376.35717375,0.998879220789278,25.9972516588003,18196,183,22.103825136612,1.0011220367662
"result_final_convex_100",39.46,191995.432508937,0.998525562331652,25.0100637643833,17660,205,19.2487804878049,1.0014766148449
"result_final_convex_100",30.72,5905.81612089,0.988274315235397,25.3316631531567,15604,456,6.73684210526316,1.01186480776019
"result_final_convex_100",7.59,22.2989107073786,0.694520315127017,24.9431623714733,5298,510,1.48823529411765,1.43984269173914
"result_final_convex_100",34.21,40257.4584544089,0.994513029149895,25.7641604990783,16936,375,9.12266666666667,1.00551724380604
"result_final_convex_100",3.45,12.775607756067,0.588393043829142,25.5104306478634,2488,276,1.25,1.69954422556087
"result_final_convex_100",21.9,474.732569180886,0.942896750599501,25.5159542307145,12388,632,3.46518987341772,1.06056150831381
"result_final_convex_100",11.54,107.210408480959,0.786598549455009,25.14465101536,7628,631,1.82884310618067,1.27129652183168
"result_final_convex_100",13.4,135.818942436892,0.824529584024786,25.1562012794476,8556,658,2.03647416413374,1.21281275939026
"result_final_convex_100",39.23,229506.052185869,0.99843059231049,25.0316329187606,17604,201,19.5174129353234,1.0015718746016
"result_final_convex_100",13.1,103.080525740247,0.818687192517471,25.2774391629029,8486,694,1.88760806916427,1.22146774633788
"result_final_convex_100",28.75,5442.12562310139,0.982623138959679,24.9662428985527,15276,507,5.67061143984221,1.01768415616461
"result_final_convex_100",1.37,19.2587528346626,0.534669631969889,25.7435666890572,980,115,1.19130434782609,1.87031381661923
"result_final_convex_100",12.14,131.153457640656,0.799270649197504,25.06960007053,8098,654,1.85626911314985,1.25114065054689
"result_final_convex_100",3.43,18.1236840713464,0.587873445306029,24.7501490792063,2442,270,1.27037037037037,1.70104638674304
"result_final_convex_100",6.25,27.6038512483055,0.660756021975637,25.4182593554018,4460,449,1.39198218262806,1.51341791333212
"result_final_convex_100",21.36,797.161689738472,0.937974282131077,24.9294676550573,12370,657,3.25114155251142,1.06612731185763
"result_final_linear_500",4.34,157.315372240841,0.173215514431608,25.3900572556952,2886,307,1.41368078175896,5.77315492368807
"result_final_linear_500",16.91,682.830233811436,0.200705331046644,25.5501184954682,10688,695,2.43309352517986,4.98242869177999
"result_final_linear_500",10.22,242.5062091777,0.184133885721318,25.3778703089636,6980,614,1.66449511400651,5.43083092002672
"result_final_linear_500",21.05,1440.76454335929,0.214276021169765,25.6072340638329,12596,675,3.11851851851852,4.66687777074098
"result_final_linear_500",26.71,3935.84338134355,0.239361180966067,25.448933701363,14286,586,4.5580204778157,4.17778687406194
"result_final_linear_500",19.9,1177.98536107956,0.210181054841249,25.3039121540756,11766,691,2.87988422575977,4.75780274656679
"result_final_linear_500",28.91,6395.87596947479,0.252101138338239,24.8945852990121,15428,541,5.34380776340111,3.96666197777465
"result_final_linear_500",7.57,142.478586317661,0.178874847599327,25.5210287618936,5290,526,1.43916349809886,5.59050091961483
"result_final_linear_500",13.32,841.54969019669,0.191144041633589,25.5337206183779,8592,649,2.05238828967643,5.2316566682049
"result_final_linear_500",24.86,3576.45471103906,0.230109634348012,25.0755391121673,13954,590,4.2135593220339,4.34575459142934
"result_final_linear_500",41.44,800936.469932777,0.406215316315205,26.1561578513125,18106,177,23.4124293785311,2.46174863387978
"result_final_linear_500",11.63,455.009920655537,0.187196814031817,25.0196278039676,7670,634,1.83438485804416,5.341971257214
"result_final_linear_500",12.51,432.295581772612,0.189212569475983,25.6054944362893,7884,635,1.97007874015748,5.28506114984571
"result_final_linear_500",10.05,256.091487868232,0.183777709674124,25.3226634243538,6752,604,1.66390728476821,5.44135630906059
"result_final_linear_500",6.54,201.595327642447,0.176987463545809,25.2583104533282,4414,429,1.52447552447552,5.65011769741066
"result_final_linear_500",0.96,25.5957069095907,0.168023887079262,24.4037832848603,708,83,1.1566265060241,5.95153473344102
"result_final_linear_500",34.14,60921.4566382434,0.293415307849951,25.4315975593877,16544,350,9.75428571428571,3.40813847555421
"result_final_linear_500",19.63,1264.06097122025,0.209258728877548,25.1867472123249,11504,674,2.91246290801187,4.77877317406993
"result_final_linear_500",38.89,424809.132556301,0.354857441495848,24.0204661271278,17814,222,17.518018018018,2.81803305514646
"result_final_linear_500",8.76,206.715289865678,0.181161146850925,25.3665750719357,6166,584,1.5,5.51994739149497
"result_final_linear_500",45.25,630804.621471668,0.535452322738386,26.1491416752233,18352,121,37.396694214876,1.8675799086758
"result_final_linear_500",23.7,2167.98368975128,0.224874742116121,25.307051708733,13376,637,3.72056514913658,4.44692005242465
"result_final_linear_500",11.33,271.662704614424,0.186528388413236,25.3147655531184,7598,641,1.76755070202808,5.36111424382542
"result_final_linear_500",34.56,108463.002757149,0.297671033478894,25.5830348310078,16928,355,9.73521126760563,3.35941320293398
"result_final_linear_500",12.62,318.635870995824,0.18947048874626,25.4792194228608,8466,677,1.86410635155096,5.27786678873883
"result_final_linear_500",26.48,7949.09843563606,0.238144597045867,25.142665346955,14384,599,4.42070116861436,4.19912948857453
"result_final_linear_500",22.08,2564.74511238916,0.218189964157706,25.0144289278101,12724,660,3.34545454545455,4.58316221765914
"result_final_linear_500",28.88,11348.0064160855,0.251912723151034,25.5297461843625,15554,495,5.83434343434343,3.96962879640045
"result_final_linear_500",20.69,1397.22739336971,0.212964206116914,25.1905221813573,12202,703,2.94310099573257,4.69562476358593
"result_final_linear_500",1.23,13.9148572213097,0.16841441164936,24.9796181225148,960,113,1.08849557522124,5.93773412979649
"result_final_linear_500",28.7,9091.32584743648,0.250791417516708,24.6503023805255,15404,484,5.9297520661157,3.98737727910238
"result_final_linear_500",26.89,9917.1690834786,0.240327405410736,25.6292362066568,14418,568,4.73415492957746,4.16099028860621
"result_final_linear_500",13.25,468.088953481024,0.190974133186571,25.2247101140586,8752,671,1.97466467958271,5.23631123919309
"result_final_linear_500",3.94,98.530480738093,0.172564940897496,25.6264120209315,2744,298,1.32214765100671,5.79491984176556
"result_final_linear_500",14.31,506.785431911078,0.193610339140062,25.3539284324832,9168,708,2.02118644067797,5.16501342046913
"result_final_linear_500",9.8,267.607811259138,0.183258837870784,25.3800740618827,6552,590,1.66101694915254,5.45676274944568
"result_final_linear_500",19.23,1103.3836816325,0.207918243364996,25.1058606100353,11664,724,2.6560773480663,4.80958276587842
"result_final_linear_500",1.55,41.0728987992912,0.168882408439832,26.2504395172533,1022,114,1.35964912280702,5.92127983748095
"result_final_linear_500",29.87,7144.42896279198,0.258372324356188,25.0103902156866,15790,488,6.12090163934426,3.87038357336375
"result_final_linear_500",2.28,44.2794523498541,0.169971474292075,24.9969456893599,1662,193,1.18134715025907,5.88334015554647
"result_final_linear_500",38.84,803058.393780131,0.35401713359574,24.8207880893115,17734,203,19.1330049261084,2.82472204054938
"result_final_linear_500",30.78,14538.6851146455,0.264784637747686,25.1451936980322,16006,475,6.48,3.77665414620052
"result_final_linear_500",6.1,115.972982172159,0.176205667104522,25.2902023343416,4244,437,1.39588100686499,5.67518636847712
"result_final_linear_500",13.49,420.125995291799,0.191559088594141,25.244344314659,8688,689,1.95791001451379,5.22032135013293
"result_final_linear_500",33.86,42449.4296986057,0.290674167179397,24.6295394039599,16752,351,9.64672364672365,3.44027819776232
"result_final_linear_500",37.41,237518.136960343,0.332060056236405,24.8988465179283,17362,266,14.0639097744361,3.01150343505352
"result_final_linear_500",35.37,106552.044207761,0.306404968472953,25.3712495029945,17120,302,11.7119205298013,3.26365464954356
"result_final_linear_500",34.28,45325.3899816982,0.294814283150906,25.0757809485461,16772,369,9.289972899729,3.39196591600731
"result_final_linear_500",17.79,912.451430976687,0.203334075338231,25.2472929454612,11172,718,2.47771587743733,4.91801484004378
"result_final_linear_500",12.29,327.066749873417,0.188700759450098,25.313475142033,8128,667,1.84257871064468,5.29939573594801
"result_final_linear_500",27.12,5719.6723387056,0.241580482630602,25.3885077207448,14886,586,4.62798634812287,4.13940724478595
"result_final_linear_500",26.76,6535.14024480969,0.239628320900406,25.5287924087452,14666,550,4.86545454545455,4.17312943746586
"result_final_linear_500",15.74,658.097663500952,0.197394930422152,25.0260528205167,10158,729,2.15912208504801,5.06598623308807
"result_final_linear_500",32.12,18142.8916401342,0.275174314901897,25.2402496825049,16366,408,7.87254901960784,3.63406010606954
"result_final_linear_500",11.31,366.134800492322,0.186484156521373,25.3516310599507,7266,634,1.78391167192429,5.36238583831324
"result_final_linear_500",36.66,351249.663155631,0.321947748297245,24.5745453410315,17116,279,13.1397849462366,3.10609409535838
"result_final_linear_500",26.67,6302.77024046464,0.239148159019013,24.2551212204926,14568,566,4.71201413427562,4.18150825037502
"result_final_linear_500",40.6,1350264.4667598,0.387222946544981,27.0099611855493,17958,185,21.9459459459459,2.58249158249158
"result_final_linear_500",8.22,260.703846093102,0.180109109462695,24.9491083783227,5548,514,1.59922178988327,5.55219001961211
"result_final_linear_500",29.49,5868.50348114304,0.255832516962374,24.8309291440091,15768,506,5.82806324110672,3.90880726138137
"result_final_linear_500",3.17,32.6715976705182,0.17134110735583,25.8585159161213,2382,275,1.15272727272727,5.8363110606217
"result_final_linear_500",5.08,129.800496190254,0.17444681320297,24.7121764791378,3528,366,1.3879781420765,5.73240623683101
"result_final_linear_500",26.69,4914.00390768327,0.239254593518488,25.1925139073845,14444,549,4.8615664845173,4.17964806984041
"result_final_linear_500",14.89,487.631143787897,0.195112445840306,25.2021464462227,9554,720,2.06805555555556,5.12524967688874
"result_final_linear_500",25.22,3232.97119802413,0.231818463636927,24.8073671495702,14034,628,4.01592356687898,4.3137202460551
"result_final_linear_500",33.91,32967.5916656703,0.291158200801797,25.3985725805314,16542,356,9.5252808988764,3.4345589347859
"result_final_linear_500",42.4,1248821.22036069,0.431137724550898,26.2418938142422,18180,129,32.8682170542636,2.31944444444445
"result_final_linear_500",9.59,229.401898002937,0.182827445349942,24.9729994938747,6502,608,1.57730263157895,5.46963831434577
"result_final_linear_500",2.17,41.2257100516121,0.169805425858747,25.3460459456896,1540,186,1.16666666666667,5.88909332515589
"result_final_linear_500",34.53,37393.9841322733,0.297361130035881,24.3577035064018,16616,332,10.4006024096386,3.36291431189858
"result_final_linear_500",25.77,3054.30391892489,0.234511736644236,25.5533439521222,14238,579,4.45077720207254,4.26417890340832
"result_final_linear_500",16.07,758.613082001043,0.198308248470099,25.3419911006787,9894,703,2.28591749644381,5.04265459311331
"result_final_linear_500",22.98,2406.42503117269,0.221819019641726,25.2294919895552,13308,647,3.55177743431221,4.50817969358607
"result_final_linear_500",5.89,140.930016700399,0.175837521720446,24.6018757009375,3970,396,1.48737373737374,5.68706832430136
"result_final_linear_500",13.97,439.908056018015,0.19274975914682,25.3189147561653,9200,691,2.02170767004342,5.18807392769963
"result_final_linear_500",38.5,134469.689349619,0.348441926345609,25.1006413702367,17614,258,14.922480620155,2.86991869918699
"result_final_linear_500",3.76,55.4493685848471,0.172275526278104,25.0840496092884,2666,292,1.28767123287671,5.80465502909393
"result_final_linear_500",34.73,42796.7052563031,0.299444877735468,25.9174876828689,17026,343,10.1253644314869,3.33951279301364
"result_final_linear_500",1.9,25.488423492964,0.169400794336039,24.6572666603303,1418,164,1.15853658536585,5.90316004077471
"result_final_linear_500",18.91,865.621895167526,0.206867522130667,24.9265536461238,11582,709,2.66713681241185,4.8340115920582
"result_final_linear_500",4.63,135.711549865152,0.173693700256798,25.9096295241025,3124,338,1.3698224852071,5.75726119324735
"result_final_linear_500",10.85,362.208180395686,0.185477998543639,25.4103039257796,7088,621,1.74718196457327,5.39147504206393
"result_final_linear_500",33.8,29639.1305866845,0.290096406660824,24.9590542709882,16756,382,8.84816753926702,3.44712990936556
"result_final_linear_500",29.69,26183.3852366184,0.257159577191763,25.0563487326365,15470,512,5.798828125,3.88863604039255
"result_final_linear_500",39.59,593976.550053773,0.367211719652301,24.876348113726,18290,198,19.9949494949495,2.72322463168349
"result_final_linear_500",35.14,62851.4566717513,0.303850838564602,25.4518646484325,16782,332,10.5843373493976,3.29108849830404
"result_final_linear_500",33.16,30886.1601456327,0.28413535113076,24.9056308358184,16590,399,8.31077694235589,3.51944943147816
"result_final_linear_500",29.27,9691.51487975961,0.254397007517174,24.8501724300108,15122,540,5.42037037037037,3.93086384843773
"result_final_linear_500",22.7,1712.83266609929,0.220667998858122,24.6653836155518,13082,651,3.48694316436252,4.53169469598964
"result_final_linear_500",17.31,1298.98129863,0.201884811640909,25.3776477512216,10764,725,2.38758620689655,4.95331962752449
"result_final_linear_500",10.14,283.455344806632,0.183965933750972,25.3867617485482,6794,598,1.69565217391304,5.43578900511909
"result_final_linear_500",1.87,47.8934038357228,0.169356091331136,26.7497275626555,1360,154,1.21428571428571,5.90471823091816
"result_final_linear_500",4,55.5681096499469,0.172661870503597,25.9667467231271,2926,314,1.27388535031847,5.79166666666667
"result_final_linear_500",39.26,664605.025180426,0.36124658023076,26.179108566541,18000,220,17.8454545454545,2.76819229502799
"result_final_linear_500",12.73,344.098739633009,0.189729764984673,25.3759478537245,8438,695,1.83165467625899,5.27065429127993
"result_final_linear_500",2.51,43.1434853331488,0.170320935026817,25.4594717236181,1838,211,1.18957345971564,5.871268848087
"result_final_linear_500",29.1,9239.9276127378,0.253304751697035,24.7998924803462,15706,518,5.61776061776062,3.9478138222849
"result_final_linear_500",36.14,107210.927813144,0.315420329941717,24.8684224580779,17386,284,12.7253521126761,3.17037269025994
"result_final_linear_500",7.73,151.207630967237,0.179175485950638,25.2474330795677,5400,514,1.50389105058366,5.5811206242549
"result_final_linear_500",38.16,418650.282971768,0.343098091433644,24.7662227094196,17486,243,15.7037037037037,2.91461836998706
"result_final_linear_500",1.21,9.89739092947052,0.16838534831001,25.9226882986406,956,118,1.02542372881356,5.93875898370282
"result_final_linear_500",39.65,996880.11291406,0.368324687213915,25.7178075907587,17854,195,20.3333333333333,2.71499585749793
"result_final_linear_500",17.97,919.461389048928,0.203887356150424,25.3158949165809,11260,720,2.49583333333333,4.90466902352797
"result_final_linear_500",37.16,156394.713686085,0.328592344697762,24.6222248651881,17306,284,13.0845070422535,3.04328453214513
"result_final_linear_500",13.07,478.988808616122,0.190539859281503,25.2466891781791,8506,664,1.9683734939759,5.24824571494305
"result_final_linear_500",13.77,586.039477861759,0.192250239671817,25.351380985814,8716,707,1.94766619519095,5.20155398353241
"result_final_linear_500",38.08,524873.838725795,0.341872791519435,25.1343757913942,17714,257,14.8171206225681,2.9250645994832
"result_final_linear_500",10.61,388.233038780656,0.18496141033334,25.565842076612,7070,609,1.74220032840722,5.40653316925831
"result_final_linear_500",35.39,67984.837806619,0.306629965355228,25.2351722676889,17024,341,10.3782991202346,3.26125986689366
"result_final_linear_500",29.11,6081.33550744163,0.253368597876979,25.4299940238398,15570,546,5.33150183150183,3.94681901537594
"result_final_linear_500",12.67,400.934903022896,0.18958817271997,25.3340092596632,8308,677,1.87149187592319,5.27459063323029
"result_final_linear_500",2.97,33.7782933701896,0.171029206987115,25.460207316603,2242,259,1.14671814671815,5.84695455013914
"result_final_linear_500",37.68,374814.39645747,0.335920655454937,25.2291106732047,17306,234,16.1025641025641,2.97689345314506
"result_final_linear_500",43.4,506198.707848765,0.461663947797716,25.031631017842,18332,130,33.3846153846154,2.1660777385159
"result_final_linear_500",21.33,1850.51567595625,0.215315981060295,25.3711006394816,12328,651,3.27649769585253,4.64433710435999
"result_final_linear_500",2.9,33.5810145084042,0.17092061256821,25.6335927513255,2132,239,1.21338912133891,5.85066941297631
"result_final_linear_500",12.36,455.129318772829,0.18886302904922,25.6061287353915,8076,639,1.93427230046948,5.29484253765404
"result_final_linear_500",37.08,393341.188820119,0.327503643556111,25.7693319454186,17642,263,14.0988593155894,3.05340114431023
"result_final_linear_500",25.82,3089.78913154289,0.234761693778087,25.1587542579465,14226,572,4.51398601398601,4.25963871663522
"result_final_linear_500",25.38,4106.56242585649,0.232591484321426,25.6066188138991,13918,602,4.21594684385382,4.29938354328599
"result_final_linear_500",28.68,9353.36817059649,0.250667791367918,25.1328835445561,15416,508,5.64566929133858,3.98934380257992
"result_final_linear_500",19.87,1102.71142028401,0.210077864876911,25.1590743878208,12210,723,2.74827109266943,4.76013977286908
"result_final_linear_500",3.72,53.1941904234987,0.172211490305502,25.2274699943316,2738,312,1.19230769230769,5.80681346073951
"result_final_linear_500",18.5,994.92876355327,0.205548549810845,25.5560024076665,11216,705,2.6241134751773,4.86503067484662
"result_final_linear_500",31.51,22195.5311596091,0.270294802478393,25.1525570467042,16218,428,7.36214953271028,3.69966418455249
"result_final_linear_500",27.13,6232.67043362072,0.2416354411911,24.8051070484485,14842,558,4.86200716845878,4.13846576094415
"result_final_linear_500",4.75,103.689743695239,0.173893199452305,25.6635646412395,3254,355,1.33802816901408,5.750656167979
"result_final_linear_500",35.5,115447.926222991,0.307875894988067,25.8074419343201,17158,308,11.525974025974,3.24806201550387
"result_final_linear_500",26.68,5048.90869771643,0.239201357170821,25.233247459155,14800,579,4.60794473229706,4.18057828696126
"result_final_linear_500",9.02,244.074207262361,0.181676584528136,25.2508258854637,6156,578,1.56055363321799,5.504286656408
"result_final_linear_500",39.81,1084244.47287881,0.371336911592325,26.333896231016,17748,195,20.4153846153846,2.69297225452733
"result_final_linear_500",8.52,208.382408875725,0.180690526981117,25.2562385025488,5772,544,1.56617647058824,5.5343244425011
"result_final_linear_500",2.08,30.0648394063495,0.169670085943998,26.492266270171,1520,169,1.23076923076923,5.89379084967319
"result_final_linear_500",13.08,482.165310961306,0.190563886696483,24.8596157091965,8416,681,1.92070484581498,5.24758398527383
"result_final_linear_500",43.54,1075390.26856663,0.466380307285643,24.7910339571853,18368,137,31.7810218978102,2.14417286574566
"result_final_linear_500",5.09,77.5870257268582,0.17446370471131,25.3466814644877,3730,397,1.28211586901763,5.73185122747868
"result_final_linear_500",13.03,383.422709798425,0.190443865373245,25.6919995681167,8480,677,1.92466765140325,5.25089111187767
"result_final_linear_500",31.42,17647.2401574171,0.269596666404592,25.2458135189346,15822,440,7.14090909090909,3.70924467774861
"result_final_linear_500",5.7,108.067077743359,0.175507165456914,25.4721335647327,3988,409,1.39364303178484,5.69777306468718
"result_final_linear_500",22.66,1548.68256631515,0.220505217540058,25.3929323990682,13210,691,3.27930535455861,4.53504008275149
"result_final_linear_500",30.62,14899.0824663951,0.263621855764116,25.1052742937568,15832,476,6.4327731092437,3.79331219371577
"result_final_linear_500",6.71,166.904317483506,0.177293373116175,25.1398718732836,4742,465,1.44301075268817,5.6403687426305
"result_final_linear_500",41.23,537195.068321754,0.401242575271386,26.000948989577,18338,158,26.0949367088608,2.49225795473882
"result_final_linear_500",30.54,10224.69115058,0.263046277361206,25.1168576618342,15876,471,6.48407643312102,3.8016124388137
"result_final_linear_500",4.13,88.7299633388271,0.17287267612745,25.614134037227,3036,333,1.24024024024024,5.7846041514551
"result_final_linear_500",5.94,182.086551966282,0.175924886843976,25.9652304697259,4162,420,1.41428571428571,5.68424409951094
"result_final_linear_500",22.21,1946.63185312481,0.218701678427844,25.209349285645,13190,669,3.31988041853513,4.5724386167888
"result_final_linear_500",19.74,1374.95229692838,0.209632763934598,24.8434878613583,11762,692,2.85260115606936,4.77024669823074
"result_final_linear_500",41.62,655697.748504221,0.410606273737516,25.8494425055673,18294,150,27.7466666666667,2.43542309009935
"result_final_linear_500",19.16,915.301044125875,0.207686774226698,25.2092112802911,11440,708,2.70621468926554,4.8149430974765
"result_final_linear_500",16.27,780.370112878516,0.198869439232359,25.0978197643729,10230,727,2.23796423658872,5.02842469843544
"result_final_linear_500",43.82,860045.294662375,0.476182403797253,25.8709322398426,18474,108,40.5740740740741,2.1000355998576
"result_final_linear_500",13.45,457.24305968136,0.19146112155735,25.6357043930709,8864,696,1.93247126436782,5.22299248989023
"result_final_linear_500",23.83,2721.50086150849,0.225441737946547,24.7992500808364,13616,648,3.67746913580247,4.43573585401078
"result_final_linear_500",9.9,187.616704186706,0.183465689268988,25.5082251469996,6782,612,1.61764705882353,5.45061043285239
"result_final_linear_500",24.24,2029.62664106641,0.227261819054476,25.1554524773655,13538,663,3.65610859728507,4.40021119324181
"result_final_linear_500",40.01,516562.128155672,0.375195446869723,26.352964537796,18024,193,20.7305699481865,2.66527754625771
"result_final_linear_500",25.86,4621.81776281454,0.234962286873297,24.6283792912016,14474,597,4.33165829145729,4.2560021580793
"result_final_linear_500",19.58,1077.40725450894,0.209089490926109,25.1562012424556,11918,708,2.76553672316384,4.78264113404625
"result_final_linear_500",10.84,346.674133200271,0.185456360762127,25.3254796300132,7298,610,1.77704918032787,5.39210408254822
"result_final_linear_500",23.08,2231.75634397654,0.222235062983936,25.2645749491019,13138,643,3.58942457231726,4.49973998959959
"result_final_linear_500",5.96,129.823954692315,0.175959883242272,25.287945787032,4200,420,1.41904761904762,5.68311356869418
"result_final_linear_500",27.21,4797.43596701916,0.242076557251655,25.4576993144532,14446,576,4.72395833333333,4.13092457755185
"result_final_linear_500",12.48,416.325681866708,0.189142461964039,25.0354415203689,8072,644,1.93788819875776,5.28702010968921
"result_final_linear_500",38.42,350952.009853636,0.347164280076672,26.0567799942347,17792,236,16.2796610169492,2.880480675544
"result_final_linear_500",35.16,98539.9687209123,0.30407053085725,26.2545123976861,16770,324,10.8518518518519,3.28871067242443
"result_final_linear_500",31.29,21482.5594237056,0.268597787420351,25.3160975190425,15964,462,6.77272727272727,3.72303885897249
"result_final_linear_500",6.02,136.188355203605,0.176065045524373,25.693969928843,4226,441,1.36507936507937,5.67971908916792
"result_final_linear_500",41.63,1011596.36833697,0.410853804462589,24.3374948451704,18078,154,27.0324675324675,2.43395579921192
"result_final_linear_500",38.67,706022.659096527,0.351199679321995,25.8206876599092,17962,231,16.7402597402597,2.84738300994619
"result_final_linear_500",34.89,91147.8477316458,0.301142407844225,25.1407905934011,16696,339,10.2920353982301,3.32068806634926
"result_final_linear_500",27.22,6008.52629293306,0.242131878368488,25.082599427115,14618,552,4.93115942028986,4.12998076394613
"result_final_linear_500",29.15,9530.97257384821,0.253624485412565,25.069790048609,15302,504,5.78373015873016,3.94283697953423
"result_final_linear_500",20.3,1648.25492958092,0.211574196973719,24.9751927424472,12232,672,3.02083333333333,4.72647427854455
"result_final_linear_500",29.85,19441.4424551311,0.258236701638137,24.9671261902521,15772,474,6.29746835443038,3.87241625089095
"result_final_linear_500",9.54,253.663133869165,0.182725326223084,25.7656333052165,6322,577,1.65337954939341,5.47269511386248
"result_final_linear_500",33.34,23018.7732458794,0.285775529452113,25.4813975032334,16538,393,8.48346055979644,3.49924992499251
"result_final_linear_500",33.97,21606.2569061816,0.291742146423364,24.6386779281918,16766,363,9.35812672176309,3.42768438588521
"result_final_linear_500",24.6,4027.49740968335,0.228901032179721,24.8283685750626,13974,626,3.9297124600639,4.36870026525198
"result_final_linear_500",28.88,11903.2961644911,0.251912723151034,24.8696441642366,15246,514,5.61867704280156,3.96962879640045
"result_final_linear_500",32.81,34496.2924126099,0.281023882220085,25.1407096511509,16542,393,8.34860050890585,3.55841643101651
"result_final_linear_500",2.21,35.8775001268957,0.169865726345776,25.2277801467558,1602,179,1.23463687150838,5.88700276101852
"result_final_linear_500",35.71,107275.123454017,0.310294898402432,25.3268699021945,17308,284,12.5739436619718,3.22274070617515
"result_final_linear_500",40.45,1470861.00181251,0.384069654950016,25.9972516588003,18196,183,22.103825136612,2.60369437447523
"result_final_linear_500",39.46,372233.929241718,0.364830661684946,25.0100637643833,17660,205,19.2487804878049,2.74099768747936
"result_final_linear_500",30.72,13970.4856290717,0.264346764346764,25.3316631531567,15604,456,6.73684210526316,3.78290993071594
"result_final_linear_500",7.59,146.961060807088,0.178912315347234,24.9431623714733,5298,510,1.48823529411765,5.5893301590737
"result_final_linear_500",34.21,62828.7514953937,0.294112387679378,25.7641604990783,16936,375,9.12266666666667,3.4000607995136
"result_final_linear_500",3.45,59.0566239901876,0.171781869940397,25.5104306478634,2488,276,1.25,5.82133609528741
"result_final_linear_500",21.9,2126.48516705417,0.217488164856586,25.5159542307145,12388,632,3.46518987341772,4.59795134443022
"result_final_linear_500",11.54,364.831044649911,0.186995307149199,25.14465101536,7628,631,1.82884310618067,5.3477277865702
"result_final_linear_500",13.4,488.418498356196,0.191338930623067,25.1562012794476,8556,658,2.03647416413374,5.22632794457274
"result_final_linear_500",39.23,367323.204834289,0.360717041609782,25.0316329187606,17604,201,19.5174129353234,2.77225604739181
"result_final_linear_500",13.1,471.042577294235,0.190611976310594,25.2774391629029,8486,694,1.88760806916427,5.24626006904489
"result_final_linear_500",28.75,9207.38185172496,0.251101321585903,24.9662428985527,15276,507,5.67061143984221,3.98245614035088
"result_final_linear_500",1.37,59.9813093179692,0.168618467167011,25.7435666890572,980,115,1.19130434782609,5.93054851465073
"result_final_linear_500",12.14,413.768645990362,0.18835484285898,25.06960007053,8098,654,1.85626911314985,5.30912815843388
"result_final_linear_500",3.43,91.0966343288147,0.171750226759386,24.7501490792063,2442,270,1.27037037037037,5.82240861551207
"result_final_linear_500",6.25,98.0518010978502,0.176470588235294,25.4182593554018,4460,449,1.39198218262806,5.66666666666667
"result_final_linear_500",21.36,2468.113739281,0.215428446197677,24.9294676550573,12370,657,3.25114155251142,4.64191251271617
"result_final_concave_500",4.34,162.586563606436,0.16695303948258,25.3900572556952,2886,307,1.41368078175896,5.98970826227061
"result_final_concave_500",16.91,828.093436643592,0.172624820203735,25.5501184954682,10688,695,2.43309352517986,5.79290972653748
"result_final_concave_500",10.22,273.058373028267,0.168486054574689,25.3778703089636,6980,614,1.66449511400651,5.93520931168048
"result_final_concave_500",21.05,1714.97337179508,0.177161820791671,25.6072340638329,12596,675,3.11851851851852,5.6445570243711
"result_final_concave_500",26.71,5088.50668664142,0.187409532801268,25.448933701363,14286,586,4.5580204778157,5.33590786473181
"result_final_concave_500",19.9,1472.19302581339,0.175704026809063,25.3039121540756,11766,691,2.87988422575977,5.69138919671259
"result_final_concave_500",28.91,8109.05909664612,0.193307415156107,24.8945852990121,15428,541,5.34380776340111,5.17310729747455
"result_final_concave_500",7.57,154.991090920226,0.167603511617706,25.5210287618936,5290,526,1.43916349809886,5.96646210063273
"result_final_concave_500",13.32,916.969413721102,0.170012232408595,25.5337206183779,8592,649,2.05238828967643,5.88192970489719
"result_final_concave_500",24.86,4454.10868076078,0.183395569591595,25.0755391121673,13954,590,4.2135593220339,5.45269442564457
"result_final_concave_500",41.44,852067.249227419,0.286028471316227,26.1561578513125,18106,177,23.4124293785311,3.49615545402968
"result_final_concave_500",11.63,509.665481708537,0.169107461319933,25.0196278039676,7670,634,1.83438485804416,5.91339963473349
"result_final_concave_500",12.51,496.503555480325,0.169555540166453,25.6054944362893,7884,635,1.97007874015748,5.89777248810802
"result_final_concave_500",10.05,277.474747706838,0.168418685684172,25.3226634243538,6752,604,1.66390728476821,5.9375834453147
"result_final_concave_500",6.54,214.228905837828,0.167349551156959,25.2583104533282,4414,429,1.52447552447552,5.97551647486696
"result_final_concave_500",0.96,25.7244169325577,0.166679717033251,24.4037832848603,708,83,1.1566265060241,5.99953022358749
"result_final_concave_500",34.14,69185.3887446377,0.214755840854992,25.4315975593877,16544,350,9.75428571428571,4.65645076761951
"result_final_concave_500",19.63,1555.04627885921,0.17538564209121,25.1867472123249,11504,674,2.91246290801187,5.70172100792576
"result_final_concave_500",38.89,455007.546266041,0.251571233903923,24.0204661271278,17814,222,17.518018018018,3.97501727237188
"result_final_concave_500",8.76,228.387491353501,0.167956858103088,25.3665750719357,6166,584,1.5,5.95390989861351
"result_final_concave_500",45.25,679608.521583877,0.386903945595792,26.1491416752233,18352,121,37.396694214876,2.58462083776402
"result_final_concave_500",23.7,2702.41734622041,0.181238596101264,25.307051708733,13376,637,3.72056514913658,5.51758853528785
"result_final_concave_500",11.33,309.34194996614,0.16896558429889,25.3147655531184,7598,641,1.76755070202808,5.91836499811145
"result_final_concave_500",34.56,116533.626444984,0.217133563341926,25.5830348310078,16928,355,9.73521126760563,4.60546027343213
"result_final_concave_500",12.62,372.085511522012,0.169615007304056,25.4792194228608,8466,677,1.86410635155096,5.89570472503872
"result_final_concave_500",26.48,8893.60542338468,0.186867928101867,25.142665346955,14384,599,4.42070116861436,5.35137308021562
"result_final_concave_500",22.08,2869.4656938918,0.178618821895565,25.0144289278101,12724,660,3.34545454545455,5.59851413970629
"result_final_concave_500",28.88,13678.8697671829,0.193217353845823,25.5297461843625,15554,495,5.83434343434343,5.17551855511874
"result_final_concave_500",20.69,1757.93914947938,0.176687153205271,25.1905221813573,12202,703,2.94310099573257,5.65972104852594
"result_final_concave_500",1.23,14.0849931013646,0.166688208553914,24.9796181225148,960,113,1.08849557522124,5.99922459228157
"result_final_concave_500",28.7,11221.3159675261,0.192683055326984,24.6503023805255,15404,484,5.9297520661157,5.18986995666534
"result_final_concave_500",26.89,11336.7596756507,0.187842507698302,25.6292362066568,14418,568,4.73415492957746,5.32360865627988
"result_final_concave_500",13.25,516.74561751931,0.16997101956638,25.2247101140586,8752,671,1.97466467958271,5.88335589532345
"result_final_concave_500",3.94,100.11755038837,0.166900649534609,25.6264120209315,2744,298,1.32214765100671,5.99158842573969
"result_final_concave_500",14.31,599.174428718653,0.170632173089107,25.3539284324832,9168,708,2.02118644067797,5.86055948240068
"result_final_concave_500",9.8,297.357353688698,0.168322436012549,25.3800740618827,6552,590,1.66101694915254,5.94097865792203
"result_final_concave_500",19.23,1351.05663432276,0.174929724029223,25.1058606100353,11664,724,2.6560773480663,5.71658136174127
"result_final_concave_500",1.55,41.8384490832846,0.166701100801605,26.2504395172533,1022,114,1.35964912280702,5.9987606272026
"result_final_concave_500",29.87,9106.83459866172,0.196349980505,25.0103902156866,15790,488,6.12090163934426,5.0929467750802
"result_final_concave_500",2.28,45.4171901259588,0.166742309422651,24.9969456893599,1662,193,1.18134715025907,5.99727809613842
"result_final_concave_500",38.84,866265.470167296,0.251034136629198,24.8207880893115,17734,203,19.1330049261084,3.98352197604543
"result_final_concave_500",30.78,16210.6468277323,0.199547161923246,25.1451936980322,16006,475,6.48,5.01134664287854
"result_final_concave_500",6.1,125.506337703741,0.167254868002309,25.2902023343416,4244,437,1.39588100686499,5.97889922095538
"result_final_concave_500",13.49,494.57190859112,0.170113731082949,25.244344314659,8688,689,1.95791001451379,5.87842024058829
"result_final_concave_500",33.86,48405.4350236536,0.213239400682237,24.6295394039599,16752,351,9.64672364672365,4.68956485902983
"result_final_concave_500",37.41,277405.90274301,0.237316745584393,24.8988465179283,17362,266,14.0639097744361,4.21377765626061
"result_final_concave_500",35.37,120178.740935365,0.222099681210282,25.3712495029945,17120,302,11.7119205298013,4.50248282460707
"result_final_concave_500",34.28,54121.0821334483,0.215534352050138,25.0757809485461,16772,369,9.289972899729,4.63963164334648
"result_final_concave_500",17.79,1106.27162683094,0.173434616616252,25.2472929454612,11172,718,2.47771587743733,5.7658616227269
"result_final_concave_500",12.29,371.759544154537,0.169438949579154,25.313475142033,8128,667,1.84257871064468,5.90183073303843
"result_final_concave_500",27.12,6928.68600541678,0.188407692215138,25.3885077207448,14886,586,4.62798634812287,5.30763891984901
"result_final_concave_500",26.76,8407.50984778846,0.187528992349684,25.5287924087452,14666,550,4.86545454545455,5.33250878954923
"result_final_concave_500",15.74,769.234388975295,0.171658387973335,25.0260528205167,10158,729,2.15912208504801,5.82552365664379
"result_final_concave_500",32.12,21440.9984716245,0.204898479943769,25.2402496825049,16366,408,7.87254901960784,4.88046568366165
"result_final_concave_500",11.31,415.694447900245,0.168956316595819,25.3516310599507,7266,634,1.78391167192429,5.9186896361633
"result_final_concave_500",36.66,373849.538122808,0.231210573175971,24.5745453410315,17116,279,13.1397849462366,4.32506172301608
"result_final_concave_500",26.67,7191.58190240669,0.187314410592078,24.2551212204926,14568,566,4.71201413427562,5.33861755130917
"result_final_concave_500",40.6,1434710.80359647,0.272916286365788,27.0099611855493,17958,185,21.9459459459459,3.66412724325182
"result_final_concave_500",8.22,281.363083683929,0.167788240327554,24.9491083783227,5548,514,1.59922178988327,5.959893244293
"result_final_concave_500",29.49,7114.52147278213,0.195107386272686,24.8309291440091,15768,506,5.82806324110672,5.12538258598975
"result_final_concave_500",3.17,33.8958147400179,0.166815655672249,25.8585159161213,2382,275,1.15272727272727,5.99464118622505
"result_final_concave_500",5.08,137.189177816795,0.167065431927825,24.7121764791378,3528,366,1.3879781420765,5.98567871558263
"result_final_concave_500",26.69,6145.92204377311,0.187361922340659,25.1925139073845,14444,549,4.8615664845173,5.33726377007284
"result_final_concave_500",14.89,579.298492694706,0.17102897811878,25.2021464462227,9554,720,2.06805555555556,5.84696237444334
"result_final_concave_500",25.22,3978.59941462616,0.184118249989355,24.8073671495702,14034,628,4.01592356687898,5.43129211828711
"result_final_concave_500",33.91,42770.363251559,0.213506305179174,25.3985725805314,16542,356,9.5252808988764,4.68370242818264
"result_final_concave_500",42.4,1332135.70265572,0.303886511518846,26.2418938142422,18180,129,32.8682170542636,3.29070216049383
"result_final_concave_500",9.59,255.918251917847,0.168244143483208,24.9729994938747,6502,608,1.57730263157895,5.943743296478
"result_final_concave_500",2.17,42.1741434304034,0.16673502964351,25.3460459456896,1540,186,1.16666666666667,5.99753994189501
"result_final_concave_500",34.53,41369.4743478376,0.216959469412141,24.3577035064018,16616,332,10.4006024096386,4.60915581472214
"result_final_concave_500",25.77,3950.60399980065,0.185274905445907,25.5533439521222,14238,579,4.45077720207254,5.39738502412547
"result_final_concave_500",16.07,893.12314720571,0.171918846026129,25.3419911006787,9894,703,2.28591749644381,5.81669795438259
"result_final_concave_500",22.98,2963.51823386335,0.180021422865914,25.2294919895552,13308,647,3.55177743431221,5.55489443467422
"result_final_concave_500",5.89,148.494220923644,0.167212482955869,24.6018757009375,3970,396,1.48737373737374,5.98041475326888
"result_final_concave_500",13.97,512.901385340277,0.170411307149747,25.3189147561653,9200,691,2.02170767004342,5.8681552106238
"result_final_concave_500",38.5,153756.924880917,0.247493006592616,25.1006413702367,17614,258,14.922480620155,4.04051821006014
"result_final_concave_500",3.76,57.6928803510413,0.16687893476737,25.0840496092884,2666,292,1.28767123287671,5.99236806846835
"result_final_concave_500",34.73,51642.2392721907,0.218132881967471,25.9174876828689,17026,343,10.1253644314869,4.58436156429238
"result_final_concave_500",1.9,25.9463815657244,0.166718782834268,24.6572666603303,1418,164,1.15853658536585,5.99812440445946
"result_final_concave_500",18.91,1071.57555064505,0.174578134358136,24.9265536461238,11582,709,2.66713681241185,5.72809420650907
"result_final_concave_500",4.63,142.968340606698,0.166994656018265,25.9096295241025,3124,338,1.3698224852071,5.98821557433925
"result_final_concave_500",10.85,403.93292983572,0.168749614166587,25.4103039257796,7088,621,1.74718196457327,5.9259394751138
"result_final_concave_500",33.8,35470.062198707,0.212921305734403,24.9590542709882,16756,382,8.84816753926702,4.69657086006881
"result_final_concave_500",29.69,28170.9271869173,0.195754919652491,25.0563487326365,15470,512,5.798828125,5.10842844601415
"result_final_concave_500",39.59,637710.591296536,0.259568429679283,24.876348113726,18290,198,19.9949494949495,3.85254863711884
"result_final_concave_500",35.14,72311.5529999869,0.220635621894697,25.4518646484325,16782,332,10.5843373493976,4.53235969519587
"result_final_concave_500",33.16,35928.0960321455,0.209671132331389,24.9056308358184,16590,399,8.31077694235589,4.76937377540119
"result_final_concave_500",29.27,11209.94634098,0.194411255090593,24.8501724300108,15122,540,5.42037037037037,5.14373511725961
"result_final_concave_500",22.7,2170.34912255352,0.179571387657328,24.6653836155518,13082,651,3.48694316436252,5.56881590684301
"result_final_concave_500",17.31,1427.76956607148,0.172983683686564,25.3776477512216,10764,725,2.38758620689655,5.7808920395749
"result_final_concave_500",10.14,314.125040799133,0.168454156443722,25.3867617485482,6794,598,1.69565217391304,5.9363331906511
"result_final_concave_500",1.87,48.7487241664782,0.166717118687369,26.7497275626555,1360,154,1.21428571428571,5.99818427689611
"result_final_concave_500",4,57.8919824353849,0.166908142567372,25.9667467231271,2926,314,1.27388535031847,5.99131944444444
"result_final_concave_500",39.26,745490.828502973,0.255683604156851,26.179108566541,18000,220,17.8454545454545,3.9110837916167
"result_final_concave_500",12.73,398.974689515776,0.169675264540804,25.3759478537245,8438,695,1.83165467625899,5.89361096743431
"result_final_concave_500",2.51,43.8388908673283,0.166758782603245,25.4594717236181,1838,211,1.18957345971564,5.99668565810543
"result_final_concave_500",29.1,11628.0069678798,0.193884631391212,24.7998924803462,15706,518,5.61776061776062,5.15770637839903
"result_final_concave_500",36.14,126324.47472282,0.227342900916884,24.8684224580779,17386,284,12.7253521126761,4.39864185759465
"result_final_concave_500",7.73,165.666879154414,0.167647178749564,25.2474330795677,5400,514,1.50389105058366,5.96490801371509
"result_final_concave_500",38.16,444772.276071842,0.244135615962058,24.7662227094196,17486,243,15.7037037037037,4.09608403943574
"result_final_concave_500",1.21,10.0423041654095,0.166687505172229,25.9226882986406,956,118,1.02542372881356,5.99924990758459
"result_final_concave_500",39.65,1105598.39304891,0.260298071289756,25.7178075907587,17854,195,20.3333333333333,3.84174955674885
"result_final_concave_500",17.97,1071.19485809994,0.173609603769954,25.3158949165809,11260,720,2.49583333333333,5.76005001039618
"result_final_concave_500",37.16,169099.744628539,0.235207410320802,24.6222248651881,17306,284,13.0845070422535,4.25156672842955
"result_final_concave_500",13.07,543.897537196078,0.169866582229383,25.2466891781791,8506,664,1.9683734939759,5.88697309897969
"result_final_concave_500",13.77,654.111371956236,0.170285320786142,25.351380985814,8716,707,1.94766619519095,5.87249679175741
"result_final_concave_500",38.08,561288.251580969,0.243370913593568,25.1343757913942,17714,257,14.8171206225681,4.10895445652972
"result_final_concave_500",10.61,429.150824525261,0.168646593864155,25.565842076612,7070,609,1.74220032840722,5.92955942416187
"result_final_concave_500",35.39,77033.476445596,0.222229111489496,25.2351722676889,17024,341,10.3782991202346,4.49986049666255
"result_final_concave_500",29.11,7587.36608436489,0.193915341145851,25.4299940238398,15570,546,5.33150183150183,5.15688956887564
"result_final_concave_500",12.67,465.220269818009,0.169642298607266,25.3340092596632,8308,677,1.87149187592319,5.89475625012056
"result_final_concave_500",2.97,34.9627246763682,0.166796895620941,25.460207316603,2242,259,1.14671814671815,5.99531541805537
"result_final_concave_500",37.68,403616.890538305,0.239683692617348,25.2291106732047,17306,234,16.1025641025641,4.17216536127256
"result_final_concave_500",43.4,544459.626753818,0.326775171468324,25.031631017842,18332,130,33.3846153846154,3.06020801857933
"result_final_concave_500",21.33,2251.34378748771,0.177543085618921,25.3711006394816,12328,651,3.27649769585253,5.63243562267698
"result_final_concave_500",2.9,34.6503740143956,0.166790645624032,25.6335927513255,2132,239,1.21338912133891,5.99554007515584
"result_final_concave_500",12.36,514.08554352626,0.169475709874088,25.6061287353915,8076,639,1.93427230046948,5.90055059065957
"result_final_concave_500",37.08,420593.846517877,0.234548472229845,25.7693319454186,17642,263,14.0988593155894,4.26351103672956
"result_final_concave_500",25.82,3898.71479940147,0.185383321482873,25.1587542579465,14226,572,4.51398601398601,5.39422852067297
"result_final_concave_500",25.38,5112.33041733569,0.184448051070009,25.6066188138991,13918,602,4.21594684385382,5.42158073343069
"result_final_concave_500",28.68,11115.7738542136,0.192624324796116,25.1328835445561,15416,508,5.64566929133858,5.19145233115524
"result_final_concave_500",19.87,1343.14571404956,0.175668218786103,25.1590743878208,12210,723,2.74827109266943,5.69254932343578
"result_final_concave_500",3.72,55.4333444499899,0.166874264030262,25.2274699943316,2738,312,1.19230769230769,5.99253579220972
"result_final_concave_500",18.5,1203.08165134304,0.174144157725357,25.5560024076665,11216,705,2.6241134751773,5.74236892619218
"result_final_concave_500",31.51,26497.2079228652,0.202359879338662,25.1525570467042,16218,428,7.36214953271028,4.9416910272339
"result_final_concave_500",27.13,7331.47783946699,0.18843257440873,24.8051070484485,14842,558,4.86200716845878,5.30693805536454
"result_final_concave_500",4.75,106.717810258688,0.167012785893523,25.6635646412395,3254,355,1.33802816901408,5.9875655306866
"result_final_concave_500",35.5,127057.296381811,0.222947173805281,25.8074419343201,17158,308,11.525974025974,4.48536746589749
"result_final_concave_500",26.68,6201.2914216495,0.187338154141907,25.233247459155,14800,579,4.60794473229706,5.33794092602465
"result_final_concave_500",9.02,269.424334383855,0.168043117470826,25.2508258854637,6156,578,1.56055363321799,5.95085365619696
"result_final_concave_500",39.81,1160024.09148807,0.262280394393444,26.333896231016,17748,195,20.4153846153846,3.81271349813479
"result_final_concave_500",8.52,230.835568702387,0.167880181422342,25.2562385025488,5772,544,1.56617647058824,5.9566292550296
"result_final_concave_500",2.08,30.5965989453374,0.166729359037651,26.492266270171,1520,169,1.23076923076923,5.99774392327736
"result_final_concave_500",13.08,545.533970679128,0.169872326543698,24.8596157091965,8416,681,1.92070484581498,5.88677402815673
"result_final_concave_500",43.54,1152529.17018761,0.330412550034041,24.7910339571853,18368,137,31.7810218978102,3.0265194221496
"result_final_concave_500",5.09,81.5666113224236,0.167067091759074,25.3466814644877,3730,397,1.28211586901763,5.98561924715905
"result_final_concave_500",13.03,446.477428673382,0.169843672536683,25.6919995681167,8480,677,1.92466765140325,5.88776717474723
"result_final_concave_500",31.42,21156.8330737484,0.202000287211178,25.2458135189346,15822,440,7.14090909090909,4.95048801071538
"result_final_concave_500",5.7,116.001395657203,0.167175667091351,25.4721335647327,3988,409,1.39364303178484,5.98173177591427
"result_final_concave_500",22.66,1950.80469434741,0.179508124784246,25.3929323990682,13210,691,3.27930535455861,5.57077848817104
"result_final_concave_500",30.62,17083.613790414,0.198961192372966,25.1052742937568,15832,476,6.4327731092437,5.02610578511931
"result_final_concave_500",6.71,174.616386932741,0.167388303539744,25.1398718732836,4742,465,1.44301075268817,5.97413307174455
"result_final_concave_500",41.23,577831.478260169,0.282553788484537,26.000948989577,18338,158,26.0949367088608,3.53914914878137
"result_final_concave_500",30.54,12360.2913050753,0.198672137965302,25.1168576618342,15876,471,6.48407643312102,5.03341842616426
"result_final_concave_500",4.13,91.7016869009043,0.166924817965127,25.614134037227,3036,333,1.24024024024024,5.99072092568592
"result_final_concave_500",5.94,188.997092067782,0.167222412454379,25.9652304697259,4162,420,1.41428571428571,5.98005964226127
"result_final_concave_500",22.21,2264.04444806239,0.178813666825367,25.209349285645,13190,669,3.31988041853513,5.59241369943283
"result_final_concave_500",19.74,1671.91345888727,0.175514302788792,24.8434878613583,11762,692,2.85260115606936,5.69754136335753
"result_final_concave_500",41.62,698008.720523165,0.289121099527084,25.8494425055673,18294,150,27.7466666666667,3.45875829068063
"result_final_concave_500",19.16,1121.10428666276,0.174851829716302,25.2092112802911,11440,708,2.70621468926554,5.71912802755628
"result_final_concave_500",16.27,890.699162509848,0.172081252412252,25.0978197643729,10230,727,2.23796423658872,5.81120828667796
"result_final_concave_500",43.82,921928.507164268,0.338059914018053,25.8709322398426,18474,108,40.5740740740741,2.95805553552439
"result_final_concave_500",13.45,531.891118854028,0.170089668348645,25.6357043930709,8864,696,1.93247126436782,5.8792518658466
"result_final_concave_500",23.83,3261.66440737092,0.181467931016069,24.7992500808364,13616,648,3.67746913580247,5.51061553631451
"result_final_concave_500",9.9,211.17056049666,0.168360535824685,25.5082251469996,6782,612,1.61764705882353,5.93963422070186
"result_final_concave_500",24.24,2575.34135872554,0.182211256064589,25.1554524773655,13538,663,3.65610859728507,5.48813515475425
"result_final_concave_500",40.01,563700.233915579,0.26483575249591,26.352964537796,18024,193,20.7305699481865,3.7759252313014
"result_final_concave_500",25.86,5249.84300710511,0.185470455731237,24.6283792912016,14474,597,4.33165829145729,5.3916943054752
"result_final_concave_500",19.58,1302.88812605852,0.175327633222513,25.1562012424556,11918,708,2.76553672316384,5.70360747829678
"result_final_concave_500",10.84,382.32159539557,0.16874525637136,25.3254796300132,7298,610,1.77704918032787,5.92609251070908
"result_final_concave_500",23.08,2719.30365405286,0.180185245488107,25.2645749491019,13138,643,3.58942457231726,5.54984398023868
"result_final_concave_500",5.96,139.282159084472,0.167226412546626,25.287945787032,4200,420,1.41904761904762,5.97991659793085
"result_final_concave_500",27.21,6045.26784195251,0.188632570714525,25.4576993144532,14446,576,4.72395833333333,5.30131141304007
"result_final_concave_500",12.48,477.976536810044,0.169539458102008,25.0354415203689,8072,644,1.93788819875776,5.8983319352025
"result_final_concave_500",38.42,380889.383578293,0.246687003602189,26.0567799942347,17792,236,16.2796610169492,4.05371983686913
"result_final_concave_500",35.16,116180.982450825,0.220761173927702,26.2545123976861,16770,324,10.8518518518519,4.52978203643497
"result_final_concave_500",31.29,25346.3107156058,0.201487396383334,25.3160975190425,15964,462,6.77272727272727,4.96308959245014
"result_final_concave_500",6.02,144.275983736924,0.167238510108729,25.693969928843,4226,441,1.36507936507937,5.9794840276313
"result_final_concave_500",41.63,1083259.38428716,0.289296122870902,24.3374948451704,18078,154,27.0324675324675,3.45666575160514
"result_final_concave_500",38.67,747905.47888991,0.249239742592205,25.8206876599092,17962,231,16.7402597402597,4.01220122280481
"result_final_concave_500",34.89,103647.699620009,0.219093685506267,25.1407905934011,16696,339,10.2920353982301,4.56425751243933
"result_final_concave_500",27.22,6935.06781962235,0.188657688068186,25.082599427115,14618,552,4.93115942028986,5.30060561135771
"result_final_concave_500",29.15,11328.6427579478,0.19403851355576,25.069790048609,15302,504,5.78373015873016,5.15361606144563
"result_final_concave_500",20.3,1916.73792148774,0.176192004402519,24.9751927424472,12232,672,3.02083333333333,5.67562644735826
"result_final_concave_500",29.85,22469.2321034818,0.196283278833163,24.9671261902521,15772,474,6.29746835443038,5.09467747810541
"result_final_concave_500",9.54,285.549000621641,0.168225842332509,25.7656333052165,6322,577,1.65337954939341,5.94438991141109
"result_final_concave_500",33.34,27873.6140428917,0.210559570350316,25.4813975032334,16538,393,8.48346055979644,4.74924981246999
"result_final_concave_500",33.97,26296.3446260102,0.213828801407854,24.6386779281918,16766,363,9.35812672176309,4.67663847627623
"result_final_concave_500",24.6,4392.39720874378,0.182889841969609,24.8283685750626,13974,626,3.9297124600639,5.4677722350822
"result_final_concave_500",28.88,14144.8780498753,0.193217353845823,24.8696441642366,15246,514,5.61867704280156,5.17551855511874
"result_final_concave_500",32.81,39670.7247150856,0.207998199045957,25.1407096511509,16542,393,8.34860050890585,4.80773393513398
"result_final_concave_500",2.21,36.5502727570421,0.166737632292846,25.2277801467558,1602,179,1.23463687150838,5.9974463247965
"result_final_concave_500",35.71,119072.504498839,0.224347734387853,25.3268699021945,17308,284,12.5739436619718,4.45736616297269
"result_final_concave_500",40.45,1557896.10301227,0.27078097639373,25.9972516588003,18196,183,22.103825136612,3.69302161960575
"result_final_concave_500",39.46,457823.546080129,0.25801252840918,25.0100637643833,17660,205,19.2487804878049,3.87578078539701
"result_final_concave_500",30.72,17001.1386824713,0.199326184811198,25.3316631531567,15604,456,6.73684210526316,5.01690232493639
"result_final_concave_500",7.59,161.133462092532,0.1676089064952,24.9431623714733,5298,510,1.48823529411765,5.96627005635072
"result_final_concave_500",34.21,70061.5551214476,0.215143372702699,25.7641604990783,16936,375,9.12266666666667,4.64806323075484
"result_final_concave_500",3.45,61.3458069001954,0.166844193286599,25.5104306478634,2488,276,1.25,5.99361584183056
"result_final_concave_500",21.9,2671.97285502005,0.178353203442963,25.5159542307145,12388,632,3.46518987341772,5.606851913483
"result_final_concave_500",11.54,399.967665121309,0.169064331609824,25.14465101536,7628,631,1.82884310618067,5.91490819191747
"result_final_concave_500",13.4,551.52531864792,0.170059746627857,25.1562012794476,8556,658,2.03647416413374,5.88028631013021
"result_final_concave_500",39.23,425108.322861097,0.255340849956443,25.0316329187606,17604,201,19.5174129353234,3.91633379528024
"result_final_concave_500",13.1,541.777782796694,0.169883835478625,25.2774391629029,8486,694,1.88760806916427,5.88637522329675
"result_final_concave_500",28.75,10584.8704049669,0.192830435040655,24.9662428985527,15276,507,5.67061143984221,5.18590335487843
"result_final_concave_500",1.37,60.4311049780173,0.166693468247129,25.7435666890572,980,115,1.19130434782609,5.99903529823655
"result_final_concave_500",12.14,451.052457964297,0.169361225794306,25.06960007053,8098,654,1.85626911314985,5.90453921970622
"result_final_concave_500",3.43,94.4092266169639,0.166842066061431,24.7501490792063,2442,270,1.27037037037037,5.99369226003112
"result_final_concave_500",6.25,105.693194086882,0.16728624535316,25.4182593554018,4460,449,1.39198218262806,5.97777777777777
"result_final_concave_500",21.36,2951.43961983201,0.177584576007633,24.9294676550573,12370,657,3.25114155251142,5.63111967537664
"result_final_convex_500",4.34,123.715631303655,0.23944051602537,25.3900572556952,2886,307,1.41368078175896,4.17640262642119
"result_final_convex_500",16.91,201.317618252852,0.604847156576544,25.5501184954682,10688,695,2.43309352517986,1.65331024396318
"result_final_convex_500",10.22,113.395108222444,0.38435561391535,25.3778703089636,6980,614,1.66449511400651,2.60175723677667
"result_final_convex_500",21.05,721.574550201216,0.742079503180601,25.6072340638329,12596,675,3.11851851851852,1.34756450719085
"result_final_convex_500",26.71,1483.73924236423,0.884421805247898,25.448933701363,14286,586,4.5580204778157,1.13068220849633
"result_final_convex_500",19.9,393.437753272371,0.705775693219358,25.3039121540756,11766,691,2.87988422575977,1.41688075915246
"result_final_convex_500",28.91,2803.11713171842,0.921089040293949,24.8945852990121,15428,541,5.34380776340111,1.08567136970913
"result_final_convex_500",7.57,69.6204474755199,0.312073921874019,25.5210287618936,5290,526,1.43916349809886,3.20436899691891
"result_final_convex_500",13.32,445.926549975417,0.481819819239205,25.5337206183779,8592,649,2.05238828967643,2.07546464481059
"result_final_convex_500",24.86,1236.37468064626,0.845410796153916,25.0755391121673,13954,590,4.2135593220339,1.1828569076115
"result_final_convex_500",41.44,593964.367830356,0.995794146341693,26.1561578513125,18106,177,23.4124293785311,1.00422361757574
"result_final_convex_500",11.63,197.522396300586,0.427176106191592,25.0196278039676,7670,634,1.83438485804416,2.34095490245302
"result_final_convex_500",12.51,210.887460733606,0.455229787292692,25.6054944362893,7884,635,1.97007874015748,2.19669280858602
"result_final_convex_500",10.05,140.84780834715,0.379386724365507,25.3226634243538,6752,604,1.66390728476821,2.63583287388987
"result_final_convex_500",6.54,117.07908830905,0.287066376714722,25.2583104533282,4414,429,1.52447552447552,3.48351489799786
"result_final_convex_500",0.96,24.5019479305829,0.180567267995727,24.4037832848603,708,83,1.1566265060241,5.5381022878613
"result_final_convex_500",34.14,32672.0434440356,0.972729051265069,25.4315975593877,16544,350,9.75428571428571,1.02803550351402
"result_final_convex_500",19.63,375.796458613182,0.696991887478129,25.1867472123249,11504,674,2.91246290801187,1.43473692874421
"result_final_convex_500",38.89,299909.768320459,0.991460650532129,24.0204661271278,17814,222,17.518018018018,1.00861289801394
"result_final_convex_500",8.76,89.1601851732707,0.343139579934569,25.3665750719357,6166,584,1.5,2.91426596777522
"result_final_convex_500",45.25,500181.235164649,0.998714602086011,26.1491416752233,18352,121,37.396694214876,1.00128705228832
"result_final_convex_500",23.7,619.160696872364,0.817084831274834,25.307051708733,13376,637,3.72056514913658,1.22386313112652
"result_final_convex_500",11.33,115.052180520864,0.417834841349312,25.3147655531184,7598,641,1.76755070202808,2.39329012576047
"result_final_convex_500",34.56,72896.3725858614,0.975198432998977,25.5830348310078,16928,355,9.73521126760563,1.02543232860286
"result_final_convex_500",12.62,104.254959096496,0.458800366009567,25.4792194228608,8466,677,1.86410635155096,2.17959721500995
"result_final_convex_500",26.48,4695.47997454563,0.8799864190331,25.142665346955,14384,599,4.42070116861436,1.1363811740399
"result_final_convex_500",22.08,1478.70160055592,0.772808165973943,25.0144289278101,12724,660,3.34545454545455,1.2939821860445
"result_final_convex_500",28.88,5360.03756660943,0.920656680663686,25.5297461843625,15554,495,5.83434343434343,1.0861812236882
"result_final_convex_500",20.69,356.77507345191,0.730923094061826,25.1905221813573,12202,703,2.94310099573257,1.36813299254629
"result_final_convex_500",1.23,12.5016784223189,0.184687281454239,24.9796181225148,960,113,1.08849557522124,5.41455801463933
"result_final_convex_500",28.7,3402.65072098458,0.918024675021078,24.6503023805255,15404,484,5.9297520661157,1.08929533944939
"result_final_convex_500",26.89,4470.78271619748,0.887811600586115,25.6292362066568,14418,568,4.73415492957746,1.12636509743714
"result_final_convex_500",13.25,293.119290732197,0.479496020658898,25.2247101140586,8752,671,1.97466467958271,2.08552304276864
"result_final_convex_500",3.94,87.5959158760006,0.231603477766916,25.6264120209315,2744,298,1.32214765100671,4.31772445578901
"result_final_convex_500",14.31,148.096267721689,0.51512880542517,25.3539284324832,9168,708,2.02118644067797,1.94126204838154
"result_final_convex_500",9.8,110.68792104268,0.372159189023443,25.3800740618827,6552,590,1.66101694915254,2.68702219236889
"result_final_convex_500",19.23,293.177548986373,0.683822584851863,25.1058606100353,11664,724,2.6560773480663,1.46236761135438
"result_final_convex_500",1.55,34.6745948128589,0.189694087933328,26.2504395172533,1022,114,1.35964912280702,5.27164557891478
"result_final_convex_500",29.87,3264.19660846823,0.933998255302523,25.0103902156866,15790,488,6.12090163934426,1.07066581155026
"result_final_convex_500",2.28,35.1928109773246,0.201632904635566,24.9969456893599,1662,193,1.18134715025907,4.95950798212927
"result_final_convex_500",38.84,567381.396510993,0.991346638995889,24.8207880893115,17734,203,19.1330049261084,1.00872889528619
"result_final_convex_500",30.78,8697.5242972925,0.944655982235878,25.1451936980322,16006,475,6.48,1.05858642596338
"result_final_convex_500",6.1,56.728107447715,0.276915797846439,25.2902023343416,4244,437,1.39588100686499,3.61120603366421
"result_final_convex_500",13.49,136.450717287928,0.487482076423249,25.244344314659,8688,689,1.95791001451379,2.05135747212943
"result_final_convex_500",33.86,24418.6729801879,0.970971080994678,24.6295394039599,16752,351,9.64672364672365,1.02989679051572
"result_final_convex_500",37.41,117800.173162586,0.987476597086236,24.8988465179283,17362,266,14.0639097744361,1.01268222755933
"result_final_convex_500",35.37,65396.4040034761,0.979432300148852,25.3712495029945,17120,302,11.7119205298013,1.02099961360068
"result_final_convex_500",34.28,26013.0652762939,0.973574083515888,25.0757809485461,16772,369,9.289972899729,1.02714320043184
"result_final_convex_500",17.79,244.23136086389,0.635186144981887,25.2472929454612,11172,718,2.47771587743733,1.57434164441436
"result_final_convex_500",12.29,157.765335724434,0.448129557560527,25.313475142033,8128,667,1.84257871064468,2.23149752817841
"result_final_convex_500",27.12,2048.57214386221,0.892039601725441,25.3885077207448,14886,586,4.62798634812287,1.12102646347285
"result_final_convex_500",26.76,3008.08238116427,0.885370566205685,25.5287924087452,14666,550,4.86545454545455,1.12947057217586
"result_final_convex_500",15.74,220.60163633885,0.564289177573233,25.0260528205167,10158,729,2.15912208504801,1.77214102226907
"result_final_convex_500",32.12,9607.70328659703,0.957808954420508,25.2402496825049,16366,408,7.87254901960784,1.04404954180557
"result_final_convex_500",11.31,125.261337858007,0.417216343038028,25.3516310599507,7266,634,1.78391167192429,2.39683803543825
"result_final_convex_500",36.66,247957.268089347,0.984907835245064,24.5745453410315,17116,279,13.1397849462366,1.01532342846189
"result_final_convex_500",26.67,3048.893285904,0.883658828526291,24.2551212204926,14568,566,4.71201413427562,1.13165847238547
"result_final_convex_500",40.6,995350.799688426,0.994651505845037,27.0099611855493,17958,185,21.9459459459459,1.00537725436852
"result_final_convex_500",8.22,133.24204418456,0.328755420554587,24.9491083783227,5548,514,1.59922178988327,3.04177494111906
"result_final_convex_500",29.49,2830.93884185733,0.929100004980735,24.8309291440091,15768,506,5.82806324110672,1.07631040215174
"result_final_convex_500",3.17,23.7128051780026,0.217199501268816,25.8585159161213,2382,275,1.15272727272727,4.60406213715175
"result_final_convex_500",5.08,79.0408300601791,0.254595325347039,24.7121764791378,3528,366,1.3879781420765,3.92780188967295
"result_final_convex_500",26.69,2063.32614394016,0.884040758019244,25.1925139073845,14444,549,4.8615664845173,1.13116956534965
"result_final_convex_500",14.89,161.162563666158,0.534958167092473,25.2021464462227,9554,720,2.06805555555556,1.86930504385989
"result_final_convex_500",25.22,1295.44823826686,0.853599993740694,24.8073671495702,14034,628,4.01592356687898,1.17150891205815
"result_final_convex_500",33.91,15526.8859683289,0.971291758984641,25.3985725805314,16542,356,9.5252808988764,1.02955676371163
"result_final_convex_500",42.4,939234.089962694,0.996832599562756,26.2418938142422,18180,129,32.8682170542636,1.00317746474045
"result_final_convex_500",9.59,97.9893471490418,0.366162337605843,24.9729994938747,6502,608,1.57730263157895,2.73102910184186
"result_final_convex_500",2.17,33.8670102026079,0.199787005334651,25.3460459456896,1540,186,1.16666666666667,5.00533054352039
"result_final_convex_500",34.53,23924.6059605452,0.975028509493735,24.3577035064018,16616,332,10.4006024096386,1.02561103625496
"result_final_convex_500",25.77,1558.06723073759,0.865553488057334,25.5533439521222,14238,579,4.45077720207254,1.1553301024116
"result_final_convex_500",16.07,266.353874525328,0.575725749411832,25.3419911006787,9894,703,2.28591749644381,1.73693811857749
"result_final_convex_500",22.98,780.773418903523,0.798058065150599,25.2294919895552,13308,647,3.55177743431221,1.25304165657582
"result_final_convex_500",5.89,91.6654748786213,0.27218278222178,24.6018757009375,3970,396,1.48737373737374,3.67400168312329
"result_final_convex_500",13.97,194.75404701832,0.50360310889965,25.3189147561653,9200,691,2.02170767004342,1.98569068047446
"result_final_convex_500",38.5,86125.7258391128,0.990535738056261,25.1006413702367,17614,258,14.922480620155,1.009554690033
"result_final_convex_500",3.76,40.788819810159,0.228156587093624,25.0840496092884,2666,292,1.28767123287671,4.38295476250988
"result_final_convex_500",34.73,18292.5044034477,0.976143082385291,25.9174876828689,17026,343,10.1253644314869,1.02443998020906
"result_final_convex_500",1.9,21.8154413722617,0.195327214617075,24.6572666603303,1418,164,1.15853658536585,5.11961429420078
"result_final_convex_500",18.91,333.51028774043,0.673165515335862,24.9265536461238,11582,709,2.66713681241185,1.48551875759867
"result_final_convex_500",4.63,86.7211557598962,0.245277141497547,25.9096295241025,3124,338,1.3698224852071,4.07702076881062
"result_final_convex_500",10.85,160.920827387984,0.403142199305658,25.4103039257796,7088,621,1.74718196457327,2.48051432403337
"result_final_convex_500",33.8,16434.7575129502,0.970582330125419,24.9590542709882,16756,382,8.84816753926702,1.03030929882144
"result_final_convex_500",29.69,16533.727689054,0.931711921189338,25.0563487326365,15470,512,5.798828125,1.0732931255441
"result_final_convex_500",39.59,412927.486390143,0.992925165703539,24.876348113726,18290,198,19.9949494949495,1.00712524421863
"result_final_convex_500",35.14,36178.7034989158,0.978297440321393,25.4518646484325,16782,332,10.5843373493976,1.022184009468
"result_final_convex_500",33.16,16852.723781449,0.9661592074775,24.9056308358184,16590,399,8.31077694235589,1.03502610362826
"result_final_convex_500",29.27,4837.73886316413,0.926138552674036,24.8501724300108,15122,540,5.42037037037037,1.07975204909968
"result_final_convex_500",22.7,639.579946324925,0.790372324593146,24.6653836155518,13082,651,3.48694316436252,1.26522648742131
"result_final_convex_500",17.31,754.074843096912,0.618673400700077,25.3776477512216,10764,725,2.38758620689655,1.61636171664795
"result_final_convex_500",10.14,127.87908693416,0.38201189336613,25.3867617485482,6794,598,1.69565217391304,2.61771954581941
"result_final_convex_500",1.87,40.6429548185086,0.194837864145545,26.7497275626555,1360,154,1.21428571428571,5.13247260426235
"result_final_convex_500",4,38.6131153282849,0.232763390806811,25.9667467231271,2926,314,1.27388535031847,4.29620825050611
"result_final_convex_500",39.26,427728.405437422,0.992264548884563,26.179108566541,18000,220,17.8454545454545,1.00779575479557
"result_final_convex_500",12.73,122.207317662651,0.462384197354264,25.3759478537245,8438,695,1.83165467625899,2.16270366877143
"result_final_convex_500",2.51,37.8045526706407,0.205547319015627,25.4594717236181,1838,211,1.18957345971564,4.86505980612656
"result_final_convex_500",29.1,3867.60699729674,0.923785832834663,24.7998924803462,15706,518,5.61776061776062,1.08250198742654
"result_final_convex_500",36.14,66740.0921601265,0.982872855400741,24.8684224580779,17386,284,12.7253521126761,1.01742559528951
"result_final_convex_500",7.73,77.1027659555381,0.316115647558807,25.2474330795677,5400,514,1.50389105058366,3.16339924240533
"result_final_convex_500",38.16,299948.588307046,0.989659818052036,24.7662227094196,17486,243,15.7037037037037,1.01044821842754
"result_final_convex_500",1.21,8.68185933024724,0.184378840230901,25.9226882986406,956,118,1.02542372881356,5.42361584847633
"result_final_convex_500",39.65,653786.339572269,0.993039843483425,25.7178075907587,17854,195,20.3333333333333,1.00700893983484
"result_final_convex_500",17.97,347.915484986508,0.641348653519077,25.3158949165809,11260,720,2.49583333333333,1.5592143127034
"result_final_convex_500",37.16,108797.006592523,0.986665698159283,24.6222248651881,17306,284,13.0845070422535,1.01351450837461
"result_final_convex_500",13.07,176.290392950798,0.473542014223828,25.2466891781791,8506,664,1.9683734939759,2.11174504048828
"result_final_convex_500",13.77,328.418623228517,0.496863184508877,25.351380985814,8716,707,1.94766619519095,2.01262647581436
"result_final_convex_500",38.08,370438.90329656,0.989443818168456,25.1343757913942,17714,257,14.8171206225681,1.01066880366293
"result_final_convex_500",10.61,216.04487136703,0.395917290432669,25.565842076612,7070,609,1.74220032840722,2.52578006610212
"result_final_convex_500",35.39,41010.9656714346,0.97952856312918,25.2351722676889,17024,341,10.3782991202346,1.02089927506087
"result_final_convex_500",29.11,2216.20746885118,0.923925794667585,25.4299940238398,15570,546,5.33150183150183,1.08233800351876
"result_final_convex_500",12.67,187.562078982946,0.460427755302614,25.3340092596632,8308,677,1.87149187592319,2.17189339366119
"result_final_convex_500",2.97,25.0086207299776,0.213601999237598,25.460207316603,2242,259,1.14671814671815,4.68160412154036
"result_final_convex_500",37.68,262713.55135939,0.988304349018905,25.2291106732047,17306,234,16.1025641025641,1.01183405799307
"result_final_convex_500",43.4,383605.870548321,0.99766732700634,25.031631017842,18332,130,33.3846153846154,1.00233812707955
"result_final_convex_500",21.33,632.192848055944,0.750613380473827,25.3711006394816,12328,651,3.27649769585253,1.3322437702466
"result_final_convex_500",2.9,25.9625046791573,0.212356637943495,25.6335927513255,2132,239,1.21338912133891,4.70905929611715
"result_final_convex_500",12.36,173.372920726597,0.450382704267516,25.6061287353915,8076,639,1.93427230046948,2.22033393050996
"result_final_convex_500",37.08,273956.362569292,0.986396861767912,25.7693319454186,17642,263,14.0988593155894,1.0137907355136
"result_final_convex_500",25.82,968.325634920841,0.866606673863549,25.1587542579465,14226,572,4.51398601398601,1.15392603145064
"result_final_convex_500",25.38,1178.66713939265,0.857147018482086,25.6066188138991,13918,602,4.21594684385382,1.1666610026491
"result_final_convex_500",28.68,5492.45512044409,0.917728205065777,25.1328835445561,15416,508,5.64566929133858,1.08964723376713
"result_final_convex_500",19.87,287.630044046042,0.704804163795467,25.1590743878208,12210,723,2.74827109266943,1.41883384260227
"result_final_convex_500",3.72,37.0543595736929,0.227397274705907,25.2274699943316,2738,312,1.19230769230769,4.39759008234949
"result_final_convex_500",18.5,348.558730793341,0.659372515821231,25.5560024076665,11216,705,2.6241134751773,1.51659339145267
"result_final_convex_500",31.51,9876.94809359444,0.952176450141994,25.1525570467042,16218,428,7.36214953271028,1.05022551214208
"result_final_convex_500",27.13,2542.98574273091,0.892220807016436,24.8051070484485,14842,558,4.86200716845878,1.1207987889724
"result_final_convex_500",4.75,87.4476025991051,0.247730757213422,25.6635646412395,3254,355,1.33802816901408,4.03664046906574
"result_final_convex_500",35.5,75230.7111292182,0.980051213400694,25.8074419343201,17158,308,11.525974025974,1.02035484097824
"result_final_convex_500",26.68,1903.79108938455,0.883849903581938,25.233247459155,14800,579,4.60794473229706,1.13141382484441
"result_final_convex_500",9.02,103.167339911572,0.350233550144768,25.2508258854637,6156,578,1.56055363321799,2.85523759670269
"result_final_convex_500",39.81,767530.239839544,0.993337766939288,26.333896231016,17748,195,20.4153846153846,1.00670691609888
"result_final_convex_500",8.52,86.6725136634434,0.336688097754243,25.2562385025488,5772,544,1.56617647058824,2.970107962444
"result_final_convex_500",2.08,26.0739190168055,0.19828923407699,26.492266270171,1520,169,1.23076923076923,5.04313814441246
"result_final_convex_500",13.08,201.587927040752,0.473871964109198,24.8596157091965,8416,681,1.92070484581498,2.11027466433858
"result_final_convex_500",43.54,822790.127948056,0.997767091346096,24.7910339571853,18368,137,31.7810218978102,1.00223790569289
"result_final_convex_500",5.09,51.1394076172751,0.254806038239786,25.3466814644877,3730,397,1.28211586901763,3.92455377787769
"result_final_convex_500",13.03,122.671590933375,0.472223207132517,25.6919995681167,8480,677,1.92466765140325,2.11764264207239
"result_final_convex_500",31.42,8706.83919260076,0.951296328112054,25.2458135189346,15822,440,7.14090909090909,1.05119716165057
"result_final_convex_500",5.7,62.9590098184547,0.2679623250106,25.4721335647327,3988,409,1.39364303178484,3.73186790329738
"result_final_convex_500",22.66,515.285637541813,0.789261617298236,25.3929323990682,13210,691,3.27930535455861,1.26700700766769
"result_final_convex_500",30.62,8123.32807991202,0.942888156141477,25.1052742937568,15832,476,6.4327731092437,1.0605711753685
"result_final_convex_500",6.71,120.57638535771,0.291073313592897,25.1398718732836,4742,465,1.44301075268817,3.4355605728893
"result_final_convex_500",41.23,389146.891984791,0.995530702073438,26.000948989577,18338,158,26.0949367088608,1.00448936222384
"result_final_convex_500",30.54,4983.88111631684,0.941987618178149,25.1168576618342,15876,471,6.48407643312102,1.06158507893559
"result_final_convex_500",4.13,66.2331841549983,0.235295419253513,25.614134037227,3036,333,1.24024024024024,4.24997648986348
"result_final_convex_500",5.94,132.217044378694,0.273303174974466,25.9652304697259,4162,420,1.41428571428571,3.65894029622388
"result_final_convex_500",22.21,1067.11012102378,0.776551726566849,25.209349285645,13190,669,3.31988041853513,1.28774422332562
"result_final_convex_500",19.74,490.746135036673,0.70058122727509,24.8434878613583,11762,692,2.85260115606936,1.42738623455484
"result_final_convex_500",41.62,487633.93059837,0.996008999573325,25.8494425055673,18294,150,27.7466666666667,1.00400699233479
"result_final_convex_500",19.16,268.738655435793,0.681500123593866,25.2092112802911,11440,708,2.70621468926554,1.46735116455524
"result_final_convex_500",16.27,360.788921957261,0.582662080315147,25.0978197643729,10230,727,2.23796423658872,1.7162606488123
"result_final_convex_500",43.82,662191.65539963,0.997955365161935,25.8709322398426,18474,108,40.5740740740741,1.00204882393486
"result_final_convex_500",13.45,131.996567920356,0.486147436098585,25.6357043930709,8864,696,1.93247126436782,2.05698914721256
"result_final_convex_500",23.83,1094.8659746952,0.820404267352028,24.7992500808364,13616,648,3.67746913580247,1.21891126094169
"result_final_convex_500",9.9,93.5823085947711,0.375038742646696,25.5082251469996,6782,612,1.61764705882353,2.6663911918616
"result_final_convex_500",24.24,832.641415166911,0.830635539477738,25.1554524773655,13538,663,3.65610859728507,1.20389744054143
"result_final_convex_500",40.01,365929.275695921,0.993694486848378,26.352964537796,18024,193,20.7305699481865,1.0063455249426
"result_final_convex_500",25.86,2549.79260403534,0.867445203375545,24.6283792912016,14474,597,4.33165829145729,1.15281057075264
"result_final_convex_500",19.58,414.357910552735,0.695355620712481,25.1562012424556,11918,708,2.76553672316384,1.43811306073196
"result_final_convex_500",10.84,148.575120669751,0.402839518589595,25.3254796300132,7298,610,1.77704918032787,2.48237810307479
"result_final_convex_500",23.08,840.381456590268,0.800764692574913,25.2645749491019,13138,643,3.58942457231726,1.24880630886014
"result_final_convex_500",5.96,69.4984144839789,0.273752471252736,25.287945787032,4200,420,1.41904761904762,3.65293505999722
"result_final_convex_500",27.21,1737.50599113954,0.893662613709185,25.4576993144532,14446,576,4.72395833333333,1.11899052803547
"result_final_convex_500",12.48,150.714575973012,0.454258331981087,25.0354415203689,8072,644,1.93788819875776,2.20139055158076
"result_final_convex_500",38.42,233276.367940047,0.990335641584714,26.0567799942347,17792,236,16.2796610169492,1.00975866969689
"result_final_convex_500",35.16,44161.4125157072,0.978398180884347,26.2545123976861,16770,324,10.8518518518519,1.02207876050641
"result_final_convex_500",31.29,11720.8817282107,0.950002082519056,25.3160975190425,15964,462,6.77272727272727,1.05262927145209
"result_final_convex_500",6.02,84.5773302946079,0.27510426930807,25.693969928843,4226,441,1.36507936507937,3.63498539123059
"result_final_convex_500",41.63,749450.817440069,0.996020647784923,24.3374948451704,18078,154,27.0324675324675,1.0039952507249
"result_final_convex_500",38.67,502434.710157415,0.990949060089032,25.8206876599092,17962,231,16.7402597402597,1.00913360764493
"result_final_convex_500",34.89,51395.3781058772,0.977004313400419,25.1407905934011,16696,339,10.2920353982301,1.02353693457048
"result_final_convex_500",27.22,2733.46047480882,0.893841861194777,25.082599427115,14618,552,4.93115942028986,1.11876613013327
"result_final_convex_500",29.15,5014.47364431083,0.924483678280123,25.069790048609,15302,504,5.78373015873016,1.08168486204144
"result_final_convex_500",20.3,687.464000838739,0.718617036905525,24.9751927424472,12232,672,3.02083333333333,1.39156177580503
"result_final_convex_500",29.85,8793.04993890838,0.933747201796755,24.9671261902521,15772,474,6.29746835443038,1.07095367790742
"result_final_convex_500",9.54,99.6726023926529,0.364744612252564,25.7656333052165,6322,577,1.65337954939341,2.74164433526316
"result_final_convex_500",33.34,12013.1788217028,0.967455488824178,25.4813975032334,16538,393,8.48346055979644,1.03363928527128
"result_final_convex_500",33.97,10815.4308286615,0.971672665685375,24.6386779281918,16766,363,9.35812672176309,1.02915316578824
"result_final_convex_500",24.6,2447.7543605566,0.839317677567233,24.8283685750626,13974,626,3.9297124600639,1.19144398685669
"result_final_convex_500",28.88,5725.57546563527,0.920656680663686,24.8696441642366,15246,514,5.61867704280156,1.0861812236882
"result_final_convex_500",32.81,19336.7450779703,0.963516435645065,25.1407096511509,16542,393,8.34860050890585,1.03786501506901
"result_final_convex_500",2.21,30.5754097603488,0.20045629046522,25.2277801467558,1602,179,1.23463687150838,4.98861870425316
"result_final_convex_500",35.71,70707.9465436054,0.981017617913171,25.3268699021945,17308,284,12.5739436619718,1.01934968520464
"result_final_convex_500",40.45,1082790.4089221,0.99442111474086,25.9972516588003,18196,183,22.103825136612,1.00561018383102
"result_final_convex_500",39.46,192754.844064898,0.992671036060271,25.0100637643833,17660,205,19.2487804878049,1.00738307422448
"result_final_convex_500",30.72,6121.00302062157,0.94399821336245,25.3316631531567,15604,456,6.73684210526316,1.05932403880096
"result_final_convex_500",7.59,66.6087474932903,0.312576829558505,24.9431623714733,5298,510,1.48823529411765,3.1992134586957
"result_final_convex_500",34.21,40711.4207983433,0.973154350925176,25.7641604990783,16936,375,9.12266666666667,1.02758621903021
"result_final_convex_500",3.45,41.9863784158067,0.22233481614014,25.5104306478634,2488,276,1.25,4.49772112780434
"result_final_convex_500",21.9,564.812723580805,0.767573082049884,25.5159542307145,12388,632,3.46518987341772,1.30280754156907
"result_final_convex_500",11.54,191.265838441647,0.424361290048788,25.14465101536,7628,631,1.82884310618067,2.35648260915842
"result_final_convex_500",13.4,215.064899383088,0.484481149021192,25.1562012794476,8556,658,2.03647416413374,2.06406379695128
"result_final_convex_500",39.23,230301.809761915,0.992201915050382,25.0316329187606,17604,201,19.5174129353234,1.00785937300799
"result_final_convex_500",13.1,169.139233780709,0.474532159904986,25.2774391629029,8486,694,1.88760806916427,2.10733873168939
"result_final_convex_500",28.75,5629.85451714203,0.918762318414961,24.9662428985527,15276,507,5.67061143984221,1.08842078082304
"result_final_convex_500",1.37,56.0019173581272,0.186861084005937,25.7435666890572,980,115,1.19130434782609,5.35156908309612
"result_final_convex_500",12.14,223.484989108269,0.443320724385072,25.06960007053,8098,654,1.85626911314985,2.25570325273445
"result_final_convex_500",3.43,65.4009783849381,0.221964155167337,24.7501490792063,2442,270,1.27037037037037,4.50523193371519
"result_final_convex_500",6.25,50.9886494743035,0.280340591766013,25.4182593554018,4460,449,1.39198218262806,3.56708956666059
"result_final_convex_500",21.36,937.350282732324,0.751520009742519,24.9294676550573,12370,657,3.25114155251142,1.33063655928817
"result_final_linear_1000",4.34,291.930858644844,0.0948198957238864,25.3900572556952,2886,307,1.41368078175896,10.5463098473761
"result_final_linear_1000",16.91,1423.91499416865,0.111546671320598,25.5501184954682,10688,695,2.43309352517986,8.96485738355997
"result_final_linear_1000",10.22,532.000247333368,0.101402787503671,25.3778703089636,6980,614,1.66449511400651,9.86166184005344
"result_final_linear_1000",21.05,2619.23512581205,0.119993920510677,25.6072340638329,12596,675,3.11851851851852,8.33375554148196
"result_final_linear_1000",26.71,7123.15499520746,0.135951325381662,25.448933701363,14286,586,4.5580204778157,7.35557374812388
"result_final_linear_1000",19.9,2415.19971025705,0.117431461662513,25.3039121540756,11766,691,2.87988422575977,8.51560549313357
"result_final_linear_1000",28.91,10624.2860874677,0.144230964312524,24.8945852990121,15428,541,5.34380776340111,6.93332395554931
"result_final_linear_1000",7.57,305.053952630429,0.0982221608237782,25.5210287618936,5290,526,1.43916349809886,10.1810018392297
"result_final_linear_1000",13.32,1309.36507055238,0.105671234212708,25.5337206183779,8592,649,2.05238828967643,9.46331333640977
"result_final_linear_1000",24.86,6257.47808369622,0.130013496210679,25.0755391121673,13954,590,4.2135593220339,7.69150918285868
"result_final_linear_1000",41.44,865977.098108408,0.254874651810585,26.1561578513125,18106,177,23.4124293785311,3.92349726775956
"result_final_linear_1000",11.63,878.050686263029,0.103263727403391,25.0196278039676,7670,634,1.83438485804416,9.68394251442798
"result_final_linear_1000",12.51,913.400697283999,0.104491872588948,25.6054944362893,7884,635,1.97007874015748,9.57012229969136
"result_final_linear_1000",10.05,485.333316398159,0.101186793407953,25.3226634243538,6752,604,1.66390728476821,9.8827126181212
"result_final_linear_1000",6.54,377.984805859153,0.0970851598695282,25.2583104533282,4414,429,1.52447552447552,10.3002353948213
"result_final_linear_1000",0.96,39.5516703052408,0.0917172914505853,24.4037832848603,708,83,1.1566265060241,10.9030694668821
"result_final_linear_1000",34.14,75664.3674874076,0.171931290137315,25.4315975593877,16544,350,9.75428571428571,5.81627695110842
"result_final_linear_1000",19.63,2508.82922540033,0.116855925672827,25.1867472123249,11504,674,2.91246290801187,8.55754634813983
"result_final_linear_1000",38.89,467811.57997496,0.215700116480181,24.0204661271278,17814,222,17.518018018018,4.63606611029291
"result_final_linear_1000",8.76,436.50013145647,0.0996026374394131,25.3665750719357,6166,584,1.5,10.0398947829899
"result_final_linear_1000",45.25,686914.423118569,0.365609348914858,26.1491416752233,18352,121,37.396694214876,2.7351598173516
"result_final_linear_1000",23.7,3903.44702447561,0.126681055952183,25.307051708733,13376,637,3.72056514913658,7.8938401048493
"result_final_linear_1000",11.33,590.793096758098,0.102857076571508,25.3147655531184,7598,641,1.76755070202808,9.72222848765085
"result_final_linear_1000",34.56,122616.136701892,0.174861051731509,25.5830348310078,16928,355,9.73521126760563,5.71882640586798
"result_final_linear_1000",12.62,709.025006658961,0.104649213154806,25.4792194228608,8466,677,1.86410635155096,9.55573357747769
"result_final_linear_1000",26.48,10518.2947231983,0.135166936314164,25.142665346955,14384,599,4.42070116861436,7.39825897714907
"result_final_linear_1000",22.08,3709.04265574879,0.12245411113905,25.0144289278101,12724,660,3.34545454545455,8.16632443531824
"result_final_linear_1000",28.88,17082.4284415409,0.144107634948938,25.5297461843625,15554,495,5.83434343434343,6.93925759280091
"result_final_linear_1000",20.69,2801.72776158545,0.11917176300882,25.1905221813573,12202,703,2.94310099573257,8.39124952717188
"result_final_linear_1000",1.23,28.531425032125,0.0919500637701667,24.9796181225148,960,113,1.08849557522124,10.875468259593
"result_final_linear_1000",28.7,14397.4369441676,0.143374220792278,24.6503023805255,15404,484,5.9297520661157,6.97475455820478
"result_final_linear_1000",26.89,13705.1692229202,0.136575068651809,25.6292362066568,14418,568,4.73415492957746,7.32198057721243
"result_final_linear_1000",13.25,886.006512150759,0.105567386674779,25.2247101140586,8752,671,1.97466467958271,9.47262247838621
"result_final_linear_1000",3.94,151.817672538459,0.0944301358551403,25.6264120209315,2744,298,1.32214765100671,10.5898396835311
"result_final_linear_1000",14.31,1082.3536909439,0.107180827777708,25.3539284324832,9168,708,2.02118644067797,9.33002684093829
"result_final_linear_1000",9.8,549.724321724947,0.10087228807873,25.3800740618827,6552,590,1.66101694915254,9.91352549889131
"result_final_linear_1000",19.23,2153.66280487598,0.116020512231208,25.1058606100353,11664,724,2.6560773480663,8.61916553175683
"result_final_linear_1000",1.55,86.7223397247797,0.0922291442222118,26.2504395172533,1022,114,1.35964912280702,10.8425596749619
"result_final_linear_1000",29.87,11833.943455742,0.148351067205382,25.0103902156866,15790,488,6.12090163934426,6.74076714672748
"result_final_linear_1000",2.28,91.7045095895724,0.0928791392616812,24.9969456893599,1662,193,1.18134715025907,10.7666803110929
"result_final_linear_1000",38.84,893952.346827906,0.215079476719651,24.8207880893115,17734,203,19.1330049261084,4.64944408109876
"result_final_linear_1000",30.78,18370.3956566162,0.152594682774128,25.1451936980322,16006,475,6.48,6.55330829240105
"result_final_linear_1000",6.1,267.552780438071,0.0966148780738759,25.2902023343416,4244,437,1.39588100686499,10.3503727369542
"result_final_linear_1000",13.49,915.352757096145,0.105924991735132,25.244344314659,8688,689,1.95791001451379,9.4406427002659
"result_final_linear_1000",33.86,53517.0517306428,0.170051936031264,24.6295394039599,16752,351,9.64672364672365,5.88055639552466
"result_final_linear_1000",37.41,298619.671249782,0.199083940328891,24.8988465179283,17362,266,14.0639097744361,5.02300687010704
"result_final_linear_1000",35.37,129875.751219138,0.180919855555245,25.3712495029945,17120,302,11.7119205298013,5.5273092990871
"result_final_linear_1000",34.28,62102.9642278821,0.172892770703988,25.0757809485461,16772,369,9.289972899729,5.78393183201461
"result_final_linear_1000",17.79,1819.91725516976,0.113173001472997,25.2472929454612,11172,718,2.47771587743733,8.83602968008761
"result_final_linear_1000",12.29,687.441747880927,0.104179781686879,25.313475142033,8128,667,1.84257871064468,9.59879147189599
"result_final_linear_1000",27.12,8964.6601492811,0.137385009802443,25.3885077207448,14886,586,4.62798634812287,7.2788144895719
"result_final_linear_1000",26.76,11624.5949843395,0.136123708274478,25.5287924087452,14666,550,4.86545454545455,7.34625887493172
"result_final_linear_1000",15.74,1281.84560736338,0.109505367400515,25.0260528205167,10158,729,2.15912208504801,9.13197246617609
"result_final_linear_1000",32.12,25343.8383853916,0.159537463570556,25.2402496825049,16366,408,7.87254901960784,6.26812021213905
"result_final_linear_1000",11.31,764.070177759919,0.102830177741191,25.3516310599507,7266,634,1.78391167192429,9.72477167662647
"result_final_linear_1000",36.66,386609.294432345,0.191857999636518,24.5745453410315,17116,279,13.1397849462366,5.21218819071676
"result_final_linear_1000",26.67,8702.68220037849,0.135813901802085,24.2551212204926,14568,566,4.71201413427562,7.36301650075006
"result_final_linear_1000",40.6,1461788.78686456,0.240097008892482,27.0099611855493,17958,185,21.9459459459459,4.16498316498316
"result_final_linear_1000",8.22,493.030278381479,0.0989669822510729,24.9491083783227,5548,514,1.59922178988327,10.1043800392242
"result_final_linear_1000",29.49,9147.09420983094,0.146678870836887,24.8309291440091,15768,506,5.82806324110672,6.81761452276273
"result_final_linear_1000",3.17,73.458792778722,0.0936976863454709,25.8585159161213,2382,275,1.15272727272727,10.6726221212434
"result_final_linear_1000",5.08,266.951886507715,0.0955583296420086,24.7121764791378,3528,366,1.3879781420765,10.464812473662
"result_final_linear_1000",26.69,8369.41788868953,0.135882560100832,25.1925139073845,14444,549,4.8615664845173,7.35929613968082
"result_final_linear_1000",14.89,1037.66492333369,0.108102272294268,25.2021464462227,9554,720,2.06805555555556,9.25049935377745
"result_final_linear_1000",25.22,5506.68261625989,0.131105578736982,24.8073671495702,14034,628,4.01592356687898,7.62744049211021
"result_final_linear_1000",33.91,51771.9828771051,0.170383356106113,25.3985725805314,16542,356,9.5252808988764,5.86911786957178
"result_final_linear_1000",42.4,1352022.07410439,0.274809160305343,26.2418938142422,18180,129,32.8682170542636,3.6388888888889
"result_final_linear_1000",9.59,492.257306782798,0.1006109435684,24.9729994938747,6502,608,1.57730263157895,9.93927662869153
"result_final_linear_1000",2.17,87.8173688926107,0.0927799853949527,25.3460459456896,1540,186,1.16666666666667,10.7781866503118
"result_final_linear_1000",34.53,45298.2816288224,0.174647211033158,24.3577035064018,16616,332,10.4006024096386,5.72582862379716
"result_final_linear_1000",25.77,5705.34101401531,0.132831093534706,25.5533439521222,14238,579,4.45077720207254,7.52835780681668
"result_final_linear_1000",16.07,1525.51125968622,0.110067800611124,25.3419911006787,9894,703,2.28591749644381,9.08530918622658
"result_final_linear_1000",22.98,4293.88221372831,0.124744906222669,25.2294919895552,13308,647,3.55177743431221,8.01635938717213
"result_final_linear_1000",5.89,280.896111173589,0.0963935635197837,24.6018757009375,3970,396,1.48737373737374,10.3741366486027
"result_final_linear_1000",13.97,916.232869453442,0.106653608221861,25.3189147561653,9200,691,2.02170767004342,9.37614785539931
"result_final_linear_1000",38.5,163827.031412701,0.210977701543739,25.1006413702367,17614,258,14.922480620155,4.73983739837399
"result_final_linear_1000",3.76,122.324589616918,0.0942568361670454,25.0840496092884,2666,292,1.28767123287671,10.6093100581879
"result_final_linear_1000",34.73,58649.2695933072,0.176086545984299,25.9174876828689,17026,343,10.1253644314869,5.67902558602726
"result_final_linear_1000",1.9,51.3418178145552,0.092538439769833,24.6572666603303,1418,164,1.15853658536585,10.8063200815494
"result_final_linear_1000",18.91,1794.14968594702,0.115366558067407,24.9265536461238,11582,709,2.66713681241185,8.66802318411644
"result_final_linear_1000",4.63,288.204612434571,0.0951065548430847,25.9096295241025,3124,338,1.3698224852071,10.5145223864947
"result_final_linear_1000",10.85,720.741154016773,0.10221865504787,25.4103039257796,7088,621,1.74718196457327,9.78295008412789
"result_final_linear_1000",33.8,41080.4225331792,0.169656586365966,24.9590542709882,16756,382,8.84816753926702,5.89425981873112
"result_final_linear_1000",29.69,30553.3242873098,0.147551992612957,25.0563487326365,15470,512,5.798828125,6.77727208078508
"result_final_linear_1000",39.59,653281.272861493,0.22489855180373,24.876348113726,18290,198,19.9949494949495,4.446449263367
"result_final_linear_1000",35.14,79445.823577975,0.179141578743855,25.4518646484325,16782,332,10.5843373493976,5.58217699660807
"result_final_linear_1000",33.16,40746.3451600895,0.16559310276484,24.9056308358184,16590,399,8.31077694235589,6.03889886295631
"result_final_linear_1000",29.27,13407.8665104512,0.145735891043208,24.8501724300108,15122,540,5.42037037037037,6.86172769687543
"result_final_linear_1000",22.7,3333.51383271578,0.124017327129793,24.6653836155518,13082,651,3.48694316436252,8.0633893919793
"result_final_linear_1000",17.31,1999.32984806068,0.112275794647585,25.3776477512216,10764,725,2.38758620689655,8.90663925504899
"result_final_linear_1000",10.14,575.819332123776,0.101300926656596,25.3867617485482,6794,598,1.69565217391304,9.87157801023814
"result_final_linear_1000",1.87,87.5683022058924,0.0925117607685274,26.7497275626555,1360,154,1.21428571428571,10.8094364618363
"result_final_linear_1000",4,115.446436971427,0.094488188976378,25.9667467231271,2926,314,1.27388535031847,10.5833333333333
"result_final_linear_1000",39.26,779190.822859447,0.220439863540684,26.179108566541,18000,220,17.8454545454545,4.53638459005597
"result_final_linear_1000",12.73,731.658935930726,0.104807426711662,25.3759478537245,8438,695,1.83165467625899,9.54130858255992
"result_final_linear_1000",2.51,76.2050794497652,0.0930878744187379,25.4594717236181,1838,211,1.18957345971564,10.742537696174
"result_final_linear_1000",29.1,14885.5270654744,0.14501943137656,24.7998924803462,15706,518,5.61776061776062,6.8956276445698
"result_final_linear_1000",36.14,140540.559540652,0.187239781856565,24.8684224580779,17386,284,12.7253521126761,5.34074538051988
"result_final_linear_1000",7.73,333.847880986607,0.0984034895005706,25.2474330795677,5400,514,1.50389105058366,10.1622412485098
"result_final_linear_1000",38.16,456785.98245929,0.207072060005358,24.7662227094196,17486,243,15.7037037037037,4.82923673997412
"result_final_linear_1000",1.21,22.3505940880401,0.0919327371369546,25.9226882986406,956,118,1.02542372881356,10.8775179674056
"result_final_linear_1000",39.65,1147183.3309959,0.225734056480269,25.7178075907587,17854,195,20.3333333333333,4.42999171499586
"result_final_linear_1000",17.97,1663.81112072449,0.113515907172412,25.3158949165809,11260,720,2.49583333333333,8.80933804705595
"result_final_linear_1000",37.16,176546.354307507,0.196596170692029,24.6222248651881,17306,284,13.0845070422535,5.08656906429025
"result_final_linear_1000",13.07,921.859158364086,0.10530204838104,25.2466891781791,8506,664,1.9683734939759,9.49649142988612
"result_final_linear_1000",13.77,1054.35934813758,0.106347816435011,25.351380985814,8716,707,1.94766619519095,9.40310796706483
"result_final_linear_1000",38.08,577743.214942151,0.206180074587107,25.1343757913942,17714,257,14.8171206225681,4.85012919896641
"result_final_linear_1000",10.61,756.372495398684,0.101904946476818,25.565842076612,7070,609,1.74220032840722,9.81306633851661
"result_final_linear_1000",35.39,83580.6490864832,0.181076763543623,25.2351722676889,17024,341,10.3782991202346,5.52251973378733
"result_final_linear_1000",29.11,9764.04072335172,0.145061286296016,25.4299940238398,15570,546,5.33150183150183,6.89363803075186
"result_final_linear_1000",12.67,861.370447076685,0.104721019749859,25.3340092596632,8308,677,1.87149187592319,9.54918126646056
"result_final_linear_1000",2.97,75.4222437324237,0.0935111745034357,25.460207316603,2242,259,1.14671814671815,10.6939091002783
"result_final_linear_1000",37.68,418425.130664919,0.201865768333765,25.2291106732047,17306,234,16.1025641025641,4.95378690629012
"result_final_linear_1000",43.4,552522.18851126,0.300106044538706,25.031631017842,18332,130,33.3846153846154,3.3321554770318
"result_final_linear_1000",21.33,3369.35107368426,0.120646556351312,25.3711006394816,12328,651,3.27649769585253,8.28867420871997
"result_final_linear_1000",2.9,75.5259478278955,0.0934462515638533,25.6335927513255,2132,239,1.21338912133891,10.7013388259526
"result_final_linear_1000",12.36,908.46047970237,0.104278711151302,25.6061287353915,8076,639,1.93427230046948,9.58968507530805
"result_final_linear_1000",37.08,434442.168244333,0.19581725382796,25.7693319454186,17642,263,14.0988593155894,5.10680228862046
"result_final_linear_1000",25.82,5487.1703350903,0.132991502025888,25.1587542579465,14226,572,4.51398601398601,7.51927743327044
"result_final_linear_1000",25.38,7033.11786908812,0.131600296285845,25.6066188138991,13918,602,4.21594684385382,7.59876708657198
"result_final_linear_1000",28.68,13958.4410273674,0.143293417986016,25.1328835445561,15416,508,5.64566929133858,6.97868760515985
"result_final_linear_1000",19.87,2115.1393814354,0.117367041143644,25.1590743878208,12210,723,2.74827109266943,8.52027954573817
"result_final_linear_1000",3.72,114.103530130125,0.094218499236701,25.2274699943316,2738,312,1.19230769230769,10.613626921479
"result_final_linear_1000",18.5,1933.79469758477,0.114546732255798,25.5560024076665,11216,705,2.6241134751773,8.73006134969322
"result_final_linear_1000",31.51,31042.8556836337,0.156266398959593,25.1525570467042,16218,428,7.36214953271028,6.39932836910498
"result_final_linear_1000",27.13,9233.8549286509,0.137420559337696,24.8051070484485,14842,558,4.86200716845878,7.27693152188829
"result_final_linear_1000",4.75,201.486872461572,0.0952261934516371,25.6635646412395,3254,355,1.33802816901408,10.501312335958
"result_final_linear_1000",35.5,134873.456728708,0.181946403385049,25.8074419343201,17158,308,11.525974025974,5.49612403100776
"result_final_linear_1000",26.68,8128.20356361668,0.135848217594308,25.233247459155,14800,579,4.60794473229706,7.36115657392254
"result_final_linear_1000",9.02,501.899081574825,0.0999143403105713,25.2508258854637,6156,578,1.56055363321799,10.008573312816
"result_final_linear_1000",39.81,1186457.6487521,0.228001060646237,26.333896231016,17748,195,20.4153846153846,4.38594450905465
"result_final_linear_1000",8.52,451.39744021116,0.0993181916880184,25.2562385025488,5772,544,1.56617647058824,10.0686488850022
"result_final_linear_1000",2.08,61.0670421341879,0.0926991820660406,26.492266270171,1520,169,1.23076923076923,10.7875816993464
"result_final_linear_1000",13.08,939.346689424213,0.105316725633694,24.8596157091965,8416,681,1.92070484581498,9.49516797054759
"result_final_linear_1000",43.54,1168199.82203108,0.304104276634709,24.7910339571853,18368,137,31.7810218978102,3.28834573149132
"result_final_linear_1000",5.09,156.83225896561,0.0955684667358097,25.3466814644877,3730,397,1.28211586901763,10.4637024549573
"result_final_linear_1000",13.03,819.636168599521,0.105243413967109,25.6919995681167,8480,677,1.92466765140325,9.50178222375533
"result_final_linear_1000",31.42,25197.6636032098,0.155799900040892,25.2458135189346,15822,440,7.14090909090909,6.41848935549724
"result_final_linear_1000",5.7,249.022104393056,0.0961950423339794,25.4721335647327,3988,409,1.39364303178484,10.3955461293743
"result_final_linear_1000",22.66,2958.92568832237,0.123914506360752,25.3929323990682,13210,691,3.27930535455861,8.070080165503
"result_final_linear_1000",30.62,19925.0715199047,0.151822836885641,25.1052742937568,15832,476,6.4327731092437,6.58662438743152
"result_final_linear_1000",6.71,297.819938300173,0.0972692865111721,25.1398718732836,4742,465,1.44301075268817,10.280737485261
"result_final_linear_1000",41.23,589747.944768184,0.250971516419695,26.000948989577,18338,158,26.0949367088608,3.98451590947763
"result_final_linear_1000",30.54,15315.5588091566,0.151441154667946,25.1168576618342,15876,471,6.48407643312102,6.6032248776274
"result_final_linear_1000",4.13,156.732849470254,0.0946144660357062,25.614134037227,3036,333,1.24024024024024,10.5692083029102
"result_final_linear_1000",5.94,297.553918144052,0.0964460759182167,25.9652304697259,4162,420,1.41428571428571,10.3684881990219
"result_final_linear_1000",22.21,3248.00845696988,0.122776558973469,25.209349285645,13190,669,3.31988041853513,8.14487723357756
"result_final_linear_1000",19.74,2606.63795696004,0.117089253931666,24.8434878613583,11762,692,2.85260115606936,8.54049339646152
"result_final_linear_1000",41.62,709288.451954424,0.258341446145677,25.8494425055673,18294,150,27.7466666666667,3.87084618019869
"result_final_linear_1000",19.16,1833.39329454314,0.115876383234906,25.2092112802911,11440,708,2.70621468926554,8.62988619495301
"result_final_linear_1000",16.27,1440.14461970378,0.110413672148009,25.0978197643729,10230,727,2.23796423658872,9.05684939687093
"result_final_linear_1000",43.82,933897.874269463,0.312493047057515,25.8709322398426,18474,108,40.5740740740741,3.2000711997152
"result_final_linear_1000",13.45,938.615460762133,0.105865084704299,25.6357043930709,8864,696,1.93247126436782,9.44598497978051
"result_final_linear_1000",23.83,4549.71563014812,0.127041046083026,24.7992500808364,13616,648,3.67746913580247,7.87147170802154
"result_final_linear_1000",9.9,420.705746654194,0.100997646003811,25.5082251469996,6782,612,1.61764705882353,9.9012208657048
"result_final_linear_1000",24.24,3812.73975254425,0.128198186002437,25.1554524773655,13538,663,3.65610859728507,7.80042238648362
"result_final_linear_1000",40.01,582116.23730895,0.230917279341006,26.352964537796,18024,193,20.7305699481865,4.33055509251542
"result_final_linear_1000",25.86,6458.19795882293,0.133120264301361,24.6283792912016,14474,597,4.33165829145729,7.51200431615862
"result_final_linear_1000",19.58,2052.6631595736,0.116750384715891,25.1562012424556,11918,708,2.76553672316384,8.56528226809251
"result_final_linear_1000",10.84,639.907851968643,0.102205511486084,25.3254796300132,7298,610,1.77704918032787,9.78420816509643
"result_final_linear_1000",23.08,3945.80763204531,0.125008125853215,25.2645749491019,13138,643,3.58942457231726,7.99947997919914
"result_final_linear_1000",5.96,280.333384872799,0.0964671125518034,25.287945787032,4200,420,1.41904761904762,10.3662271373883
"result_final_linear_1000",27.21,8121.80008233964,0.137705972492858,25.4576993144532,14446,576,4.72395833333333,7.26184915510374
"result_final_linear_1000",12.48,867.384025693357,0.104449112087073,25.0354415203689,8072,644,1.93788819875776,9.57404021937841
"result_final_linear_1000",38.42,393843.542873835,0.210041612661164,26.0567799942347,17792,236,16.2796610169492,4.76096135108801
"result_final_linear_1000",35.16,128009.480134254,0.179294325848911,26.2545123976861,16770,324,10.8518518518519,5.57742134484884
"result_final_linear_1000",31.29,30038.1299434629,0.155133097017453,25.3160975190425,15964,462,6.77272727272727,6.44607771794498
"result_final_linear_1000",6.02,269.514705767103,0.0965303313543828,25.693969928843,4226,441,1.36507936507937,10.3594381783358
"result_final_linear_1000",41.63,1103792.15609175,0.258537449616867,24.3374948451704,18078,154,27.0324675324675,3.86791159842384
"result_final_linear_1000",38.67,764125.305685983,0.213003160490397,25.8206876599092,17962,231,16.7402597402597,4.69476601989239
"result_final_linear_1000",34.89,113026.494677141,0.177261713538972,25.1407905934011,16696,339,10.2920353982301,5.64137613269853
"result_final_linear_1000",27.22,8804.85297662674,0.13774177675158,25.082599427115,14618,552,4.93115942028986,7.25996152789229
"result_final_linear_1000",29.15,14025.1959976167,0.145229066311366,25.069790048609,15302,504,5.78373015873016,6.88567395906846
"result_final_linear_1000",20.3,2756.06329191036,0.118301914798872,24.9751927424472,12232,672,3.02083333333333,8.45294855708908
"result_final_linear_1000",29.85,26105.5235639259,0.148261650639332,24.9671261902521,15772,474,6.29746835443038,6.7448325017819
"result_final_linear_1000",9.54,568.170080090982,0.100549096325278,25.7656333052165,6322,577,1.65337954939341,9.945390227725
"result_final_linear_1000",33.34,32819.9586670214,0.166708347921773,25.4813975032334,16538,393,8.48346055979644,5.99849984998499
"result_final_linear_1000",33.97,30657.9630966595,0.170783436360344,24.6386779281918,16766,363,9.35812672176309,5.85536877177043
"result_final_linear_1000",24.6,5219.16190129934,0.129242372300309,24.8283685750626,13974,626,3.9297124600639,7.73740053050395
"result_final_linear_1000",28.88,17260.7502015237,0.144107634948938,24.8696441642366,15246,514,5.61867704280156,6.93925759280091
"result_final_linear_1000",32.81,44574.5233070513,0.16348329643057,25.1407096511509,16542,393,8.34860050890585,6.11683286203304
"result_final_linear_1000",2.21,70.2918467736049,0.0928159910401579,25.2277801467558,1602,179,1.23463687150838,10.774005522037
"result_final_linear_1000",35.71,127891.95662956,0.183638492958953,25.3268699021945,17308,284,12.5739436619718,5.4454814123503
"result_final_linear_1000",40.45,1584531.3533824,0.237677110357214,25.9972516588003,18196,183,22.103825136612,4.20738874895046
"result_final_linear_1000",39.46,495400.093595668,0.223114911181544,25.0100637643833,17660,205,19.2487804878049,4.48199537495869
"result_final_linear_1000",30.72,20743.6064239365,0.152303904326416,25.3316631531567,15604,456,6.73684210526316,6.56581986143186
"result_final_linear_1000",7.59,328.794343367645,0.0982447560625552,24.9431623714733,5298,510,1.48823529411765,10.1786603181474
"result_final_linear_1000",34.21,76600.7598989403,0.172410178463796,25.7641604990783,16936,375,9.12266666666667,5.80012159902722
"result_final_linear_1000",3.45,125.43869375624,0.093961364410491,25.5104306478634,2488,276,1.25,10.6426721905748
"result_final_linear_1000",21.9,4094.39659604415,0.122012185596001,25.5159542307145,12388,632,3.46518987341772,8.19590268886041
"result_final_linear_1000",11.54,684.713513185007,0.10314110486673,25.14465101536,7628,631,1.82884310618067,9.69545557314044
"result_final_linear_1000",13.4,937.442975751174,0.105790373808942,25.1562012794476,8556,658,2.03647416413374,9.4526558891455
"result_final_linear_1000",39.23,452079.889741478,0.220045624072129,25.0316329187606,17604,201,19.5174129353234,4.54451209478362
"result_final_linear_1000",13.1,945.563234094041,0.105346102557886,25.2774391629029,8486,694,1.88760806916427,9.49252013808974
"result_final_linear_1000",28.75,13048.3148595909,0.143576826196474,24.9662428985527,15276,507,5.67061143984221,6.96491228070173
"result_final_linear_1000",1.37,85.9821600165583,0.0920717306274096,25.7435666890572,980,115,1.19130434782609,10.8610970293014
"result_final_linear_1000",12.14,741.969514811164,0.10396894895037,25.06960007053,8098,654,1.85626911314985,9.61825631686778
"result_final_linear_1000",3.43,178.478938220965,0.093942430226563,24.7501490792063,2442,270,1.27037037037037,10.6448172310241
"result_final_linear_1000",6.25,217.737139679587,0.0967741935483871,25.4182593554018,4460,449,1.39198218262806,10.3333333333333
"result_final_linear_1000",21.36,4251.13210126236,0.120717180400344,24.9294676550573,12370,657,3.25114155251142,8.28382502543234
"result_final_concave_1000",4.34,304.493448474596,0.0910795211899283,25.3900572556952,2886,307,1.41368078175896,10.9794165245412
"result_final_concave_1000",16.91,1724.33933866379,0.0944659980677754,25.5501184954682,10688,695,2.43309352517986,10.585819453075
"result_final_concave_1000",10.22,599.595085363438,0.0919927773389482,25.3778703089636,6980,614,1.66449511400651,10.870418623361
"result_final_concave_1000",21.05,3290.73192705816,0.0971900977346293,25.6072340638329,12596,675,3.11851851851852,10.2891140487422
"result_final_concave_1000",26.71,9360.72583391038,0.103393202266423,25.448933701363,14286,586,4.5580204778157,9.67181572946359
"result_final_concave_1000",19.9,3035.19068249444,0.0963133336866018,25.3039121540756,11766,691,2.87988422575977,10.3827783934252
"result_final_concave_1000",28.91,13942.7731821711,0.106995189318724,24.8945852990121,15428,541,5.34380776340111,9.3462145949491
"result_final_concave_1000",7.57,331.862686033471,0.0914668373795412,25.5210287618936,5290,526,1.43916349809886,10.9329242012655
"result_final_concave_1000",13.32,1445.26412295787,0.0929034802414891,25.5337206183779,8592,649,2.05238828967643,10.7638594097944
"result_final_concave_1000",24.86,7979.0741519628,0.100955148254463,25.0755391121673,13954,590,4.2135593220339,9.90538885128914
"result_final_concave_1000",41.44,907369.829083391,0.166880526618712,26.1561578513125,18106,177,23.4124293785311,5.99231090805937
"result_final_concave_1000",11.63,986.795991989416,0.0923634007716513,25.0196278039676,7670,634,1.83438485804416,10.826799269467
"result_final_concave_1000",12.51,1053.01212899753,0.0926308030028247,25.6054944362893,7884,635,1.97007874015748,10.795544976216
"result_final_concave_1000",10.05,542.68496123751,0.0919526118593773,25.3226634243538,6752,604,1.66390728476821,10.8751668906294
"result_final_concave_1000",6.54,401.704168273666,0.0913155868117718,25.2583104533282,4414,429,1.52447552447552,10.9510329497339
"result_final_concave_1000",0.96,39.8200321380709,0.0909168564717584,24.4037832848603,708,83,1.1566265060241,10.999060447175
"result_final_concave_1000",34.14,87492.6693045525,0.120294941033636,25.4315975593877,16544,350,9.75428571428571,8.31290153523902
"result_final_concave_1000",19.63,3120.27021077621,0.0961220333113138,25.1867472123249,11504,674,2.91246290801187,10.4034420158515
"result_final_concave_1000",38.89,502575.168054837,0.143884176914817,24.0204661271278,17814,222,17.518018018018,6.95003454474375
"result_final_concave_1000",8.76,479.056288768752,0.0916773487818547,25.3665750719357,6166,584,1.5,10.907819797227
"result_final_concave_1000",45.25,731762.596999468,0.239851771095364,26.1491416752233,18352,121,37.396694214876,4.16924167552803
"result_final_concave_1000",23.7,4967.72357106421,0.0996494623828924,25.307051708733,13376,637,3.72056514913658,10.0351770705757
"result_final_concave_1000",11.33,674.347244017558,0.092278759399611,25.3147655531184,7598,641,1.76755070202808,10.8367299962229
"result_final_concave_1000",34.56,134780.660956756,0.121789024055518,25.5830348310078,16928,355,9.73521126760563,8.21092054686427
"result_final_concave_1000",12.62,822.572670753752,0.092666301341464,25.4792194228608,8466,677,1.86410635155096,10.7914094500775
"result_final_concave_1000",26.48,12281.8743856392,0.103063605237669,25.142665346955,14384,599,4.42070116861436,9.7027461604313
"result_final_concave_1000",22.08,4437.27589892215,0.0980677872610164,25.0144289278101,12724,660,3.34545454545455,10.1970282794126
"result_final_concave_1000",28.88,21468.1195238207,0.106940009777654,25.5297461843625,15554,495,5.83434343434343,9.35103711023747
"result_final_concave_1000",20.69,3520.85972877261,0.0969044634966928,25.1905221813573,12202,703,2.94310099573257,10.3194420970519
"result_final_concave_1000",1.23,28.8930596813376,0.0909219093727823,24.9796181225148,960,113,1.08849557522124,10.9984491845631
"result_final_concave_1000",28.7,18509.7781575627,0.106612764238674,24.6503023805255,15404,484,5.9297520661157,9.37973991333064
"result_final_concave_1000",26.89,16485.2297500576,0.103656833634099,25.6292362066568,14418,568,4.73415492957746,9.64721731255969
"result_final_concave_1000",13.25,1027.29015448119,0.0928788677030166,25.2247101140586,8752,671,1.97466467958271,10.7667117906469
"result_final_concave_1000",3.94,157.396876004549,0.0910483381559409,25.6264120209315,2744,298,1.32214765100671,10.9831768514794
"result_final_concave_1000",14.31,1271.6933888437,0.0932738460680377,25.3539284324832,9168,708,2.02118644067797,10.7211189648013
"result_final_concave_1000",9.8,610.39513642419,0.0918952327210478,25.3800740618827,6552,590,1.66101694915254,10.8819573158441
"result_final_concave_1000",19.23,2638.00335431942,0.0958482127139876,25.1058606100353,11664,724,2.6560773480663,10.4331627234825
"result_final_concave_1000",1.55,88.0260842477147,0.0909295810271281,26.2504395172533,1022,114,1.35964912280702,10.9975212544052
"result_final_concave_1000",29.87,15768.1250300739,0.108862572218958,25.0103902156866,15790,488,6.12090163934426,9.18589355016043
"result_final_concave_1000",2.28,93.758692798804,0.0909541033318338,24.9969456893599,1662,193,1.18134715025907,10.9945561922768
"result_final_concave_1000",38.84,965371.993300552,0.143532896717251,24.8207880893115,17734,203,19.1330049261084,6.96704395209082
"result_final_concave_1000",30.78,22369.678304938,0.110831651739572,25.1451936980322,16006,475,6.48,9.02269328575705
"result_final_concave_1000",6.1,286.814235810096,0.091259207339976,25.2902023343416,4244,437,1.39588100686499,10.9577984419108
"result_final_concave_1000",13.49,1067.91986074718,0.0929641005414091,25.244344314659,8688,689,1.95791001451379,10.7568404811766
"result_final_concave_1000",33.86,63511.4433294578,0.119344136401742,24.6295394039599,16752,351,9.64672364672365,8.37912971805964
"result_final_concave_1000",37.41,347330.612966495,0.13463380047998,24.8988465179283,17362,266,14.0639097744361,7.42755531252124
"result_final_concave_1000",35.37,149628.101265466,0.12492245986067,25.3712495029945,17120,302,11.7119205298013,8.00496564921418
"result_final_concave_1000",34.28,78162.4332566147,0.12078369359352,25.0757809485461,16772,369,9.289972899729,8.27926328669295
"result_final_concave_1000",17.79,2200.14407819821,0.0949512227670496,25.2472929454612,11172,718,2.47771587743733,10.5317232454538
"result_final_concave_1000",12.29,793.05768384437,0.0925612120612967,25.313475142033,8128,667,1.84257871064468,10.8036614660769
"result_final_concave_1000",27.12,11320.6555987661,0.104001154898651,25.3885077207448,14886,586,4.62798634812287,9.61527783969802
"result_final_concave_1000",26.76,15032.3295782511,0.103465926659316,25.5287924087452,14666,550,4.86545454545455,9.66501757909845
"result_final_concave_1000",15.74,1515.0300454672,0.0938874807881533,25.0260528205167,10158,729,2.15912208504801,10.6510473132876
"result_final_concave_1000",32.12,32288.9912778879,0.114143115391797,25.2402496825049,16366,408,7.87254901960784,8.76093136732332
"result_final_concave_1000",11.31,863.931196697662,0.0922732309049583,25.3516310599507,7266,634,1.78391167192429,10.8373792723266
"result_final_concave_1000",36.66,414186.937399188,0.130716844905119,24.5745453410315,17116,279,13.1397849462366,7.65012344603216
"result_final_concave_1000",26.67,10471.9586200015,0.103335300775056,24.2551212204926,14568,566,4.71201413427562,9.67723510261838
"result_final_concave_1000",40.6,1541601.7218555,0.158021457912717,27.0099611855493,17958,185,21.9459459459459,6.32825448650366
"result_final_concave_1000",8.22,534.489379105888,0.0915768821162628,24.9491083783227,5548,514,1.59922178988327,10.919786488586
"result_final_concave_1000",29.49,12295.8532520839,0.108099166005099,24.8309291440091,15768,506,5.82806324110672,9.2507651719795
"result_final_concave_1000",3.17,76.1951916162284,0.0909977527292392,25.8585159161213,2382,275,1.15272727272727,10.9892823724501
"result_final_concave_1000",5.08,280.822965925997,0.0911464243393804,24.7121764791378,3528,366,1.3879781420765,10.9713574311652
"result_final_concave_1000",26.69,10863.4125198848,0.103364220717794,25.1925139073845,14444,549,4.8615664845173,9.67452754014573
"result_final_concave_1000",14.89,1230.20571995894,0.0935110376668871,25.2021464462227,9554,720,2.06805555555556,10.6939247488867
"result_final_concave_1000",25.22,7024.33366113303,0.10139330382514,24.8073671495702,14034,628,4.01592356687898,9.86258423657416
"result_final_concave_1000",33.91,68849.4814726773,0.119511367881199,25.3985725805314,16542,356,9.5252808988764,8.36740485636526
"result_final_concave_1000",42.4,1419971.72085432,0.17916637865487,26.2418938142422,18180,129,32.8682170542636,5.58140432098764
"result_final_concave_1000",9.59,547.834639489522,0.091848563161215,24.9729994938747,6502,608,1.57730263157895,10.887486592956
"result_final_concave_1000",2.17,89.8966390741922,0.0909497712221532,25.3460459456896,1540,186,1.16666666666667,10.99507988379
"result_final_concave_1000",34.53,55758.6008763627,0.121679493926373,24.3577035064018,16616,332,10.4006024096386,8.21831162944423
"result_final_concave_1000",25.77,7520.13089253883,0.102095301377552,25.5533439521222,14238,579,4.45077720207254,9.79477004825095
"result_final_concave_1000",16.07,1833.06835305317,0.0940433337176596,25.3419911006787,9894,703,2.28591749644381,10.6333959087652
"result_final_concave_1000",22.98,5386.14685642209,0.0989140340043965,25.2294919895552,13308,647,3.55177743431221,10.1097888693484
"result_final_concave_1000",5.89,299.777859983008,0.0912339708781651,24.6018757009375,3970,396,1.48737373737374,10.9608295065378
"result_final_concave_1000",13.97,1072.63190372416,0.0931418672490097,25.3189147561653,9200,691,2.02170767004342,10.7363104212476
"result_final_concave_1000",38.5,192345.690731164,0.141222264746241,25.1006413702367,17614,258,14.922480620155,7.08103642012027
"result_final_concave_1000",3.76,127.794734372718,0.0910354138264144,25.0840496092884,2666,292,1.28767123287671,10.9847361369367
"result_final_concave_1000",34.73,72772.0687601946,0.122418153273026,25.9174876828689,17026,343,10.1253644314869,8.16872312858475
"result_final_concave_1000",1.9,52.3767839925263,0.0909401030639571,24.6572666603303,1418,164,1.15853658536585,10.9962488089189
"result_final_concave_1000",18.91,2235.32684707076,0.0956371442919852,24.9265536461238,11582,709,2.66713681241185,10.4561884130181
"result_final_concave_1000",4.63,302.5232755215,0.0911042930488743,25.9096295241025,3124,338,1.3698224852071,10.9764311486785
"result_final_concave_1000",10.85,807.479125742575,0.0921499405390096,25.4103039257796,7088,621,1.74718196457327,10.8518789502276
"result_final_concave_1000",33.8,52283.6286641767,0.119144896314655,24.9590542709882,16756,382,8.84816753926702,8.3931417201376
"result_final_concave_1000",29.69,33913.1545533815,0.108496856543895,25.0563487326365,15470,512,5.798828125,9.21685689202826
"result_final_concave_1000",39.59,691498.248417169,0.14914026733694,24.876348113726,18290,198,19.9949494949495,6.70509727423771
"result_final_concave_1000",35.14,94389.879869376,0.123996874732107,25.4518646484325,16782,332,10.5843373493976,8.06471939039175
"result_final_concave_1000",33.16,49663.2394222205,0.117113194183382,24.9056308358184,16590,399,8.31077694235589,8.53874755080241
"result_final_concave_1000",29.27,16742.7713118988,0.107671946692572,24.8501724300108,15122,540,5.42037037037037,9.2874702345192
"result_final_concave_1000",22.7,4299.44420462969,0.0986423672094677,24.6653836155518,13082,651,3.48694316436252,10.137631813686
"result_final_concave_1000",17.31,2332.01012268363,0.0946809736410079,25.3776477512216,10764,725,2.38758620689655,10.5617840791498
"result_final_concave_1000",10.14,643.726272378334,0.0919737592353342,25.3867617485482,6794,598,1.69565217391304,10.8726663813022
"result_final_concave_1000",1.87,88.9081196122844,0.090939112772383,26.7497275626555,1360,154,1.21428571428571,10.9963685537923
"result_final_concave_1000",4,120.642704821038,0.0910527979766045,25.9667467231271,2926,314,1.27388535031847,10.9826388888889
"result_final_concave_1000",39.26,865682.670843239,0.146580978523257,26.179108566541,18000,220,17.8454545454545,6.82216758323343
"result_final_concave_1000",12.73,843.261287861113,0.0927022736750782,25.3759478537245,8438,695,1.83165467625899,10.7872219348686
"result_final_concave_1000",2.51,78.1264370133119,0.0909639064520087,25.4594717236181,1838,211,1.18957345971564,10.9933713162109
"result_final_concave_1000",29.1,18952.2612964227,0.107348973803682,24.7998924803462,15706,518,5.61776061776062,9.31541275679806
"result_final_concave_1000",36.14,173495.219148684,0.128249790122678,24.8684224580779,17386,284,12.7253521126761,7.79728371518928
"result_final_concave_1000",7.73,364.280489027208,0.0914928483233694,25.2474330795677,5400,514,1.50389105058366,10.9298160274302
"result_final_concave_1000",38.16,486587.287152893,0.139040132131744,24.7662227094196,17486,243,15.7037037037037,7.19216807887147
"result_final_concave_1000",1.21,22.6554619788761,0.090921490821939,25.9226882986406,956,118,1.02542372881356,10.9984998151692
"result_final_concave_1000",39.65,1255018.41341656,0.14962222378102,25.7178075907587,17854,195,20.3333333333333,6.68349911349769
"result_final_concave_1000",17.97,2007.72265944521,0.0950561304572733,25.3158949165809,11260,720,2.49583333333333,10.5201000207923
"result_final_concave_1000",37.16,195704.858803518,0.133277650697501,24.6222248651881,17306,284,13.0845070422535,7.5031334568591
"result_final_concave_1000",13.07,1054.70302731905,0.0928165021085218,25.2466891781791,8506,664,1.9683734939759,10.7739461979594
"result_final_concave_1000",13.77,1209.00586263595,0.0930665981536015,25.351380985814,8716,707,1.94766619519095,10.7449935835148
"result_final_concave_1000",38.08,614902.940186669,0.138544280905331,25.1343757913942,17714,257,14.8171206225681,7.21790891305944
"result_final_concave_1000",10.61,842.844644430167,0.0920885031251281,25.565842076612,7070,609,1.74220032840722,10.8591188483238
"result_final_concave_1000",35.39,97317.2471933969,0.125004359631341,25.2351722676889,17024,341,10.3782991202346,7.99972099332511
"result_final_concave_1000",29.11,12723.3678179881,0.107367802608367,25.4299940238398,15570,546,5.33150183150183,9.31377913775122
"result_final_concave_1000",12.67,993.032054489457,0.0926825933959161,25.3340092596632,8308,677,1.87149187592319,10.7895125002411
"result_final_concave_1000",2.97,77.9849457567533,0.0909865880231739,25.460207316603,2242,259,1.14671814671815,10.9906308361107
"result_final_concave_1000",37.68,453534.550133315,0.136159445670151,25.2291106732047,17306,234,16.1025641025641,7.3443307225451
"result_final_concave_1000",43.4,586211.66691709,0.195296630731378,25.031631017842,18332,130,33.3846153846154,5.12041603715866
"result_final_concave_1000",21.33,4185.96804608758,0.0974196340214802,25.3711006394816,12328,651,3.27649769585253,10.264871245354
"result_final_concave_1000",2.9,78.1980136949693,0.0909828685010221,25.6335927513255,2132,239,1.21338912133891,10.9910801503117
"result_final_concave_1000",12.36,1041.07096974231,0.0925831527001649,25.6061287353915,8076,639,1.93427230046948,10.8011011813191
"result_final_concave_1000",37.08,462870.770363178,0.132854665529158,25.7693319454186,17642,263,14.0988593155894,7.52702207345911
"result_final_concave_1000",25.82,7178.55414530539,0.102161147132388,25.1587542579465,14226,572,4.51398601398601,9.78845704134592
"result_final_concave_1000",25.38,8926.53830885474,0.10159337560058,25.6066188138991,13918,602,4.21594684385382,9.84316146686134
"result_final_concave_1000",28.68,17696.3487187895,0.106576804943657,25.1328835445561,15416,508,5.64566929133858,9.38290466231054
"result_final_concave_1000",19.87,2632.64316150645,0.0962918152251971,25.1590743878208,12210,723,2.74827109266943,10.3850986468716
"result_final_concave_1000",3.72,118.796640775278,0.091032633908216,25.2274699943316,2738,312,1.19230769230769,10.9850715844194
"result_final_concave_1000",18.5,2352.27119598945,0.0953767289253291,25.5560024076665,11216,705,2.6241134751773,10.4847378523844
"result_final_concave_1000",31.51,37939.5043669155,0.112569739077817,25.1525570467042,16218,428,7.36214953271028,8.88338205446778
"result_final_concave_1000",27.13,11585.9546574919,0.104016318546481,24.8051070484485,14842,558,4.86200716845878,9.61387611072908
"result_final_concave_1000",4.75,212.578976479648,0.0911150850416248,25.6635646412395,3254,355,1.33802816901408,10.9751310613732
"result_final_concave_1000",35.5,150598.971519848,0.125458945574898,25.8074419343201,17158,308,11.525974025974,7.97073493179494
"result_final_concave_1000",26.68,10186.2833328738,0.10334975305514,25.233247459155,14800,579,4.60794473229706,9.67588185204924
"result_final_concave_1000",9.02,551.555030264058,0.0917287514097099,25.2508258854637,6156,578,1.56055363321799,10.9017073123939
"result_final_concave_1000",39.81,1253297.10261473,0.150933668209316,26.333896231016,17748,195,20.4153846153846,6.62542699626959
"result_final_concave_1000",8.52,494.794943947881,0.0916316606152283,25.2562385025488,5772,544,1.56617647058824,10.9132585100592
"result_final_concave_1000",2.08,62.5002162937405,0.0909463967361242,26.492266270171,1520,169,1.23076923076923,10.9954878465547
"result_final_concave_1000",13.08,1081.83327807136,0.0928199321869631,24.8596157091965,8416,681,1.92070484581498,10.7735480563134
"result_final_concave_1000",43.54,1234460.25595075,0.197900714958523,24.7910339571853,18368,137,31.7810218978102,5.0530388442992
"result_final_concave_1000",5.09,165.474751749795,0.0911474124382483,25.3466814644877,3730,397,1.28211586901763,10.9712384943181
"result_final_concave_1000",13.03,949.017749368464,0.0928028223534842,25.6919995681167,8480,677,1.92466765140325,10.7755343494944
"result_final_concave_1000",31.42,31662.2952531423,0.112347229965827,25.2458135189346,15822,440,7.14090909090909,8.90097602143082
"result_final_concave_1000",5.7,266.054111051534,0.0912120513077469,25.4721335647327,3988,409,1.39364303178484,10.9634635518286
"result_final_concave_1000",22.66,3778.73239465293,0.0986041889162353,25.3929323990682,13210,691,3.27930535455861,10.1415569763421
"result_final_concave_1000",30.62,24607.8080214577,0.110470241690743,25.1052742937568,15832,476,6.4327731092437,9.05221157023862
"result_final_concave_1000",6.71,318.437092050556,0.0913386637567898,25.1398718732836,4742,465,1.44301075268817,10.9482661434891
"result_final_concave_1000",41.23,625627.941922241,0.164519730859701,26.000948989577,18338,158,26.0949367088608,6.07829829756273
"result_final_concave_1000",30.54,20037.5320345221,0.110292047412674,25.1168576618342,15876,471,6.48407643312102,9.06683685232855
"result_final_concave_1000",4.13,162.452741762447,0.0910627232320204,25.614134037227,3036,333,1.24024024024024,10.9814418513718
"result_final_concave_1000",5.94,313.340109271818,0.0912398828918004,25.9652304697259,4162,420,1.41428571428571,10.9601192845225
"result_final_concave_1000",22.21,4098.36392701741,0.0981852672448212,25.209349285645,13190,669,3.31988041853513,10.1848273988656
"result_final_concave_1000",19.74,3205.98526127586,0.0961993306152369,24.8434878613583,11762,692,2.85260115606936,10.3950827267151
"result_final_concave_1000",41.62,743739.129857569,0.168989809534249,25.8494425055673,18294,150,27.7466666666667,5.91751658136126
"result_final_concave_1000",19.16,2277.81614503606,0.0958014437201135,25.2092112802911,11440,708,2.70621468926554,10.4382560551126
"result_final_concave_1000",16.27,1715.75265087109,0.0941405369573144,25.0978197643729,10230,727,2.23796423658872,10.6224165733559
"result_final_concave_1000",43.82,987004.702359442,0.203412816664996,25.8709322398426,18474,108,40.5740740740741,4.91611107104877
"result_final_concave_1000",13.45,1081.85160828667,0.0929497284138244,25.6357043930709,8864,696,1.93247126436782,10.7585037316932
"result_final_concave_1000",23.83,5786.55356159135,0.0997881390771737,24.7992500808364,13616,648,3.67746913580247,10.021231072629
"result_final_concave_1000",9.9,473.268921983945,0.0919179451620343,25.5082251469996,6782,612,1.61764705882353,10.8792684414037
"result_final_concave_1000",24.24,4963.56611596181,0.100237861342519,25.1554524773655,13538,663,3.65610859728507,9.97627030950848
"result_final_concave_1000",40.01,637253.353032872,0.152628636094167,26.352964537796,18024,193,20.7305699481865,6.55185046260278
"result_final_concave_1000",25.86,7827.7145478909,0.10221407323846,24.6283792912016,14474,597,4.33165829145729,9.7833886109504
"result_final_concave_1000",19.58,2545.71344167347,0.0960871860695494,25.1562012424556,11918,708,2.76553672316384,10.4072149565935
"result_final_concave_1000",10.84,711.031285398742,0.0921473415746572,25.3254796300132,7298,610,1.77704918032787,10.8521850214182
"result_final_concave_1000",23.08,5007.90703795396,0.0990129599957202,25.2645749491019,13138,643,3.58942457231726,10.0996879604773
"result_final_concave_1000",5.96,298.645436663899,0.0912422645608865,25.287945787032,4200,420,1.41904761904762,10.9598331958617
"result_final_concave_1000",27.21,10493.4539983739,0.104138214955612,25.4576993144532,14446,576,4.72395833333333,9.60262282608014
"result_final_concave_1000",12.48,995.838514544588,0.0926212033645993,25.0354415203689,8072,644,1.93788819875776,10.796663870405
"result_final_concave_1000",38.42,423202.857408768,0.140697641612769,26.0567799942347,17792,236,16.2796610169492,7.10743967373825
"result_final_concave_1000",35.16,149725.208539438,0.124076189600154,26.2545123976861,16770,324,10.8518518518519,8.05956407286994
"result_final_concave_1000",31.29,37619.5443727993,0.112030016346929,25.3160975190425,15964,462,6.77272727272727,8.92617918490032
"result_final_concave_1000",6.02,286.512728147603,0.0912494675554591,25.693969928843,4226,441,1.36507936507937,10.9589680552626
"result_final_concave_1000",41.63,1174932.40071409,0.169109409722271,24.3374948451704,18078,154,27.0324675324675,5.91333150321028
"result_final_concave_1000",38.67,799559.076038637,0.142360863823373,25.8206876599092,17962,231,16.7402597402597,7.02440244560962
"result_final_concave_1000",34.89,131807.344055262,0.123023700754607,25.1407905934011,16696,339,10.2920353982301,8.12851502487867
"result_final_concave_1000",27.22,11395.4723566732,0.104153525717058,25.082599427115,14618,552,4.93115942028986,9.60121122271546
"result_final_concave_1000",29.15,17738.8985309474,0.107443328671312,25.069790048609,15302,504,5.78373015873016,9.30723212289127
"result_final_concave_1000",20.3,3352.26332415181,0.0966066629973283,24.9751927424472,12232,672,3.02083333333333,10.3512528947165
"result_final_concave_1000",29.85,30864.5165100332,0.108821566341186,24.9671261902521,15772,474,6.29746835443038,9.1893549562108
"result_final_concave_1000",9.54,633.532968301172,0.0918376545647532,25.7656333052165,6322,577,1.65337954939341,10.8887798228222
"result_final_concave_1000",33.34,42357.6871613465,0.117667828926575,25.4813975032334,16538,393,8.48346055979644,8.49849962493998
"result_final_concave_1000",33.97,39842.9559441701,0.119713497550735,24.6386779281918,16766,363,9.35812672176309,8.35327695255246
"result_final_concave_1000",24.6,6209.02348593631,0.10064873676555,24.8283685750626,13974,626,3.9297124600639,9.93554447016447
"result_final_concave_1000",28.88,21211.1061655842,0.106940009777654,24.8696441642366,15246,514,5.61867704280156,9.35103711023747
"result_final_concave_1000",32.81,52986.0297055045,0.11607030692448,25.1407096511509,16542,393,8.34860050890585,8.61546787026798
"result_final_concave_1000",2.21,71.9831670698685,0.090951320023758,25.2277801467558,1602,179,1.23463687150838,10.994892649593
"result_final_concave_1000",35.71,148033.744803114,0.126346660735687,25.3268699021945,17308,284,12.5739436619718,7.91473232594541
"result_final_concave_1000",40.45,1652830.34445821,0.156591485923523,25.9972516588003,18196,183,22.103825136612,6.38604323921152
"result_final_concave_1000",39.46,601326.274458831,0.148113882916481,25.0100637643833,17660,205,19.2487804878049,6.75156157079403
"result_final_concave_1000",30.72,26382.7754162044,0.110695331453075,25.3316631531567,15604,456,6.73684210526316,9.0338046498728
"result_final_concave_1000",7.59,358.600762714411,0.0914700508473964,24.9431623714733,5298,510,1.48823529411765,10.9325401127014
"result_final_concave_1000",34.21,90331.8822742851,0.120538181841798,25.7641604990783,16936,375,9.12266666666667,8.29612646150963
"result_final_concave_1000",3.45,130.155134702146,0.0910147368137396,25.5104306478634,2488,276,1.25,10.9872316836611
"result_final_concave_1000",21.9,5166.17028272642,0.0979076755055128,25.5159542307145,12388,632,3.46518987341772,10.213703826966
"result_final_concave_1000",11.54,775.811220486778,0.0923376689463214,25.14465101536,7628,631,1.82884310618067,10.829816383835
"result_final_concave_1000",13.4,1081.17853711492,0.0929318573732,25.1562012794476,8556,658,2.03647416413374,10.7605726202604
"result_final_concave_1000",39.23,530735.811749556,0.146355722233806,25.0316329187606,17604,201,19.5174129353234,6.83266759056049
"result_final_concave_1000",13.1,1083.32978595722,0.0928268045340467,25.2774391629029,8486,694,1.88760806916427,10.7727504465935
"result_final_concave_1000",28.75,16604.0736446953,0.106703011593156,24.9662428985527,15276,507,5.67061143984221,9.37180670975683
"result_final_concave_1000",1.37,86.5900266475993,0.0909250391901178,25.7435666890572,980,115,1.19130434782609,10.9980705964731
"result_final_concave_1000",12.14,843.476572191391,0.0925148249783966,25.06960007053,8098,654,1.85626911314985,10.8090784394124
"result_final_concave_1000",3.43,184.156979862372,0.0910134707831571,24.7501490792063,2442,270,1.27037037037037,10.9873845200623
"result_final_concave_1000",6.25,233.618424539557,0.0912778904665314,25.4182593554018,4460,449,1.39198218262806,10.9555555555556
"result_final_concave_1000",21.36,5182.20976207752,0.0974446186471572,24.9294676550573,12370,657,3.25114155251142,10.2622393507532
"result_final_convex_1000",4.34,198.432261515343,0.13626183100491,25.3900572556952,2886,307,1.41368078175896,7.3388122897304
"result_final_convex_1000",16.91,274.525516728798,0.4340762968762,25.5501184954682,10688,695,2.43309352517986,2.30374246923048
"result_final_convex_1000",10.22,177.204498893595,0.23829618565036,25.3778703089636,6980,614,1.66449511400651,4.19645827427238
"result_final_convex_1000",21.05,805.841653906268,0.590458930075653,25.6072340638329,12596,675,3.11851851851852,1.69359789320465
"result_final_convex_1000",26.71,1593.23251116486,0.793154301440021,25.448933701363,14286,586,4.5580204778157,1.26078872444421
"result_final_convex_1000",19.9,466.566224326424,0.545873864163302,25.3039121540756,11766,691,2.87988422575977,1.83192503918972
"result_final_convex_1000",28.91,2928.81823601306,0.853996247576553,24.8945852990121,15428,541,5.34380776340111,1.17096533250324
"result_final_convex_1000",7.57,136.21480193359,0.185218554804874,25.5210287618936,5290,526,1.43916349809886,5.39902711719941
"result_final_convex_1000",13.32,587.291690783502,0.317844600673052,25.5337206183779,8592,649,2.05238828967643,3.14619155990836
"result_final_convex_1000",24.86,1363.98374791708,0.732649963358496,25.0755391121673,13954,590,4.2135593220339,1.36490827818507
"result_final_convex_1000",41.44,595208.266998038,0.991641819098501,26.1561578513125,18106,177,23.4124293785311,1.00842862890665
"result_final_convex_1000",11.63,303.591352829995,0.272034634370316,25.0196278039676,7670,634,1.83438485804416,3.67600251458687
"result_final_convex_1000",12.51,266.26449954176,0.295149468533667,25.6054944362893,7884,635,1.97007874015748,3.38811384268487
"result_final_convex_1000",10.05,207.690986585847,0.234496309581777,25.3226634243538,6752,604,1.66390728476821,4.26445943555997
"result_final_convex_1000",6.54,213.475564470822,0.167895403532456,25.2583104533282,4414,429,1.52447552447552,5.95608920173142
"result_final_convex_1000",0.96,37.1654465550865,0.0994410128738573,24.4037832848603,708,83,1.1566265060241,10.056212935688
"result_final_convex_1000",34.14,33256.3751922635,0.947016776431469,25.4315975593877,16544,350,9.75428571428571,1.05594750260727
"result_final_convex_1000",19.63,440.389125310433,0.535458398703368,25.1867472123249,11504,674,2.91246290801187,1.86755871683316
"result_final_convex_1000",38.89,301211.469804724,0.98310257669457,24.0204661271278,17814,222,17.518018018018,1.01718785374589
"result_final_convex_1000",8.76,172.665177421855,0.207464616492945,25.3665750719357,6166,584,1.5,4.82009904582455
"result_final_convex_1000",45.25,500500.908388517,0.997438145214075,26.1491416752233,18352,121,37.396694214876,1.00256843474276
"result_final_convex_1000",23.7,718.988122516083,0.69120916264949,25.307051708733,13376,637,3.72056514913658,1.44674008105864
"result_final_convex_1000",11.33,176.126311520886,0.264519305325728,25.3147655531184,7598,641,1.76755070202808,3.78044240955723
"result_final_convex_1000",34.56,73806.6169635135,0.95169879234665,25.5830348310078,16928,355,9.73521126760563,1.05075262051584
"result_final_convex_1000",12.62,173.555092582257,0.298151641707245,25.4792194228608,8466,677,1.86410635155096,3.35399796651765
"result_final_convex_1000",26.48,4956.40737413128,0.786063688243346,25.142665346955,14384,599,4.42070116861436,1.27216154995627
"result_final_convex_1000",22.08,1613.90352501326,0.630251056273539,25.0144289278101,12724,660,3.34545454545455,1.58666929637954
"result_final_convex_1000",28.88,5630.14643811901,0.853254847059939,25.5297461843625,15554,495,5.83434343434343,1.17198279440861
"result_final_convex_1000",20.69,413.914196429304,0.576487079573661,25.1905221813573,12202,703,2.94310099573257,1.73464425384789
"result_final_convex_1000",1.23,25.3629576741535,0.101940242529046,24.9796181225148,960,113,1.08849557522124,9.80966863714365
"result_final_convex_1000",28.7,3632.90318066791,0.848754273799234,24.6503023805255,15404,484,5.9297520661157,1.17819730735935
"result_final_convex_1000",26.89,4832.53417320722,0.798611361508129,25.6292362066568,14418,568,4.73415492957746,1.25217352043622
"result_final_convex_1000",13.25,350.250728370901,0.315829629356925,25.2247101140586,8752,671,1.97466467958271,3.1662640457013
"result_final_convex_1000",3.94,115.081314691266,0.131219244593844,25.6264120209315,2744,298,1.32214765100671,7.62083338534106
"result_final_convex_1000",14.31,242.900754932221,0.34741793819779,25.3539284324832,9168,708,2.02118644067797,2.87837756791558
"result_final_convex_1000",9.8,202.720982861546,0.229010470752407,25.3800740618827,6552,590,1.66101694915254,4.36661256891237
"result_final_convex_1000",19.23,393.640146870634,0.520102383344121,25.1058606100353,11664,724,2.6560773480663,1.92269836098474
"result_final_convex_1000",1.55,75.2901838685181,0.104992681981814,26.2504395172533,1022,114,1.35964912280702,9.52447333589604
"result_final_convex_1000",29.87,3386.619906989,0.876408581426367,25.0103902156866,15790,488,6.12090163934426,1.14102031996593
"result_final_convex_1000",2.28,74.2425689569323,0.112339692970809,24.9969456893599,1662,193,1.18134715025907,8.9015731978175
"result_final_convex_1000",38.84,569818.69095377,0.98287890091062,24.8207880893115,17734,203,19.1330049261084,1.01741933728918
"result_final_convex_1000",30.78,8952.52328159915,0.895323469679112,25.1451936980322,16006,475,6.48,1.11691476194453
"result_final_convex_1000",6.1,132.873647417776,0.161007029231242,25.2902023343416,4244,437,1.39588100686499,6.21090895704794
"result_final_convex_1000",13.49,207.727979814682,0.322780205215929,25.244344314659,8688,689,1.95791001451379,3.09808341354463
"result_final_convex_1000",33.86,24806.5963982193,0.943697250606705,24.6295394039599,16752,351,9.64672364672365,1.05966187710847
"result_final_convex_1000",37.41,118960.808111206,0.975316127638465,24.8988465179283,17362,266,14.0639097744361,1.02530858627479
"result_final_convex_1000",35.37,66117.258896545,0.959778819763068,25.3712495029945,17120,302,11.7119205298013,1.04190671789034
"result_final_convex_1000",34.28,26377.3459215981,0.948616456246724,25.0757809485461,16772,369,9.289972899729,1.05416682729349
"result_final_convex_1000",17.79,334.693141860798,0.465949972054628,25.2472929454612,11172,718,2.47771587743733,2.14615314942601
"result_final_convex_1000",12.29,218.500755387782,0.289220467670527,25.313475142033,8128,667,1.84257871064468,3.45756995711374
"result_final_convex_1000",27.12,2240.53112228466,0.805464418356315,25.3885077207448,14886,586,4.62798634812287,1.24151977071894
"result_final_convex_1000",26.76,3184.94291244604,0.794678332028256,25.5287924087452,14666,550,4.86545454545455,1.25837078940821
"result_final_convex_1000",15.74,321.150617163018,0.393564350380456,25.0260528205167,10158,729,2.15912208504801,2.54088054223739
"result_final_convex_1000",32.12,9866.31298350042,0.919197880220609,25.2402496825049,16366,408,7.87254901960784,1.08790503276617
"result_final_convex_1000",11.31,231.965079625528,0.264024827249971,25.3516310599507,7266,634,1.78391167192429,3.78752259935475
"result_final_convex_1000",36.66,249786.837133074,0.970327997791178,24.5745453410315,17116,279,13.1397849462366,1.03057935283365
"result_final_convex_1000",26.67,3286.76312638951,0.791930574940161,24.2551212204926,14568,566,4.71201413427562,1.26273695150053
"result_final_convex_1000",40.6,997976.509608762,0.989383107573933,27.0099611855493,17958,185,21.9459459459459,1.01073082039181
"result_final_convex_1000",8.22,236.469723095972,0.197061603436179,24.9491083783227,5548,514,1.59922178988327,5.07455527897327
"result_final_convex_1000",29.49,2965.10573703293,0.867841130144294,24.8309291440091,15768,506,5.82806324110672,1.15228463513101
"result_final_convex_1000",3.17,51.9931272410363,0.122066626830087,25.8585159161213,2382,275,1.15272727272727,8.19224734858914
"result_final_convex_1000",5.08,162.399300836634,0.146141015535183,24.7121764791378,3528,366,1.3879781420765,6.84270597366455
"result_final_convex_1000",26.69,2191.65589632287,0.792542937377239,25.1925139073845,14444,549,4.8615664845173,1.26176129120436
"result_final_convex_1000",14.89,235.440672134197,0.365660052675946,25.2021464462227,9554,720,2.06805555555556,2.73478055008163
"result_final_convex_1000",25.22,1434.29321562659,0.745010879174163,24.8073671495702,14034,628,4.01592356687898,1.34226227824819
"result_final_convex_1000",33.91,15782.8888827248,0.944301935429106,25.3985725805314,16542,356,9.5252808988764,1.05898332141571
"result_final_convex_1000",42.4,940712.845897193,0.993699022231671,26.2418938142422,18180,129,32.8682170542636,1.00634093183888
"result_final_convex_1000",9.59,175.818439572313,0.224495487231607,24.9729994938747,6502,608,1.57730263157895,4.45443252482097
"result_final_convex_1000",2.17,70.4764942188418,0.111197394617084,25.3460459456896,1540,186,1.16666666666667,8.99301645909574
"result_final_convex_1000",34.53,24252.2415308033,0.951375893008647,24.3577035064018,16616,332,10.4006024096386,1.05110924856166
"result_final_convex_1000",25.77,1649.18132978127,0.763372804147733,25.5533439521222,14238,579,4.45077720207254,1.3099759312443
"result_final_convex_1000",16.07,364.816030209405,0.404755092990739,25.3419911006787,9894,703,2.28591749644381,2.47062981372511
"result_final_convex_1000",22.98,908.190450808591,0.664465693958301,25.2294919895552,13308,647,3.55177743431221,1.50496859219756
"result_final_convex_1000",5.89,157.926108472932,0.157822712624368,24.6018757009375,3970,396,1.48737373737374,6.33622362314915
"result_final_convex_1000",13.97,244.413081618824,0.337036339091921,25.3189147561653,9200,691,2.02170767004342,2.9670391112552
"result_final_convex_1000",38.5,86561.7238199006,0.98128947015787,25.1006413702367,17614,258,14.922480620155,1.01906728892049
"result_final_convex_1000",3.76,80.9780391791649,0.129015500355983,25.0840496092884,2666,292,1.28767123287671,7.75100664060344
"result_final_convex_1000",34.73,18696.4198555258,0.953495820279282,25.9174876828689,17026,343,10.1253644314869,1.04877229530707
"result_final_convex_1000",1.9,42.6972423508638,0.108447160737073,24.6572666603303,1418,164,1.15853658536585,9.22108050781035
"result_final_convex_1000",18.91,393.114607811711,0.507898155067966,24.9265536461238,11582,709,2.66713681241185,1.96889866604493
"result_final_convex_1000",4.63,179.917167707883,0.14004648237885,25.9096295241025,3124,338,1.3698224852071,7.14048638004935
"result_final_convex_1000",10.85,255.670998429448,0.252876050449852,25.4103039257796,7088,621,1.74718196457327,3.95450655853355
"result_final_convex_1000",33.8,16703.9246770251,0.942964707525949,24.9590542709882,16756,382,8.84816753926702,1.0604850765027
"result_final_convex_1000",29.69,17112.1847550162,0.872399853981496,25.0563487326365,15470,512,5.798828125,1.14626337388315
"result_final_convex_1000",39.59,414487.160629781,0.985980248547411,24.876348113726,18290,198,19.9949494949495,1.01421909969621
"result_final_convex_1000",35.14,36641.0700954224,0.957606481425113,25.4518646484325,16782,332,10.5843373493976,1.04427029202204
"result_final_convex_1000",33.16,17190.5561389223,0.934668619531364,24.9056308358184,16590,399,8.31077694235589,1.06989790724053
"result_final_convex_1000",29.27,5061.75344959454,0.862699057417647,24.8501724300108,15122,540,5.42037037037037,1.15915276758658
"result_final_convex_1000",22.7,711.514589263851,0.653900533327811,24.6653836155518,13082,651,3.48694316436252,1.52928457621961
"result_final_convex_1000",17.31,879.135765694426,0.448428847671824,25.3776477512216,10764,725,2.38758620689655,2.23000818344282
"result_final_convex_1000",10.14,213.245188250058,0.236500964047119,25.3867617485482,6794,598,1.69565217391304,4.22831257381583
"result_final_convex_1000",1.87,75.9309995810648,0.108146216690701,26.7497275626555,1360,154,1.21428571428571,9.2467404833958
"result_final_convex_1000",4,76.9669204155302,0.131962754792985,25.9667467231271,2926,314,1.27388535031847,7.57789575982055
"result_final_convex_1000",39.26,429559.681110309,0.984681150836594,26.179108566541,18000,220,17.8454545454545,1.01555716705899
"result_final_convex_1000",12.73,186.234247882944,0.30117893830425,25.3759478537245,8438,695,1.83165467625899,3.32028529494915
"result_final_convex_1000",2.51,61.0978488935957,0.114769807864743,25.4594717236181,1838,211,1.18957345971564,8.71309291707194
"result_final_convex_1000",29.1,4035.48816445586,0.858634037080833,24.7998924803462,15706,518,5.61776061776062,1.16464052997454
"result_final_convex_1000",36.14,67324.7935390678,0.966394196673576,24.8684224580779,17386,284,12.7253521126761,1.03477442584206
"result_final_convex_1000",7.73,141.527714703727,0.188066500082281,25.2474330795677,5400,514,1.50389105058366,5.31726809167231
"result_final_convex_1000",38.16,301473.983416161,0.979575450753723,24.7662227094196,17486,243,15.7037037037037,1.02085040946112
"result_final_convex_1000",1.21,19.6849965541023,0.101752748041461,25.9226882986406,956,118,1.02542372881356,9.82774440246598
"result_final_convex_1000",39.65,656298.030336514,0.986205934358664,25.7178075907587,17854,195,20.3333333333333,1.01398700328274
"result_final_convex_1000",17.97,438.879491623798,0.472597580934991,25.3158949165809,11260,720,2.49583333333333,2.1159651262319
"result_final_convex_1000",37.16,109513.004556201,0.973738770278317,24.6222248651881,17306,284,13.0845070422535,1.02696948147004
"result_final_convex_1000",13.07,280.989039486631,0.310694812097264,25.2466891781791,8506,664,1.9683734939759,3.21859252573212
"result_final_convex_1000",13.77,400.474514309094,0.331039007678092,25.351380985814,8716,707,1.94766619519095,3.02079204204363
"result_final_convex_1000",38.08,372371.766414279,0.979153232175016,25.1343757913942,17714,257,14.8171206225681,1.02129060819079
"result_final_convex_1000",10.61,294.446626842045,0.247228651241022,25.565842076612,7070,609,1.74220032840722,4.04483863411569
"result_final_convex_1000",35.39,41476.5812359005,0.95996330682574,25.2351722676889,17024,341,10.3782991202346,1.04170648283073
"result_final_convex_1000",29.11,2354.30554565948,0.858875367364845,25.4299940238398,15570,546,5.33150183150183,1.16431328455506
"result_final_convex_1000",12.67,241.117249958562,0.299524571115681,25.3340092596632,8308,677,1.87149187592319,3.33862426135913
"result_final_convex_1000",2.97,54.9024357975158,0.11980366973232,25.460207316603,2242,259,1.14671814671815,8.34698972272153
"result_final_convex_1000",37.68,264231.075494588,0.976928863996764,25.2291106732047,17306,234,16.1025641025641,1.02361598357208
"result_final_convex_1000",43.4,384056.979798628,0.995355715975988,25.031631017842,18332,130,33.3846153846154,1.00466595403982
"result_final_convex_1000",21.33,761.599095373297,0.601314264368171,25.3711006394816,12328,651,3.27649769585253,1.66302391154939
"result_final_convex_1000",2.9,54.5942611834267,0.119022410044927,25.6335927513255,2132,239,1.21338912133891,8.40177912396945
"result_final_convex_1000",12.36,283.27098176989,0.291096074885318,25.6061287353915,8076,639,1.93427230046948,3.43529194062121
"result_final_convex_1000",37.08,275801.613653257,0.973216385438777,25.7693319454186,17642,263,14.0988593155894,1.02752071888838
"result_final_convex_1000",25.82,1072.71970821766,0.765009110789865,25.1587542579465,14226,572,4.51398601398601,1.30717397465699
"result_final_convex_1000",25.38,1334.39434672778,0.750419588186931,25.6066188138991,13918,602,4.21594684385382,1.33258781585922
"result_final_convex_1000",28.68,5699.01506676699,0.848248693930689,25.1328835445561,15416,508,5.64566929133858,1.17889954579961
"result_final_convex_1000",19.87,383.462751734307,0.544714940758983,25.1590743878208,12210,723,2.74827109266943,1.83582260219748
"result_final_convex_1000",3.72,77.7954674469925,0.128531188637281,25.2274699943316,2738,312,1.19230769230769,7.780212807508
"result_final_convex_1000",18.5,431.398679813032,0.492389858426261,25.5560024076665,11216,705,2.6241134751773,2.03091104109277
"result_final_convex_1000",31.51,10200.7944030527,0.90890105905941,25.1525570467042,16218,428,7.36214953271028,1.10022976652141
"result_final_convex_1000",27.13,2769.37685337979,0.80575929367322,24.8051070484485,14842,558,4.86200716845878,1.24106542468942
"result_final_convex_1000",4.75,124.45990699151,0.141644992215085,25.6635646412395,3254,355,1.33802816901408,7.05990366734265
"result_final_convex_1000",35.5,75987.040480903,0.960965566158671,25.8074419343201,17158,308,11.525974025974,1.0406200130535
"result_final_convex_1000",26.68,2047.56191840237,0.792236880843296,25.233247459155,14800,579,4.60794473229706,1.26224873416086
"result_final_convex_1000",9.02,199.310077768778,0.212661783011098,25.2508258854637,6156,578,1.56055363321799,4.70230234055648
"result_final_convex_1000",39.81,770211.852877068,0.986792486825925,26.333896231016,17748,195,20.4153846153846,1.01338428631186
"result_final_convex_1000",8.52,176.987211256944,0.202776536577783,25.2562385025488,5772,544,1.56617647058824,4.93153703518558
"result_final_convex_1000",2.08,49.3422551029264,0.11027224432556,26.492266270171,1520,169,1.23076923076923,9.06846510757204
"result_final_convex_1000",13.08,301.828627799411,0.310978319829959,24.8596157091965,8416,681,1.92070484581498,3.21565825086068
"result_final_convex_1000",43.54,823705.15352595,0.995553903287532,24.7910339571853,18368,137,31.7810218978102,1.0044659527704
"result_final_convex_1000",5.09,95.2719634697166,0.146279582321877,25.3466814644877,3730,397,1.28211586901763,6.83622405893651
"result_final_convex_1000",13.03,203.223448470895,0.309562853303812,25.6919995681167,8480,677,1.92466765140325,3.23036174827662
"result_final_convex_1000",31.42,8955.55442229821,0.907302051626574,25.2458135189346,15822,440,7.14090909090909,1.10216878514409
"result_final_convex_1000",5.7,129.51585386755,0.154997879990873,25.4721335647327,3988,409,1.39364303178484,6.45170114622784
"result_final_convex_1000",22.66,596.119495703608,0.652384758261642,25.3929323990682,13210,691,3.27930535455861,1.53283777301085
"result_final_convex_1000",30.62,8386.36011737944,0.892159730949029,25.1052742937568,15832,476,6.4327731092437,1.12087551736532
"result_final_convex_1000",6.71,171.950470763474,0.170637055240793,25.1398718732836,4742,465,1.44301075268817,5.86039180404783
"result_final_convex_1000",41.23,390032.005035567,0.991120602534334,26.000948989577,18338,158,26.0949367088608,1.00895894752158
"result_final_convex_1000",30.54,5160.74077050003,0.890552156953106,25.1168576618342,15876,471,6.48407643312102,1.12289885796398
"result_final_convex_1000",4.13,113.124733122935,0.133589185074057,25.614134037227,3036,333,1.24024024024024,7.48563590267907
"result_final_convex_1000",5.94,196.600852219616,0.158574926485791,25.9652304697259,4162,420,1.41428571428571,6.30616719907232
"result_final_convex_1000",22.21,1175.47178978743,0.63523488422487,25.209349285645,13190,669,3.31988041853513,1.57422085095378
"result_final_convex_1000",19.74,575.260968398111,0.539697529974328,24.8434878613583,11762,692,2.85260115606936,1.85288971036715
"result_final_convex_1000",41.62,488601.917380754,0.992067101375867,25.8494425055673,18294,150,27.7466666666667,1.00799633272097
"result_final_convex_1000",19.16,357.261038156669,0.517425998671023,25.2092112802911,11440,708,2.70621468926554,1.9326435134076
"result_final_convex_1000",16.27,450.141254189715,0.411630036259011,25.0978197643729,10230,727,2.23796423658872,2.42936596436993
"result_final_convex_1000",43.82,662863.881871611,0.995928026547494,25.8709322398426,18474,108,40.5740740740741,1.00408862221362
"result_final_convex_1000",13.45,229.705954798702,0.321613526875327,25.6357043930709,8864,696,1.93247126436782,3.10932195456956
"result_final_convex_1000",23.83,1222.75469241729,0.695962921916832,24.7992500808364,13616,648,3.67746913580247,1.43685815509508
"result_final_convex_1000",9.9,138.906558060914,0.231190275208234,25.5082251469996,6782,612,1.61764705882353,4.32544145336259
"result_final_convex_1000",24.24,904.471455503679,0.710784261815524,25.1554524773655,13538,663,3.65610859728507,1.40689665447255
"result_final_convex_1000",40.01,367084.3020718,0.987495252784007,26.352964537796,18024,193,20.7305699481865,1.01266309603083
"result_final_convex_1000",25.86,2714.89070478297,0.766314079294167,24.6283792912016,14474,597,4.33165829145729,1.30494796718478
"result_final_convex_1000",19.58,483.340459348514,0.53353362669971,25.1562012424556,11918,708,2.76553672316384,1.87429610798052
"result_final_convex_1000",10.84,249.764189722581,0.252638435428812,25.3254796300132,7298,610,1.77704918032787,3.95822590613604
"result_final_convex_1000",23.08,956.268908017363,0.668218468328307,25.2645749491019,13138,643,3.58942457231726,1.49651655468565
"result_final_convex_1000",5.96,149.381694890509,0.158876850447323,25.287945787032,4200,420,1.41904761904762,6.29418318140413
"result_final_convex_1000",27.21,1850.70683452568,0.808108973553271,25.4576993144532,14446,576,4.72395833333333,1.23745686872277
"result_final_convex_1000",12.48,242.178358155427,0.294335053857112,25.0354415203689,8072,644,1.93788819875776,3.3974886337713
"result_final_convex_1000",38.42,234543.937614777,0.980897656065653,26.0567799942347,17792,236,16.2796610169492,1.01947434965944
"result_final_convex_1000",35.16,44907.9298596135,0.957799123734869,26.2545123976861,16770,324,10.8518518518519,1.04406025775068
"result_final_convex_1000",31.29,12037.6385939788,0.904955512582922,25.3160975190425,15964,462,6.77272727272727,1.10502669589337
"result_final_convex_1000",6.02,151.915969492286,0.159786195401907,25.693969928843,4226,441,1.36507936507937,6.25836291730159
"result_final_convex_1000",41.63,750935.896292939,0.992090163121807,24.3374948451704,18078,154,27.0324675324675,1.00797290122634
"result_final_convex_1000",38.67,504758.481064958,0.982099296614236,25.8206876599092,17962,231,16.7402597402597,1.01822697913284
"result_final_convex_1000",34.89,52155.2775879113,0.955137039236761,25.1407905934011,16696,339,10.2920353982301,1.04697018220452
"result_final_convex_1000",27.22,2867.84070813884,0.808401515526062,25.082599427115,14618,552,4.93115942028986,1.23700906145538
"result_final_convex_1000",29.15,5210.75995819077,0.859837924134193,25.069790048609,15302,504,5.78373015873016,1.16300987887565
"result_final_convex_1000",20.3,811.986288595438,0.561356674728171,24.9751927424472,12232,672,3.02083333333333,1.78139860986642
"result_final_convex_1000",29.85,9223.00266601464,0.875967561815047,24.9671261902521,15772,474,6.29746835443038,1.14159478454653
"result_final_convex_1000",9.54,189.746082776158,0.22343291938829,25.7656333052165,6322,577,1.65337954939341,4.47561622852075
"result_final_convex_1000",33.34,12266.0847540415,0.937092616679657,25.4813975032334,16538,393,8.48346055979644,1.06713037985854
"result_final_convex_1000",33.97,11005.26117368,0.945020678149586,24.6386779281918,16766,363,9.35812672176309,1.05817790353336
"result_final_convex_1000",24.6,2629.62162185701,0.72356564622849,24.8283685750626,13974,626,3.9297124600639,1.38204460813251
"result_final_convex_1000",28.88,5980.46347146476,0.853254847059939,24.8696441642366,15246,514,5.61867704280156,1.17198279440861
"result_final_convex_1000",32.81,19731.4559626686,0.929745437344039,25.1407096511509,16542,393,8.34860050890585,1.07556322390423
"result_final_convex_1000",2.21,56.6258169467663,0.11161129837251,25.2277801467558,1602,179,1.23463687150838,8.95966640099853
"result_final_convex_1000",35.71,71400.3579647731,0.962821486432412,25.3268699021945,17308,284,12.5739436619718,1.0386141295053
"result_final_convex_1000",40.45,1085772.21001408,0.988928301698655,25.9972516588003,18196,183,22.103825136612,1.01119565319582
"result_final_convex_1000",39.46,193696.73424723,0.985480303849211,25.0100637643833,17660,205,19.2487804878049,1.01473362389291
"result_final_convex_1000",30.72,6378.86273337933,0.894145080429025,25.3316631531567,15604,456,6.73684210526316,1.11838673822394
"result_final_convex_1000",7.59,139.553561084025,0.185572180421484,24.9431623714733,5298,510,1.48823529411765,5.38873875237513
"result_final_convex_1000",34.21,41258.2892572573,0.94782155799772,25.7641604990783,16936,375,9.12266666666667,1.05505091286645
"result_final_convex_1000",3.45,88.4756995638053,0.12531275255263,25.5104306478634,2488,276,1.25,7.9800337924906
"result_final_convex_1000",21.9,685.032879716402,0.62333214658712,25.5159542307145,12388,632,3.46518987341772,1.60428112921052
"result_final_convex_1000",11.54,271.509165682122,0.269760676021564,25.14465101536,7628,631,1.82884310618067,3.70698952400335
"result_final_convex_1000",13.4,306.895321144284,0.320159814744445,25.1562012794476,8556,658,2.03647416413374,3.12344008818912
"result_final_convex_1000",39.23,231284.525033893,0.984558069907058,25.0316329187606,17604,201,19.5174129353234,1.01568412322739
"result_final_convex_1000",13.1,261.877170880358,0.311545956790065,25.2774391629029,8486,694,1.88760806916427,3.20979931918632
"result_final_convex_1000",28.75,5841.78497022717,0.850013399297012,24.9662428985527,15276,507,5.67061143984221,1.17645204278783
"result_final_convex_1000",1.37,80.5787455901607,0.103263452886586,25.7435666890572,980,115,1.19130434782609,9.68396825833722
"result_final_convex_1000",12.14,307.753185515471,0.285235516019885,25.06960007053,8098,654,1.85626911314985,3.505874773078
"result_final_convex_1000",3.43,132.103515495526,0.12507782471926,24.7501490792063,2442,270,1.27037037037037,7.99502231706158
"result_final_convex_1000",6.25,109.294457027975,0.163322092381752,25.4182593554018,4460,449,1.39198218262806,6.12287036871033
"result_final_convex_1000",21.36,1097.37223198264,0.602476212227562,24.9294676550573,12370,657,3.25114155251142,1.65981656985702
"result_final_linear_5000",4.34,876.4795147575,0.0205205870870033,25.3900572556952,2886,307,1.41368078175896,48.7315492368807
"result_final_linear_5000",16.91,5001.39094067485,0.0244952227093031,25.5501184954682,10688,695,2.43309352517986,40.8242869178
"result_final_linear_5000",10.22,1992.19075516024,0.0220710067899444,25.3778703089636,6980,614,1.66449511400651,45.3083092002673
"result_final_linear_5000",21.05,9073.5252647257,0.0265471847206577,25.6072340638329,12596,675,3.11851851851852,37.6687777074098
"result_final_linear_5000",26.71,22610.3576550855,0.030508389911293,25.448933701363,14286,586,4.5580204778157,32.7778687406194
"result_final_linear_5000",19.9,8741.49753950938,0.0259214912138766,25.3039121540756,11766,691,2.87988422575977,38.5780274656679
"result_final_linear_5000",28.91,32613.2552057208,0.0326087455105064,24.8945852990121,15428,541,5.34380776340111,30.6666197777466
"result_final_linear_5000",7.57,1051.35862120942,0.021319684552628,25.5210287618936,5290,526,1.43916349809886,46.9050091961484
"result_final_linear_5000",13.32,3502.39935374092,0.023085855518979,25.5337206183779,8592,649,2.05238828967643,43.3165666820489
"result_final_linear_5000",24.86,19290.3299949196,0.0290212194010366,25.0755391121673,13954,590,4.2135593220339,34.4575459142934
"result_final_linear_5000",41.44,966591.666672946,0.0640307907627712,26.1561578513125,18106,177,23.4124293785311,15.6174863387978
"result_final_linear_5000",11.63,2786.46481325394,0.0225125274814858,25.0196278039676,7670,634,1.83438485804416,44.4197125721399
"result_final_linear_5000",12.51,3262.3098429501,0.0228046990869258,25.6054944362893,7884,635,1.97007874015748,43.850611498457
"result_final_linear_5000",10.05,1772.98283270076,0.0220198533641783,25.3226634243538,6752,604,1.66390728476821,45.4135630906058
"result_final_linear_5000",6.54,1163.38757726694,0.0210521099412992,25.2583104533282,4414,429,1.52447552447552,47.5011769741065
"result_final_linear_5000",0.96,99.7304759132299,0.0197959640538553,24.4037832848603,708,83,1.1566265060241,50.5153473344102
"result_final_linear_5000",34.14,132514.569958749,0.0398702069182618,25.4315975593877,16544,350,9.75428571428571,25.0813847555421
"result_final_linear_5000",19.63,8708.15844631456,0.0257813477386387,25.1867472123249,11504,674,2.91246290801187,38.7877317406992
"result_final_linear_5000",38.89,610166.41423922,0.0521367448447671,24.0204661271278,17814,222,17.518018018018,19.1803305514646
"result_final_linear_5000",8.76,1389.01418947812,0.021645268122337,25.3665750719357,6166,584,1.5,46.1994739149497
"result_final_linear_5000",45.25,784417.566265623,0.103350637092968,26.1491416752233,18352,121,37.396694214876,9.67579908675803
"result_final_linear_5000",23.7,12799.7421640165,0.0281934744854598,25.307051708733,13376,637,3.72056514913658,35.4692005242465
"result_final_linear_5000",11.33,2168.58914494973,0.0224159244830838,25.3147655531184,7598,641,1.76755070202808,44.6111424382542
"result_final_linear_5000",34.56,186800.632956349,0.0406601053782682,25.5830348310078,16928,355,9.73521126760563,24.5941320293399
"result_final_linear_5000",12.62,2610.64336398922,0.022842175156455,25.4792194228608,8466,677,1.86410635155096,43.7786678873885
"result_final_linear_5000",26.48,24511.3264230227,0.030311026089251,25.142665346955,14384,599,4.42070116861436,32.9912948857453
"result_final_linear_5000",22.08,11176.6286953153,0.0271505825946368,25.0144289278101,12724,660,3.34545454545455,36.8316221765914
"result_final_linear_5000",28.88,43930.4297501268,0.0325772289200777,25.5297461843625,15554,495,5.83434343434343,30.6962879640045
"result_final_linear_5000",20.69,9609.98723957378,0.0263461238211347,25.1905221813573,12202,703,2.94310099573257,37.9562476358593
"result_final_linear_5000",1.23,90.574735737554,0.0198501940403194,24.9796181225148,960,113,1.08849557522124,50.3773412979649
"result_final_linear_5000",28.7,41034.7374037587,0.032389951392359,24.6503023805255,15404,484,5.9297520661157,30.8737727910239
"result_final_linear_5000",26.89,34401.7509222562,0.0306655313722941,25.6292362066568,14418,568,4.73415492957746,32.6099028860621
"result_final_linear_5000",13.25,3123.27209584834,0.0230610752974015,25.2247101140586,8752,671,1.97466467958271,43.3631123919308
"result_final_linear_5000",3.94,524.106200320902,0.0204293437344483,25.6264120209315,2744,298,1.32214765100671,48.9491984176556
"result_final_linear_5000",14.31,3715.74159198042,0.023446585072879,25.3539284324832,9168,708,2.02118644067797,42.6501342046913
"result_final_linear_5000",9.8,1836.05618124679,0.021945404116588,25.3800740618827,6552,590,1.66101694915254,45.5676274944568
"result_final_linear_5000",19.23,7120.08875074121,0.0255781770046584,25.1058606100353,11664,724,2.6560773480663,39.0958276587841
"result_final_linear_5000",1.55,265.068467001622,0.0199152413800079,26.2504395172533,1022,114,1.35964912280702,50.2127983748095
"result_final_linear_5000",29.87,36604.384483885,0.0336656857709312,25.0103902156866,15790,488,6.12090163934426,29.7038357336376
"result_final_linear_5000",2.28,266.422010682935,0.0200668621604528,24.9969456893599,1662,193,1.18134715025907,49.8334015554645
"result_final_linear_5000",38.84,1126648.27860005,0.0519555540453294,24.8207880893115,17734,203,19.1330049261084,19.2472204054938
"result_final_linear_5000",30.78,49233.7296931941,0.0347626078484547,25.1451936980322,16006,475,6.48,28.7665414620052
"result_final_linear_5000",6.1,915.180911150497,0.0209415910256696,25.2902023343416,4244,437,1.39588100686499,47.7518636847711
"result_final_linear_5000",13.49,3192.64077076999,0.0231464263640766,25.244344314659,8688,689,1.95791001451379,43.2032135013294
"result_final_linear_5000",33.86,109363.788894213,0.0393657671384528,24.6295394039599,16752,351,9.64672364672365,25.4027819776232
"result_final_linear_5000",37.41,479925.21894655,0.0473596198518451,24.8988465179283,17362,266,14.0639097744361,21.1150343505352
"result_final_linear_5000",35.37,217798.182631463,0.0423073650033058,25.3712495029945,17120,302,11.7119205298013,23.6365464954355
"result_final_linear_5000",34.28,138711.972266425,0.0401289597733434,25.0757809485461,16772,369,9.289972899729,24.9196591600731
"result_final_linear_5000",17.79,5975.34885255184,0.0248879120612979,25.2472929454612,11172,718,2.47771587743733,40.180148400438
"result_final_linear_5000",12.29,2511.77089910259,0.02273039435459,25.313475142033,8128,667,1.84257871064468,43.9939573594801
"result_final_linear_5000",27.12,25801.0882738495,0.0308698451424892,25.3885077207448,14886,586,4.62798634812287,32.3940724478595
"result_final_linear_5000",26.76,33397.8736995053,0.0305518012380905,25.5287924087452,14666,550,4.86545454545455,32.7312943746586
"result_final_linear_5000",15.74,4276.06151362148,0.0240039199375545,25.0260528205167,10158,729,2.15912208504801,41.6598623308806
"result_final_linear_5000",32.12,64430.2948851672,0.0365756406664224,25.2402496825049,16366,408,7.87254901960784,27.3406010606953
"result_final_linear_5000",11.31,2576.05125015981,0.0224095368763092,25.3516310599507,7266,634,1.78391167192429,44.6238583831322
"result_final_linear_5000",36.66,497553.107709706,0.0453289822090544,24.5745453410315,17116,279,13.1397849462366,22.0609409535838
"result_final_linear_5000",26.67,23885.8726195866,0.0304737920401607,24.2551212204926,14568,566,4.71201413427562,32.8150825037502
"result_final_linear_5000",40.6,1700302.01066539,0.0594356613968381,27.0099611855493,17958,185,21.9459459459459,16.8249158249158
"result_final_linear_5000",8.22,1576.57455649035,0.021495252682808,24.9491083783227,5548,514,1.59922178988327,46.5219001961212
"result_final_linear_5000",29.49,31378.0907503486,0.0332357613209459,24.8309291440091,15768,506,5.82806324110672,30.0880726138137
"result_final_linear_5000",3.17,272.237199698508,0.0202580426500524,25.8585159161213,2382,275,1.15272727272727,49.3631106062171
"result_final_linear_5000",5.08,791.282773901441,0.0206936244800433,24.7121764791378,3528,366,1.3879781420765,48.32406236831
"result_final_linear_5000",26.69,26186.2724768166,0.0304910764418898,25.1925139073845,14444,549,4.8615664845173,32.796480698404
"result_final_linear_5000",14.89,3664.02186887042,0.0236672404348032,25.2021464462227,9554,720,2.06805555555556,42.2524967688873
"result_final_linear_5000",25.22,17246.995891909,0.0292935544778633,24.8073671495702,14034,628,4.01592356687898,34.137202460551
"result_final_linear_5000",33.91,130926.959032892,0.0394545964694434,25.3985725805314,16542,356,9.5252808988764,25.345589347859
"result_final_linear_5000",42.4,1504009.629553,0.0704500978473581,26.2418938142422,18180,129,32.8682170542636,14.1944444444444
"result_final_linear_5000",9.59,1706.1351724898,0.0218835700160478,24.9729994938747,6502,608,1.57730263157895,45.6963831434576
"result_final_linear_5000",2.17,285.369213494785,0.0200437220718607,25.3460459456896,1540,186,1.16666666666667,49.8909332515589
"result_final_linear_5000",34.53,109407.573656949,0.0406023057793323,24.3577035064018,16616,332,10.4006024096386,24.6291431189858
"result_final_linear_5000",25.77,19148.1216024667,0.0297249352282329,25.5533439521222,14238,579,4.45077720207254,33.6417890340832
"result_final_linear_5000",16.07,5526.45029935702,0.0241391112274334,25.3419911006787,9894,703,2.28591749644381,41.4265459311331
"result_final_linear_5000",22.98,13372.1651299732,0.0277148059387842,25.2294919895552,13308,647,3.55177743431221,36.0817969358608
"result_final_linear_5000",5.89,1010.7494945813,0.0208896120183525,24.6018757009375,3970,396,1.48737373737374,47.8706832430135
"result_final_linear_5000",13.97,3244.53164451265,0.0233204934630513,25.3189147561653,9200,691,2.02170767004342,42.8807392769963
"result_final_linear_5000",38.5,280234.307238375,0.0507635163021048,25.1006413702367,17614,258,14.922480620155,19.6991869918699
"result_final_linear_5000",3.76,458.801178303449,0.0203887937901463,25.0840496092884,2666,292,1.28767123287671,49.0465502909392
"result_final_linear_5000",34.73,125399.237724289,0.0409917915931343,25.9174876828689,17026,343,10.1253644314869,24.3951279301364
"result_final_linear_5000",1.9,176.517654710228,0.0199873678205416,24.6572666603303,1418,164,1.15853658536585,50.0316004077471
"result_final_linear_5000",18.91,6670.28236586606,0.0254193455357059,24.9265536461238,11582,709,2.66713681241185,39.3401159205821
"result_final_linear_5000",4.63,908.548422690836,0.0205877337086632,25.9096295241025,3124,338,1.3698224852071,48.5726119324734
"result_final_linear_5000",10.85,2365.42755562383,0.02226440068429,25.4103039257796,7088,621,1.74718196457327,44.9147504206395
"result_final_linear_5000",33.8,100770.059534768,0.0392598742735144,24.9590542709882,16756,382,8.84816753926702,25.4712990936556
"result_final_linear_5000",29.69,55544.8956014783,0.0334600796645902,25.0563487326365,15470,512,5.798828125,29.8863604039255
"result_final_linear_5000",39.59,759720.569850346,0.0548478768124495,24.876348113726,18290,198,19.9949494949495,18.232246316835
"result_final_linear_5000",35.14,152955.93998835,0.0418219568497479,25.4518646484325,16782,332,10.5843373493976,23.9108849830404
"result_final_linear_5000",33.16,90976.3439639222,0.0381759612528843,24.9056308358184,16590,399,8.31077694235589,26.1944943147816
"result_final_linear_5000",29.27,37493.880388511,0.0329938938205837,24.8501724300108,15122,540,5.42037037037037,30.3086384843773
"result_final_linear_5000",22.7,12042.0178772898,0.0275353542549781,24.6653836155518,13082,651,3.48694316436252,36.3169469598965
"result_final_linear_5000",17.31,6068.12217729159,0.024671136053752,25.3776477512216,10764,725,2.38758620689655,40.5331962752449
"result_final_linear_5000",10.14,2020.01485808453,0.022046880903662,25.3867617485482,6794,598,1.69565217391304,45.3578900511908
"result_final_linear_5000",1.87,230.928893821695,0.0199811448688998,26.7497275626555,1360,154,1.21428571428571,50.0471823091818
"result_final_linear_5000",4,419.603951407729,0.020442930153322,25.9667467231271,2926,314,1.27388535031847,48.9166666666666
"result_final_linear_5000",39.26,1023918.23245823,0.0535276803496837,26.179108566541,18000,220,17.8454545454545,18.6819229502799
"result_final_linear_5000",12.73,2543.94778205311,0.0228798695425337,25.3759478537245,8438,695,1.83165467625899,43.7065429127993
"result_final_linear_5000",2.51,258.190189734855,0.02011558880757,25.4594717236181,1838,211,1.18957345971564,49.7126884808699
"result_final_linear_5000",29.1,38633.2621370213,0.0328104030727937,24.7998924803462,15706,518,5.61776061776062,30.4781382228491
"result_final_linear_5000",36.14,277553.165791054,0.0440456319920544,24.8684224580779,17386,284,12.7253521126761,22.7037269025994
"result_final_linear_5000",7.73,1157.3167253559,0.0213624061473351,25.2474330795677,5400,514,1.50389105058366,46.811206242549
"result_final_linear_5000",38.16,574418.098365925,0.0496371925768959,24.7662227094196,17486,243,15.7037037037037,20.1461836998706
"result_final_linear_5000",1.21,78.0735237373559,0.0198461566277404,25.9226882986406,956,118,1.02542372881356,50.3875898370281
"result_final_linear_5000",39.65,1437755.42406518,0.0550965444834984,25.7178075907587,17854,195,20.3333333333333,18.1499585749793
"result_final_linear_5000",17.97,5678.03269786515,0.0249708526253946,25.3158949165809,11260,720,2.49583333333333,40.0466902352798
"result_final_linear_5000",37.16,270636.20391913,0.0466573609337412,24.6222248651881,17306,284,13.0845070422535,21.4328453214513
"result_final_linear_5000",13.07,3119.44026085547,0.0229977803821764,25.2466891781791,8506,664,1.9683734939759,43.4824571494306
"result_final_linear_5000",13.77,3339.35474973954,0.0232474125357554,25.351380985814,8716,707,1.94766619519095,43.0155398353241
"result_final_linear_5000",38.08,702922.493062053,0.0493811407426311,25.1343757913942,17714,257,14.8171206225681,20.250645994832
"result_final_linear_5000",10.61,2355.04084309919,0.0221900064293676,25.565842076612,7070,609,1.74220032840722,45.065331692583
"result_final_linear_5000",35.39,148292.19618397,0.0423502730055519,25.2351722676889,17024,341,10.3782991202346,23.6125986689367
"result_final_linear_5000",29.11,29228.2812768552,0.0328211158901611,25.4299940238398,15570,546,5.33150183150183,30.4681901537593
"result_final_linear_5000",12.67,2957.27646062543,0.022859281789793,25.3340092596632,8308,677,1.87149187592319,43.7459063323028
"result_final_linear_5000",2.97,262.365185787095,0.0202144569929771,25.460207316603,2242,259,1.14671814671815,49.4695455013914
"result_final_linear_5000",37.68,546452.678811969,0.0481488349094505,25.2291106732047,17306,234,16.1025641025641,20.7689345314506
"result_final_linear_5000",43.4,629391.658632041,0.0789840915433994,25.031631017842,18332,130,33.3846153846154,12.660777385159
"result_final_linear_5000",21.33,10957.2858774808,0.0267069970499072,25.3711006394816,12328,651,3.27649769585253,37.4433710435998
"result_final_linear_5000",2.9,299.97575347067,0.0201992885523497,25.6335927513255,2132,239,1.21338912133891,49.506694129763
"result_final_linear_5000",12.36,3170.50319466818,0.0227539437745999,25.6061287353915,8076,639,1.93427230046948,43.9484253765404
"result_final_linear_5000",37.08,532323.234387384,0.0464381660909869,25.7693319454186,17642,263,14.0988593155894,21.5340114431024
"result_final_linear_5000",25.82,18367.4165662431,0.0297651052492196,25.1587542579465,14226,572,4.51398601398601,33.5963871663521
"result_final_linear_5000",25.38,20997.8580196149,0.0294170983434649,25.6066188138991,13918,602,4.21594684385382,33.9938354328599
"result_final_linear_5000",28.68,37764.8283713104,0.0323693335511864,25.1328835445561,15416,508,5.64566929133858,30.8934380257992
"result_final_linear_5000",19.87,7536.80899583194,0.0259057976871325,25.1590743878208,12210,723,2.74827109266943,38.6013977286908
"result_final_linear_5000",3.72,386.659167390888,0.0203798250738737,25.2274699943316,2738,312,1.19230769230769,49.0681346073951
"result_final_linear_5000",18.5,6442.92862894742,0.025220485842488,25.5560024076665,11216,705,2.6241134751773,39.6503067484663
"result_final_linear_5000",31.51,69629.8874092881,0.0357185695883681,25.1525570467042,16218,428,7.36214953271028,27.9966418455249
"result_final_linear_5000",27.13,27582.6757744659,0.0308788195959947,24.8051070484485,14842,558,4.86200716845878,32.3846576094415
"result_final_linear_5000",4.75,727.923357477611,0.0206157675450463,25.6635646412395,3254,355,1.33802816901408,48.5065616797899
"result_final_linear_5000",35.5,204765.185495841,0.0425883129745791,25.8074419343201,17158,308,11.525974025974,23.4806201550387
"result_final_linear_5000",26.68,22592.0855317085,0.0304824306121431,25.233247459155,14800,579,4.60794473229706,32.8057828696126
"result_final_linear_5000",9.02,1640.47590136918,0.0217188909949439,25.2508258854637,6156,578,1.56055363321799,46.04286656408
"result_final_linear_5000",39.81,1365230.78127441,0.0557733114650803,26.333896231016,17748,195,20.4153846153846,17.9297225452733
"result_final_linear_5000",8.52,1467.85227053372,0.0215781180710842,25.2562385025488,5772,544,1.56617647058824,46.3432444250109
"result_final_linear_5000",2.08,224.99415884494,0.0200248674824946,26.492266270171,1520,169,1.23076923076923,49.937908496732
"result_final_linear_5000",13.08,3222.15687597751,0.0230012807892202,24.8596157091965,8416,681,1.92070484581498,43.4758398527382
"result_final_linear_5000",43.54,1316469.45941257,0.0803746832559861,24.7910339571853,18368,137,31.7810218978102,12.4417286574566
"result_final_linear_5000",5.09,539.172646188865,0.0206960014479133,25.3466814644877,3730,397,1.28211586901763,48.3185122747866
"result_final_linear_5000",13.03,2863.80962044905,0.0229837974402545,25.6919995681167,8480,677,1.92466765140325,43.5089111187767
"result_final_linear_5000",31.42,62423.4538973687,0.0355967569475444,25.2458135189346,15822,440,7.14090909090909,28.0924467774861
"result_final_linear_5000",5.7,880.436554051519,0.0208430033375329,25.4721335647327,3988,409,1.39364303178484,47.9777306468716
"result_final_linear_5000",22.66,10112.0194889963,0.0275100130187028,25.3929323990682,13210,691,3.27930535455861,36.3504008275149
"result_final_linear_5000",30.62,51237.0789653371,0.034562464505973,25.1052742937568,15832,476,6.4327731092437,28.9331219371576
"result_final_linear_5000",6.71,960.719569431411,0.0210954053216772,25.1398718732836,4742,465,1.44301075268817,47.4036874263051
"result_final_linear_5000",41.23,678221.722409753,0.0628038941192814,26.000948989577,18338,158,26.0949367088608,15.9225795473881
"result_final_linear_5000",30.54,44649.3039322828,0.0344635963998293,25.1168576618342,15876,471,6.48407643312102,29.0161243881371
"result_final_linear_5000",4.13,459.54769356395,0.0204724880255057,25.614134037227,3036,333,1.24024024024024,48.846041514551
"result_final_linear_5000",5.94,932.023473576671,0.0209019435296418,25.9652304697259,4162,420,1.41428571428571,47.8424409951096
"result_final_linear_5000",22.21,11087.2743694859,0.0272298628880667,25.209349285645,13190,669,3.31988041853513,36.7243861678879
"result_final_linear_5000",19.74,8756.54368727394,0.0258381461951028,24.8434878613583,11762,692,2.85260115606936,38.7024669823075
"result_final_linear_5000",41.62,789437.335177158,0.0651286284834558,25.8494425055673,18294,150,27.7466666666667,15.3542309009935
"result_final_linear_5000",19.16,6622.6020120837,0.0255431554201792,25.2092112802911,11440,708,2.70621468926554,39.149430974765
"result_final_linear_5000",16.27,5022.31199014911,0.0242223141523926,25.0978197643729,10230,727,2.23796423658872,41.2842469843544
"result_final_linear_5000",43.82,1050273.11723081,0.0833308611943397,25.8709322398426,18474,108,40.5740740740741,12.000355998576
"result_final_linear_5000",13.45,3027.10913099355,0.0231321243869519,25.6357043930709,8864,696,1.93247126436782,43.2299248989024
"result_final_linear_5000",23.83,15577.4278270187,0.0282826557551139,24.7992500808364,13616,648,3.67746913580247,35.3573585401076
"result_final_linear_5000",9.9,1575.63661177571,0.0219750737786883,25.5082251469996,6782,612,1.61764705882353,45.5061043285239
"result_final_linear_5000",24.24,13053.9205352423,0.0285697046489879,25.1554524773655,13538,663,3.65610859728507,35.0021119324181
"result_final_linear_5000",40.01,759236.088396007,0.0566483158481194,26.352964537796,18024,193,20.7305699481865,17.6527754625771
"result_final_linear_5000",25.86,18627.2911102831,0.0297973586695282,24.6283792912016,14474,597,4.33165829145729,33.5600215807931
"result_final_linear_5000",19.58,7310.42840654354,0.0257556638760961,25.1562012424556,11918,708,2.76553672316384,38.8264113404626
"result_final_linear_5000",10.84,2093.59443285899,0.022261282945001,25.3254796300132,7298,610,1.77704918032787,44.9210408254822
"result_final_linear_5000",23.08,13095.1057375531,0.0277797841757797,25.2645749491019,13138,643,3.58942457231726,35.9973998959959
"result_final_linear_5000",5.96,900.211007125721,0.0209068838872042,25.287945787032,4200,420,1.41904761904762,47.8311356869417
"result_final_linear_5000",27.21,24580.8891805643,0.0309508927242653,25.4576993144532,14446,576,4.72395833333333,32.3092457755187
"result_final_linear_5000",12.48,3007.68324131272,0.0227945159811643,25.0354415203689,8072,644,1.93788819875776,43.8702010968922
"result_final_linear_5000",38.42,480475.03373294,0.0504927926007314,26.0567799942347,17792,236,16.2796610169492,19.8048067554401
"result_final_linear_5000",35.16,215982.38599068,0.041863588233775,26.2545123976861,16770,324,10.8518518518519,23.8871067242443
"result_final_linear_5000",31.29,73408.7751720931,0.0354228209371504,25.3160975190425,15964,462,6.77272727272727,28.2303885897249
"result_final_linear_5000",6.02,856.865997494469,0.020921731619464,25.693969928843,4226,441,1.36507936507937,47.7971908916791
"result_final_linear_5000",41.63,1321534.46457049,0.0651909266560193,24.3374948451704,18078,154,27.0324675324675,15.3395579921192
"result_final_linear_5000",38.67,865619.520005665,0.0513509666507582,25.8206876599092,17962,231,16.7402597402597,19.4738300994619
"result_final_linear_5000",34.89,204277.02328547,0.0413105684247927,25.1407905934011,16696,339,10.2920353982301,24.2068806634925
"result_final_linear_5000",27.22,28505.2285296407,0.0309599367018607,25.082599427115,14618,552,4.93115942028986,32.2998076394613
"result_final_linear_5000",29.15,37782.0607951877,0.0328640675371663,25.069790048609,15302,504,5.78373015873016,30.4283697953423
"result_final_linear_5000",20.3,9004.59924388196,0.0261337180706299,24.9751927424472,12232,672,3.02083333333333,38.2647427854454
"result_final_linear_5000",29.85,53470.8381537815,0.0336426635973431,24.9671261902521,15772,474,6.29746835443038,29.7241625089095
"result_final_linear_5000",9.54,1980.43757382089,0.0218689410752189,25.7656333052165,6322,577,1.65337954939341,45.7269511386248
"result_final_linear_5000",33.34,83375.4735526044,0.0384726374476239,25.4813975032334,16538,393,8.48346055979644,25.992499249925
"result_final_linear_5000",33.97,83611.8289005786,0.0395619012240643,24.6386779281918,16766,363,9.35812672176309,25.276843858852
"result_final_linear_5000",24.6,15389.666478034,0.0288292421809283,24.8283685750626,13974,626,3.9297124600639,34.68700265252
"result_final_linear_5000",28.88,42391.1335458252,0.0325772289200777,24.8696441642366,15246,514,5.61867704280156,30.6962879640045
"result_final_linear_5000",32.81,90552.9496946761,0.0376163789966353,25.1407096511509,16542,393,8.34860050890585,26.5841643101652
"result_final_linear_5000",2.21,257.509517374396,0.0200521244507145,25.2277801467558,1602,179,1.23463687150838,49.8700276101851
"result_final_linear_5000",35.71,221077.036464483,0.0430525885795793,25.3268699021945,17308,284,12.5739436619718,23.2274070617514
"result_final_linear_5000",40.45,1746862.32952157,0.0586959735843478,25.9972516588003,18196,183,22.103825136612,17.0369437447523
"result_final_linear_5000",39.46,821959.579889232,0.0543183734993809,25.0100637643833,17660,205,19.2487804878049,18.4099768747935
"result_final_linear_5000",30.72,54517.3079084918,0.034687174557398,25.3316631531567,15604,456,6.73684210526316,28.8290993071594
"result_final_linear_5000",7.59,1159.69648837432,0.0213250073267934,24.9431623714733,5298,510,1.48823529411765,46.893301590737
"result_final_linear_5000",34.21,148625.901923492,0.0399990272314399,25.7641604990783,16936,375,9.12266666666667,25.000607995136
"result_final_linear_5000",3.45,419.555117712233,0.0203196851553704,25.5104306478634,2488,276,1.25,49.213360952874
"result_final_linear_5000",21.9,13626.2927328879,0.0270419999307503,25.5159542307145,12388,632,3.46518987341772,36.9795134443022
"result_final_linear_5000",11.54,2385.69730613844,0.0224833903508995,25.14465101536,7628,631,1.82884310618067,44.477277865702
"result_final_linear_5000",13.4,3151.89164997121,0.0231142902898628,25.1562012794476,8556,658,2.03647416413374,43.2632794457275
"result_final_linear_5000",39.23,719332.468340096,0.0534114979301616,25.0316329187606,17604,201,19.5174129353234,18.7225604739181
"result_final_linear_5000",13.1,3011.37691765006,0.0230082872196775,25.2774391629029,8486,694,1.88760806916427,43.4626006904488
"result_final_linear_5000",28.75,37492.3542069291,0.0324416619237336,24.9662428985527,15276,507,5.67061143984221,30.8245614035088
"result_final_linear_5000",1.37,177.287687805774,0.0198785479771769,25.7435666890572,980,115,1.19130434782609,50.305485146507
"result_final_linear_5000",12.14,2541.12990875076,0.0226802207617209,25.06960007053,8098,654,1.85626911314985,44.0912815843387
"result_final_linear_5000",3.43,503.320257857689,0.0203152577957198,24.7501490792063,2442,270,1.27037037037037,49.2240861551208
"result_final_linear_5000",6.25,770.265924175724,0.020979020979021,25.4182593554018,4460,449,1.39198218262806,47.6666666666666
"result_final_linear_5000",21.36,12840.712388138,0.0267243019873311,24.9294676550573,12370,657,3.25114155251142,37.4191251271618
"result_final_concave_5000",4.34,891.195316899731,0.0196474915352787,25.3900572556952,2886,307,1.41368078175896,50.8970826227062
"result_final_concave_5000",16.91,5417.43154537785,0.0204377365594206,25.5501184954682,10688,695,2.43309352517986,48.9290972653749
"result_final_concave_5000",10.22,2093.40873122838,0.0198601475748037,25.3778703089636,6980,614,1.66449511400651,50.3520931168048
"result_final_concave_5000",21.05,10068.5322008116,0.0210767832457985,25.6072340638329,12596,675,3.11851851851852,47.4455702437108
"result_final_concave_5000",26.71,25707.115159492,0.0225432996016579,25.448933701363,14286,586,4.5580204778157,44.3590786473182
"result_final_concave_5000",19.9,9655.85194368719,0.0208707737765512,25.3039121540756,11766,691,2.87988422575977,47.913891967126
"result_final_concave_5000",28.91,37826.041487906,0.0234021738838857,24.8945852990121,15428,541,5.34380776340111,42.7310729747454
"result_final_concave_5000",7.57,1086.8705603649,0.0197376390099733,25.5210287618936,5290,526,1.43916349809886,50.6646210063274
"result_final_concave_5000",13.32,3701.82175323615,0.0200725433563827,25.5337206183779,8592,649,2.05238828967643,49.819297048972
"result_final_concave_5000",24.86,21679.4723588065,0.0219650147035383,25.0755391121673,13954,590,4.2135593220339,45.5269442564458
"result_final_concave_5000",41.44,987676.382427931,0.0385184946628611,26.1561578513125,18106,177,23.4124293785311,25.9615545402968
"result_final_concave_5000",11.63,2930.93222460421,0.0199465447173185,25.0196278039676,7670,634,1.83438485804416,50.133996347335
"result_final_concave_5000",12.51,3459.73980016949,0.0200089140187845,25.6054944362893,7884,635,1.97007874015748,49.9777248810802
"result_final_concave_5000",10.05,1860.68816718852,0.0198507878004495,25.3226634243538,6752,604,1.66390728476821,50.3758344531473
"result_final_concave_5000",6.54,1196.30515232989,0.0197024284120014,25.2583104533282,4414,429,1.52447552447552,50.7551647486696
"result_final_concave_5000",0.96,100.071461577113,0.0196096494413266,24.4037832848603,708,83,1.1566265060241,50.9953022358746
"result_final_concave_5000",34.14,148245.944631259,0.0266208733153106,25.4315975593877,16544,350,9.75428571428571,37.564507676195
"result_final_concave_5000",19.63,9569.89139624933,0.0208258663581119,25.1867472123249,11504,674,2.91246290801187,48.0172100792575
"result_final_concave_5000",38.89,660162.363831389,0.0325201425365868,24.0204661271278,17814,222,17.518018018018,30.7501727237188
"result_final_concave_5000",8.76,1439.5582913579,0.0197866606263468,25.3665750719357,6166,584,1.5,50.539098986135
"result_final_concave_5000",45.25,803424.732736483,0.0593605384418307,26.1491416752233,18352,121,37.396694214876,16.8462083776402
"result_final_concave_5000",23.7,14388.9332770168,0.0216563254252289,25.307051708733,13376,637,3.72056514913658,46.1758853528786
"result_final_concave_5000",11.33,2287.92411939107,0.0199268088386622,25.3147655531184,7598,641,1.76755070202808,50.1836499811144
"result_final_concave_5000",34.56,206363.55354607,0.0269872006770636,25.5830348310078,16928,355,9.73521126760563,37.0546027343214
"result_final_concave_5000",12.62,2773.08228729168,0.0200171958720448,25.4792194228608,8466,677,1.86410635155096,49.9570472503873
"result_final_concave_5000",26.48,27617.4472956308,0.0224649783781223,25.142665346955,14384,599,4.42070116861436,44.5137308021564
"result_final_concave_5000",22.08,12469.8175483216,0.0212833242652008,25.0144289278101,12724,660,3.34545454545455,46.9851413970629
"result_final_concave_5000",28.88,49729.1401723535,0.0233889757957612,25.5297461843625,15554,495,5.83434343434343,42.7551855511874
"result_final_concave_5000",20.69,10610.873954392,0.021009634594231,25.1905221813573,12202,703,2.94310099573257,47.5972104852594
"result_final_concave_5000",1.23,91.0249847874729,0.019610824781353,24.9796181225148,960,113,1.08849557522124,50.9922459228157
"result_final_concave_5000",28.7,47036.6744959864,0.0233107299312479,24.6503023805255,15404,484,5.9297520661157,42.8986995666535
"result_final_concave_5000",26.89,38679.5214126304,0.0226059780080314,25.6292362066568,14418,568,4.73415492957746,44.2360865627987
"result_final_concave_5000",13.25,3322.86453597016,0.0200667987798832,25.2247101140586,8752,671,1.97466467958271,49.8335589532343
"result_final_concave_5000",3.94,533.793349712501,0.0196402363345918,25.6264120209315,2744,298,1.32214765100671,50.915884257397
"result_final_concave_5000",14.31,3964.0562398213,0.0201590164082873,25.3539284324832,9168,708,2.02118644067797,49.6055948240066
"result_final_concave_5000",9.8,1916.83966446457,0.0198374178479901,25.3800740618827,6552,590,1.66101694915254,50.4097865792205
"result_final_concave_5000",19.23,7795.30617856461,0.0207616133704941,25.1058606100353,11664,724,2.6560773480663,48.1658136174126
"result_final_concave_5000",1.55,266.820543487478,0.0196126092812607,26.2504395172533,1022,114,1.35964912280702,50.9876062720258
"result_final_concave_5000",29.87,42641.494851171,0.0238495753378808,25.0103902156866,15790,488,6.12090163934426,41.9294677508022
"result_final_concave_5000",2.28,268.697493603931,0.019618313561459,24.9969456893599,1662,193,1.18134715025907,50.9727809613841
"result_final_concave_5000",38.84,1183211.35143406,0.0324304482915503,24.8207880893115,17734,203,19.1330049261084,30.8352197604542
"result_final_concave_5000",30.78,58076.276221282,0.0243229308268654,25.1451936980322,16006,475,6.48,41.1134664287854
"result_final_concave_5000",6.1,939.303118748468,0.0196893058219,25.2902023343416,4244,437,1.39588100686499,50.7889922095537
"result_final_concave_5000",13.49,3394.17959508398,0.0200866932013323,25.244344314659,8688,689,1.95791001451379,49.7842024058829
"result_final_concave_5000",33.86,126059.5317322,0.0263882539869238,24.6295394039599,16752,351,9.64672364672365,37.8956485902982
"result_final_concave_5000",37.41,528116.172439278,0.0301770397332099,24.8988465179283,17362,266,14.0639097744361,33.1377765626062
"result_final_concave_5000",35.37,242380.55450145,0.0277586333838821,25.3712495029945,17120,302,11.7119205298013,36.0248282460708
"result_final_concave_5000",34.28,158874.80791507,0.0267406016252748,25.0757809485461,16772,369,9.289972899729,37.3963164334648
"result_final_concave_5000",17.79,6477.90989949245,0.0205513448086833,25.2472929454612,11172,718,2.47771587743733,48.6586162272691
"result_final_concave_5000",12.29,2661.65792879891,0.0199926797481317,25.313475142033,8128,667,1.84257871064468,50.0183073303842
"result_final_concave_5000",27.12,29379.0026458652,0.0226878838803397,25.3885077207448,14886,586,4.62798634812287,44.07638919849
"result_final_concave_5000",26.76,37457.2457579818,0.0225605869605437,25.5287924087452,14666,550,4.86545454545455,44.3250878954924
"result_final_concave_5000",15.74,4597.07443272768,0.0203024098493802,25.0260528205167,10158,729,2.15912208504801,49.2552365664379
"result_final_concave_5000",32.12,74632.0012336814,0.0251226886367751,25.2402496825049,16366,408,7.87254901960784,39.8046568366166
"result_final_concave_5000",11.31,2708.89673120983,0.0199255198567027,25.3516310599507,7266,634,1.78391167192429,50.1868963616331
"result_final_concave_5000",36.66,528625.508317956,0.0291965541315679,24.5745453410315,17116,279,13.1397849462366,34.2506172301607
"result_final_concave_5000",26.67,27373.5519379254,0.0225295373714964,24.2551212204926,14568,566,4.71201413427562,44.3861755130918
"result_final_concave_5000",40.6,1764312.64131657,0.036177784595168,27.0099611855493,17958,185,21.9459459459459,27.6412724325182
"result_final_concave_5000",8.22,1633.31523496518,0.0197632628144455,24.9491083783227,5548,514,1.59922178988327,50.5989324429301
"result_final_concave_5000",29.49,37162.4634704682,0.0236664959834818,24.8309291440091,15768,506,5.82806324110672,42.2538258598973
"result_final_concave_5000",3.17,276.294833227208,0.0196284677064955,25.8585159161213,2382,275,1.15272727272727,50.9464118622503
"result_final_concave_5000",5.08,806.561729001008,0.0196630588742459,24.7121764791378,3528,366,1.3879781420765,50.856787155826
"result_final_concave_5000",26.69,29832.2425610921,0.0225364109914877,25.1925139073845,14444,549,4.8615664845173,44.3726377007285
"result_final_concave_5000",14.89,3926.76658859435,0.0202144250210216,25.2021464462227,9554,720,2.06805555555556,49.4696237444335
"result_final_concave_5000",25.22,19535.7939589892,0.0220687603865631,24.8073671495702,14034,628,4.01592356687898,45.312921182871
"result_final_concave_5000",33.91,150165.978307292,0.0264291396847589,25.3985725805314,16542,356,9.5252808988764,37.8370242818262
"result_final_concave_5000",42.4,1528867.88950175,0.0418287152839414,26.2418938142422,18180,129,32.8682170542636,23.9070216049383
"result_final_concave_5000",9.59,1781.21078975247,0.0198265443187462,24.9729994938747,6502,608,1.57730263157895,50.4374329647799
"result_final_concave_5000",2.17,287.83567662694,0.0196173058259206,25.3460459456896,1540,186,1.16666666666667,50.9753994189501
"result_final_concave_5000",34.53,129988.756338369,0.0269603125334036,24.3577035064018,16616,332,10.4006024096386,37.0915581472213
"result_final_concave_5000",25.77,21792.286347199,0.0222351431917808,25.5533439521222,14238,579,4.45077720207254,44.9738502412545
"result_final_concave_5000",16.07,5972.53103684212,0.0203388536224527,25.3419911006787,9894,703,2.28591749644381,49.1669795438258
"result_final_concave_5000",22.98,14887.5560288204,0.0214827643039769,25.2294919895552,13308,647,3.55177743431221,46.5489443467422
"result_final_concave_5000",5.89,1038.51329535908,0.0196834323291533,24.6018757009375,3970,396,1.48737373737374,50.8041475326888
"result_final_concave_5000",13.97,3465.3183050431,0.0201281956300726,25.3189147561653,9200,691,2.02170767004342,49.6815521062378
"result_final_concave_5000",38.5,319389.994348407,0.0318418787318812,25.1006413702367,17614,258,14.922480620155,31.4051821006015
"result_final_concave_5000",3.76,467.031868773284,0.0196372294098682,25.0840496092884,2666,292,1.28767123287671,50.9236806846833
"result_final_concave_5000",34.73,143835.959997357,0.0271417444392991,25.9174876828689,17026,343,10.1253644314869,36.8436156429238
"result_final_concave_5000",1.9,178.002298471477,0.0196150568457152,24.6572666603303,1418,164,1.15853658536585,50.9812440445945
"result_final_concave_5000",18.91,7348.47388974599,0.0207121062106003,24.9265536461238,11582,709,2.66713681241185,48.2809420650908
"result_final_concave_5000",4.63,925.374078839667,0.0196532553581883,25.9096295241025,3124,338,1.3698224852071,50.8821557433925
"result_final_concave_5000",10.85,2480.64920865178,0.0198967776064864,25.4103039257796,7088,621,1.74718196457327,50.2593947511379
"result_final_concave_5000",33.8,117973.481666225,0.0263395584293631,24.9590542709882,16756,382,8.84816753926702,37.9657086006882
"result_final_concave_5000",29.69,62140.2831440524,0.0237618391955104,25.0563487326365,15470,512,5.798828125,42.0842844601415
"result_final_concave_5000",39.59,783653.48878777,0.0338690441006864,24.876348113726,18290,198,19.9949494949495,29.5254863711885
"result_final_concave_5000",35.14,175299.499131071,0.027530313182436,25.4518646484325,16782,332,10.5843373493976,36.3235969519587
"result_final_concave_5000",33.16,105479.990557973,0.0258439752281703,24.9056308358184,16590,399,8.31077694235589,38.6937377540118
"result_final_concave_5000",29.27,43455.7726740112,0.0235641474401388,24.8501724300108,15122,540,5.42037037037037,42.437351172596
"result_final_concave_5000",22.7,13556.9138484926,0.0214187070116497,24.6653836155518,13082,651,3.48694316436252,46.6881590684301
"result_final_concave_5000",17.31,6556.00511725009,0.0204880581642018,25.3776477512216,10764,725,2.38758620689655,48.8089203957489
"result_final_concave_5000",10.14,2116.46046636507,0.0198557156991974,25.3867617485482,6794,598,1.69565217391304,50.363331906511
"result_final_concave_5000",1.87,232.510246711036,0.0196148264889479,26.7497275626555,1360,154,1.21428571428571,50.9818427689613
"result_final_concave_5000",4,427.475972358387,0.0196412739548524,25.9667467231271,2926,314,1.27388535031847,50.9131944444443
"result_final_concave_5000",39.26,1071688.28375698,0.033210633419905,26.179108566541,18000,220,17.8454545454545,30.110837916167
"result_final_concave_5000",12.73,2697.91374115766,0.0200255888278336,25.3759478537245,8438,695,1.83165467625899,49.9361096743432
"result_final_concave_5000",2.51,261.06629882553,0.0196205939915024,25.4594717236181,1838,211,1.18957345971564,50.9668565810544
"result_final_concave_5000",29.1,43788.4956436214,0.0234868239170597,24.7998924803462,15706,518,5.61776061776062,42.5770637839903
"result_final_concave_5000",36.14,312872.842588327,0.0285825197520363,24.8684224580779,17386,284,12.7253521126761,34.9864185759465
"result_final_concave_5000",7.73,1197.53981748876,0.0197436951923339,25.2474330795677,5400,514,1.50389105058366,50.6490801371509
"result_final_concave_5000",38.16,611026.539575467,0.0312882886576583,24.7662227094196,17486,243,15.7037037037037,31.9608403943574
"result_final_concave_5000",1.21,78.4845576929115,0.0196107274231178,25.9226882986406,956,118,1.02542372881356,50.9924990758459
"result_final_concave_5000",39.65,1491729.44648915,0.0339933764145843,25.7178075907587,17854,195,20.3333333333333,29.4174955674884
"result_final_concave_5000",17.97,6196.10515094388,0.0205759199568089,25.3158949165809,11260,720,2.49583333333333,48.6005001039618
"result_final_concave_5000",37.16,304189.134732095,0.0298367921938577,24.6222248651881,17306,284,13.0845070422535,33.5156672842955
"result_final_concave_5000",13.07,3319.21172384346,0.020052243718832,25.2466891781791,8506,664,1.9683734939759,49.8697309897971
"result_final_concave_5000",13.77,3546.26675613751,0.0201106213212171,25.351380985814,8716,707,1.94766619519095,49.724967917574
"result_final_concave_5000",38.08,735867.208876682,0.0311627981495704,25.1343757913942,17714,257,14.8171206225681,32.0895445652972
"result_final_concave_5000",10.61,2459.76997262428,0.0198824572028322,25.565842076612,7070,609,1.74220032840722,50.2955942416188
"result_final_concave_5000",35.39,167727.805390918,0.0277788542341323,25.2351722676889,17024,341,10.3782991202346,35.9986049666255
"result_final_concave_5000",29.11,33831.7967592047,0.0234913305553315,25.4299940238398,15570,546,5.33150183150183,42.5688956887563
"result_final_concave_5000",12.67,3130.15104028236,0.0200209970201422,25.3340092596632,8308,677,1.87149187592319,49.9475625012054
"result_final_concave_5000",2.97,265.759141171549,0.0196258703917813,25.460207316603,2242,259,1.14671814671815,50.9531541805539
"result_final_concave_5000",37.68,580050.102941479,0.0305608026976698,25.2291106732047,17306,234,16.1025641025641,32.7216536127256
"result_final_concave_5000",43.4,644044.485535928,0.046291838165551,25.031631017842,18332,130,33.3846153846154,21.6020801857933
"result_final_concave_5000",21.33,12140.5987178018,0.0211307681653012,25.3711006394816,12328,651,3.27649769585253,47.3243562267698
"result_final_concave_5000",2.9,304.28061335605,0.0196250051074207,25.6335927513255,2132,239,1.21338912133891,50.9554007515583
"result_final_concave_5000",12.36,3356.89301196728,0.0199977978798551,25.6061287353915,8076,639,1.93427230046948,50.0055059065956
"result_final_concave_5000",37.08,555981.882140184,0.0297308374814293,25.7693319454186,17642,263,14.0988593155894,33.6351103672955
"result_final_concave_5000",25.82,20952.6034203846,0.022250759955799,25.1587542579465,14226,572,4.51398601398601,44.9422852067297
"result_final_concave_5000",25.38,23617.2018271996,0.0221161593468058,25.6066188138991,13918,602,4.21594684385382,45.2158073343068
"result_final_concave_5000",28.68,43016.7602718036,0.0233021346349384,25.1328835445561,15416,508,5.64566929133858,42.9145233115525
"result_final_concave_5000",19.87,8327.34943520354,0.0208657216131289,25.1590743878208,12210,723,2.74827109266943,47.9254932343577
"result_final_concave_5000",3.72,392.890323608738,0.019636582653572,25.2274699943316,2738,312,1.19230769230769,50.9253579220972
"result_final_concave_5000",18.5,7028.79194527432,0.0206510494190362,25.5560024076665,11216,705,2.6241134751773,48.4236892619218
"result_final_concave_5000",31.51,79553.8155827718,0.0247421189116575,25.1525570467042,16218,428,7.36214953271028,40.4169102723389
"result_final_concave_5000",27.13,31724.5304601411,0.0226914920844577,24.8051070484485,14842,558,4.86200716845878,44.0693805536455
"result_final_concave_5000",4.75,743.73860386365,0.0196557664755041,25.6635646412395,3254,355,1.33802816901408,50.8756553068661
"result_final_concave_5000",35.5,224607.106420893,0.0278911439207161,25.8074419343201,17158,308,11.525974025974,35.8536746589749
"result_final_concave_5000",26.68,25566.4735908663,0.0225329723101061,25.233247459155,14800,579,4.60794473229706,44.3794092602465
"result_final_concave_5000",9.02,1705.72495303063,0.0197986334205721,25.2508258854637,6156,578,1.56055363321799,50.5085365619696
"result_final_concave_5000",39.81,1400865.30921418,0.0343322472546774,26.333896231016,17748,195,20.4153846153846,29.1271349813479
"result_final_concave_5000",8.52,1521.34880144916,0.0197760197468569,25.2562385025488,5772,544,1.56617647058824,50.5662925502962
"result_final_concave_5000",2.08,227.151827544596,0.0196165208580562,26.492266270171,1520,169,1.23076923076923,50.9774392327738
"result_final_concave_5000",13.08,3421.16368793073,0.0200530441995912,24.8596157091965,8416,681,1.92070484581498,49.8677402815671
"result_final_concave_5000",43.54,1343366.96797716,0.0470251994683947,24.7910339571853,18368,137,31.7810218978102,21.2651942214959
"result_final_concave_5000",5.09,551.790482258591,0.0196632888031998,25.3466814644877,3730,397,1.28211586901763,50.8561924715905
"result_final_concave_5000",13.03,3041.88092097794,0.0200490513082275,25.6919995681167,8480,677,1.92466765140325,49.8776717474722
"result_final_concave_5000",31.42,71846.6944218983,0.0246883831615979,25.2458135189346,15822,440,7.14090909090909,40.5048801071539
"result_final_concave_5000",5.7,902.777114381976,0.0196783310118741,25.4721335647327,3988,409,1.39364303178484,50.8173177591428
"result_final_concave_5000",22.66,11318.0893607987,0.0214097072368674,25.3929323990682,13210,691,3.27930535455861,46.7077848817104
"result_final_concave_5000",30.62,59475.0923408558,0.0242359273387143,25.1052742937568,15832,476,6.4327731092437,41.261057851193
"result_final_concave_5000",6.71,988.488846956621,0.0197078000490079,25.1398718732836,4742,465,1.44301075268817,50.7413307174456
"result_final_concave_5000",41.23,694693.433146264,0.0378909998497716,26.000948989577,18338,158,26.0949367088608,26.3914914878138
"result_final_concave_5000",30.54,51969.8075561474,0.024193050325369,25.1168576618342,15876,471,6.48407643312102,41.3341842616428
"result_final_concave_5000",4.13,467.292742240201,0.0196435831898457,25.614134037227,3036,333,1.24024024024024,50.9072092568594
"result_final_concave_5000",5.94,956.371706467615,0.0196848082585675,25.9652304697259,4162,420,1.41428571428571,50.8005964226126
"result_final_concave_5000",22.21,12388.2388930775,0.0213109939586288,25.209349285645,13190,669,3.31988041853513,46.9241369943283
"result_final_concave_5000",19.74,9635.02141460024,0.0208440099680591,24.8434878613583,11762,692,2.85260115606936,47.9754136335752
"result_final_concave_5000",41.62,803112.035417152,0.0390814561751357,25.8494425055673,18294,150,27.7466666666667,25.5875829068063
"result_final_concave_5000",19.16,7290.60743298512,0.0207506419062099,25.2092112802911,11440,708,2.70621468926554,48.1912802755628
"result_final_concave_5000",16.27,5433.54374972322,0.0203615880579242,25.0978197643729,10230,727,2.23796423658872,49.1120828667794
"result_final_concave_5000",43.82,1070011.52109713,0.0485895537189769,25.8709322398426,18474,108,40.5740740740741,20.5805553552439
"result_final_concave_5000",13.45,3208.70007432631,0.020083338359707,25.6357043930709,8864,696,1.93247126436782,49.7925186584662
"result_final_concave_5000",23.83,17664.2611121512,0.0216890780010547,24.7992500808364,13616,648,3.67746913580247,46.1061553631451
"result_final_concave_5000",9.9,1651.49312662312,0.0198427099310539,25.5082251469996,6782,612,1.61764705882353,50.3963422070187
"result_final_concave_5000",24.24,14738.1165001105,0.0217953474836894,25.1554524773655,13538,663,3.65610859728507,45.8813515475425
"result_final_concave_5000",40.01,808251.164692867,0.0347714185722236,26.352964537796,18024,193,20.7305699481865,28.759252313014
"result_final_concave_5000",25.86,21311.227422502,0.0222633138408605,24.6283792912016,14474,597,4.33165829145729,44.9169430547519
"result_final_concave_5000",19.58,8063.14692837426,0.0208176876340982,25.1562012424556,11918,708,2.76553672316384,48.0360747829676
"result_final_concave_5000",10.84,2199.96768625129,0.0198961717849264,25.3254796300132,7298,610,1.77704918032787,50.2609251070909
"result_final_concave_5000",23.08,14663.3768806487,0.0215060979303798,25.2645749491019,13138,643,3.58942457231726,46.4984398023868
"result_final_concave_5000",5.96,922.574189762785,0.0196853625590491,25.287945787032,4200,420,1.41904761904762,50.7991659793085
"result_final_concave_5000",27.21,28061.3046005754,0.0227205009179135,25.4576993144532,14446,576,4.72395833333333,44.0131141304007
"result_final_concave_5000",12.48,3185.35710644737,0.0200066744858851,25.0354415203689,8072,644,1.93788819875776,49.9833193520247
"result_final_concave_5000",38.42,498485.343783697,0.0317085870567614,26.0567799942347,17792,236,16.2796610169492,31.5371983686913
"result_final_concave_5000",35.16,238183.289595276,0.0275498635995831,26.2545123976861,16770,324,10.8518518518519,36.2978203643496
"result_final_concave_5000",31.29,84004.3938884651,0.0246118126919514,25.3160975190425,15964,462,6.77272727272727,40.6308959245014
"result_final_concave_5000",6.02,878.606819711134,0.0196870389701043,25.693969928843,4226,441,1.36507936507937,50.7948402763131
"result_final_concave_5000",41.63,1392024.62337655,0.0391134429431056,24.3374948451704,18078,154,27.0324675324675,25.5666575160514
"result_final_concave_5000",38.67,887503.741984233,0.0321315984542532,25.8206876599092,17962,231,16.7402597402597,31.1220122280481
"result_final_concave_5000",34.89,230917.894867731,0.0272906583831846,25.1407905934011,16696,339,10.2920353982301,36.6425751243935
"result_final_concave_5000",27.22,32864.1793390596,0.0227241449999304,25.082599427115,14618,552,4.93115942028986,44.0060561135771
"result_final_concave_5000",29.15,43262.22360514,0.0235094090664154,25.069790048609,15302,504,5.78373015873016,42.5361606144563
"result_final_concave_5000",20.3,9953.25316306596,0.0209396612365519,24.9751927424472,12232,672,3.02083333333333,47.7562644735827
"result_final_concave_5000",29.85,59674.1327786449,0.0238397351219399,24.9671261902521,15772,474,6.29746835443038,41.9467747810542
"result_final_concave_5000",9.54,2066.82254379237,0.0198240028539004,25.7656333052165,6322,577,1.65337954939341,50.443899114111
"result_final_concave_5000",33.34,97025.5127498181,0.0259790881007621,25.4813975032334,16538,393,8.48346055979644,38.4924981246999
"result_final_concave_5000",33.97,100023.242954423,0.0264785736384807,24.6386779281918,16766,363,9.35812672176309,37.7663847627624
"result_final_concave_5000",24.6,17516.0558703384,0.0218925101457473,24.8283685750626,13974,626,3.9297124600639,45.6777223508221
"result_final_concave_5000",28.88,48100.9782222172,0.0233889757957612,24.8696441642366,15246,514,5.61867704280156,42.7551855511874
"result_final_concave_5000",32.81,103295.365084629,0.0255902785757525,25.1407096511509,16542,393,8.34860050890585,39.0773393513398
"result_final_concave_5000",2.21,260.180105737977,0.0196176661073507,25.2277801467558,1602,179,1.23463687150838,50.9744632479652
"result_final_concave_5000",35.71,247590.182571505,0.0281106851020463,25.3268699021945,17308,284,12.5739436619718,35.5736616297269
"result_final_concave_5000",40.45,1773936.86965348,0.03580351806017,25.9972516588003,18196,183,22.103825136612,27.9302161960576
"result_final_concave_5000",39.46,897010.422254017,0.0336046258819628,25.0100637643833,17660,205,19.2487804878049,29.7578078539701
"result_final_concave_5000",30.72,63021.7650777558,0.0242901074903556,25.3316631531567,15604,456,6.73684210526316,41.169023249364
"result_final_concave_5000",7.59,1199.75679518945,0.0197383871936805,24.9431623714733,5298,510,1.48823529411765,50.6627005635072
"result_final_concave_5000",34.21,169014.56076413,0.0266804463647911,25.7641604990783,16936,375,9.12266666666667,37.4806323075483
"result_final_concave_5000",3.45,425.728422016304,0.0196324189152163,25.5104306478634,2488,276,1.25,50.9361584183058
"result_final_concave_5000",21.9,15143.2071878715,0.0212456227300344,25.5159542307145,12388,632,3.46518987341772,47.0685191348298
"result_final_concave_5000",11.54,2516.49992071872,0.0199405445071098,25.14465101536,7628,631,1.82884310618067,50.1490819191748
"result_final_concave_5000",13.4,3349.19364857695,0.0200791668937977,25.1562012794476,8556,658,2.03647416413374,49.8028631013019
"result_final_concave_5000",39.23,787526.440297412,0.0331528294900495,25.0316329187606,17604,201,19.5174129353234,30.1633379528025
"result_final_concave_5000",13.1,3185.7035647806,0.0200546480202276,25.2774391629029,8486,694,1.88760806916427,49.8637522329674
"result_final_concave_5000",28.75,43207.0464195999,0.0233323040021831,24.9662428985527,15276,507,5.67061143984221,42.8590335487843
"result_final_concave_5000",1.37,178.048074405031,0.019611552803838,25.7435666890572,980,115,1.19130434782609,50.9903529823655
"result_final_concave_5000",12.14,2686.95846457615,0.0199818595898366,25.06960007053,8098,654,1.85626911314985,50.0453921970621
"result_final_concave_5000",3.43,509.787501659292,0.0196321243795338,24.7501490792063,2442,270,1.27037037037037,50.9369226003114
"result_final_concave_5000",6.25,792.452945370317,0.0196936542669584,25.4182593554018,4460,449,1.39198218262806,50.7777777777778
"result_final_concave_5000",21.36,14186.2954590992,0.0211366456275574,24.9294676550573,12370,657,3.25114155251142,47.3111967537662
"result_final_convex_5000",4.34,729.371709851631,0.0305233941652992,25.3900572556952,2886,307,1.41368078175896,32.7617562642119
"result_final_convex_5000",16.91,1152.90279155752,0.132787445214874,25.5501184954682,10688,695,2.43309352517986,7.53083243963177
"result_final_convex_5000",10.22,981.094773739598,0.0587706276612736,25.3778703089636,6980,614,1.66449511400651,17.0153023677666
"result_final_convex_5000",21.05,1393.03526891249,0.22354485906619,25.6072340638329,12596,675,3.11851851851852,4.47337507190853
"result_final_convex_5000",26.71,2312.90504431762,0.433923800865603,25.448933701363,14286,586,4.5580204778157,2.30455208496324
"result_final_convex_5000",19.9,1304.67594318862,0.193553222498648,25.3039121540756,11766,691,2.87988422575977,5.16653759152465
"result_final_convex_5000",28.91,3757.0391404735,0.539245274239655,24.8945852990121,15428,541,5.34380776340111,1.8544436970913
"result_final_convex_5000",7.57,686.546747549503,0.0434001030030787,25.5210287618936,5290,526,1.43916349809886,23.0414199691891
"result_final_convex_5000",13.32,1546.37508737566,0.0850891736165553,25.5337206183779,8592,649,2.05238828967643,11.7523764481059
"result_final_convex_5000",24.86,2417.52352089203,0.353819596960197,25.0755391121673,13954,590,4.2135593220339,2.82629907611504
"result_final_convex_5000",41.44,604297.146232894,0.961569734969227,26.1561578513125,18106,177,23.4124293785311,1.0399661757574
"result_final_convex_5000",11.63,1305.32890527857,0.0694093588593219,25.0196278039676,7670,634,1.83438485804416,14.4072790245302
"result_final_convex_5000",12.51,1291.50312583745,0.0771327707508648,25.6054944362893,7884,635,1.97007874015748,12.9646580858602
"result_final_convex_5000",10.05,894.312762238975,0.0576167674380348,25.3226634243538,6752,604,1.66390728476821,17.3560587388987
"result_final_convex_5000",6.54,831.971268997309,0.0387103582521729,25.2583104533282,4414,429,1.52447552447552,25.8328789799786
"result_final_convex_5000",0.96,96.5850932490248,0.021561597454276,24.4037832848603,708,83,1.1566265060241,46.3787528786131
"result_final_convex_5000",34.14,37498.6755829856,0.782420553019233,25.4315975593877,16544,350,9.75428571428571,1.2780850351402
"result_final_convex_5000",19.63,1440.7995100087,0.187087263720138,25.1867472123249,11504,674,2.91246290801187,5.34509928744209
"result_final_convex_5000",38.89,310826.04901796,0.922629251889724,24.0204661271278,17814,222,17.518018018018,1.08385898013943
"result_final_convex_5000",8.76,854.436192005934,0.0496514722902624,25.3665750719357,6166,584,1.5,20.1403896777522
"result_final_convex_5000",45.25,502490.845340272,0.989510669504784,26.1491416752233,18352,121,37.396694214876,1.01060052288316
"result_final_convex_5000",23.7,1571.47547756637,0.308988986031686,25.307051708733,13376,637,3.72056514913658,3.23636131126516
"result_final_convex_5000",11.33,964.507571600312,0.0669764045971376,25.3147655531184,7598,641,1.76755070202808,14.9306312576047
"result_final_convex_5000",34.56,80100.0936923664,0.798688051985325,25.5830348310078,16928,355,9.73521126760563,1.25205328602859
"result_final_convex_5000",12.62,1000.49765080486,0.0781634579473324,25.4792194228608,8466,677,1.86410635155096,12.7937021500995
"result_final_convex_5000",26.48,6337.5493646313,0.423452180790609,25.142665346955,14384,599,4.42070116861436,2.36154174039898
"result_final_convex_5000",22.08,2374.2297106198,0.253964909020144,25.0144289278101,12724,660,3.34545454545455,3.93755186044495
"result_final_convex_5000",28.88,7326.05996675316,0.537766757950469,25.5297461843625,15554,495,5.83434343434343,1.85954223688201
"result_final_convex_5000",20.69,1391.11314426417,0.213718143372799,25.1905221813573,12202,703,2.94310099573257,4.67905992546291
"result_final_convex_5000",1.23,86.3974559770546,0.0221516764445749,24.9796181225148,960,113,1.08849557522124,45.1433101463933
"result_final_convex_5000",28.7,5260.54001895699,0.528909283760696,24.6503023805255,15404,484,5.9297520661157,1.89068339449388
"result_final_convex_5000",26.89,7096.80225755449,0.44220766484426,25.6292362066568,14418,568,4.73415492957746,2.26138097437137
"result_final_convex_5000",13.25,1143.54408624802,0.084367108630868,25.2247101140586,8752,671,1.97466467958271,11.8529604276864
"result_final_convex_5000",3.94,430.290221334699,0.0292611775995932,25.6264120209315,2744,298,1.32214765100671,34.1749745578901
"result_final_convex_5000",14.31,1229.95222630969,0.0960582452583769,25.3539284324832,9168,708,2.02118644067797,10.4103504838154
"result_final_convex_5000",9.8,1000.42715707061,0.055966123273156,25.3800740618827,6552,590,1.66101694915254,17.8679519236889
"result_final_convex_5000",19.23,1324.82387073116,0.177891434954444,25.1058606100353,11664,724,2.6560773480663,5.62140611354385
"result_final_convex_5000",1.55,248.804923309515,0.0228758692847083,26.2504395172533,1022,114,1.35964912280702,43.7141857891479
"result_final_convex_5000",29.87,4195.51210994947,0.586720824267854,25.0103902156866,15790,488,6.12090163934426,1.70438811550257
"result_final_convex_5000",2.28,244.739417875928,0.0246349046642111,24.9969456893599,1662,193,1.18134715025907,40.5928098212928
"result_final_convex_5000",38.84,587798.983763314,0.921642886847604,24.8207880893115,17734,203,19.1330049261084,1.08501895286189
"result_final_convex_5000",30.78,10549.3139233456,0.631474883112592,25.1451936980322,16006,475,6.48,1.58359425963376
"result_final_convex_5000",6.1,669.954924833038,0.0368870429310692,25.2902023343416,4244,437,1.39588100686499,27.109790336642
"result_final_convex_5000",13.49,1153.17128468004,0.0868711257508579,25.244344314659,8688,689,1.95791001451379,11.5113047212943
"result_final_convex_5000",33.86,27554.0427051697,0.771189647197553,24.6295394039599,16752,351,9.64672364672365,1.29669790515722
"result_final_convex_5000",37.41,127818.263271678,0.889242787288286,24.8988465179283,17362,266,14.0639097744361,1.12455227559333
"result_final_convex_5000",35.37,71291.5012568757,0.82800228477824,25.3712495029945,17120,302,11.7119205298013,1.20772613600677
"result_final_convex_5000",34.28,28955.282477958,0.787921476216176,25.0757809485461,16772,369,9.289972899729,1.26916200431836
"result_final_convex_5000",17.79,1333.30253733069,0.148342720082689,25.2472929454612,11172,718,2.47771587743733,6.74114644414354
"result_final_convex_5000",12.29,1005.46895891642,0.0751162125829009,25.313475142033,8128,667,1.84257871064468,13.3127052817841
"result_final_convex_5000",27.12,3589.16206190199,0.45289965123623,25.3885077207448,14886,586,4.62798634812287,2.20799463472849
"result_final_convex_5000",26.76,4205.58646905827,0.436217247231197,25.5287924087452,14666,550,4.86545454545455,2.2924357217586
"result_final_convex_5000",15.74,1217.47310269138,0.114690207343793,25.0260528205167,10158,729,2.15912208504801,8.71914022269068
"result_final_convex_5000",32.12,11621.3061799915,0.695301298006469,25.2402496825049,16366,408,7.87254901960784,1.43822541805566
"result_final_convex_5000",11.31,1208.55333925154,0.0668176283831268,25.3516310599507,7266,634,1.78391167192429,14.9661103543826
"result_final_convex_5000",36.66,262925.277453274,0.868836690559068,24.5745453410315,17116,279,13.1397849462366,1.15096428461893
"result_final_convex_5000",26.67,4655.05657299181,0.432093349142415,24.2551212204926,14568,566,4.71201413427562,2.31431472385475
"result_final_convex_5000",40.6,1017306.4609987,0.951020048411175,27.0099611855493,17958,185,21.9459459459459,1.05150254368523
"result_final_convex_5000",8.22,992.429693462544,0.0466951956012459,24.9491083783227,5548,514,1.59922178988327,21.4154794111906
"result_final_convex_5000",29.49,3803.34419512756,0.567912698062387,24.8309291440091,15768,506,5.82806324110672,1.76083402151742
"result_final_convex_5000",3.17,233.436371845776,0.0269990418841645,25.8585159161213,2382,275,1.15272727272727,37.0383513715174
"result_final_convex_5000",5.08,636.013258671829,0.0330297362225785,24.7121764791378,3528,366,1.3879781420765,30.2757488967296
"result_final_convex_5000",26.69,3099.85437664191,0.433008093802892,25.1925139073845,14444,549,4.8615664845173,2.30942565349646
"result_final_convex_5000",14.89,1096.9301689444,0.103190863350587,25.2021464462227,9554,720,2.06805555555556,9.69078043859889
"result_final_convex_5000",25.22,2306.72270631765,0.368620226985744,24.8073671495702,14034,628,4.01592356687898,2.71281912058145
"result_final_convex_5000",33.91,17583.8863920789,0.773217217213629,25.3985725805314,16542,356,9.5252808988764,1.29329763711626
"result_final_convex_5000",42.4,951332.493336184,0.971340928398031,26.2418938142422,18180,129,32.8682170542636,1.02950464740453
"result_final_convex_5000",9.59,933.510235443407,0.0546208680334135,24.9729994938747,6502,608,1.57730263157895,18.3080210184185
"result_final_convex_5000",2.17,261.893171536776,0.0243599214830629,25.3460459456896,1540,186,1.16666666666667,41.0510354352039
"result_final_convex_5000",34.53,26532.0460628597,0.797549696012783,24.3577035064018,16616,332,10.4006024096386,1.25384036254961
"result_final_convex_5000",25.77,2126.43159564185,0.391998368717022,25.5533439521222,14238,579,4.45077720207254,2.55103102411604
"result_final_convex_5000",16.07,1382.17718438385,0.119515562515785,25.3419911006787,9894,703,2.28591749644381,8.36711118577487
"result_final_convex_5000",22.98,1902.02808728958,0.283434937115516,25.2294919895552,13308,647,3.55177743431221,3.5281465657582
"result_final_convex_5000",5.89,733.635582988055,0.0360519549797747,24.6018757009375,3970,396,1.48737373737374,27.737746831233
"result_final_convex_5000",13.97,1086.05806696995,0.0921265278597709,25.3189147561653,9200,691,2.02170767004342,10.8546368047446
"result_final_convex_5000",38.5,89803.322892764,0.914681358124491,25.1006413702367,17614,258,14.922480620155,1.09327690033002
"result_final_convex_5000",3.76,379.509835868977,0.0287131256931589,25.0840496092884,2666,292,1.28767123287671,34.8272776250987
"result_final_convex_5000",34.73,21706.6384028472,0.805068840886766,25.9174876828689,17026,343,10.1253644314869,1.24212980209062
"result_final_convex_5000",1.9,162.586523032605,0.0237001235078474,24.6572666603303,1418,164,1.15853658536585,42.1938729420076
"result_final_convex_5000",18.91,1101.17135445069,0.170854960285582,24.9265536461238,11582,709,2.66713681241185,5.85291757598674
"result_final_convex_5000",4.63,739.766769089328,0.0314782788174002,25.9096295241025,3124,338,1.3698224852071,31.7679376881061
"result_final_convex_5000",10.85,1176.34548049493,0.0632796317980771,25.4103039257796,7088,621,1.74718196457327,15.8028732403337
"result_final_convex_5000",33.8,18605.7501883198,0.768744102049324,24.9590542709882,16756,382,8.84816753926702,1.3008229882144
"result_final_convex_5000",29.69,20463.2127928941,0.577813825123855,25.0563487326365,15470,512,5.798828125,1.73066125544097
"result_final_convex_5000",39.59,426060.797650093,0.935469059673967,24.876348113726,18290,198,19.9949494949495,1.0689824421863
"result_final_convex_5000",35.14,39968.9001386772,0.819961070185482,25.4518646484325,16782,332,10.5843373493976,1.21957009467997
"result_final_convex_5000",33.16,19551.8502071301,0.741844695612936,24.9056308358184,16590,399,8.31077694235589,1.34799103628256
"result_final_convex_5000",29.27,6500.70574071084,0.557025331570734,24.8501724300108,15122,540,5.42037037037037,1.79525049099677
"result_final_convex_5000",22.7,1354.60743261048,0.273972987486892,24.6653836155518,13082,651,3.48694316436252,3.64999487421308
"result_final_convex_5000",17.31,1664.76714014066,0.13963853123624,25.3776477512216,10764,725,2.38758620689655,7.16134716647945
"result_final_convex_5000",10.14,1036.69908471206,0.0582244157294377,25.3867617485482,6794,598,1.69565217391304,17.1749254581942
"result_final_convex_5000",1.87,216.046566724599,0.0236281183443816,26.7497275626555,1360,154,1.21428571428571,42.3224560426237
"result_final_convex_5000",4,343.210839021507,0.0294465701143364,25.9667467231271,2926,314,1.27388535031847,33.9598125050611
"result_final_convex_5000",39.26,443236.022462903,0.92963798075054,26.179108566541,18000,220,17.8454545454545,1.07568754795566
"result_final_convex_5000",12.73,1001.84070293283,0.0792093845958469,25.3759478537245,8438,695,1.83165467625899,12.6247666877143
"result_final_convex_5000",2.51,230.866147352053,0.0252217444946171,25.4594717236181,1838,211,1.18957345971564,39.6483280612657
"result_final_convex_5000",29.1,5218.16009867592,0.548621626103825,24.7998924803462,15706,518,5.61776061776062,1.82274987426535
"result_final_convex_5000",36.14,71538.5773890762,0.853252547549522,24.8684224580779,17386,284,12.7253521126761,1.1719859528951
"result_final_convex_5000",7.73,745.179222347588,0.0441857663885621,25.2474330795677,5400,514,1.50389105058366,22.6317224240533
"result_final_convex_5000",38.16,312649.396459694,0.907266326998037,24.7662227094196,17486,243,15.7037037037037,1.10221218427537
"result_final_convex_5000",1.21,74.2682624185985,0.0221073189482006,25.9226882986406,956,118,1.02542372881356,45.2338884847633
"result_final_convex_5000",39.65,675043.150618625,0.936487950627885,25.7178075907587,17854,195,20.3333333333333,1.06781939834841
"result_final_convex_5000",17.97,1225.38592680503,0.151747989790219,25.3158949165809,11260,720,2.49583333333333,6.58987312703404
"result_final_convex_5000",37.16,114707.012702822,0.882709854199683,24.6222248651881,17306,284,13.0845070422535,1.13287508374613
"result_final_convex_5000",13.07,1191.04409569667,0.0825410738082751,25.2466891781791,8506,664,1.9683734939759,12.1151804048828
"result_final_convex_5000",13.77,1252.00506948438,0.0898957633244053,25.351380985814,8716,707,1.94766619519095,11.1239947581436
"result_final_convex_5000",38.08,386546.645292298,0.905454245434069,25.1343757913942,17714,257,14.8171206225681,1.10441803662935
"result_final_convex_5000",10.61,1242.46366199706,0.0615175241493579,25.565842076612,7070,609,1.74220032840722,16.2555306610212
"result_final_convex_5000",35.39,44833.2822982854,0.828690765542908,25.2351722676889,17024,341,10.3782991202346,1.20672275060874
"result_final_convex_5000",29.11,3350.67628346102,0.549115638636834,25.4299940238398,15570,546,5.33150183150183,1.82111003518763
"result_final_convex_5000",12.67,1189.04208151452,0.0786369762529421,25.3340092596632,8308,677,1.87149187592319,12.716663936612
"result_final_convex_5000",2.97,229.749500579212,0.0264453919262263,25.460207316603,2242,259,1.14671814671815,37.8137712154035
"result_final_convex_5000",37.68,275312.010851624,0.896000681302858,25.2291106732047,17306,234,16.1025641025641,1.11607057993072
"result_final_convex_5000",43.4,387201.014822419,0.979325200495439,25.031631017842,18332,130,33.3846153846154,1.02111127079555
"result_final_convex_5000",21.33,1723.25561818967,0.231472495715659,25.3711006394816,12328,651,3.27649769585253,4.32016770246604
"result_final_convex_5000",2.9,259.123935730142,0.0262547658246711,25.6335927513255,2132,239,1.21338912133891,38.0883229611715
"result_final_convex_5000",12.36,1294.82136187266,0.0757514392878534,25.6061287353915,8076,639,1.93427230046948,13.2010693050996
"result_final_convex_5000",37.08,289183.589149415,0.880562791878425,25.7693319454186,17642,263,14.0988593155894,1.13563735513602
"result_final_convex_5000",25.82,1910.6215439208,0.394167843007545,25.1587542579465,14226,572,4.51398601398601,2.53699031450635
"result_final_convex_5000",25.38,2602.15013179876,0.375327469488574,25.6066188138991,13918,602,4.21594684385382,2.66434002649103
"result_final_convex_5000",28.68,6858.21834376832,0.527926705670403,25.1328835445561,15416,508,5.64566929133858,1.89420233767133
"result_final_convex_5000",19.87,1211.51030824707,0.192824297300475,25.1590743878208,12210,723,2.74827109266943,5.18606842602266
"result_final_convex_5000",3.72,325.92097363663,0.0285929706597181,25.2274699943316,2738,312,1.19230769230769,34.9736308234948
"result_final_convex_5000",18.5,1305.22595497577,0.162241162702459,25.5560024076665,11216,705,2.6241134751773,6.16366391452669
"result_final_convex_5000",31.51,12557.0790533144,0.66667327943414,25.1525570467042,16218,428,7.36214953271028,1.49998512142077
"result_final_convex_5000",27.13,4198.07756963105,0.453367134871959,24.8051070484485,14842,558,4.86200716845878,2.20571788972401
"result_final_convex_5000",4.75,571.732447883214,0.031883551383226,25.6635646412395,3254,355,1.33802816901408,31.3641346906575
"result_final_convex_5000",35.5,81365.0882726853,0.832446493549409,25.8074419343201,17158,308,11.525974025974,1.20127840978244
"result_final_convex_5000",26.68,3129.65597096502,0.432550600871406,25.233247459155,14800,579,4.60794473229706,2.31186824844405
"result_final_convex_5000",9.02,965.627260822275,0.0511506178885471,25.2508258854637,6156,578,1.56055363321799,19.5501059670269
"result_final_convex_5000",39.81,790061.680346021,0.939144241127466,26.333896231016,17748,195,20.4153846153846,1.06479916098881
"result_final_convex_5000",8.52,909.852129805448,0.0483119569745334,25.2562385025488,5772,544,1.56617647058824,20.6988096244399
"result_final_convex_5000",2.08,204.684752373678,0.0241376164040761,26.492266270171,1520,169,1.23076923076923,41.4291114441247
"result_final_convex_5000",13.08,1226.52003417083,0.082641372688952,24.8596157091965,8416,681,1.92070484581498,12.1004766433857
"result_final_convex_5000",43.54,830045.111188787,0.980287345953513,24.7910339571853,18368,137,31.7810218978102,1.02010905692893
"result_final_convex_5000",5.09,415.118292605013,0.0330652099936683,25.3466814644877,3730,397,1.28211586901763,30.2432677787769
"result_final_convex_5000",13.03,1086.62489620269,0.0821412150001388,25.6919995681167,8480,677,1.92466765140325,12.1741564207239
"result_final_convex_5000",31.42,10693.1065537139,0.662382545707651,25.2458135189346,15822,440,7.14090909090909,1.5097016165057
"result_final_convex_5000",5.7,655.848475720409,0.0353152124210213,25.4721335647327,3988,409,1.39364303178484,28.3164090329739
"result_final_convex_5000",22.66,1234.77777484212,0.272642995554441,25.3929323990682,13210,691,3.27930535455861,3.66780007667691
"result_final_convex_5000",30.62,10117.712176543,0.623658450768073,25.1052742937568,15832,476,6.4327731092437,1.60344175368495
"result_final_convex_5000",6.71,677.268246966019,0.0394425416321208,25.1398718732836,4742,465,1.44301075268817,25.3533357288931
"result_final_convex_5000",41.23,396526.010404474,0.959118879210798,26.000948989577,18338,158,26.0949367088608,1.0426236222384
"result_final_convex_5000",30.54,6361.61086463682,0.619739653940207,25.1168576618342,15876,471,6.48407643312102,1.61358078935591
"result_final_convex_5000",4.13,383.510619855472,0.0298529786488827,25.614134037227,3036,333,1.24024024024024,33.4974948986347
"result_final_convex_5000",5.94,687.801166819607,0.0362487831326582,25.9652304697259,4162,420,1.41428571428571,27.5871329622388
"result_final_convex_5000",22.21,1756.97204237508,0.258053046369946,25.209349285645,13190,669,3.31988041853513,3.87517223325624
"result_final_convex_5000",19.74,1534.43923505932,0.189696003493982,24.8434878613583,11762,692,2.85260115606936,5.27159234554841
"result_final_convex_5000",41.62,495656.62347841,0.96357686824067,25.8494425055673,18294,150,27.7466666666667,1.03779992334792
"result_final_convex_5000",19.16,1109.89030750918,0.176328229777378,25.2092112802911,11440,708,2.70621468926554,5.67124164555241
"result_final_convex_5000",16.27,1281.99349962743,0.12254396634936,25.0978197643729,10230,727,2.23796423658872,8.160336488123
"result_final_convex_5000",43.82,667464.722969876,0.982107726374802,25.8709322398426,18474,108,40.5740740740741,1.01821823934859
"result_final_convex_5000",13.45,1167.33125681862,0.0864481952845443,25.6357043930709,8864,696,1.93247126436782,11.5676214721256
"result_final_convex_5000",23.83,2107.5732011507,0.313790206345643,24.7992500808364,13616,648,3.67746913580247,3.18684260941685
"result_final_convex_5000",9.9,806.371195994609,0.0566198773935034,25.5082251469996,6782,612,1.61764705882353,17.661641918616
"result_final_convex_5000",24.24,1442.20213564225,0.329304359758245,25.1554524773655,13538,663,3.65610859728507,3.03670440541431
"result_final_convex_5000",40.01,375625.362102611,0.942342536838775,26.352964537796,18024,193,20.7305699481865,1.06118524942602
"result_final_convex_5000",25.86,3633.80982751017,0.39590856880368,24.6283792912016,14474,597,4.33165829145729,2.52583570752638
"result_final_convex_5000",19.58,1222.30516056349,0.185912979161272,25.1562012424556,11918,708,2.76553672316384,5.37886060731962
"result_final_convex_5000",10.84,1024.67203470568,0.0632050881901594,25.3254796300132,7298,610,1.77704918032787,15.8215110307479
"result_final_convex_5000",23.08,1793.93503865955,0.286878760322872,25.2645749491019,13138,643,3.58942457231726,3.48579308860138
"result_final_convex_5000",5.96,672.913616473832,0.036327862534068,25.287945787032,4200,420,1.41904761904762,27.5270805999722
"result_final_convex_5000",27.21,2773.19378777696,0.457114588057777,25.4576993144532,14446,576,4.72395833333333,2.1876352803547
"result_final_convex_5000",12.48,1219.53793597006,0.0768542892847805,25.0354415203689,8072,644,1.93788819875776,13.0116355158076
"result_final_convex_5000",38.42,243941.057589789,0.912977956756523,26.0567799942347,17792,236,16.2796610169492,1.09531669696893
"result_final_convex_5000",35.16,50651.0871103647,0.820669308218486,26.2545123976861,16770,324,10.8518518518519,1.2185176050641
"result_final_convex_5000",31.29,14131.4974328834,0.656158199265673,25.3160975190425,15964,462,6.77272727272727,1.52402271452087
"result_final_convex_5000",6.02,636.570311124725,0.0365663015499523,25.693969928843,4226,441,1.36507936507937,27.3475839123059
"result_final_convex_5000",41.63,761759.167172058,0.963685899120643,24.3374948451704,18078,154,27.0324675324675,1.03768250724898
"result_final_convex_5000",38.67,521879.111138062,0.918217931514577,25.8206876599092,17962,231,16.7402597402597,1.08906607644933
"result_final_convex_5000",34.89,57627.3928399152,0.810964666783152,25.1407905934011,16696,339,10.2920353982301,1.23309934570478
"result_final_convex_5000",27.22,4170.49365136727,0.457583957339896,25.082599427115,14618,552,4.93115942028986,2.1853913013327
"result_final_convex_5000",29.15,6451.18441099106,0.551092131666148,25.069790048609,15302,504,5.78373015873016,1.81457862041442
"result_final_convex_5000",20.3,1700.54086912968,0.203527217946572,24.9751927424472,12232,672,3.02083333333333,4.91334775805028
"result_final_convex_5000",29.85,12183.9648800497,0.585731540176896,24.9671261902521,15772,474,6.29746835443038,1.70726677907423
"result_final_convex_5000",9.54,1090.47377483989,0.0543059946732329,25.7656333052165,6322,577,1.65337954939341,18.4141733526316
"result_final_convex_5000",33.34,14028.6763130353,0.749556158165348,25.4813975032334,16538,393,8.48346055979644,1.3341228527128
"result_final_convex_5000",33.97,12384.0298752283,0.775637741094779,24.6386779281918,16766,363,9.35812672176309,1.28926165788238
"result_final_convex_5000",24.6,3500.65626224494,0.343386562299717,24.8283685750626,13974,626,3.9297124600639,2.91216986856688
"result_final_convex_5000",28.88,7679.65355153194,0.537766757950469,24.8696441642366,15246,514,5.61867704280156,1.85954223688201
"result_final_convex_5000",32.81,22447.6181994829,0.726543462210384,25.1407096511509,16542,393,8.34860050890585,1.37638015069005
"result_final_convex_5000",2.21,232.358970639926,0.0244594958687472,25.2277801467558,1602,179,1.23463687150838,40.8839170425314
"result_final_convex_5000",35.71,76321.8096292273,0.839470666970008,25.3268699021945,17308,284,12.5739436619718,1.19122685204643
"result_final_convex_5000",40.45,1107742.61524359,0.948917999672056,25.9972516588003,18196,183,22.103825136612,1.05383183831016
"result_final_convex_5000",39.46,200868.025450321,0.933218212068006,25.0100637643833,17660,205,19.2487804878049,1.07156074224485
"result_final_convex_5000",30.72,8143.19346947976,0.628547210895022,25.3316631531567,15604,456,6.73684210526316,1.59097038800959
"result_final_convex_5000",7.59,750.523418170226,0.0434974288873079,24.9431623714733,5298,510,1.48823529411765,22.989864586957
"result_final_convex_5000",34.21,45015.3304066667,0.785180694114335,25.7641604990783,16936,375,9.12266666666667,1.2735921903021
"result_final_convex_5000",3.45,359.569461548194,0.027797126679685,25.5104306478634,2488,276,1.25,35.9749412780433
"result_final_convex_5000",21.9,1826.32257876912,0.248397499815187,25.5159542307145,12388,632,3.46518987341772,4.02580541569066
"result_final_convex_5000",11.54,1062.85721189411,0.0686692633979216,25.14465101536,7628,631,1.82884310618067,14.5625560915842
"result_final_convex_5000",13.4,1175.6824976538,0.0859227000400352,25.1562012794476,8556,658,2.03647416413374,11.6383679695128
"result_final_convex_5000",39.23,238631.811666165,0.92908850009821,25.0316329187606,17604,201,19.5174129353234,1.07632373007985
"result_final_convex_5000",13.1,1217.60746202287,0.0828423727272097,25.2774391629029,8486,694,1.88760806916427,12.0711173168939
"result_final_convex_5000",28.75,7030.85053081453,0.531367187388778,24.9662428985527,15276,507,5.67061143984221,1.88193780823042
"result_final_convex_5000",1.37,170.224970610629,0.0224651348140031,25.7435666890572,980,115,1.19130434782609,44.5134208309613
"result_final_convex_5000",12.14,1071.01674632756,0.07377480778307,25.06960007053,8098,654,1.85626911314985,13.5547625273445
"result_final_convex_5000",3.43,440.100104737217,0.0277392130770106,24.7501490792063,2442,270,1.27037037037037,36.0500493371519
"result_final_convex_5000",6.25,548.255506120154,0.0374972453586983,25.4182593554018,4460,449,1.39198218262806,26.6686256666059
"result_final_convex_5000",21.36,2305.64630337335,0.232336847177334,24.9294676550573,12370,657,3.25114155251142,4.30409559288173
"result_final_none_0",4.34,67.5141366970252,1,25.3900572556952,2886,307,1.41368078175896,1
"result_final_none_0",16.91,136.433418752725,1,25.5501184954682,10688,695,2.43309352517986,1
"result_final_none_0",10.22,60.8962436693691,1,25.3778703089636,6980,614,1.66449511400651,1
"result_final_none_0",21.05,613.395910333075,1,25.6072340638329,12596,675,3.11851851851852,1
"result_final_none_0",26.71,1364.74083785725,1,25.448933701363,14286,586,4.5580204778157,1
"result_final_none_0",19.9,315.515986250549,1,25.3039121540756,11766,691,2.87988422575977,1
"result_final_none_0",28.91,2667.49524818407,1,24.8945852990121,15428,541,5.34380776340111,1
"result_final_none_0",7.57,17.5118075072706,1,25.5210287618936,5290,526,1.43916349809886,1
"result_final_none_0",13.32,259.68369302572,1,25.5337206183779,8592,649,2.05238828967643,1
"result_final_none_0",24.86,1102.88810136911,1,25.0755391121673,13954,590,4.2135593220339,1
"result_final_none_0",41.44,592707.155562162,1,26.1561578513125,18106,177,23.4124293785311,1
"result_final_none_0",11.63,101.940074171665,1,25.0196278039676,7670,634,1.83438485804416,1
"result_final_none_0",12.51,143.451379835514,1,25.6054944362893,7884,635,1.97007874015748,1
"result_final_none_0",10.05,60.9234719961383,1,25.3226634243538,6752,604,1.66390728476821,1
"result_final_none_0",6.54,25.2629920090286,1,25.2583104533282,4414,429,1.52447552447552,1
"result_final_none_0",0.96,12.2810768739977,1,24.4037832848603,708,83,1.1566265060241,1
"result_final_none_0",34.14,32071.7968305036,1,25.4315975593877,16544,350,9.75428571428571,1
"result_final_none_0",19.63,300.662754880523,1,25.1867472123249,11504,674,2.91246290801187,1
"result_final_none_0",38.89,298586.464925134,1,24.0204661271278,17814,222,17.518018018018,1
"result_final_none_0",8.76,30.0925530544953,1,25.3665750719357,6166,584,1.5,1
"result_final_none_0",45.25,499859.529833437,1,26.1491416752233,18352,121,37.396694214876,1
"result_final_none_0",23.7,520.824172566877,1,25.307051708733,13376,637,3.72056514913658,1
"result_final_none_0",11.33,66.740774254829,1,25.3147655531184,7598,641,1.76755070202808,1
"result_final_none_0",34.56,71950.5711574711,1,25.5830348310078,16928,355,9.73521126760563,1
"result_final_none_0",12.62,47.2080529390824,1,25.4792194228608,8466,677,1.86410635155096,1
"result_final_none_0",26.48,4391.42800828326,1,25.142665346955,14384,599,4.42070116861436,1
"result_final_none_0",22.08,1303.21133716993,1,25.0144289278101,12724,660,3.34545454545455,1
"result_final_none_0",28.88,5067.35713742738,1,25.5297461843625,15554,495,5.83434343434343,1
"result_final_none_0",20.69,291.654279419364,1,25.1905221813573,12202,703,2.94310099573257,1
"result_final_none_0",1.23,2.96595732338368,1,24.9796181225148,960,113,1.08849557522124,1
"result_final_none_0",28.7,3163.53602638047,1,24.6503023805255,15404,484,5.9297520661157,1
"result_final_none_0",26.89,4081.98538561976,1,25.6292362066568,14418,568,4.73415492957746,1
"result_final_none_0",13.25,209.688073161682,1,25.2247101140586,8752,671,1.97466467958271,1
"result_final_none_0",3.94,51.7051844292566,1,25.6264120209315,2744,298,1.32214765100671,1
"result_final_none_0",14.31,90.4685141314671,1,25.3539284324832,9168,708,2.02118644067797,1
"result_final_none_0",9.8,42.6898630903952,1,25.3800740618827,6552,590,1.66101694915254,1
"result_final_none_0",19.23,195.087271613213,1,25.1058606100353,11664,724,2.6560773480663,1
"result_final_none_0",1.55,5.48783181842505,1,26.2504395172533,1022,114,1.35964912280702,1
"result_final_none_0",29.87,3133.46490780469,1,25.0103902156866,15790,488,6.12090163934426,1
"result_final_none_0",2.28,7.23880690940845,1,24.9969456893599,1662,193,1.18134715025907,1
"result_final_none_0",38.84,564902.615023242,1,24.8207880893115,17734,203,19.1330049261084,1
"result_final_none_0",30.78,8423.7699073888,1,25.1451936980322,16006,475,6.48,1
"result_final_none_0",6.1,15.5806333156889,1,25.2902023343416,4244,437,1.39588100686499,1
"result_final_none_0",13.49,85.823420306776,1,25.244344314659,8688,689,1.95791001451379,1
"result_final_none_0",33.86,24017.0008295589,1,24.6295394039599,16752,351,9.64672364672365,1
"result_final_none_0",37.41,116626.407322214,1,24.8988465179283,17362,266,14.0639097744361,1
"result_final_none_0",35.37,64654.391859828,1,25.3712495029945,17120,302,11.7119205298013,1
"result_final_none_0",34.28,25636.0579141379,1,25.0757809485461,16772,369,9.289972899729,1
"result_final_none_0",17.79,182.617485811392,1,25.2472929454612,11172,718,2.47771587743733,1
"result_final_none_0",12.29,89.5758090648297,1,25.313475142033,8128,667,1.84257871064468,1
"result_final_none_0",27.12,1851.71792862298,1,25.3885077207448,14886,586,4.62798634812287,1
"result_final_none_0",26.76,2807.37973430577,1,25.5287924087452,14666,550,4.86545454545455,1
"result_final_none_0",15.74,118.248527270162,1,25.0260528205167,10158,729,2.15912208504801,1
"result_final_none_0",32.12,9336.98624795394,1,25.2402496825049,16366,408,7.87254901960784,1
"result_final_none_0",11.31,47.234699194125,1,25.3516310599507,7266,634,1.78391167192429,1
"result_final_none_0",36.66,246078.21090943,1,24.5745453410315,17116,279,13.1397849462366,1
"result_final_none_0",26.67,2782.24443990904,1,24.2551212204926,14568,566,4.71201413427562,1
"result_final_none_0",40.6,992692.244033046,1,27.0099611855493,17958,185,21.9459459459459,1
"result_final_none_0",8.22,38.6796903266258,1,24.9491083783227,5548,514,1.59922178988327,1
"result_final_none_0",29.49,2686.24071244602,1,24.8309291440091,15768,506,5.82806324110672,1
"result_final_none_0",3.17,5.55637424987367,1,25.8585159161213,2382,275,1.15272727272727,1
"result_final_none_0",5.08,15.5158105943261,1,24.7121764791378,3528,366,1.3879781420765,1
"result_final_none_0",26.69,1921.24739509742,1,25.1925139073845,14444,549,4.8615664845173,1
"result_final_none_0",14.89,97.223789596241,1,25.2021464462227,9554,720,2.06805555555556,1
"result_final_none_0",25.22,1143.01881383249,1,24.8073671495702,14034,628,4.01592356687898,1
"result_final_none_0",33.91,15261.3182541723,1,25.3985725805314,16542,356,9.5252808988764,1
"result_final_none_0",42.4,937741.766385195,1,26.2418938142422,18180,129,32.8682170542636,1
"result_final_none_0",9.59,43.3268034929386,1,24.9729994938747,6502,608,1.57730263157895,1
"result_final_none_0",2.17,8.34430374837363,1,25.3460459456896,1540,186,1.16666666666667,1
"result_final_none_0",34.53,23584.7658111553,1,24.3577035064018,16616,332,10.4006024096386,1
"result_final_none_0",25.77,1449.44135554317,1,25.5533439521222,14238,579,4.45077720207254,1
"result_final_none_0",16.07,169.925727458534,1,25.3419911006787,9894,703,2.28591749644381,1
"result_final_none_0",22.98,646.060481061663,1,25.2294919895552,13308,647,3.55177743431221,1
"result_final_none_0",5.89,21.3538606235942,1,24.6018757009375,3970,396,1.48737373737374,1
"result_final_none_0",13.97,135.048098315309,1,25.3189147561653,9200,691,2.02170767004342,1
"result_final_none_0",38.5,85682.7664228122,1,25.1006413702367,17614,258,14.922480620155,1
"result_final_none_0",3.76,9.08144632398576,1,25.0840496092884,2666,292,1.28767123287671,1
"result_final_none_0",34.73,17880.7477347556,1,25.9174876828689,17026,343,10.1253644314869,1
"result_final_none_0",1.9,3.838966147415,1,24.6572666603303,1418,164,1.15853658536585,1
"result_final_none_0",18.91,260.219900095236,1,24.9265536461238,11582,709,2.66713681241185,1
"result_final_none_0",4.63,22.3698941264353,1,25.9096295241025,3124,338,1.3698224852071,1
"result_final_none_0",10.85,105.63129153208,1,25.4103039257796,7088,621,1.74718196457327,1
"result_final_none_0",33.8,16155.9529097259,1,24.9590542709882,16756,382,8.84816753926702,1
"result_final_none_0",29.69,15898.466542761,1,25.0563487326365,15470,512,5.798828125,1
"result_final_none_0",39.59,411346.296472606,1,24.876348113726,18290,198,19.9949494949495,1
"result_final_none_0",35.14,35702.9455160116,1,25.4518646484325,16782,332,10.5843373493976,1
"result_final_none_0",33.16,16501.6599430672,1,24.9056308358184,16590,399,8.31077694235589,1
"result_final_none_0",29.27,4597.74928841272,1,24.8501724300108,15122,540,5.42037037037037,1
"result_final_none_0",22.7,557.250702712033,1,24.6653836155518,13082,651,3.48694316436252,1
"result_final_none_0",17.31,577.154343290404,1,25.3776477512216,10764,725,2.38758620689655,1
"result_final_none_0",10.14,52.7750856678737,1,25.3867617485482,6794,598,1.69565217391304,1
"result_final_none_0",1.87,2.49888326376496,1,26.7497275626555,1360,154,1.21428571428571,1
"result_final_none_0",4,9.93825855517615,1,25.9667467231271,2926,314,1.27388535031847,1
"result_final_none_0",39.26,425872.953329598,1,26.179108566541,18000,220,17.8454545454545,1
"result_final_none_0",12.73,78.41871206973,1,25.3759478537245,8438,695,1.83165467625899,1
"result_final_none_0",2.51,16.9058472653248,1,25.4594717236181,1838,211,1.18957345971564,1
"result_final_none_0",29.1,3688.22471466523,1,24.7998924803462,15706,518,5.61776061776062,1
"result_final_none_0",36.14,66139.4414113893,1,24.8684224580779,17386,284,12.7253521126761,1
"result_final_none_0",7.73,25.0887307419612,1,25.2474330795677,5400,514,1.50389105058366,1
"result_final_none_0",38.16,298392.751524189,1,24.7662227094196,17486,243,15.7037037037037,1
"result_final_none_0",1.21,0.865399685868541,1,25.9226882986406,956,118,1.02542372881356,1
"result_final_none_0",39.65,651243.670143157,1,25.7178075907587,17854,195,20.3333333333333,1
"result_final_none_0",17.97,252.480785316092,1,25.3158949165809,11260,720,2.49583333333333,1
"result_final_none_0",37.16,108063.8373084,1,24.6222248651881,17306,284,13.0845070422535,1
"result_final_none_0",13.07,79.6070641944392,1,25.2466891781791,8506,664,1.9683734939759,1
"result_final_none_0",13.77,235.684998226499,1,25.351380985814,8716,707,1.94766619519095,1
"result_final_none_0",38.08,368467.569181987,1,25.1343757913942,17714,257,14.8171206225681,1
"result_final_none_0",10.61,123.145527715219,1,25.565842076612,7070,609,1.74220032840722,1
"result_final_none_0",35.39,40532.2414140098,1,25.2351722676889,17024,341,10.3782991202346,1
"result_final_none_0",29.11,2073.10999063574,1,25.4299940238398,15570,546,5.33150183150183,1
"result_final_none_0",12.67,120.194236389116,1,25.3340092596632,8308,677,1.87149187592319,1
"result_final_none_0",2.97,2.99292327643457,1,25.460207316603,2242,259,1.14671814671815,1
"result_final_none_0",37.68,261163.238958057,1,25.2291106732047,17306,234,16.1025641025641,1
"result_final_none_0",43.4,383151.226153022,1,25.031631017842,18332,130,33.3846153846154,1
"result_final_none_0",21.33,487.303133990788,1,25.3711006394816,12328,651,3.27649769585253,1
"result_final_none_0",2.9,7.48844918860301,1,25.6335927513255,2132,239,1.21338912133891,1
"result_final_none_0",12.36,81.3275989178195,1,25.6061287353915,8076,639,1.93427230046948,1
"result_final_none_0",37.08,272066.500262014,1,25.7693319454186,17642,263,14.0988593155894,1
"result_final_none_0",25.82,861.04918825299,1,25.1587542579465,14226,572,4.51398601398601,1
"result_final_none_0",25.38,1023.1900150666,1,25.6066188138991,13918,602,4.21594684385382,1
"result_final_none_0",28.68,5260.53228249207,1,25.1328835445561,15416,508,5.64566929133858,1
"result_final_none_0",19.87,211.943071969181,1,25.1590743878208,12210,723,2.74827109266943,1
"result_final_none_0",3.72,7.16071074550818,1,25.2274699943316,2738,312,1.19230769230769,1
"result_final_none_0",18.5,258.202754194221,1,25.5560024076665,11216,705,2.6241134751773,1
"result_final_none_0",31.51,9542.72873493204,1,25.1525570467042,16218,428,7.36214953271028,1
"result_final_none_0",27.13,2298.72368584811,1,24.8051070484485,14842,558,4.86200716845878,1
"result_final_none_0",4.75,54.7385991043482,1,25.6635646412395,3254,355,1.33802816901408,1
"result_final_none_0",35.5,74450.636729608,1,25.8074419343201,17158,308,11.525974025974,1
"result_final_none_0",26.68,1751.19053637245,1,25.233247459155,14800,579,4.60794473229706,1
"result_final_none_0",9.02,28.9808038018633,1,25.2508258854637,6156,578,1.56055363321799,1
"result_final_none_0",39.81,764811.688959006,1,26.333896231016,17748,195,20.4153846153846,1
"result_final_none_0",8.52,34.9347308555634,1,25.2562385025488,5772,544,1.56617647058824,1
"result_final_none_0",2.08,5.62723320403559,1,26.492266270171,1520,169,1.23076923076923,1
"result_final_none_0",13.08,83.4640556723418,1,24.8596157091965,8416,681,1.92070484581498,1
"result_final_none_0",43.54,821867.991305268,1,24.7910339571853,18368,137,31.7810218978102,1
"result_final_none_0",5.09,14.8337245526285,1,25.3466814644877,3730,397,1.28211586901763,1
"result_final_none_0",13.03,61.5892529706003,1,25.6919995681167,8480,677,1.92466765140325,1
"result_final_none_0",31.42,8446.75353933914,1,25.2458135189346,15822,440,7.14090909090909,1
"result_final_none_0",5.7,17.8788844487257,1,25.4721335647327,3988,409,1.39364303178484,1
"result_final_none_0",22.66,428.646141623055,1,25.3929323990682,13210,691,3.27930535455861,1
"result_final_none_0",30.62,7844.41296258073,1,25.1052742937568,15832,476,6.4327731092437,1
"result_final_none_0",6.71,44.1567873614477,1,25.1398718732836,4742,465,1.44301075268817,1
"result_final_none_0",41.23,388252.286075669,1,26.000948989577,18338,158,26.0949367088608,1
"result_final_none_0",30.54,4797.50075702661,1,25.1168576618342,15876,471,6.48407643312102,1
"result_final_none_0",4.13,10.3568184362904,1,25.614134037227,3036,333,1.24024024024024,1
"result_final_none_0",5.94,36.5121758698122,1,25.9652304697259,4162,420,1.41428571428571,1
"result_final_none_0",22.21,924.831243078893,1,25.209349285645,13190,669,3.31988041853513,1
"result_final_none_0",19.74,398.061786317381,1,24.8434878613583,11762,692,2.85260115606936,1
"result_final_none_0",41.62,486655.878120744,1,25.8494425055673,18294,150,27.7466666666667,1
"result_final_none_0",19.16,175.233056997006,1,25.2092112802911,11440,708,2.70621468926554,1
"result_final_none_0",16.27,271.576552375551,1,25.0978197643729,10230,727,2.23796423658872,1
"result_final_none_0",43.82,661514.387165228,1,25.8709322398426,18474,108,40.5740740740741,1
"result_final_none_0",13.45,73.5308441207631,1,25.6357043930709,8864,696,1.93247126436782,1
"result_final_none_0",23.83,952.674054448406,1,24.7992500808364,13616,648,3.67746913580247,1
"result_final_none_0",9.9,44.0662559217202,1,25.5082251469996,6782,612,1.61764705882353,1
"result_final_none_0",24.24,749.219246942045,1,25.1554524773655,13538,663,3.65610859728507,1
"result_final_none_0",40.01,364758.702573105,1,26.352964537796,18024,193,20.7305699481865,1
"result_final_none_0",25.86,2358.15584054853,1,24.6283792912016,14474,597,4.33165829145729,1
"result_final_none_0",19.58,328.807139125816,1,25.1562012424556,11918,708,2.76553672316384,1
"result_final_none_0",10.84,53.6328287358338,1,25.3254796300132,7298,610,1.77704918032787,1
"result_final_none_0",23.08,716.617265097559,1,25.2645749491019,13138,643,3.58942457231726,1
"result_final_none_0",5.96,30.7715762583346,1,25.287945787032,4200,420,1.41904761904762,1
"result_final_none_0",27.21,1619.14300423482,1,25.4576993144532,14446,576,4.72395833333333,1
"result_final_none_0",12.48,60.8020518936462,1,25.0354415203689,8072,644,1.93788819875776,1
"result_final_none_0",38.42,231987.699544079,1,26.0567799942347,17792,236,16.2796610169492,1
"result_final_none_0",35.16,43405.9892911402,1,26.2545123976861,16770,324,10.8518518518519,1
"result_final_none_0",31.29,11385.0181173654,1,25.3160975190425,15964,462,6.77272727272727,1
"result_final_none_0",6.02,13.8857035892423,1,25.693969928843,4226,441,1.36507936507937,1
"result_final_none_0",41.63,747950.371969838,1,24.3374948451704,18078,154,27.0324675324675,1
"result_final_none_0",38.67,500069.977342254,1,25.8206876599092,17962,231,16.7402597402597,1
"result_final_none_0",34.89,50613.9056201912,1,25.1407905934011,16696,339,10.2920353982301,1
"result_final_none_0",27.22,2578.98657643816,1,25.082599427115,14618,552,4.93115942028986,1
"result_final_none_0",29.15,4801.08505427904,1,25.069790048609,15302,504,5.78373015873016,1
"result_final_none_0",20.3,545.150311384234,1,24.9751927424472,12232,672,3.02083333333333,1
"result_final_none_0",29.85,8344.82567047035,1,24.9671261902521,15772,474,6.29746835443038,1
"result_final_none_0",9.54,44.1599255603831,1,25.7656333052165,6322,577,1.65337954939341,1
"result_final_none_0",33.34,11750.4757736609,1,25.4813975032334,16538,393,8.48346055979644,1
"result_final_none_0",33.97,10620.0972031826,1,24.6386779281918,16766,363,9.35812672176309,1
"result_final_none_0",24.6,2227.10628977407,1,24.8283685750626,13974,626,3.9297124600639,1
"result_final_none_0",28.88,5452.26549897123,1,24.8696441642366,15246,514,5.61867704280156,1
"result_final_none_0",32.81,18924.4394221868,1,25.1407096511509,16542,393,8.34860050890585,1
"result_final_none_0",2.21,11.3058113277954,1,25.2277801467558,1602,179,1.23463687150838,1
"result_final_none_0",35.71,69994.1565221265,1,25.3268699021945,17308,284,12.5739436619718,1
"result_final_none_0",40.45,1079770.30998625,1,25.9972516588003,18196,183,22.103825136612,1
"result_final_none_0",39.46,191805.216319697,1,25.0100637643833,17660,205,19.2487804878049,1
"result_final_none_0",30.72,5850.83704734233,1,25.3316631531567,15604,456,6.73684210526316,1
"result_final_none_0",7.59,15.5406085580649,1,24.9431623714733,5298,510,1.48823529411765,1
"result_final_none_0",34.21,40141.861425097,1,25.7641604990783,16936,375,9.12266666666667,1
"result_final_none_0",3.45,8.03114377810831,1,25.5104306478634,2488,276,1.25,1
"result_final_none_0",21.9,453.759091578903,1,25.5159542307145,12388,632,3.46518987341772,1
"result_final_none_0",11.54,80.3978454684674,1,25.14465101536,7628,631,1.82884310618067,1
"result_final_none_0",13.4,115.237460795052,1,25.1562012794476,8556,658,2.03647416413374,1
"result_final_none_0",39.23,229306.251154901,1,25.0316329187606,17604,201,19.5174129353234,1
"result_final_none_0",13.1,84.2840276896264,1,25.2774391629029,8486,694,1.88760806916427,1
"result_final_none_0",28.75,5392.43320297009,1,24.9662428985527,15276,507,5.67061143984221,1
"result_final_none_0",1.37,5.33777373267336,1,25.7435666890572,980,115,1.19130434782609,1
"result_final_none_0",12.14,102.361962586282,1,25.06960007053,8098,654,1.85626911314985,1
"result_final_none_0",3.43,12.3466623187979,1,24.7501490792063,2442,270,1.27037037037037,1
"result_final_none_0",6.25,19.0906182114924,1,25.4182593554018,4460,449,1.39198218262806,1
"result_final_none_0",21.36,759.615319496174,1,24.9294676550573,12370,657,3.25114155251142,1
