"movement","habitat_cover","metapop_cap","alpha","mean_distance","edge_density","num_patches","mean_patch_size","mean_dispersal"
"result_final_linear_10",3.68,430.280840022977,0.182451886649492,26.2115393618511,1388,81,4.54320987654321,5.48089700996679
"result_final_linear_10",16.55,8149.51899370614,0.185156423341469,24.3540707199368,5588,236,7.01271186440678,5.40083882564409
"result_final_linear_10",10.21,1526.46592005041,0.183717313909236,25.1209751047959,3564,179,5.70391061452514,5.44314511638267
"result_final_linear_10",18.95,6793.27767522482,0.18576667430667,24.6487822457833,6096,246,7.70325203252033,5.38309685379395
"result_final_linear_10",25.94,13975.54795316,0.18779795111066,25.2603646417481,7516,217,11.9539170506912,5.32487172562788
"result_final_linear_10",19.32,5333.34282378416,0.18586435680059,25.0874911769656,6102,249,7.75903614457831,5.38026772434308
"result_final_linear_10",29.37,32411.0386385178,0.18896142115683,24.1852782475291,8110,201,14.6119402985075,5.29208551606966
"result_final_linear_10",8.18,855.298309718583,0.183302722989699,25.4732128572436,3036,169,4.84023668639053,5.45545632759747
"result_final_linear_10",12.27,1469.86992009916,0.184159704437634,25.0622599259696,4432,216,5.68055555555556,5.43006953151715
"result_final_linear_10",24.58,14507.8411583545,0.187369571698301,24.4459418206822,7102,221,11.1221719457014,5.33704587642534
"result_final_linear_10",41.33,398086.015089408,0.194258658366996,25.490101283755,9530,131,31.5496183206107,5.1477756945628
"result_final_linear_10",10.19,1288.26557370692,0.183713128503048,24.917199871124,3670,204,4.99509803921569,5.4432691237056
"result_final_linear_10",12.68,1780.3556316295,0.184250506414585,24.4758664575216,4064,190,6.67368421052632,5.4273934951901
"result_final_linear_10",10.38,1403.0395696848,0.183752973017305,25.3709974293383,3790,208,4.99038461538461,5.44208881945994
"result_final_linear_10",7.01,1726.10885741542,0.183072803874473,25.6842428873626,2464,132,5.31060606060606,5.46230777502958
"result_final_linear_10",0.74,44.2328824589525,0.18194149131168,22.748750330235,316,25,2.96,5.49627241587749
"result_final_linear_10",33.83,148627.036410368,0.190680652411965,25.1200786600957,8750,173,19.5549132947977,5.24437056067704
"result_final_linear_10",18.98,4281.85207016806,0.185774557461249,25.0790078805072,6170,252,7.53174603174603,5.38286842754876
"result_final_linear_10",37.76,376926.4163282,0.192431362849369,25.4801959693378,9392,148,25.5135135135135,5.19665809768638
"result_final_linear_10",9.27,1630.77226606924,0.183522796229621,24.1689427061347,3330,164,5.65243902439024,5.44891436129174
"result_final_linear_10",42.75,947395.167659162,0.195059625212947,27.0788637767366,9372,111,38.5135135135135,5.12663755458516
"result_final_linear_10",21.64,5624.15633968545,0.186500380807312,24.5675629618925,6872,259,8.35521235521236,5.3619193466054
"result_final_linear_10",10.8,1429.29887128863,0.183841714756801,25.5197175860655,3760,183,5.9016393442623,5.43946188340808
"result_final_linear_10",33.84,47836.9026572683,0.190684805164861,24.1413929710015,8956,183,18.4918032786885,5.24425634824666
"result_final_linear_10",12.22,2053.12849896338,0.184148695141395,25.1318081071521,4240,214,5.71028037383178,5.43039416723626
"result_final_linear_10",27.23,19971.5681048532,0.188220992188712,24.9658042814976,7600,208,13.0913461538462,5.31290366909442
"result_final_linear_10",21.87,8245.48705220615,0.186565738573953,24.5767014241147,6658,234,9.34615384615385,5.36004095737873
"result_final_linear_10",27.36,12436.9247345195,0.188264565623056,24.649519636728,7854,234,11.6923076923077,5.31167400881058
"result_final_linear_10",20.69,9176.04002319285,0.186234912882168,25.8153953053778,6404,219,9.44748858447489,5.36956247635859
"result_final_linear_10",1.09,145.587080875167,0.182000515217311,25.4937293671851,416,30,3.63333333333333,5.49448994034982
"result_final_linear_10",29.6,26315.9715946495,0.189044038668099,24.8854230453791,8516,201,14.726368159204,5.28977272727272
"result_final_linear_10",26.09,23942.5071466645,0.187846286789,25.5902204578615,7578,214,12.1915887850467,5.32350155594643
"result_final_linear_10",13.3,2784.74338553009,0.184389621437686,24.0740542157254,4610,222,5.99099099099099,5.42329873125721
"result_final_linear_10",4.05,417.575200203139,0.182518546699639,26.1477638754723,1536,90,4.5,5.47889525794684
"result_final_linear_10",13.53,2998.93752224784,0.184441790026023,25.7458949586309,4622,214,6.32242990654206,5.42176477391002
"result_final_linear_10",8.85,1215.14805415599,0.183437311330248,26.1202830305844,3170,169,5.23668639053254,5.45145364783323
"result_final_linear_10",19.81,6339.44748066682,0.185995268358306,24.4583880237135,6110,230,8.61304347826087,5.37648085796234
"result_final_linear_10",1.67,106.817885854841,0.182099337012482,26.442116926958,624,42,3.97619047619048,5.49150818671819
"result_final_linear_10",28.09,28554.069560868,0.188512557017774,24.0495503744523,8110,219,12.8264840182648,5.30468641357252
"result_final_linear_10",2.4,410.918011641591,0.182225541448842,25.2749585634788,956,62,3.87096774193548,5.4877049180328
"result_final_linear_10",39.01,336286.645282946,0.193042982844844,24.573834436969,9186,139,28.0647482014388,5.18019347434005
"result_final_linear_10",31.82,47269.0647116033,0.18987412275816,24.9644246468537,8586,204,15.5980392156863,5.26664711058961
"result_final_linear_10",6.21,574.51507019509,0.182919218317276,24.9973742748898,2322,138,4.5,5.46689412517325
"result_final_linear_10",11.68,1851.4203417693,0.18403067177863,24.5747201523794,4280,217,5.38248847926267,5.4338768115942
"result_final_linear_10",32.1,89732.5168022726,0.189983212087297,25.1072916738177,8670,184,17.445652173913,5.26362297496319
"result_final_linear_10",36.58,213950.580794259,0.191879462664892,23.3969852790616,9114,139,26.3165467625899,5.21160517187006
"result_final_linear_10",37.16,170108.727146982,0.192147749510763,25.4526073192147,9298,153,24.2875816993464,5.20432845321452
"result_final_linear_10",32.21,64660.2157357111,0.190026349722487,24.6515413216933,8718,193,16.6891191709845,5.26242808673846
"result_final_linear_10",17.67,6851.81064265965,0.185436280913555,25.7208638998122,5578,235,7.51914893617021,5.39268796307542
"result_final_linear_10",12.37,4167.99428060937,0.184181764681155,24.256521859863,4290,201,6.15422885572139,5.42941914869337
"result_final_linear_10",25.92,20278.8363006084,0.187791523017643,25.0067355460187,7514,236,10.9830508474576,5.32505399568036
"result_final_linear_10",26.73,31694.390092302,0.188055027975977,24.8678195035212,7556,224,11.9330357142857,5.31759246622082
"result_final_linear_10",14,3133.39889795036,0.184549356223176,25.1112324609406,5022,227,6.16740088105727,5.41860465116279
"result_final_linear_10",30.37,50516.8911445783,0.189325140029365,25.2166154677864,8436,210,14.4619047619048,5.28191871319834
"result_final_linear_10",11.77,1743.77130730016,0.184050231549084,25.2952319261213,4014,192,6.13020833333333,5.43329933129322
"result_final_linear_10",36.28,161771.416694567,0.19174289841117,24.7633368663974,9108,165,21.9878787878788,5.21531701192718
"result_final_linear_10",26.97,18178.7152093664,0.18813437065279,24.7184423100898,7712,213,12.6619718309859,5.31534985622347
"result_final_linear_10",40.4,301444.399333288,0.193758127438232,23.9456890281688,9244,120,33.6666666666667,5.16107382550334
"result_final_linear_10",8.18,1223.50150715997,0.183302722989699,25.8251434866633,3062,165,4.95757575757576,5.45545632759747
"result_final_linear_10",29.17,28924.4212469111,0.188890074137287,24.3359447217425,8046,206,14.1601941747573,5.29408442750248
"result_final_linear_10",2.93,327.107217058633,0.182318470380527,25.3791967945068,1180,72,4.06944444444444,5.48490779849592
"result_final_linear_10",4.6,409.695205539354,0.182618683001531,24.510285839422,1804,105,4.38095238095238,5.47589098532496
"result_final_linear_10",24.96,25422.6530153679,0.187487507495503,25.2811785399478,7374,231,10.8051948051948,5.33368869936033
"result_final_linear_10",14.16,2983.15714009211,0.184586272148632,25.2429258405646,4788,225,6.29333333333333,5.41752096924512
"result_final_linear_10",23.45,10949.6103878262,0.18702663083313,24.8225332478769,7134,220,10.6590909090909,5.34683213585891
"result_final_linear_10",33.04,60864.3786438687,0.190357061632932,24.7026927640054,8740,185,17.8594594594595,5.25328554360811
"result_final_linear_10",43.53,301102.907871998,0.195519700851742,22.8309140029581,9654,102,42.6764705882353,5.11457411014697
"result_final_linear_10",9.41,1393.67560018917,0.183551485188637,26.1946556513351,3278,182,5.17032967032967,5.44806270007728
"result_final_linear_10",2.07,140.697856307482,0.182168235425425,24.6568518782877,800,49,4.22448979591837,5.4894312263862
"result_final_linear_10",35.25,112352.215143103,0.191285081240768,23.4566120908063,8624,158,22.3101265822785,5.22779922779923
"result_final_linear_10",25.12,12940.9235634529,0.187537567621719,24.2074184140618,7350,213,11.7934272300469,5.33226495726496
"result_final_linear_10",14.76,3002.61626810005,0.184726074895978,25.7655699586333,5260,255,5.78823529411765,5.41342092914124
"result_final_linear_10",21.43,6940.10703218978,0.186441080157563,24.8385251461438,6700,242,8.85537190082645,5.36362479317804
"result_final_linear_10",5.64,432.541140845316,0.182811531308121,25.7026756378011,2226,137,4.11678832116788,5.47011445527768
"result_final_linear_10",14.22,4105.5437966216,0.184600154945339,24.8764904511108,5000,236,6.02542372881356,5.41711354628118
"result_final_linear_10",38.84,186420.627279207,0.192958101968703,24.8193558041828,9326,139,27.9424460431655,5.18247220405493
"result_final_linear_10",3.15,298.67772735109,0.182357371493127,25.8508355539559,1316,88,3.57954545454545,5.48373773877131
"result_final_linear_10",35.7,127786.431695147,0.191483025610482,25.9421893923974,8658,168,21.25,5.22239502332816
"result_final_linear_10",1.81,139.987712630969,0.182123381681938,25.7906943680457,778,53,3.41509433962264,5.49078317547611
"result_final_linear_10",19.27,5911.76214601144,0.185851098116856,25.4646662256114,6134,230,8.37826086956522,5.3806515545646
"result_final_linear_10",4.1,347.750694315988,0.182527598020556,25.2447217285127,1662,100,4.1,5.4786235662148
"result_final_linear_10",9.66,1091.86795894811,0.183602959109016,25.1863897460395,3426,172,5.61627906976744,5.44653531104714
"result_final_linear_10",34.2,95217.3835439491,0.190835266821346,24.9924509545277,8850,176,19.4318181818182,5.2401215805471
"result_final_linear_10",27.2,18349.3543784651,0.188210961737332,24.8245359161409,7698,215,12.6511627906977,5.31318681318681
"result_final_linear_10",37.3,237287.566642202,0.192213366033109,23.8001446810061,9224,147,25.3741496598639,5.20255183413077
"result_final_linear_10",36.6,150035.858698508,0.191888619854722,23.2490708890277,9008,144,25.4166666666667,5.21135646687696
"result_final_linear_10",33.5,92901.4222464599,0.19054441260745,24.4058431492904,8760,178,18.8202247191011,5.24812030075188
"result_final_linear_10",25.04,12234.9181656603,0.187512507504503,24.322183915479,7598,232,10.7931034482759,5.33297758804695
"result_final_linear_10",21.9,14196.0320967741,0.186574295269947,25.7548950058344,6858,244,8.97540983606557,5.35979513444303
"result_final_linear_10",17.58,4053.28302410846,0.18541347970845,25.2840085066157,5658,221,7.95475113122172,5.39335112836689
"result_final_linear_10",9.58,1733.67166759763,0.183586453341996,25.8524047673735,3552,190,5.04210526315789,5.44702499447026
"result_final_linear_10",2.01,225.940867053063,0.18215786147154,24.6974654796448,838,56,3.58928571428571,5.4897438514134
"result_final_linear_10",3.62,223.561900516013,0.182441129703945,26.741881222277,1492,101,3.58415841584158,5.48122017015978
"result_final_linear_10",38.27,170470.887269218,0.192677445533429,25.1204329165501,9280,142,26.9507042253521,5.19002105945246
"result_final_linear_10",11.78,1337.72003688749,0.184052407577401,24.9306227628927,4172,198,5.94949494949495,5.43323509408298
"result_final_linear_10",2.59,157.98618896971,0.182258728436179,23.7393843086014,944,56,4.625,5.4867056770352
"result_final_linear_10",29.59,34310.8446026096,0.189040433872094,25.337015597464,8068,207,14.2946859903382,5.28987359750035
"result_final_linear_10",36.37,198769.428574145,0.191783712098378,26.2765604422345,9136,157,23.1656050955414,5.21420713499923
"result_final_linear_10",7.86,1485.61433954401,0.183239201336409,24.2449503720695,2850,148,5.31081081081081,5.45734751465162
"result_final_linear_10",35.55,118569.783511835,0.191416691416691,24.2015100221252,8802,153,23.2352941176471,5.22420480993019
"result_final_linear_10",1.46,53.0996409412992,0.182063409947528,26.9997914788474,628,42,3.47619047619048,5.4925918408768
"result_final_linear_10",39.58,317477.936014338,0.193331626775886,25.4084192725588,9508,140,28.2714285714286,5.17245945051308
"result_final_linear_10",17.98,5357.15513256198,0.185515244729938,25.1960559786002,5894,249,7.22088353413655,5.39039258717385
"result_final_linear_10",37.61,203438.315501666,0.192359869272985,25.2062563137331,9268,141,26.6737588652482,5.19858951755089
"result_final_linear_10",13.99,3658.86578518321,0.184547054027378,25.4403035225702,4600,208,6.72596153846154,5.4186722474131
"result_final_linear_10",13.09,1962.21475255002,0.184342255970814,24.5093894032642,4638,226,5.79203539823009,5.42469221033253
"result_final_linear_10",39.54,346113.124082333,0.193311165110628,24.7045462330235,9392,132,29.9545454545455,5.17300694674165
"result_final_linear_10",10.78,1431.14203850227,0.183837468062309,25.7022409394854,3928,199,5.41708542713568,5.43958753642682
"result_final_linear_10",34.96,121600.201659619,0.191159181754056,24.8024330983445,8762,156,22.4102564102564,5.23124231242312
"result_final_linear_10",28.5,22327.8938415154,0.188654353562005,25.1028225905933,7968,229,12.4454148471616,5.30069930069931
"result_final_linear_10",12.53,2129.75976647566,0.184217177035508,25.1120853142053,4386,205,6.11219512195122,5.42837544300904
"result_final_linear_10",3.34,411.950067968898,0.182391123858404,24.2798515676621,1340,85,3.92941176470588,5.48272294641011
"result_final_linear_10",35.92,301529.591983264,0.191580961492466,25.5941955901849,8880,137,26.2189781021898,5.21972534332085
"result_final_linear_10",42.4,676393.888728115,0.194857916102842,23.9279416813486,9784,96,44.1666666666667,5.13194444444444
"result_final_linear_10",21.7,17737.4438492538,0.186517389232968,24.9054826809102,6442,220,9.86363636363636,5.36143039591316
"result_final_linear_10",2.79,194.615927863203,0.182293815399617,24.7449371633913,1082,68,4.10294117647059,5.48564962452424
"result_final_linear_10",13.47,4656.47092709433,0.184428151242593,25.1751063294733,4468,204,6.60294117647059,5.42216572287069
"result_final_linear_10",36.54,255992.862903161,0.191861168218648,25.4104494680193,9396,134,27.2686567164179,5.21210211156634
"result_final_linear_10",25.11,17248.1526064088,0.187534431812491,24.8527588271431,7360,231,10.8701298701299,5.33235411937507
"result_final_linear_10",24.06,11818.8601917846,0.18721033428656,25.5614188752632,7208,238,10.109243697479,5.34158546220699
"result_final_linear_10",28.99,50740.7036148536,0.188826251130139,25.4247579979073,8016,180,16.1055555555556,5.29587382058864
"result_final_linear_10",21.22,7615.46267155303,0.18638213305574,25.0013375106332,6560,256,8.2890625,5.36532114749935
"result_final_linear_10",3.91,332.60440227405,0.182493257872146,24.5067704294162,1496,93,4.20430107526882,5.47965449058176
"result_final_linear_10",16.99,5840.37574809057,0.185265366245592,25.8204213116824,5566,229,7.41921397379913,5.39766293217685
"result_final_linear_10",31.67,31710.3567453518,0.189816100894494,24.0854535652673,8498,187,16.9358288770053,5.26825698814577
"result_final_linear_10",28.21,16325.856234189,0.188553868781846,24.6647474349312,7970,235,12.0042553191489,5.30352416771138
"result_final_linear_10",4.8,421.770645710967,0.182655410590944,25.1253887763001,1802,108,4.44444444444444,5.47478991596639
"result_final_linear_10",34.44,85017.8162637374,0.190936626281454,24.3875479581405,8734,175,19.68,5.23733984136668
"result_final_linear_10",26.89,20270.503225665,0.188107857767715,23.9776967688248,7672,215,12.506976744186,5.31609902886061
"result_final_linear_10",8.91,2294.18472451546,0.183449470334716,25.8089499195638,3034,149,5.97986577181208,5.45109232627073
"result_final_linear_10",37.95,298301.613490093,0.192522494570276,25.3914059969235,9206,153,24.8039215686275,5.1941982272361
"result_final_linear_10",8.62,888.740035942923,0.183390864574135,25.7236672420523,3078,170,5.07058823529412,5.45283431823156
"result_final_linear_10",2.04,225.992214043788,0.182163046712288,22.1649818857484,788,51,4,5.48958758677011
"result_final_linear_10",11.68,2010.16928583057,0.18403067177863,23.9469238836931,3998,198,5.8989898989899,5.4338768115942
"result_final_linear_10",44.78,1564382.431271,0.19628892364567,26.1896865038818,10050,94,47.6382978723404,5.09453096704094
"result_final_linear_10",5.17,509.031814782047,0.182723804385525,25.4778569788988,2054,127,4.07086614173228,5.47274069387326
"result_final_linear_10",14.6,4715.8029217071,0.184688581314879,23.9231861695673,4688,206,7.0873786407767,5.41451990632318
"result_final_linear_10",29.14,59395.2080680533,0.188879411451114,25.0646000432208,8302,210,13.8761904761905,5.29438329099634
"result_final_linear_10",5.03,445.557363361948,0.182697856950483,25.376772953817,1800,105,4.79047619047619,5.4735179530378
"result_final_linear_10",22.37,6969.30136339667,0.186709317427486,25.0308993882978,6986,244,9.16803278688525,5.35591910343938
"result_final_linear_10",28.55,31813.0043068025,0.188671771851069,24.7195850436543,8082,203,14.064039408867,5.30020993701891
"result_final_linear_10",6.9,712.100986789454,0.18305151395989,24.8532764977461,2560,152,4.53947368421053,5.46294307196563
"result_final_linear_10",42.01,363433.053620661,0.194636503994093,24.4127614948724,9600,119,35.3025210084034,5.13778237627177
"result_final_linear_10",29.74,28523.8125438323,0.189094628054688,25.0915085547763,8102,190,15.6526315789474,5.28835752917735
"result_final_linear_10",3.71,385.954951271753,0.182457270625687,24.7930945315247,1404,85,4.36470588235294,5.48073527884515
"result_final_linear_10",6.2,894.5026206993,0.182917316692668,25.6033379251599,2222,123,5.04065040650407,5.46695095948826
"result_final_linear_10",19.46,12092.5542084259,0.185901578801588,25.4580140677464,6532,261,7.45593869731801,5.37919046436553
"result_final_linear_10",20.54,7274.5905662648,0.186193645140126,24.783574021833,6464,230,8.9304347826087,5.37075257991441
"result_final_linear_10",41.5,891706.029655118,0.194352159468439,26.2712888030053,9612,123,33.739837398374,5.14529914529913
"result_final_linear_10",20.01,6266.96209475252,0.186049216169698,24.5654147983333,6218,221,9.05429864253394,5.37492186523316
"result_final_linear_10",15.45,2937.94004331214,0.184889569210584,25.3705388013885,5190,234,6.6025641025641,5.40863394441159
"result_final_linear_10",44.62,655546.08772683,0.196188181947003,24.9346731256114,9322,99,45.0707070707071,5.09714698447093
"result_final_linear_10",13.9,2873.8049035731,0.184526360908701,25.0182722902757,4644,211,6.58767772511848,5.41927990708479
"result_final_linear_10",23.62,10419.9536938914,0.187077495836191,24.5586727409313,6976,228,10.359649122807,5.34537837130138
"result_final_linear_10",9.44,953.099232716938,0.183557645532674,24.8671100974194,3498,183,5.15846994535519,5.44787985865724
"result_final_linear_10",23.92,16125.5963134655,0.187167880338516,25.2693965245407,7016,220,10.8727272727273,5.34279705573081
"result_final_linear_10",40.9,257715.60613495,0.194024950755089,23.6265327226077,9454,118,34.6610169491525,5.15397631133671
"result_final_linear_10",25.77,13276.5593920982,0.187743436693814,24.820262373861,7424,236,10.9194915254237,5.32641789034082
"result_final_linear_10",20.49,7766.72441323995,0.186179927878987,25.060883102798,6360,223,9.18834080717489,5.3711482832348
"result_final_linear_10",10.87,2835.10224924521,0.183856594744008,24.9042027043171,3768,192,5.66145833333333,5.43902165376415
"result_final_linear_10",22.2,8864.14552341106,0.186660268714012,25.2996889906986,6810,241,9.21161825726141,5.35732647814909
"result_final_linear_10",5.11,445.961622566363,0.182712673778257,25.1256517569147,2096,136,3.75735294117647,5.47307408578354
"result_final_linear_10",26.62,14507.1145748476,0.188018858255611,24.8918835716082,7778,235,11.3276595744681,5.31861542654675
"result_final_linear_10",10.57,1505.84797181738,0.183793004233631,26.2660053094222,3862,224,4.71875,5.44090349994408
"result_final_linear_10",36.98,348141.122933477,0.192063879068633,24.9332026921014,9252,139,26.6043165467626,5.20660107902254
"result_final_linear_10",33.41,46810.1188271072,0.19050752417463,24.2106795010722,8870,184,18.1576086956522,5.24913650698302
"result_final_linear_10",31.63,31518.6458529161,0.189800677363833,24.9821749918369,8518,211,14.9905213270142,5.26868509580226
"result_final_linear_10",5.43,600.166794267327,0.182772215994743,25.2875207474608,2048,123,4.41463414634146,5.47129110711643
"result_final_linear_10",41.27,337244.743706011,0.194225808585224,25.9773755157891,9648,145,28.4620689655172,5.14864634769283
"result_final_linear_10",38.2,106233.874390255,0.192643391521197,25.7438787752349,9480,165,23.1515151515152,5.19093851132686
"result_final_linear_10",33.22,65591.7049710672,0.19043002167218,25.3898362690729,8844,207,16.048309178744,5.25127283617849
"result_final_linear_10",25.43,20908.6660001715,0.187635247345378,24.8581022571737,7548,223,11.4035874439462,5.32948907067184
"result_final_linear_10",32.08,102000.98575009,0.189975385992392,24.5202914158849,8454,180,17.8222222222222,5.26383981154299
"result_final_linear_10",21.35,7156.92058625328,0.186418582602512,25.2291836306827,6624,242,8.82231404958678,5.36427209154483
"result_final_linear_10",29.37,36995.6819243653,0.18896142115683,23.6518119622507,8306,209,14.0526315789474,5.29208551606966
"result_final_linear_10",8.02,674.512975453883,0.183270901410696,24.7039053771323,3124,185,4.33513513513514,5.4564035659926
"result_final_linear_10",31.74,88395.7623184903,0.189843141617533,24.5384014780534,8634,179,17.731843575419,5.26750659244066
"result_final_linear_10",32.33,52582.8158133247,0.190073591371271,25.8381816961087,8462,185,17.4756756756757,5.26112014186494
"result_final_linear_10",25.74,15272.021450203,0.187733845687127,24.6450181082739,7432,223,11.542600896861,5.32669000807972
"result_final_linear_10",27.84,35407.5481385333,0.188426989763944,25.6481130308733,7720,201,13.8507462686567,5.30709534368071
"result_final_linear_10",34.06,143318.154528209,0.190776530494156,23.9140447954006,8644,172,19.8023255813953,5.24173491052471
"result_final_linear_10",2.33,155.852133682823,0.182213350248125,24.8895101602565,924,62,3.75806451612903,5.48807207945122
"result_final_linear_10",34.64,178177.632346025,0.191021744213234,24.4819263201092,8868,169,20.4970414201183,5.23500611995103
"result_final_linear_10",40.92,409002.425494604,0.194035733053074,24.8352091841828,9398,120,34.1,5.15368991198375
"result_final_linear_10",38.99,381038.093176175,0.193032968423717,23.2910285182275,8992,131,29.763358778626,5.18046221930831
"result_final_linear_10",29.86,42910.9336244204,0.189138172796894,24.5382203938458,8430,222,13.4504504504505,5.28714000570287
"result_final_linear_10",7.82,1047.60719775785,0.183231295221436,25.4673200761317,2910,160,4.8875,5.45758298980256
"result_final_linear_10",34.84,67445.8097882487,0.191107461285781,25.1794348881508,8608,169,20.6153846153846,5.23265807243709
"result_final_linear_10",2.9,365.384758152777,0.182313180623357,25.1239803713295,1128,78,3.71794871794872,5.48506694129764
"result_final_linear_10",22.12,7594.99858770947,0.18663726993865,24.7711822173604,6490,233,9.49356223175966,5.35798664612225
"result_final_linear_10",10.95,1619.19542481721,0.183873632046252,25.2013660736587,4070,218,5.02293577981651,5.43851768669288
"result_final_linear_10",13.64,2412.34195724646,0.184466848940533,25.2217039767619,4692,210,6.4952380952381,5.42102825382122
"result_final_linear_10",39.86,260233.255179351,0.1934757431476,24.6384554238931,9414,130,30.6615384615385,5.16860658463585
"result_final_linear_10",12.25,3200.2175548181,0.184155299055614,25.0302297177424,4126,203,6.03448275862069,5.43019943019943
"result_final_linear_10",26.98,20132.7595680373,0.18813768937442,24.1940340446424,7890,220,12.2636363636364,5.31525609422077
"result_final_linear_10",1.46,156.457071642513,0.182063409947528,24.565570625851,504,27,5.40740740740741,5.4925918408768
"result_final_linear_10",11.49,1873.24128127241,0.183989523136407,25.8494041387234,4112,221,5.19909502262443,5.43509207999096
"result_final_linear_10",3.13,379.52087071095,0.182353827039645,25.2727222356264,1164,75,4.17333333333333,5.48384432744915
"result_final_linear_10",7.19,1521.65394353775,0.183107761512055,24.7029372903116,2486,137,5.24817518248175,5.46126494989763
"result_final_linear_10",20.41,5394.72900540828,0.186158020302194,25.1572166676817,6490,239,8.53974895397489,5.3717803744189
"result_final_concave_10",3.68,431.421639569815,0.181842312241982,26.2115393618511,1388,81,4.54320987654321,5.49927015154358
"result_final_concave_10",16.55,8203.85606631573,0.182470626344303,24.3540707199368,5588,236,7.01271186440678,5.48033412300073
"result_final_concave_10",10.21,1540.36169071152,0.182032150867255,25.1209751047959,3564,179,5.70391061452514,5.49353504441773
"result_final_concave_10",18.95,6871.35135505368,0.1827262545979,24.6487822457833,6096,246,7.70325203252033,5.47266730881427
"result_final_concave_10",25.94,14248.4056162644,0.183868814711212,25.2603646417481,7516,217,11.9539170506912,5.43866017503088
"result_final_concave_10",19.32,5415.16415132761,0.182770971400486,25.0874911769656,6102,249,7.75903614457831,5.47132836433204
"result_final_concave_10",29.37,32952.5735824606,0.184721904880009,24.1852782475291,8110,201,14.6119402985075,5.41354313474396
"result_final_concave_10",8.18,862.024713889839,0.18194945926286,25.4732128572436,3036,169,4.84023668639053,5.4960317224978
"result_final_concave_10",12.27,1489.841953641,0.182142081466778,25.0622599259696,4432,216,5.68055555555556,5.49021945915555
"result_final_concave_10",24.58,14772.4280593264,0.183590939022393,24.4459418206822,7102,221,11.1221719457014,5.44689190722004
"result_final_concave_10",41.33,401191.013266878,0.190408148493588,25.490101283755,9530,131,31.5496183206107,5.25187607731859
"result_final_concave_10",10.19,1301.87933296546,0.182031217408379,24.917199871124,3670,204,4.99509803921569,5.49356321534973
"result_final_concave_10",12.68,1802.92167688627,0.18216739370056,24.4758664575216,4064,190,6.67368421052632,5.48945659091859
"result_final_concave_10",10.38,1417.42569553088,0.182040185108485,25.3709974293383,3790,208,4.99038461538461,5.49329259033691
"result_final_concave_10",7.01,1733.31160118039,0.181912161201058,25.6842428873626,2464,132,5.31060606060606,5.49715859235355
"result_final_concave_10",0.74,44.2614476783713,0.1818191004928,22.748750330235,316,25,2.96,5.49997221023321
"result_final_concave_10",33.83,149406.115031903,0.186243767877067,25.1200786600957,8750,173,19.5549132947977,5.36930717950286
"result_final_concave_10",18.98,4352.43367439475,0.182729824585236,25.0790078805072,6170,252,7.53174603174603,5.4725603894702
"result_final_concave_10",37.76,379952.397201349,0.18811251619961,25.4801959693378,9392,148,25.5135135135135,5.31596738060151
"result_final_concave_10",9.27,1645.03313767896,0.181990890675919,24.1689427061347,3330,164,5.65243902439024,5.49478051503552
"result_final_concave_10",42.75,954254.540593976,0.191526816530012,27.0788637767366,9372,111,38.5135135135135,5.2212009687077
"result_final_concave_10",21.64,5740.39285736133,0.183087562297525,24.5675629618925,6872,259,8.35521235521236,5.46186746631624
"result_final_concave_10",10.8,1447.24440954181,0.182060810192389,25.5197175860655,3760,183,5.9016393442623,5.49267027287899
"result_final_concave_10",33.84,48633.489738585,0.186247819734787,24.1413929710015,8956,183,18.4918032786885,5.36919036917575
"result_final_concave_10",12.22,2079.02429710234,0.18213907589621,25.1318081071521,4240,214,5.71028037383178,5.49031005609054
"result_final_concave_10",27.23,20396.2636100355,0.184162404284748,24.9658042814976,7600,208,13.0913461538462,5.42998992592332
"result_final_concave_10",21.87,8400.54958432686,0.183122582861601,24.5767014241147,6658,234,9.34615384615385,5.46082293277707
"result_final_concave_10",27.36,12689.1114410513,0.18419372351192,24.649519636728,7854,234,11.6923076923077,5.42906664208504
"result_final_concave_10",20.69,9333.1628987532,0.18295007380521,25.8153953053778,6404,219,9.44748858447489,5.46597210485259
"result_final_concave_10",1.09,145.68766159887,0.181820189163143,25.4937293671851,416,30,3.63333333333333,5.49993927848531
"result_final_concave_10",29.6,26787.9693418313,0.18478792578894,24.8854230453791,8516,201,14.726368159204,5.4116089876033
"result_final_concave_10",26.09,24415.9206697,0.183901396829878,25.5902204578615,7578,214,12.1915887850467,5.43769659849333
"result_final_concave_10",13.3,2809.71900230503,0.182207979987613,24.0740542157254,4610,222,5.99099099099099,5.48823383074651
"result_final_concave_10",4.05,418.979742638869,0.181847635192774,26.1477638754723,1536,90,4.5,5.49910917972573
"result_final_concave_10",13.53,3031.4015860158,0.18222376225542,25.7458949586309,4622,214,6.32242990654206,5.4877584987973
"result_final_concave_10",8.85,1226.74623652544,0.181974133538707,26.1202830305844,3170,169,5.23668639053254,5.4952865033826
"result_final_concave_10",19.81,6475.39568169398,0.182832535291217,24.4583880237135,6110,230,8.61304347826087,5.46948604310055
"result_final_concave_10",1.67,107.048599997604,0.181822949605538,26.442116926958,624,42,3.97619047619048,5.49985577821438
"result_final_concave_10",28.09,28947.4739065772,0.184375802525119,24.0495503744523,8110,219,12.8264840182648,5.42370520591368
"result_final_concave_10",2.4,411.521295660634,0.181828177014934,25.2749585634788,956,62,3.87096774193548,5.49969766191885
"result_final_concave_10",39.01,341194.349911729,0.18884145038706,24.573834436969,9186,139,28.0647482014388,5.29544757229064
"result_final_concave_10",31.82,47913.3798355593,0.185491147405234,24.9644246468537,8586,204,15.5980392156863,5.39109285800764
"result_final_concave_10",6.21,578.334764863422,0.181890673449731,24.9973742748898,2322,138,4.5,5.49780800210391
"result_final_concave_10",11.68,1867.74111863676,0.18210771825969,24.5747201523794,4280,217,5.38248847926267,5.4912554479101
"result_final_concave_10",32.1,91126.1043904484,0.18558895099237,25.1072916738177,8670,184,17.445652173913,5.38825180406948
"result_final_concave_10",36.58,215560.20889995,0.187488627190085,23.3969852790616,9114,139,26.3165467625899,5.33365684621581
"result_final_concave_10",37.16,172547.91458244,0.187787902109954,25.4526073192147,9298,153,24.2875816993464,5.32515667284295
"result_final_concave_10",32.21,65485.9473437834,0.185627970731875,24.6515413216933,8718,193,16.6891191709845,5.38711917205851
"result_final_concave_10",17.67,6942.75497166645,0.182582763624358,25.7208638998122,5578,235,7.51914893617021,5.47696825346219
"result_final_concave_10",12.37,4210.11423821024,0.182148145274485,24.256521859863,4290,201,6.15422885572139,5.49003668685765
"result_final_concave_10",25.92,20619.9404840876,0.183864500399903,25.0067355460187,7514,236,10.9830508474576,5.43878779114518
"result_final_concave_10",26.73,32146.308223887,0.184044959070126,24.8678195035212,7556,224,11.9330357142857,5.43345498324121
"result_final_concave_10",14,3165.68487071636,0.182257269590931,25.1112324609406,5022,227,6.16740088105727,5.48674959437535
"result_final_concave_10",30.37,51165.9022419067,0.18501794593253,25.2166154677864,8436,210,14.4619047619048,5.40488110469385
"result_final_concave_10",11.77,1758.80101884786,0.182112805849585,25.2952319261213,4014,192,6.13020833333333,5.49110204158814
"result_final_concave_10",36.28,163108.162463811,0.187339197659486,24.7633368663974,9108,165,21.9878787878788,5.33791119260388
"result_final_concave_10",26.97,18509.0853959125,0.184100741512627,24.7184423100898,7712,213,12.6619718309859,5.43180864880662
"result_final_concave_10",40.4,304876.800888921,0.18974402803299,23.9456890281688,9244,120,33.6666666666667,5.27025809648214
"result_final_concave_10",8.18,1229.19221842163,0.18194945926286,25.8251434866633,3062,165,4.95757575757576,5.4960317224978
"result_final_concave_10",29.17,29439.4274560227,0.184665469731612,24.3359447217425,8046,206,14.1601941747573,5.41519755400603
"result_final_concave_10",2.93,327.502332264472,0.181833242539749,25.3791967945068,1180,72,4.06944444444444,5.49954445090753
"result_final_concave_10",4.6,411.079978819952,0.181856619336688,24.510285839422,1804,105,4.38095238095238,5.49883751082278
"result_final_concave_10",24.96,25949.6982018049,0.183665485850031,25.2811785399478,7374,231,10.8051948051948,5.4446811025591
"result_final_concave_10",14.16,3014.4470522492,0.1822690684691,25.2429258405646,4788,225,6.29333333333333,5.48639441897148
"result_final_concave_10",23.45,11179.6521479202,0.183382628666296,24.8225332478769,7134,220,10.6590909090909,5.4530792107889
"result_final_concave_10",33.04,61841.4931652824,0.185933603956638,24.7026927640054,8740,185,17.8594594594595,5.37826395401453
"result_final_concave_10",43.53,303952.151208188,0.192200733824155,22.8309140029581,9654,102,42.6764705882353,5.20289376686201
"result_final_concave_10",9.41,1402.19170016492,0.18199670292168,26.1946556513351,3278,182,5.17032967032967,5.49460503375348
"result_final_concave_10",2.07,140.983793057031,0.181825567174403,24.6568518782877,800,49,4.22448979591837,5.49977660204861
"result_final_concave_10",35.25,113484.513577385,0.186852550800128,23.4566120908063,8624,158,22.3101265822785,5.35181347922661
"result_final_concave_10",25.12,13123.5047496603,0.183697578015738,24.2074184140618,7350,213,11.7934272300469,5.44372991087736
"result_final_concave_10",14.76,3043.9076048642,0.182315135453818,25.7655699586333,5260,255,5.78823529411765,5.48500812897846
"result_final_concave_10",21.43,7072.40335110064,0.183056187287191,24.8385251461438,6700,242,8.85537190082645,5.46280360592856
"result_final_concave_10",5.64,434.225473747483,0.181877251963883,25.7026756378011,2226,137,4.11678832116788,5.49821370843331
"result_final_concave_10",14.22,4142.97767951093,0.182273545158689,24.8764904511108,5000,236,6.02542372881356,5.48625967157983
"result_final_concave_10",38.84,188672.530922553,0.188737925057552,24.8193558041828,9326,139,27.9424460431655,5.29835219760453
"result_final_concave_10",3.15,299.451426265384,0.181835668533906,25.8508355539559,1316,88,3.57954545454545,5.49947107771947
"result_final_concave_10",35.7,129501.43634715,0.187060258025694,25.9421893923974,8658,168,21.25,5.34587095385404
"result_final_concave_10",1.81,140.203959517066,0.181823798510979,25.7906943680457,778,53,3.41509433962264,5.49983010029139
"result_final_concave_10",19.27,5996.38149214951,0.182764840650702,25.4646662256114,6134,230,8.37826086956522,5.47151189714431
"result_final_concave_10",4.1,349.451639446884,0.181848398536404,25.2447217285127,1662,100,4.1,5.49908609615724
"result_final_concave_10",9.66,1101.2054168048,0.182007368415278,25.1863897460395,3426,172,5.61627906976744,5.49428305407034
"result_final_concave_10",34.2,96340.3574055424,0.186395846428049,24.9924509545277,8850,176,19.4318181818182,5.36492641420533
"result_final_concave_10",27.2,18699.3722428045,0.184155223216768,24.8245359161409,7698,215,12.6511627906977,5.43020166646539
"result_final_concave_10",37.3,238737.554561823,0.187862250883451,23.8001446810061,9224,147,25.3741496598639,5.32304917724209
"result_final_concave_10",36.6,150944.835795172,0.187498717219118,23.2490708890277,9008,144,25.4166666666667,5.3333698215725
"result_final_concave_10",33.5,94271.2833073133,0.186111841759167,24.4058431492904,8760,178,18.8202247191011,5.37311323421334
"result_final_concave_10",25.04,12418.4757902507,0.183681479211146,24.322183915479,7598,232,10.7931034482759,5.44420702781078
"result_final_concave_10",21.9,14426.589957532,0.183127201982704,25.7548950058344,6858,244,8.97540983606557,5.4606851913483
"result_final_concave_10",17.58,4121.56089770744,0.182573303795746,25.2840085066157,5658,221,7.95475113122172,5.47725203635878
"result_final_concave_10",9.58,1745.42605091727,0.182003915239242,25.8524047673735,3552,190,5.04210526315789,5.49438729757825
"result_final_concave_10",2.01,226.402569001476,0.181825136701322,24.6974654796448,838,56,3.58928571428571,5.49978962283233
"result_final_concave_10",3.62,224.409533124339,0.181841502627795,26.741881222277,1492,101,3.58415841584158,5.49929463598233
"result_final_concave_10",38.27,172675.425513266,0.18840104757427,25.1204329165501,9280,142,26.9507042253521,5.30782611283405
"result_final_concave_10",11.78,1353.96577456565,0.182113374529979,24.9306227628927,4172,198,5.94949494949495,5.49108489467578
"result_final_concave_10",2.59,158.492353446498,0.181829867793892,23.7393843086014,944,56,4.625,5.49964652195381
"result_final_concave_10",29.59,34963.2309194365,0.184785030124578,25.337015597464,8068,207,14.2946859903382,5.41169378994512
"result_final_concave_10",36.37,200555.346585859,0.187383650798892,26.2765604422345,9136,157,23.1656050955414,5.3366448766293
"result_final_concave_10",7.86,1496.659092923,0.181938541408208,24.2449503720695,2850,148,5.31081081081081,5.49636153098722
"result_final_concave_10",35.55,119777.726445658,0.186990193689681,24.2015100221252,8802,153,23.2352941176471,5.34787402626871
"result_final_concave_10",1.46,53.1923102350073,0.181821810374668,26.9997914788474,628,42,3.47619047619048,5.49989023835681
"result_final_concave_10",39.58,319667.245911673,0.189199208370385,25.4084192725588,9508,140,28.2714285714286,5.28543437688362
"result_final_concave_10",17.98,5441.22243271407,0.182615966892375,25.1960559786002,5894,249,7.22088353413655,5.47597243010712
"result_final_concave_10",37.61,205126.395042124,0.188029887891785,25.2062563137331,9268,141,26.6737588652482,5.31830344213958
"result_final_concave_10",13.99,3703.69099661628,0.182256538839302,25.4403035225702,4600,208,6.72596153846154,5.48677159331832
"result_final_concave_10",13.09,1982.30333102801,0.182193916236221,24.5093894032642,4638,226,5.79203539823009,5.48865747363081
"result_final_concave_10",39.54,352025.117074808,0.189173556276651,24.7045462330235,9392,132,29.9545454545455,5.28615108624157
"result_final_concave_10",10.78,1447.09299337202,0.182059802700828,25.7022409394854,3928,199,5.41708542713568,5.49270066849003
"result_final_concave_10",34.96,122891.639274976,0.186722582485956,24.8024330983445,8762,156,22.4102564102564,5.35553861073667
"result_final_concave_10",28.5,22742.4639814069,0.184482836393162,25.1028225905933,7968,229,12.4454148471616,5.42055846251649
"result_final_concave_10",12.53,2152.88488287728,0.182157994388101,25.1120853142053,4386,205,6.11219512195122,5.4897398456717
"result_final_concave_10",3.34,412.809653482818,0.181837919271692,24.2798515676621,1340,85,3.92941176470588,5.4994030068385
"result_final_concave_10",35.92,303733.020086808,0.187164546142727,25.5941955901849,8880,137,26.2189781021898,5.34289223364678
"result_final_concave_10",42.4,679395.860153538,0.191238587106889,23.9279416813486,9784,96,44.1666666666667,5.22907021604939
"result_final_concave_10",21.7,17913.6758339531,0.183096631421451,24.9054826809102,6442,220,9.86363636363636,5.46159692964643
"result_final_concave_10",2.79,195.227969898002,0.181831798261073,24.7449371633913,1082,68,4.10294117647059,5.49958813344741
"result_final_concave_10",13.47,4687.1232169222,0.182219606621817,25.1751063294733,4468,204,6.60294117647059,5.4878836506075
"result_final_concave_10",36.54,258019.378658994,0.187468495509094,25.4104494680193,9396,134,27.2686567164179,5.33422961167089
"result_final_concave_10",25.11,17458.515423702,0.183695559878114,24.8527588271431,7360,231,10.8701298701299,5.44378971741898
"result_final_concave_10",24.06,12039.1685786423,0.18349264668683,25.5614188752632,7208,238,10.109243697479,5.44980966843166
"result_final_concave_10",28.99,51608.7852858749,0.184615441223892,25.4247579979073,8016,180,16.1055555555556,5.41666500575784
"result_final_concave_10",21.22,7766.85665913124,0.183025376825723,25.0013375106332,6560,256,8.2890625,5.46372321337823
"result_final_concave_10",3.91,334.088488963261,0.181845553855904,24.5067704294162,1496,93,4.20430107526882,5.49917212049302
"result_final_concave_10",16.99,5909.56881935145,0.182513250377927,25.8204213116824,5566,229,7.41921397379913,5.47905424909872
"result_final_concave_10",31.67,32128.2240424607,0.185439637457299,24.0854535652673,8498,187,16.9358288770053,5.39259035291346
"result_final_concave_10",28.21,16674.5107165326,0.184406766840607,24.6647474349312,7970,235,12.0042553191489,5.42279449465298
"result_final_concave_10",4.8,423.92930658296,0.181860211256301,25.1253887763001,1802,108,4.44444444444444,5.49872890332603
"result_final_concave_10",34.44,86144.5863390048,0.186496904875381,24.3875479581405,8734,175,19.68,5.36201928213345
"result_final_concave_10",26.89,20713.3647192859,0.184082027084627,23.9776967688248,7672,215,12.506976744186,5.43236086562799
"result_final_concave_10",8.91,2315.69503469703,0.181976465646103,25.8089499195638,3034,149,5.97986577181208,5.49521607890078
"result_final_concave_10",37.95,299844.922769024,0.188218622764334,25.3914059969235,9206,153,24.8039215686275,5.31297055154891
"result_final_concave_10",8.62,895.753563656738,0.181965381988507,25.7236672420523,3078,170,5.07058823529412,5.49555079692664
"result_final_concave_10",2.04,226.494632973952,0.18182535025612,22.1649818857484,788,51,4,5.49978316330146
"result_final_concave_10",11.68,2031.74920001291,0.18210771825969,23.9469238836931,3998,198,5.8989898989899,5.4912554479101
"result_final_concave_10",44.78,1568043.22671195,0.193379097048358,26.1896865038818,10050,94,47.6382978723404,5.17118972662248
"result_final_concave_10",5.17,510.815080094458,0.181867323676534,25.4778569788988,2054,127,4.07086614173228,5.49851386045897
"result_final_concave_10",14.6,4751.27752798096,0.182302566127911,23.9231861695673,4688,206,7.0873786407767,5.48538630717002
"result_final_concave_10",29.14,60093.2767619756,0.184657081731343,25.0646000432208,8302,210,13.8761904761905,5.41544353795701
"result_final_concave_10",5.03,448.333670410695,0.181864560509129,25.376772953817,1800,105,4.79047619047619,5.49859740237738
"result_final_concave_10",22.37,7099.2808679566,0.183201137543818,25.0308993882978,6986,244,9.16803278688525,5.45848139049257
"result_final_concave_10",28.55,32312.5174294939,0.184496131034797,24.7195850436543,8082,203,14.064039408867,5.42016786146802
"result_final_concave_10",6.9,716.8832016255,0.181909018312397,24.8532764977461,2560,152,4.53947368421053,5.49725356816931
"result_final_concave_10",42.01,366179.751488548,0.190927259358684,24.4127614948724,9600,119,35.3025210084034,5.23759678612135
"result_final_concave_10",29.74,29084.038270574,0.18482870779904,25.0915085547763,8102,190,15.6526315789474,5.41041492908816
"result_final_concave_10",3.71,387.176534197169,0.181842722616473,24.7930945315247,1404,85,4.36470588235294,5.49925774103764
"result_final_concave_10",6.2,899.656464592237,0.181890424665407,25.6033379251599,2222,123,5.04065040650407,5.49781552184251
"result_final_concave_10",19.46,12208.0040357227,0.18278828537113,25.4580140677464,6532,261,7.45593869731801,5.47081011219958
"result_final_concave_10",20.54,7364.85459902211,0.182929387754322,24.783574021833,6464,230,8.9304347826087,5.46659020880243
"result_final_concave_10",41.5,895062.553616615,0.190535179901176,26.2712888030053,9612,123,33.739837398374,5.24837460734897
"result_final_concave_10",20.01,6389.17309830375,0.182858449560481,24.5654147983333,6218,221,9.05429864253394,5.46871092040648
"result_final_concave_10",15.45,2978.37074551795,0.182371780051603,25.3705388013885,5190,234,6.6025641025641,5.48330448777242
"result_final_concave_10",44.62,659552.434877277,0.193221074494973,24.9346731256114,9322,99,45.0707070707071,5.17541889575827
"result_final_concave_10",13.9,2911.6892075786,0.182249997234245,25.0182722902757,4644,211,6.58767772511848,5.48696853319951
"result_final_concave_10",23.62,10633.9306890345,0.183412728599229,24.5586727409313,6976,228,10.359649122807,5.45218430387717
"result_final_concave_10",9.44,961.781175155758,0.181997963319874,24.8671100974194,3498,183,5.15846994535519,5.49456698173282
"result_final_concave_10",23.92,16290.1747391121,0.18346689982057,25.2693965245407,7016,220,10.8727272727273,5.4505744686262
"result_final_concave_10",40.9,259867.652407472,0.190094725985833,23.6265327226077,9454,118,34.6610169491525,5.26053521376772
"result_final_concave_10",25.77,13556.0329544185,0.183832366125044,24.820262373861,7424,236,10.9194915254237,5.43973850241254
"result_final_concave_10",20.49,7878.56679719057,0.182922552778593,25.060883102798,6360,223,9.18834080717489,5.46679447017332
"result_final_concave_10",10.87,2858.21915178647,0.182064356576726,24.9042027043171,3768,192,5.66145833333333,5.49256328258067
"result_final_concave_10",22.2,9039.26681344941,0.18317405172466,25.2996889906986,6810,241,9.21161825726141,5.45928853232531
"result_final_concave_10",5.11,448.483441150492,0.18186612866418,25.1256517569147,2096,136,3.75735294117647,5.49854999028721
"result_final_concave_10",26.62,14772.700902444,0.184019751532426,24.8918835716082,7778,235,11.3276595744681,5.43419927302636
"result_final_concave_10",10.57,1518.94749138557,0.182049377664147,26.2660053094222,3862,224,4.71875,5.49301520736229
"result_final_concave_10",36.98,350803.298545347,0.18769353034145,24.9332026921014,9252,139,26.6043165467626,5.32783414633851
"result_final_concave_10",33.41,47728.4235418151,0.186076456410318,24.2106795010722,8870,184,18.1576086956522,5.37413501574265
"result_final_concave_10",31.63,32072.1711702944,0.185426004454827,24.9821749918369,8518,211,14.9905213270142,5.39298683019197
"result_final_concave_10",5.43,604.181907988821,0.18187269075208,25.2875207474608,2048,123,4.41463414634146,5.49835159893879
"result_final_concave_10",41.27,341034.288052385,0.190363740909471,25.9773755157891,9648,145,28.4620689655172,5.25310122202084
"result_final_concave_10",38.2,107711.148431811,0.188360738205384,25.7438787752349,9480,165,23.1515151515152,5.30896199243828
"result_final_concave_10",33.22,66464.7627209707,0.18600257709406,25.3898362690729,8844,207,16.048309178744,5.37626959595462
"result_final_concave_10",25.43,21298.9475338742,0.183760968059123,24.8581022571737,7548,223,11.4035874439462,5.4418520459593
"result_final_concave_10",32.08,102609.871158386,0.185581892917234,24.5202914158849,8454,180,17.8222222222222,5.38845673077589
"result_final_concave_10",21.35,7291.90532963333,0.183044383840528,25.2291836306827,6624,242,8.82231404958678,5.46315586973278
"result_final_concave_10",29.37,37758.9360675327,0.184721904880009,23.6518119622507,8306,209,14.0526315789474,5.41354313474396
"result_final_concave_10",8.02,680.246523636593,0.181943931477091,24.7039053771323,3124,185,4.33513513513514,5.49619870188368
"result_final_concave_10",31.74,89167.8390967967,0.185463599332217,24.5384014780534,8634,179,17.731843575419,5.39189363088291
"result_final_concave_10",32.33,53438.0526832157,0.185670926916882,25.8381816961087,8462,185,17.4756756756757,5.38587282675474
"result_final_concave_10",25.74,15474.0936326371,0.183825986279823,24.6450181082739,7432,223,11.542600896861,5.43992729340118
"result_final_concave_10",27.84,35979.1640513135,0.18431224188824,25.6481130308733,7720,201,13.8507462686567,5.42557558714067
"result_final_concave_10",34.06,144511.847503825,0.186337777955293,23.9140447954006,8644,172,19.8023255813953,5.36659828711666
"result_final_concave_10",2.33,156.114711881798,0.181827588935525,24.8895101602565,924,62,3.75806451612903,5.49971544942277
"result_final_concave_10",34.64,179659.184931209,0.186582602947075,24.4819263201092,8868,169,20.4970414201183,5.35955648707321
"result_final_concave_10",40.92,411010.781805683,0.190109057445461,24.8352091841828,9398,120,34.1,5.26013864587637
"result_final_concave_10",38.99,384582.247704712,0.188829196563806,23.2910285182275,8992,131,29.763358778626,5.29579121342126
"result_final_concave_10",29.86,43467.9960594798,0.184864026879805,24.5382203938458,8430,222,13.4504504504505,5.40938124565565
"result_final_concave_10",7.82,1057.34818117884,0.181937215250455,25.4673200761317,2910,160,4.8875,5.49640159449181
"result_final_concave_10",34.84,68763.6993752232,0.186669672731672,25.1794348881508,8608,169,20.6153846153846,5.3570565875339
"result_final_concave_10",2.9,365.989223832454,0.181832926567031,25.1239803713295,1128,78,3.71794871794872,5.49955400751557
"result_final_concave_10",22.12,7752.93343022981,0.183161440713897,24.7711822173604,6490,233,9.49356223175966,5.45966441464078
"result_final_concave_10",10.95,1630.93945756035,0.182068448131523,25.2013660736587,4070,218,5.02293577981651,5.49243985030079
"result_final_concave_10",13.64,2443.18814476484,0.182231452050039,25.2217039767619,4692,210,6.4952380952381,5.48752692661094
"result_final_concave_10",39.86,262728.874010253,0.18938114151472,24.6384554238931,9414,130,30.6615384615385,5.28035680850658
"result_final_concave_10",12.25,3217.99330723604,0.182140877137218,25.0302297177424,4126,203,6.03448275862069,5.49025576091103
"result_final_concave_10",26.98,20547.164858471,0.184103089324962,24.1940340446424,7890,220,12.2636363636364,5.43173937855487
"result_final_concave_10",1.46,156.718034282791,0.181821810374668,24.565570625851,504,27,5.40740740740741,5.49989023835681
"result_final_concave_10",11.49,1895.1675300214,0.182097157184531,25.8494041387234,4112,221,5.19909502262443,5.4915739238402
"result_final_concave_10",3.13,380.728404760794,0.18183544003506,25.2727222356264,1164,75,4.17333333333333,5.49947798848887
"result_final_concave_10",7.19,1528.85798144033,0.181917436243044,24.7029372903116,2486,137,5.24817518248175,5.49699919178713
"result_final_concave_10",20.41,5501.12402354108,0.18291167921035,25.1572166676817,6490,239,8.53974895397489,5.46711945523168
"result_final_convex_10",3.68,421.607753589167,0.187223671377737,26.2115393618511,1388,81,4.54320987654321,5.34120494829112
"result_final_convex_10",16.55,7917.24860707858,0.197285748543164,24.3540707199368,5588,236,7.01271186440678,5.06878985118994
"result_final_convex_10",10.21,1449.27997628003,0.193785236051834,25.1209751047959,3564,179,5.70391061452514,5.16035184296764
"result_final_convex_10",18.95,6508.89656838072,0.198089051513357,24.6487822457833,6096,246,7.70325203252033,5.04823458116548
"result_final_convex_10",25.94,13240.7663700049,0.19940031037998,25.2603646417481,7516,217,11.9539170506912,5.01503732915153
"result_final_convex_10",19.32,5035.5605624704,0.198193275152282,25.0874911769656,6102,249,7.75903614457831,5.04557987263518
"result_final_convex_10",29.37,31145.2271105839,0.199688707293286,24.1852782475291,8110,201,14.6119402985075,5.00779444944417
"result_final_convex_10",8.18,814.792873059667,0.192118299545178,25.4732128572436,3036,169,4.84023668639053,5.20512622882571
"result_final_convex_10",12.27,1369.62473834436,0.195181074713723,25.0622599259696,4432,216,5.68055555555556,5.12344755487552
"result_final_convex_10",24.58,13738.7939935959,0.199235368603504,24.4459418206822,7102,221,11.1221719457014,5.01918914803771
"result_final_convex_10",41.33,393601.90505536,0.199983465240794,25.490101283755,9530,131,31.5496183206107,5.00041340315776
"result_final_convex_10",10.19,1214.3840863487,0.193770281986102,24.917199871124,3670,204,4.99509803921569,5.16075008897249
"result_final_convex_10",12.68,1672.42438363882,0.195426509139765,24.4758664575216,4064,190,6.67368421052632,5.11701306236208
"result_final_convex_10",10.38,1323.34411951567,0.193911214336671,25.3709974293383,3790,208,4.99038461538461,5.15699931755256
"result_final_convex_10",7.01,1678.61981890694,0.191012674966582,25.6842428873626,2464,132,5.31060606060606,5.23525467707811
"result_final_convex_10",0.74,43.9838274510056,0.183014170451006,22.748750330235,316,25,2.96,5.46405776960154
"result_final_convex_10",33.83,147088.879113542,0.199880569634335,25.1200786600957,8750,173,19.5549132947977,5.00298754315848
"result_final_convex_10",18.98,4021.73300045762,0.198097683028767,25.0790078805072,6170,252,7.53174603174603,5.04801461940766
"result_final_convex_10",37.76,371852.936604028,0.199954548407865,25.4801959693378,9392,148,25.5135135135135,5.00113654809298
"result_final_convex_10",9.27,1546.86465609266,0.193051441399645,24.1689427061347,3330,164,5.65243902439024,5.17996650400477
"result_final_convex_10",42.75,937992.373589503,0.199989478568236,27.0788637767366,9372,111,38.5135135135135,5.00026304963239
"result_final_convex_10",21.64,5239.70795184463,0.198745035316076,24.5675629618925,6872,259,8.35521235521236,5.03157222724905
"result_final_convex_10",10.8,1332.36405694722,0.194213880974721,25.5197175860655,3760,183,5.9016393442623,5.14896255088049
"result_final_convex_10",33.84,46287.6339625615,0.199880844038549,24.1413929710015,8956,183,18.4918032786885,5.00298067486217
"result_final_convex_10",12.22,1923.78357616945,0.195150440515238,25.1318081071521,4240,214,5.71028037383178,5.12425182008194
"result_final_convex_10",27.23,18874.1559295582,0.199527856857555,24.9658042814976,7600,208,13.0913461538462,5.01183150939124
"result_final_convex_10",21.87,7738.27778962162,0.198791060324952,24.5767014241147,6658,234,9.34615384615385,5.03040729480168
"result_final_convex_10",27.36,11790.3163087002,0.199539322288018,24.649519636728,7854,234,11.6923076923077,5.01154353203919
"result_final_convex_10",20.69,8636.11650138201,0.198539125320792,25.8153953053778,6404,219,9.44748858447489,5.03679059925462
"result_final_convex_10",1.09,144.723064374681,0.183560169436156,25.4937293671851,416,30,3.63333333333333,5.44780495175894
"result_final_convex_10",29.6,25219.0233606379,0.199702798443481,24.8854230453791,8516,201,14.726368159204,5.0074410964402
"result_final_convex_10",26.09,22645.4282469956,0.19941649789163,25.5902204578615,7578,214,12.1915887850467,5.0146302365787
"result_final_convex_10",13.3,2663.86947903777,0.195778607649588,24.0740542157254,4610,222,5.99099099099099,5.10781035786013
"result_final_convex_10",4.05,407.039245810925,0.187694249479202,26.1477638754723,1536,90,4.5,5.32781373310432
"result_final_convex_10",13.53,2844.92545987054,0.195903563879123,25.7458949586309,4622,214,6.32242990654206,5.10455236341194
"result_final_convex_10",8.85,1145.79648858243,0.192702603673951,26.1202830305844,3170,169,5.23668639053254,5.18934348023642
"result_final_convex_10",19.81,5849.60153075255,0.19832401897903,24.4583880237135,6110,230,8.61304347826087,5.04225360673906
"result_final_convex_10",1.67,104.904707194183,0.184437889474357,26.442116926958,624,42,3.97619047619048,5.42187943513111
"result_final_convex_10",28.09,27565.7203060766,0.199599404233932,24.0495503744523,8110,219,12.8264840182648,5.01003499403231
"result_final_convex_10",2.4,406.03620013131,0.18549511748816,25.2749585634788,956,62,3.87096774193548,5.39097747445471
"result_final_convex_10",39.01,328481.008105353,0.19996755323116,24.573834436969,9186,139,28.0647482014388,5.00081130084145
"result_final_convex_10",31.82,45918.2108194291,0.199813084852229,24.9644246468537,8586,204,15.5980392156863,5.00467724993859
"result_final_convex_10",6.21,548.937150808758,0.19019156500597,24.9973742748898,2322,138,4.5,5.25785672970623
"result_final_convex_10",11.68,1765.81637392027,0.194809629287765,24.5747201523794,4280,217,5.38248847926267,5.13321648245036
"result_final_convex_10",32.1,86774.0144396971,0.199824098440063,25.1072916738177,8670,184,17.445652173913,5.00440141007291
"result_final_convex_10",36.58,211129.684532991,0.199938400348992,23.3969852790616,9114,139,26.3165467625899,5.00154046573596
"result_final_convex_10",37.16,165945.579516964,0.199946864087379,25.4526073192147,9298,153,24.2875816993464,5.00132875083747
"result_final_convex_10",32.21,62918.5302839373,0.199828270100901,24.6515413216933,8718,193,16.6891191709845,5.0042969370403
"result_final_convex_10",17.67,6489.1790603452,0.197689451999988,25.7208638998122,5578,235,7.51914893617021,5.05843882859294
"result_final_convex_10",12.37,3953.51640149402,0.195241881293681,24.256521859863,4290,201,6.15422885572139,5.12185189660106
"result_final_convex_10",25.92,19331.4452067371,0.199398123576012,25.0067355460187,7514,236,10.9830508474576,5.0150923291853
"result_final_convex_10",26.73,30503.572871219,0.199481470268639,24.8678195035212,7556,224,11.9330357142857,5.01299693978249
"result_final_convex_10",14,2981.4063054948,0.196149680003577,25.1112324609406,5022,227,6.16740088105727,5.09814749624758
"result_final_convex_10",30.37,49043.8735834838,0.199746077792677,25.2166154677864,8436,210,14.4619047619048,5.00635612498951
"result_final_convex_10",11.77,1666.75200884194,0.194867711598084,25.2952319261213,4014,192,6.13020833333333,5.13168647488665
"result_final_convex_10",36.28,159427.348516808,0.199933585016476,24.7633368663974,9108,165,21.9878787878788,5.00166092614001
"result_final_convex_10",26.97,17324.4081580428,0.199504196853873,24.7184423100898,7712,213,12.6619718309859,5.01242588261164
"result_final_convex_10",40.4,296344.520793792,0.199978151274708,23.9456890281688,9244,120,33.6666666666667,5.00054627780967
"result_final_convex_10",8.18,1188.53055111278,0.192118299545178,25.8251434866633,3062,165,4.95757575757576,5.20512622882571
"result_final_convex_10",29.17,27701.9954734167,0.199675993902231,24.3359447217425,8046,206,14.1601941747573,5.00811329623148
"result_final_convex_10",2.93,324.010478818199,0.186229984848084,25.3791967945068,1180,72,4.06944444444444,5.36970456618865
"result_final_convex_10",4.6,399.670522480113,0.18837018867257,24.510285839422,1804,105,4.38095238095238,5.30869564365212
"result_final_convex_10",24.96,23898.3718440197,0.199284904014101,25.2811785399478,7374,231,10.8051948051948,5.01794154929689
"result_final_convex_10",14.16,2840.05399884282,0.196230695511341,25.2429258405646,4788,225,6.29333333333333,5.09604268279325
"result_final_convex_10",23.45,10249.4499073008,0.199070634439002,24.8225332478769,7134,220,10.6590909090909,5.02334260810533
"result_final_convex_10",33.04,58917.1895323827,0.199857098469367,24.7026927640054,8740,185,17.8594594594595,5.00357509269692
"result_final_convex_10",43.53,297382.768099348,0.199991928582395,22.8309140029581,9654,102,42.6764705882353,5.00020179358393
"result_final_convex_10",9.41,1344.1291442169,0.193164799064021,26.1946556513351,3278,182,5.17032967032967,5.17692667010498
"result_final_convex_10",2.07,138.371727723865,0.185023701833739,24.6568518782877,800,49,4.22448979591837,5.40471296428061
"result_final_convex_10",35.25,110273.219934559,0.199914502565829,23.4566120908063,8624,158,22.3101265822785,5.00213834997145
"result_final_convex_10",25.12,12431.2261840816,0.199304934629257,24.2074184140618,7350,213,11.7934272300469,5.01743723435739
"result_final_convex_10",14.76,2816.22767515035,0.19652235717469,25.7655699586333,5260,255,5.78823529411765,5.08847957238317
"result_final_convex_10",21.43,6501.08349027263,0.198701742966935,24.8385251461438,6700,242,8.85537190082645,5.03266848628703
"result_final_convex_10",5.64,420.957552779767,0.189573013835474,25.7026756378011,2226,137,4.11678832116788,5.27501240692347
"result_final_convex_10",14.22,3931.10901423765,0.196260719924934,24.8764904511108,5000,236,6.02542372881356,5.09526307853391
"result_final_convex_10",38.84,182909.905320834,0.19996599820045,24.8193558041828,9326,139,27.9424460431655,5.00085018952862
"result_final_convex_10",3.15,292.646124508186,0.186527041526238,25.8508355539559,1316,88,3.57954545454545,5.36115295571947
"result_final_convex_10",35.7,124672.581862762,0.199923351187251,25.9421893923974,8658,168,21.25,5.00191695498034
"result_final_convex_10",1.81,138.190722329456,0.184644726666521,25.7906943680457,778,53,3.41509433962264,5.41580589954273
"result_final_convex_10",19.27,5601.9817111138,0.198179472132587,25.4646662256114,6134,230,8.37826086956522,5.04593129267685
"result_final_convex_10",4.1,335.076045192431,0.18775685764798,25.2447217285127,1662,100,4.1,5.32603715532389
"result_final_convex_10",9.66,1039.00935177665,0.193363644218595,25.1863897460395,3426,172,5.61627906976744,5.17160298690644
"result_final_convex_10",34.2,93071.8759439512,0.199890368060037,24.9924509545277,8850,176,19.4318181818182,5.00274230171836
"result_final_convex_10",27.2,17454.2980839541,0.199525176815578,24.8245359161409,7698,215,12.6511627906977,5.01189882880948
"result_final_convex_10",37.3,234805.506769614,0.199948750188395,23.8001446810061,9224,147,25.3741496598639,5.00128157369218
"result_final_convex_10",36.6,148465.84896257,0.199938710399867,23.2490708890277,9008,144,25.4166666666667,5.00153270969915
"result_final_convex_10",33.5,90175.6080897798,0.199871203934647,24.4058431492904,8760,178,18.8202247191011,5.00322197652332
"result_final_convex_10",25.04,11718.2147124714,0.199294979424846,24.322183915479,7598,232,10.7931034482759,5.01768786592589
"result_final_convex_10",21.9,13441.085925508,0.198796958174665,25.7548950058344,6858,244,8.97540983606557,5.03025805415689
"result_final_convex_10",17.58,3784.57344605822,0.197658951622871,25.2840085066157,5658,221,7.95475113122172,5.05921938667356
"result_final_convex_10",9.58,1664.97810863561,0.193300510130373,25.8524047673735,3552,190,5.04210526315789,5.17329208973914
"result_final_convex_10",2.01,222.143419858858,0.184936838912714,24.6974654796448,838,56,3.58928571428571,5.40725150207622
"result_final_convex_10",3.62,217.115665616357,0.187146147062651,26.741881222277,1492,101,3.58415841584158,5.34341751457608
"result_final_convex_10",38.27,166894.158708982,0.199960310103377,25.1204329165501,9280,142,26.9507042253521,5.00099244436565
"result_final_convex_10",11.78,1253.70343864017,0.194874133265796,24.9306227628927,4172,198,5.94949494949495,5.13151737093842
"result_final_convex_10",2.59,153.951977362517,0.185761701090363,23.7393843086014,944,56,4.625,5.38324097018015
"result_final_convex_10",29.59,32775.0241490022,0.199702197327984,25.337015597464,8068,207,14.2946859903382,5.00745616913586
"result_final_convex_10",36.37,195651.781588958,0.199935062470507,26.2765604422345,9136,157,23.1656050955414,5.00162396551887
"result_final_convex_10",7.86,1415.93982245081,0.191826858247146,24.2449503720695,2850,148,5.31081081081081,5.21303434324937
"result_final_convex_10",35.55,116364.86868058,0.199920493687511,24.2015100221252,8802,153,23.2352941176471,5.00198844828318
"result_final_convex_10",1.46,52.3226944776963,0.184123977658357,26.9997914788474,628,42,3.47619047619048,5.43112316341278
"result_final_convex_10",39.58,314095.941244253,0.199972332658536,25.4084192725588,9508,140,28.2714285714286,5.00069177923506
"result_final_convex_10",17.98,5028.6838854208,0.197792020898207,25.1960559786002,5894,249,7.22088353413655,5.05581567678429
"result_final_convex_10",37.61,200609.294848094,0.199952723013351,25.2062563137331,9268,141,26.6737588652482,5.00118220412147
"result_final_convex_10",13.99,3449.64271076313,0.196144570370028,25.4403035225702,4600,208,6.72596153846154,5.09828030474406
"result_final_convex_10",13.09,1863.49998202404,0.195661867658415,24.5093894032642,4638,226,5.79203539823009,5.11085788951883
"result_final_convex_10",39.54,336912.313993839,0.199972018086729,24.7045462330235,9392,132,29.9545454545455,5.0006996457189
"result_final_convex_10",10.78,1344.77125083155,0.194199741901855,25.7022409394854,3928,199,5.41708542713568,5.14933743066137
"result_final_convex_10",34.96,119174.422816191,0.199908345742957,24.8024330983445,8762,156,22.4102564102564,5.00229240697036
"result_final_convex_10",28.5,21318.3724466514,0.199630120718166,25.1028225905933,7968,229,12.4454148471616,5.00926411506699
"result_final_convex_10",12.53,2013.83848342828,0.195337900002675,25.1120853142053,4386,205,6.11219512195122,5.11933424075054
"result_final_convex_10",3.34,405.266560321116,0.186779853566968,24.2798515676621,1340,85,3.92941176470588,5.35389647707085
"result_final_convex_10",35.92,297520.246316313,0.199927382131645,25.5941955901849,8880,137,26.2189781021898,5.00181610611765
"result_final_convex_10",42.4,672234.91425054,0.199988198837417,23.9279416813486,9784,96,44.1666666666667,5.00029504647403
"result_final_convex_10",21.7,17146.0951995935,0.198757180659002,24.9054826809102,6442,220,9.86363636363636,5.03126476580311
"result_final_convex_10",2.79,189.792541034899,0.186038518825171,24.7449371633913,1082,68,4.10294117647059,5.37523092698747
"result_final_convex_10",13.47,4508.03909210593,0.195871256425244,25.1751063294733,4468,204,6.60294117647059,5.10539431997598
"result_final_convex_10",36.54,252446.338240167,0.199937776197874,25.4104494680193,9396,134,27.2686567164179,5.00155607917896
"result_final_convex_10",25.11,16654.2399325401,0.199303696763271,24.8527588271431,7360,231,10.8701298701299,5.01746839742657
"result_final_convex_10",24.06,11167.824773113,0.199162915898555,25.5614188752632,7208,238,10.109243697479,5.02101505939668
"result_final_convex_10",28.99,48648.8538163673,0.199664175278551,25.4247579979073,8016,180,16.1055555555556,5.00840973902756
"result_final_convex_10",21.22,7110.17204454777,0.198657211063543,25.0013375106332,6560,256,8.2890625,5.03379663212999
"result_final_convex_10",3.91,321.644619499455,0.187517703918896,24.5067704294162,1496,93,4.20430107526882,5.33282980273966
"result_final_convex_10",16.99,5556.30495257989,0.197450716001191,25.8204213116824,5566,229,7.41921397379913,5.06455494440429
"result_final_convex_10",31.67,30856.2705491363,0.199806944957197,24.0854535652673,8498,187,16.9358288770053,5.00483103935262
"result_final_convex_10",28.21,15473.3768067044,0.199608611424787,24.6647474349312,7970,235,12.0042553191489,5.00980390005269
"result_final_convex_10",4.8,406.216692658359,0.188609084618558,25.1253887763001,1802,108,4.44444444444444,5.30197154618716
"result_final_convex_10",34.44,82880.6817424082,0.19989634685421,24.3875479581405,8734,175,19.68,5.00259267233797
"result_final_convex_10",26.89,19102.349028043,0.199496717272765,23.9776967688248,7672,215,12.506976744186,5.01261380974372
"result_final_convex_10",8.91,2165.35048888103,0.192753249928275,25.8089499195638,3034,149,5.97986577181208,5.18797997113983
"result_final_convex_10",37.95,295741.116914705,0.199956773493577,25.3914059969235,9206,153,24.8039215686275,5.00108089627742
"result_final_convex_10",8.62,846.155840530198,0.192505921917538,25.7236672420523,3078,170,5.07058823529412,5.1946453908486
"result_final_convex_10",2.04,221.873433094173,0.184980314763974,22.1649818857484,788,51,4,5.40598063786383
"result_final_convex_10",11.68,1897.45434835409,0.194809629287765,23.9469238836931,3998,198,5.8989898989899,5.13321648245036
"result_final_convex_10",44.78,1559765.22212427,0.199994894019965,26.1896865038818,10050,94,47.6382978723404,5.00012765275984
"result_final_convex_10",5.17,496.282387144997,0.189041467127109,25.4778569788988,2054,127,4.07086614173228,5.28984468432851
"result_final_convex_10",14.6,4557.02387454606,0.196446427641102,23.9231861695673,4688,206,7.0873786407767,5.09044634716876
"result_final_convex_10",29.14,57706.1609976575,0.199674049170602,25.0646000432208,8302,210,13.8761904761905,5.00816207290712
"result_final_convex_10",5.03,425.78444934742,0.188879317240783,25.376772953817,1800,105,4.79047619047619,5.29438593175981
"result_final_convex_10",22.37,6558.11556761091,0.198886262768071,25.0308993882978,6986,244,9.16803278688525,5.02799935039324
"result_final_convex_10",28.55,30592.3403816018,0.199633725383594,24.7195850436543,8082,203,14.064039408867,5.00917366581479
"result_final_convex_10",6.9,681.009457171619,0.190902970633824,24.8532764977461,2560,152,4.53947368421053,5.2382631693989
"result_final_convex_10",42.01,359610.043159882,0.199986624943153,24.4127614948724,9600,119,35.3025210084034,5.00033439878419
"result_final_convex_10",29.74,27229.6949194863,0.199711105779049,25.0915085547763,8102,190,15.6526315789474,5.00723280309886
"result_final_convex_10",3.71,376.837692550127,0.187262306005439,24.7930945315247,1404,85,4.36470588235294,5.34010298885754
"result_final_convex_10",6.2,859.611635536993,0.190180956298907,25.6033379251599,2222,123,5.04065040650407,5.25815002438153
"result_final_convex_10",19.46,11665.6950059774,0.1982314635367,25.4580140677464,6532,261,7.45593869731801,5.04460786475939
"result_final_convex_10",20.54,6968.34589046527,0.198504177986706,24.783574021833,6464,230,8.9304347826087,5.03767734333013
"result_final_convex_10",41.5,886845.204880419,0.199984308080688,26.2712888030053,9612,123,33.739837398374,5.00039232876476
"result_final_convex_10",20.01,5837.84650072641,0.19837507894555,24.5654147983333,6218,221,9.05429864253394,5.04095577587384
"result_final_convex_10",15.45,2759.30154739696,0.196834919633103,25.3705388013885,5190,234,6.6025641025641,5.08039936137339
"result_final_convex_10",44.62,650541.604982469,0.199994570999602,24.9346731256114,9322,99,45.0707070707071,5.00013572869431
"result_final_convex_10",13.9,2696.24377647513,0.196098337685579,25.0182722902757,4644,211,6.58767772511848,5.09948228935721
"result_final_convex_10",23.62,9773.58826102,0.199097172522467,24.5586727409313,6976,228,10.359649122807,5.02267303613845
"result_final_convex_10",9.44,902.689735276408,0.193188901999311,24.8671100974194,3498,183,5.15846994535519,5.17628077830043
"result_final_convex_10",23.92,15642.5757642556,0.199142449979416,25.2693965245407,7016,220,10.8727272727273,5.02153107036377
"result_final_convex_10",40.9,254641.134503773,0.199981162502994,23.6265327226077,9454,118,34.6610169491525,5.00047098178574
"result_final_convex_10",25.77,12512.888844412,0.199381506196508,24.820262373861,7424,236,10.9194915254237,5.01551031024117
"result_final_convex_10",20.49,7380.64554618988,0.198492375468698,25.060883102798,6360,223,9.18834080717489,5.0379768877203
"result_final_convex_10",10.87,2708.36965552293,0.194263154401714,24.9042027043171,3768,192,5.66145833333333,5.14765655422291
"result_final_convex_10",22.2,8304.24010429377,0.198854624943127,25.2996889906986,6810,241,9.21161825726141,5.02879930645819
"result_final_convex_10",5.11,427.999705450158,0.188972190284172,25.1256517569147,2096,136,3.75735294117647,5.29178393125583
"result_final_convex_10",26.62,13811.4660824423,0.199470761986713,24.8918835716082,7778,235,11.3276595744681,5.0132660548347
"result_final_convex_10",10.57,1433.25064458053,0.194049636022668,26.2660053094222,3862,224,4.71875,5.15332066834274
"result_final_convex_10",36.98,343574.102406023,0.199944351685029,24.9332026921014,9252,139,26.6043165467626,5.00139159507388
"result_final_convex_10",33.41,44991.5983366294,0.199868542604631,24.2106795010722,8870,184,18.1576086956522,5.00328859643583
"result_final_convex_10",31.63,30356.8613979708,0.199805278717207,24.9821749918369,8518,211,14.9905213270142,5.00487277623602
"result_final_convex_10",5.43,572.103521579381,0.189337942091735,25.2875207474608,2048,123,4.41463414634146,5.28156157689459
"result_final_convex_10",41.27,331780.462074798,0.199983158876187,25.9773755157891,9648,145,28.4620689655172,5.00042106355124
"result_final_convex_10",38.2,103853.482658615,0.199959558450018,25.7438787752349,9480,165,23.1515151515152,5.00101124323077
"result_final_convex_10",33.22,63867.8779644686,0.199862768514328,25.3898362690729,8844,207,16.048309178744,5.00343314281825
"result_final_convex_10",25.43,19820.7245683935,0.199342396744859,24.8581022571737,7548,223,11.4035874439462,5.01649431495455
"result_final_convex_10",32.08,100712.856280955,0.199823330681669,24.5202914158849,8454,180,17.8222222222222,5.00442063791371
"result_final_convex_10",21.35,6704.37767064354,0.198684926064798,25.2291836306827,6624,242,8.82231404958678,5.03309445666686
"result_final_convex_10",29.37,35199.5305110789,0.199688707293286,23.6518119622507,8306,209,14.0526315789474,5.00779444944417
"result_final_convex_10",8.02,639.173249140274,0.191973592702486,24.7039053771323,3124,185,4.33513513513514,5.20904977566245
"result_final_convex_10",31.74,86724.9115844148,0.199809831442615,24.5384014780534,8634,179,17.731843575419,5.00475873874704
"result_final_convex_10",32.33,50812.6702239639,0.199832723814432,25.8381816961087,8462,185,17.4756756756757,5.00418540523231
"result_final_convex_10",25.74,14750.1202970319,0.199378136527752,24.6450181082739,7432,223,11.542600896861,5.0155950768494
"result_final_convex_10",27.84,33971.8521794005,0.199579628531501,25.6481130308733,7720,201,13.8507462686567,5.01053142225968
"result_final_convex_10",34.06,140970.570051109,0.199886745213718,23.9140447954006,8644,172,19.8023255813953,5.00283297389632
"result_final_convex_10",2.33,153.734625376493,0.185396013211303,24.8895101602565,924,62,3.75806451612903,5.39385924583104
"result_final_convex_10",34.64,175337.903729622,0.199901112665034,24.4819263201092,8868,169,20.4970414201183,5.00247340631694
"result_final_convex_10",40.92,406065.879976818,0.199981275270592,24.8352091841828,9398,120,34.1,5.00046816206624
"result_final_convex_10",38.99,375376.833459344,0.199967373500087,23.2910285182275,8992,131,29.763358778626,5.0008157955806
"result_final_convex_10",29.86,41625.2894462541,0.199718067514804,24.5382203938458,8430,222,13.4504504504505,5.00705826189649
"result_final_convex_10",7.82,986.572171205262,0.191789855916543,25.4673200761317,2910,160,4.8875,5.21404010249191
"result_final_convex_10",34.84,64990.3546021764,0.199905688630997,25.1794348881508,8608,169,20.6153846153846,5.0023588965789
"result_final_convex_10",2.9,360.607320688039,0.186189115876998,25.1239803713295,1128,78,3.71794871794872,5.37088322961171
"result_final_convex_10",22.12,7083.57019158432,0.198839478271957,24.7711822173604,6490,233,9.49356223175966,5.02918237711466
"result_final_convex_10",10.95,1555.40742781013,0.194319061972994,25.2013660736587,4070,218,5.02293577981651,5.14617552105607
"result_final_convex_10",13.64,2266.94432048579,0.195962267215068,25.2217039767619,4692,210,6.4952380952381,5.10302322080456
"result_final_convex_10",39.86,256456.886122662,0.199974451617687,24.6384554238931,9414,130,30.6615384615385,5.00063879115823
"result_final_convex_10",12.25,3109.45552986075,0.19516883955703,25.0302297177424,4126,203,6.03448275862069,5.12376874438397
"result_final_convex_10",26.98,19051.0690210087,0.199505125126897,24.1940340446424,7890,220,12.2636363636364,5.01240256040511
"result_final_convex_10",1.46,154.260674221855,0.184123977658357,24.565570625851,504,27,5.40740740740741,5.43112316341278
"result_final_convex_10",11.49,1758.41270379374,0.194685302052024,25.8494041387234,4112,221,5.19909502262443,5.13649458618493
"result_final_convex_10",3.13,370.131273257589,0.186500228631555,25.2727222356264,1164,75,4.17333333333333,5.36192372168923
"result_final_convex_10",7.19,1474.87428861228,0.191190023665856,24.7029372903116,2486,137,5.24817518248175,5.23039843202126
"result_final_convex_10",20.41,5024.82481774422,0.198473330396249,25.1572166676817,6490,239,8.53974895397489,5.03846032110972
"result_final_linear_50",3.68,551.241918343916,0.1350532809871,26.2115393618511,1388,81,4.54320987654321,7.40448504983391
"result_final_linear_50",16.55,9177.57799827264,0.142771599657827,24.3540707199368,5588,236,7.01271186440678,7.0041941282205
"result_final_linear_50",10.21,2035.95413979192,0.138586201574317,25.1209751047959,3564,179,5.70391061452514,7.21572558191335
"result_final_linear_50",18.95,8229.2559634787,0.144603033006244,24.6487822457833,6096,246,7.70325203252033,6.91548426896979
"result_final_linear_50",25.94,17162.4922029958,0.150958010599266,25.2603646417481,7516,217,11.9539170506912,6.62435862813936
"result_final_linear_50",19.32,6739.33602264947,0.144899425287356,25.0874911769656,6102,249,7.75903614457831,6.90133862171543
"result_final_linear_50",29.37,37616.5904142918,0.154788516326978,24.1852782475291,8110,201,14.6119402985075,6.46042758034829
"result_final_linear_50",8.18,1184.07719330993,0.137413947919784,25.4732128572436,3036,169,4.84023668639053,7.27728163798739
"result_final_linear_50",12.27,2066.36577033352,0.139853339709868,25.0622599259696,4432,216,5.68055555555556,7.15034765758576
"result_final_linear_50",24.58,17736.1156147292,0.149583498611662,24.4459418206822,7102,221,11.1221719457014,6.68522938212676
"result_final_linear_50",41.33,415069.803262306,0.174250074250074,25.490101283755,9530,131,31.5496183206107,5.73887847281405
"result_final_linear_50",10.19,1821.65221015209,0.138574294090418,24.917199871124,3670,204,4.99509803921569,7.21634561852801
"result_final_linear_50",12.68,2465.66678744861,0.140115532734275,24.4758664575216,4064,190,6.67368421052632,7.13696747595051
"result_final_linear_50",10.38,1905.05303325908,0.13868771278242,25.3709974293383,3790,208,4.99038461538461,7.21044409729973
"result_final_linear_50",7.01,2085.46394018503,0.136770113251949,25.6842428873626,2464,132,5.31060606060606,7.31153887514786
"result_final_linear_50",0.74,58.6505343538173,0.133665499596014,22.748750330235,316,25,2.96,7.48136207938747
"result_final_linear_50",33.83,154484.040605323,0.160723828030119,25.1200786600957,8750,173,19.5549132947977,6.22185280338522
"result_final_linear_50",18.98,5521.06551065224,0.144626918957515,25.0790078805072,6170,252,7.53174603174603,6.91434213774378
"result_final_linear_50",37.76,395985.213043753,0.167132116004296,25.4801959693378,9392,148,25.5135135135135,5.98329048843189
"result_final_linear_50",9.27,2178.49360386764,0.138034383082306,24.1689427061347,3330,164,5.65243902439024,7.24457180645874
"result_final_linear_50",42.75,982487.005155471,0.177519379844961,27.0788637767366,9372,111,38.5135135135135,5.63318777292577
"result_final_linear_50",21.64,7298.88339056618,0.146851574212894,24.5675629618925,6872,259,8.35521235521236,6.80959673302703
"result_final_linear_50",10.8,2044.05283232544,0.138940809968847,25.5197175860655,3760,183,5.9016393442623,7.19730941704038
"result_final_linear_50",33.84,53988.0555775008,0.160738581146744,24.1413929710015,8956,183,18.4918032786885,6.22128174123339
"result_final_linear_50",12.22,2815.94961176826,0.139821599235425,25.1318081071521,4240,214,5.71028037383178,7.15197083618138
"result_final_linear_50",27.23,24430.8819290133,0.152334100900147,24.9658042814976,7600,208,13.0913461538462,6.56451834547201
"result_final_linear_50",21.87,10449.8985530502,0.147054394880482,24.5767014241147,6658,234,9.34615384615385,6.80020478689363
"result_final_linear_50",27.36,15092.2755329855,0.15247691015953,24.649519636728,7854,234,11.6923076923077,6.55837004405286
"result_final_linear_50",20.69,11595.3611281371,0.146032038298656,25.8153953053778,6404,219,9.44748858447489,6.84781238179296
"result_final_linear_50",1.09,179.776764306523,0.133824922202679,25.4937293671851,416,30,3.63333333333333,7.47244970174906
"result_final_linear_50",29.6,30772.837190763,0.155066079295154,24.8854230453791,8516,201,14.726368159204,6.44886363636364
"result_final_linear_50",26.09,29117.1826272988,0.151114291555919,25.5902204578615,7578,214,12.1915887850467,6.61750777973211
"result_final_linear_50",13.3,3447.32877902471,0.140518638573744,24.0740542157254,4610,222,5.99099099099099,7.11649365628604
"result_final_linear_50",4.05,551.378693360932,0.13523608174771,26.1477638754723,1536,90,4.5,7.39447628973422
"result_final_linear_50",13.53,3867.54571103724,0.140670245648284,25.7458949586309,4622,214,6.32242990654206,7.10882386955012
"result_final_linear_50",8.85,1691.58828053562,0.137792894935752,26.1202830305844,3170,169,5.23668639053254,7.25726823916621
"result_final_linear_50",19.81,8504.44596984703,0.145298061242979,24.4583880237135,6110,230,8.61304347826087,6.88240428981169
"result_final_linear_50",1.67,165.763943228886,0.134092458748125,26.442116926958,624,42,3.97619047619048,7.45754093359096
"result_final_linear_50",28.09,32434.2930962981,0.153293540822852,24.0495503744523,8110,219,12.8264840182648,6.52343206786262
"result_final_linear_50",2.4,503.74294265472,0.134435261707989,25.2749585634788,956,62,3.87096774193548,7.43852459016393
"result_final_linear_50",39.01,365647.343934623,0.169463739927758,24.573834436969,9186,139,28.0647482014388,5.90096737170027
"result_final_linear_50",31.82,52843.825158988,0.157897174617879,24.9644246468537,8586,204,15.5980392156863,6.33323555294806
"result_final_linear_50",6.21,820.106745645137,0.136342491641227,24.9973742748898,2322,138,4.5,7.33447062586629
"result_final_linear_50",11.68,2355.45163787464,0.139481996209728,24.5747201523794,4280,217,5.38248847926267,7.16938405797103
"result_final_linear_50",32.1,100970.638551884,0.158275058275058,25.1072916738177,8670,184,17.445652173913,6.31811487481592
"result_final_linear_50",36.58,224725.972561669,0.16507027589797,23.3969852790616,9114,139,26.3165467625899,6.05802585935036
"result_final_linear_50",37.16,186056.171272508,0.166067653276956,25.4526073192147,9298,153,24.2875816993464,6.02164226607255
"result_final_linear_50",32.21,71330.8061542987,0.158424865622809,24.6515413216933,8718,193,16.6891191709845,6.31214043369229
"result_final_linear_50",17.67,8512.73581271465,0.143607186464329,25.7208638998122,5578,235,7.51914893617021,6.96343981537716
"result_final_linear_50",12.37,5338.74391120197,0.139916972696791,24.256521859863,4290,201,6.15422885572139,7.14709574346683
"result_final_linear_50",25.92,24002.6184630163,0.150937245313773,25.0067355460187,7514,236,10.9830508474576,6.62526997840175
"result_final_linear_50",26.73,36593.3688543827,0.151792003314688,24.8678195035212,7556,224,11.9330357142857,6.58796233110414
"result_final_linear_50",14,3923.96335764437,0.140983606557377,25.1112324609406,5022,227,6.16740088105727,7.09302325581396
"result_final_linear_50",30.37,56284.9438890833,0.156016132646202,25.2166154677864,8436,210,14.4619047619048,6.40959356599167
"result_final_linear_50",11.77,2227.37178744292,0.139538193895303,25.2952319261213,4014,192,6.13020833333333,7.16649665646605
"result_final_linear_50",36.28,171098.069036725,0.164566115702479,24.7633368663974,9108,165,21.9878787878788,6.07658505963592
"result_final_linear_50",26.97,21783.8486170124,0.152050801582344,24.7184423100898,7712,213,12.6619718309859,6.57674928111737
"result_final_linear_50",40.4,321280.627271908,0.172254335260116,23.9456890281688,9244,120,33.6666666666667,5.80536912751677
"result_final_linear_50",8.18,1490.54395617648,0.137413947919784,25.8251434866633,3062,165,4.95757575757576,7.27728163798739
"result_final_linear_50",29.17,33842.1491932322,0.154549421776129,24.3359447217425,8046,206,14.1601941747573,6.47042213751236
"result_final_linear_50",2.93,383.786381187374,0.134688497294297,25.3791967945068,1180,72,4.06944444444444,7.42453899247967
"result_final_linear_50",4.6,534.823711075766,0.135511363636364,24.510285839422,1804,105,4.38095238095238,7.37945492662472
"result_final_linear_50",24.96,31452.7525037452,0.14996003197442,25.2811785399478,7374,231,10.8051948051948,6.66844349680173
"result_final_linear_50",14.16,3794.11059447667,0.141091387245233,25.2429258405646,4788,225,6.29333333333333,7.08760484622556
"result_final_linear_50",23.45,13931.4428694869,0.148496605237633,24.8225332478769,7134,220,10.6590909090909,6.73416067929459
"result_final_linear_50",33.04,68774.7888690945,0.159580552907531,24.7026927640054,8740,185,17.8594594594595,6.26642771804062
"result_final_linear_50",43.53,315671.994578734,0.179440737210041,22.8309140029581,9654,102,42.6764705882353,5.57287055073491
"result_final_linear_50",9.41,1740.97022253592,0.138115566397317,26.1946556513351,3278,182,5.17032967032967,7.24031350038634
"result_final_linear_50",2.07,201.872386777318,0.134279446044152,24.6568518782877,800,49,4.22448979591837,7.44715613193097
"result_final_linear_50",35.25,120527.710004505,0.162893081761006,23.4566120908063,8624,158,22.3101265822785,6.13899613899615
"result_final_linear_50",25.12,15197.4257147507,0.150120288692863,24.2074184140618,7350,213,11.7934272300469,6.66132478632478
"result_final_linear_50",14.76,3967.12033718091,0.141500664010624,25.7655699586333,5260,255,5.78823529411765,7.06710464570625
"result_final_linear_50",21.43,8897.30165898209,0.146667911144297,24.8385251461438,6700,242,8.85537190082645,6.8181239658903
"result_final_linear_50",5.64,561.868429800363,0.136043829296424,25.7026756378011,2226,137,4.11678832116788,7.35057227638832
"result_final_linear_50",14.22,5005.07527885154,0.14113195129977,24.8764904511108,5000,236,6.02542372881356,7.08556773140591
"result_final_linear_50",38.84,200738.472094796,0.169137168141593,24.8193558041828,9326,139,27.9424460431655,5.91236102027469
"result_final_linear_50",3.15,392.036168007928,0.134794711203897,25.8508355539559,1316,88,3.57954545454545,7.41868869385648
"result_final_linear_50",35.7,139705.288335327,0.163613231552163,25.9421893923974,8658,168,21.25,6.11197511664074
"result_final_linear_50",1.81,184.742515962765,0.134157671813089,25.7906943680457,778,53,3.41509433962264,7.4539158773806
"result_final_linear_50",19.27,7367.73205323314,0.144859142293199,25.4646662256114,6134,230,8.37826086956522,6.90325777282301
"result_final_linear_50",4.1,506.882012476993,0.135260930888575,25.2447217285127,1662,100,4.1,7.39311783107406
"result_final_linear_50",9.66,1465.24673653151,0.138261401897766,25.1863897460395,3426,172,5.61627906976744,7.23267655523575
"result_final_linear_50",34.2,103770.814261543,0.161274509803922,24.9924509545277,8850,176,19.4318181818182,6.20060790273555
"result_final_linear_50",27.2,22129.044650997,0.152301255230126,24.8245359161409,7698,215,12.6511627906977,6.56593406593405
"result_final_linear_50",37.3,246604.25443638,0.16631299734748,23.8001446810061,9224,147,25.3741496598639,6.01275917065391
"result_final_linear_50",36.6,156304.634811167,0.165104166666667,23.2490708890277,9008,144,25.4166666666667,6.05678233438485
"result_final_linear_50",33.5,103405.129550216,0.160240963855422,24.4058431492904,8760,178,18.8202247191011,6.24060150375939
"result_final_linear_50",25.04,14479.3998302937,0.15004003202562,24.322183915479,7598,232,10.7931034482759,6.66488794023481
"result_final_linear_50",21.9,17425.5558806108,0.147080979284369,25.7548950058344,6858,244,8.97540983606557,6.79897567221511
"result_final_linear_50",17.58,5358.52501206527,0.143538836642285,25.2840085066157,5658,221,7.95475113122172,6.9667556418345
"result_final_linear_50",9.58,2157.84556291651,0.138214613268114,25.8524047673735,3552,190,5.04210526315789,7.23512497235124
"result_final_linear_50",2.01,312.485507096288,0.13425126729689,24.6974654796448,838,56,3.58928571428571,7.44871925706705
"result_final_linear_50",3.62,316.138078281435,0.135023816195013,26.741881222277,1492,101,3.58415841584158,7.4061008507989
"result_final_linear_50",38.27,184388.892399576,0.168064252654506,25.1204329165501,9280,142,26.9507042253521,5.95010529726227
"result_final_linear_50",11.78,1839.45554234899,0.139544447959506,24.9306227628927,4172,198,5.94949494949495,7.1661754704149
"result_final_linear_50",2.59,237.749879024853,0.134525618008562,23.7393843086014,944,56,4.625,7.43352838517608
"result_final_linear_50",29.59,40290.149178165,0.155053952873816,25.337015597464,8068,207,14.2946859903382,6.44936798750179
"result_final_linear_50",36.37,211120.433532179,0.16471654154802,26.2765604422345,9136,157,23.1656050955414,6.07103567499606
"result_final_linear_50",7.86,1981.30701727837,0.137235627047959,24.2449503720695,2850,148,5.31081081081081,7.28673757325811
"result_final_linear_50",35.55,127047.586425886,0.163371356147022,24.2015100221252,8802,153,23.2352941176471,6.12102404965087
"result_final_linear_50",1.46,80.8442236737412,0.133995104704922,26.9997914788474,628,42,3.47619047619048,7.46295920438403
"result_final_linear_50",39.58,330470.793998061,0.170581592320723,25.4084192725588,9508,140,28.2714285714286,5.86229725256537
"result_final_linear_50",17.98,6880.25949402289,0.143844265170116,25.1960559786002,5894,249,7.22088353413655,6.95196293586929
"result_final_linear_50",37.61,214293.267836722,0.166862797539449,25.2062563137331,9268,141,26.6737588652482,5.99294758775445
"result_final_linear_50",13.99,4782.8989296001,0.140976889034584,25.4403035225702,4600,208,6.72596153846154,7.09336123706548
"result_final_linear_50",13.09,2503.93268198202,0.140381198513972,24.5093894032642,4638,226,5.79203539823009,7.12346105166263
"result_final_linear_50",39.54,380728.507880085,0.170501974055274,24.7045462330235,9392,132,29.9545454545455,5.86503473370822
"result_final_linear_50",10.78,1972.53656771909,0.138928682653379,25.7022409394854,3928,199,5.41708542713568,7.19793768213405
"result_final_linear_50",34.96,130824.689756859,0.162437562437562,24.8024330983445,8762,156,22.4102564102564,6.15621156211564
"result_final_linear_50",28.5,26465.9520506778,0.153763440860215,25.1028225905933,7968,229,12.4454148471616,6.50349650349651
"result_final_linear_50",12.53,2789.52889636848,0.140019209220426,25.1120853142053,4386,205,6.11219512195122,7.14187721504515
"result_final_linear_50",3.34,504.865503406097,0.134886966229417,24.2798515676621,1340,85,3.92941176470588,7.41361473205047
"result_final_linear_50",35.92,316394.034717887,0.163971340839304,25.5941955901849,8880,137,26.2189781021898,6.09862671660424
"result_final_linear_50",42.4,692085.695686899,0.176687116564417,23.9279416813486,9784,96,44.1666666666667,5.65972222222223
"result_final_linear_50",21.7,20165.2954215493,0.146904315196998,24.9054826809102,6442,220,9.86363636363636,6.80715197956578
"result_final_linear_50",2.79,285.560568629884,0.13462124359507,24.7449371633913,1082,68,4.10294117647059,7.42824812262113
"result_final_linear_50",13.47,5441.32730527266,0.140630586705672,25.1751063294733,4468,204,6.60294117647059,7.11082861435341
"result_final_linear_50",36.54,269632.289108797,0.165002600104004,25.4104494680193,9396,134,27.2686567164179,6.06051055783171
"result_final_linear_50",25.11,19778.846456565,0.150110242533574,24.8527588271431,7360,231,10.8701298701299,6.66177059687541
"result_final_linear_50",24.06,14602.2673110433,0.149077345897134,25.5614188752632,7208,238,10.109243697479,6.70792731103502
"result_final_linear_50",28.99,58972.3057847268,0.15433601391002,25.4247579979073,8016,180,16.1055555555556,6.47936910294323
"result_final_linear_50",21.22,9891.77276676915,0.146485682409818,25.0013375106332,6560,256,8.2890625,6.82660573749682
"result_final_linear_50",3.91,494.913137262201,0.135166690111127,24.5067704294162,1496,93,4.20430107526882,7.39827245290872
"result_final_linear_50",16.99,7177.68195190588,0.143096017927943,25.8204213116824,5566,229,7.41921397379913,6.98831466088425
"result_final_linear_50",31.67,35599.218252318,0.157696745903531,24.0854535652673,8498,187,16.9358288770053,6.34128494072882
"result_final_linear_50",28.21,19908.0184018897,0.153430220132507,24.6647474349312,7970,235,12.0042553191489,6.5176208385569
"result_final_linear_50",4.8,596.353348933045,0.135612535612536,25.1253887763001,1802,108,4.44444444444444,7.37394957983191
"result_final_linear_50",34.44,93442.761480596,0.16163708086785,24.3875479581405,8734,175,19.68,6.18669920683344
"result_final_linear_50",26.89,24952.17803433,0.151964248596965,23.9776967688248,7672,215,12.506976744186,6.58049514430312
"result_final_linear_50",8.91,3153.5877666514,0.137827205326071,25.8089499195638,3034,149,5.97986577181208,7.25546163135358
"result_final_linear_50",37.95,308030.929319333,0.167476383265857,25.3914059969235,9206,153,24.8039215686275,5.9709911361805
"result_final_linear_50",8.62,1179.07530562712,0.137661946369388,25.7236672420523,3078,170,5.07058823529412,7.26417159115782
"result_final_linear_50",2.04,320.880065243879,0.134265350877193,22.1649818857484,788,51,4,7.44793793385055
"result_final_linear_50",11.68,2679.08509991725,0.139481996209728,23.9469238836931,3998,198,5.8989898989899,7.16938405797103
"result_final_linear_50",44.78,1581724.24558358,0.182726671078756,26.1896865038818,10050,94,47.6382978723404,5.47265483520463
"result_final_linear_50",5.17,644.076797465965,0.135801231562366,25.4778569788988,2054,127,4.07086614173228,7.36370346936622
"result_final_linear_50",14.6,5603.61200263902,0.141390728476821,23.9231861695673,4688,206,7.0873786407767,7.07259953161593
"result_final_linear_50",29.14,65828.5784585125,0.15451373746184,25.0646000432208,8302,210,13.8761904761905,6.47191645498167
"result_final_linear_50",5.03,658.764871206699,0.135729598399314,25.376772953817,1800,105,4.79047619047619,7.36758976518901
"result_final_linear_50",22.37,8815.24320396936,0.147501425042751,25.0308993882978,6986,244,9.16803278688525,6.77959551719697
"result_final_linear_50",28.55,36728.8116706991,0.153821313240043,24.7195850436543,8082,203,14.064039408867,6.50104968509447
"result_final_linear_50",6.9,980.196468447863,0.136710719530103,24.8532764977461,2560,152,4.53947368421053,7.31471535982813
"result_final_linear_50",42.01,378307.896069781,0.175780539557442,24.4127614948724,9600,119,35.3025210084034,5.68891188135884
"result_final_linear_50",29.74,33759.9410309158,0.155236411842687,25.0915085547763,8102,190,15.6526315789474,6.44178764588669
"result_final_linear_50",3.71,530.48397913305,0.135068031982045,24.7930945315247,1404,85,4.36470588235294,7.40367639422579
"result_final_linear_50",6.2,1200.83969927829,0.136337209302326,25.6033379251599,2222,123,5.04065040650407,7.33475479744134
"result_final_linear_50",19.46,13942.3140345409,0.145012603528988,25.4580140677464,6532,261,7.45593869731801,6.89595232182767
"result_final_linear_50",20.54,8794.9884425216,0.145905251560779,24.783574021833,6464,230,8.9304347826087,6.85376289957209
"result_final_linear_50",41.5,909633.429211244,0.174626865671642,26.2712888030053,9612,123,33.739837398374,5.72649572649572
"result_final_linear_50",20.01,8282.22965817179,0.145462811420258,24.5654147983333,6218,221,9.05429864253394,6.87460932616578
"result_final_linear_50",15.45,3811.45072806816,0.141981528127624,25.3705388013885,5190,234,6.6025641025641,7.04316972205795
"result_final_linear_50",44.62,675163.664517089,0.182290980908492,24.9346731256114,9322,99,45.0707070707071,5.48573492235465
"result_final_linear_50",13.9,3837.91733065531,0.140916530278232,25.0182722902757,4644,211,6.58767772511848,7.09639953542395
"result_final_linear_50",23.62,13184.2329612524,0.148657065005839,24.5586727409313,6976,228,10.359649122807,6.72689185650693
"result_final_linear_50",9.44,1288.88930291915,0.138133007931666,24.8671100974194,3498,183,5.15846994535519,7.2393992932862
"result_final_linear_50",23.92,18332.6882478291,0.14894283476899,25.2693965245407,7016,220,10.8727272727273,6.71398527865404
"result_final_linear_50",40.9,270337.755827229,0.173313782991202,23.6265327226077,9454,118,34.6610169491525,5.7698815566836
"result_final_linear_50",25.77,16510.6092654254,0.150782043469429,24.820262373861,7424,236,10.9194915254237,6.63208945170417
"result_final_linear_50",20.49,9535.49806101011,0.145863144377179,25.060883102798,6360,223,9.18834080717489,6.85574141617404
"result_final_linear_50",10.87,3570.77893281488,0.13898331514112,24.9042027043171,3768,192,5.66145833333333,7.1951082688208
"result_final_linear_50",22.2,11339.7943236288,0.147348484848485,25.2996889906986,6810,241,9.21161825726141,6.78663239074549
"result_final_linear_50",5.11,630.745087841133,0.135770496494491,25.1256517569147,2096,136,3.75735294117647,7.36537042891771
"result_final_linear_50",26.62,17485.5071135344,0.151674245556015,24.8918835716082,7778,235,11.3276595744681,6.59307713273371
"result_final_linear_50",10.57,1943.76506713305,0.138801800403539,26.2660053094222,3862,224,4.71875,7.20451749972044
"result_final_linear_50",36.98,365772.531100837,0.165754865860074,24.9332026921014,9252,139,26.6043165467626,6.03300539511265
"result_final_linear_50",33.41,54010.6498441354,0.160110603510459,24.2106795010722,8870,184,18.1576086956522,6.24568253491516
"result_final_linear_50",31.63,36393.0211606369,0.157643532395665,24.9821749918369,8518,211,14.9905213270142,6.34342547901127
"result_final_linear_50",5.43,882.53153293649,0.135935029466724,25.2875207474608,2048,123,4.41463414634146,7.35645553558212
"result_final_linear_50",41.27,358169.026971802,0.174117995849392,25.9773755157891,9648,145,28.4620689655172,5.74323173846417
"result_final_linear_50",38.2,115751.663229212,0.167934782608696,25.7438787752349,9480,165,23.1515151515152,5.95469255663429
"result_final_linear_50",33.22,72666.6265865833,0.159837242699856,25.3898362690729,8844,207,16.048309178744,6.2563641808925
"result_final_linear_50",25.43,25436.7098218266,0.150433730078677,24.8581022571737,7548,223,11.4035874439462,6.64744535335924
"result_final_linear_50",32.08,107001.24425134,0.158247903075489,24.5202914158849,8454,180,17.8222222222222,6.31919905771497
"result_final_linear_50",21.35,9135.78811961414,0.146598322460391,25.2291836306827,6624,242,8.82231404958678,6.82136045772411
"result_final_linear_50",29.37,44210.2393198323,0.154788516326978,23.6518119622507,8306,209,14.0526315789474,6.46042758034829
"result_final_linear_50",8.02,946.371858789145,0.137324574499851,24.7039053771323,3124,185,4.33513513513514,7.28201782996302
"result_final_linear_50",31.74,94731.5294556014,0.157790106333796,24.5384014780534,8634,179,17.731843575419,6.33753296220333
"result_final_linear_50",32.33,59648.9073253331,0.158589172720881,25.8381816961087,8462,185,17.4756756756757,6.30560070932467
"result_final_linear_50",25.74,17877.7923934816,0.150751116524564,24.6450181082739,7432,223,11.542600896861,6.63345004039858
"result_final_linear_50",27.84,41268.6024563621,0.153011026293469,25.6481130308733,7720,201,13.8507462686567,6.53547671840355
"result_final_linear_50",34.06,152071.1421316,0.161064973131412,23.9140447954006,8644,172,19.8023255813953,6.20867455262359
"result_final_linear_50",2.33,203.242115583069,0.134402091647172,24.8895101602565,924,62,3.75806451612903,7.44036039725607
"result_final_linear_50",34.64,188778.158061685,0.161942517343905,24.4819263201092,8868,169,20.4970414201183,6.1750305997552
"result_final_linear_50",40.92,420282.042315773,0.173356807511737,24.8352091841828,9398,120,34.1,5.76844955991876
"result_final_linear_50",38.99,402152.202256115,0.169425159677867,23.2910285182275,8992,131,29.763358778626,5.90231109654156
"result_final_linear_50",29.86,48056.9637081994,0.155383252104564,24.5382203938458,8430,222,13.4504504504505,6.43570002851438
"result_final_linear_50",7.82,1504.30419587263,0.137213456385829,25.4673200761317,2910,160,4.8875,7.28791494901281
"result_final_linear_50",34.84,77149.6215455223,0.162250996015936,25.1794348881508,8608,169,20.6153846153846,6.1632903621854
"result_final_linear_50",2.9,443.811433855382,0.134674063800277,25.1239803713295,1128,78,3.71794871794872,7.42533470648818
"result_final_linear_50",22.12,9812.99264727216,0.147276853252648,24.7711822173604,6490,233,9.49356223175966,6.78993323061117
"result_final_linear_50",10.95,2004.77657120618,0.139032006245121,25.2013660736587,4070,218,5.02293577981651,7.19258843346435
"result_final_linear_50",13.64,3229.02298903975,0.140743155149935,25.2217039767619,4692,210,6.4952380952381,7.10514126910606
"result_final_linear_50",39.86,275090.760501025,0.171143995446784,24.6384554238931,9414,130,30.6615384615385,5.84303292317926
"result_final_linear_50",12.25,3720.25899464378,0.139840637450199,25.0302297177424,4126,203,6.03448275862069,7.15099715099716
"result_final_linear_50",26.98,24553.6301752537,0.152061640982924,24.1940340446424,7890,220,12.2636363636364,6.5762804711038
"result_final_linear_50",1.46,226.697704885397,0.133995104704922,24.565570625851,504,27,5.40740740740741,7.46295920438403
"result_final_linear_50",11.49,2565.0844049754,0.139363879703984,25.8494041387234,4112,221,5.19909502262443,7.17546039995479
"result_final_linear_50",3.13,530.595660470634,0.134785028523723,25.2727222356264,1164,75,4.17333333333333,7.41922163724581
"result_final_linear_50",7.19,1905.58267368212,0.136867718625571,24.7029372903116,2486,137,5.24817518248175,7.30632474948823
"result_final_linear_50",20.41,7071.64902229512,0.145795933321121,25.1572166676817,6490,239,8.53974895397489,6.85890187209449
"result_final_concave_50",3.68,557.145094162356,0.133398240333197,26.2115393618511,1388,81,4.54320987654321,7.49635075771793
"result_final_concave_50",16.55,9417.04310967015,0.135104634077197,24.3540707199368,5588,236,7.01271186440678,7.40167061500358
"result_final_concave_50",10.21,2110.71503897669,0.133910483552111,25.1209751047959,3564,179,5.70391061452514,7.46767522208858
"result_final_concave_50",18.95,8680.73085956328,0.135807998726497,24.6487822457833,6096,246,7.70325203252033,7.36333654407127
"result_final_concave_50",25.94,18587.2432408316,0.139018236183334,25.2603646417481,7516,217,11.9539170506912,7.19330087515442
"result_final_concave_50",19.32,7171.9203690304,0.135931587297848,25.0874911769656,6102,249,7.75903614457831,7.35664182166018
"result_final_concave_50",29.37,40299.6309825989,0.141488430797852,24.1852782475291,8110,201,14.6119402985075,7.06771567371981
"result_final_concave_50",8.18,1222.49731187697,0.133687004755539,25.4732128572436,3036,169,4.84023668639053,7.48015861248898
"result_final_concave_50",12.27,2173.82375250852,0.134208420626405,25.0622599259696,4432,216,5.68055555555556,7.45109729577768
"result_final_concave_50",24.58,19043.4427359054,0.138227326451958,24.4459418206822,7102,221,11.1221719457014,7.23445953610018
"result_final_concave_50",41.33,428828.347020691,0.159760221976911,25.490101283755,9530,131,31.5496183206107,6.25938038659287
"result_final_concave_50",10.19,1903.36552139084,0.133907957791507,24.917199871124,3670,204,4.99509803921569,7.46781607674868
"result_final_concave_50",12.68,2597.09949119844,0.134277159347528,24.4758664575216,4064,190,6.67368421052632,7.4472829545929
"result_final_concave_50",10.38,1977.71121059772,0.133932225535839,25.3709974293383,3790,208,4.99038461538461,7.46646295168454
"result_final_concave_50",7.01,2117.61783016613,0.133586382245315,25.6842428873626,2464,132,5.31060606060606,7.48579296176779
"result_final_concave_50",0.74,58.7790751017977,0.13333580358059,22.748750330235,316,25,2.96,7.4998610511661
"result_final_concave_50",33.83,158016.454636073,0.146059264855831,25.1200786600957,8750,173,19.5549132947977,6.84653589751433
"result_final_concave_50",18.98,5891.69137484775,0.135817859444092,25.0790078805072,6170,252,7.53174603174603,7.36280194735096
"result_final_concave_50",37.76,409178.154300364,0.151979450971333,25.4801959693378,9392,148,25.5135135135135,6.57983690300753
"result_final_concave_50",9.27,2246.81893405031,0.133798907590955,24.1689427061347,3330,164,5.65243902439024,7.47390257517769
"result_final_concave_50",42.75,1011892.60354533,0.16377320778876,27.0788637767366,9372,111,38.5135135135135,6.10600484353846
"result_final_concave_50",21.64,7870.35808473274,0.136811307870459,24.5675629618925,6872,259,8.35521235521236,7.30933733158124
"result_final_concave_50",10.8,2139.5477118776,0.133988063964219,25.5197175860655,3760,183,5.9016393442623,7.46335136439501
"result_final_concave_50",33.84,57847.0539303387,0.146071725672742,24.1413929710015,8956,183,18.4918032786885,6.84595184587873
"result_final_concave_50",12.22,2949.60745137249,0.13420026200766,25.1318081071521,4240,214,5.71028037383178,7.45155028045266
"result_final_concave_50",27.23,26445.4359784123,0.139861125155034,24.9658042814976,7600,208,13.0913461538462,7.14994962961663
"result_final_concave_50",21.87,11210.2392301852,0.136909132183319,24.5767014241147,6658,234,9.34615384615385,7.30411466388537
"result_final_concave_50",27.36,16322.3523454607,0.139951485893055,24.649519636728,7854,234,11.6923076923077,7.1453332104252
"result_final_concave_50",20.69,12379.7882251888,0.136428243987706,25.8153953053778,6404,219,9.44748858447489,7.32986052426295
"result_final_concave_50",1.09,180.229208847935,0.13333873101981,25.4937293671851,416,30,3.63333333333333,7.49969639242653
"result_final_concave_50",29.6,33079.5174086876,0.141682294287152,24.8854230453791,8516,201,14.726368159204,7.05804493801652
"result_final_concave_50",26.09,31271.0820723565,0.139111409326276,25.5902204578615,7578,214,12.1915887850467,7.18848299246664
"result_final_concave_50",13.3,3576.68984369228,0.134387483920911,24.0740542157254,4610,222,5.99099099099099,7.44116915373246
"result_final_concave_50",4.05,558.761893751764,0.133412564411479,26.1477638754723,1536,90,4.5,7.49554589862871
"result_final_concave_50",13.53,4043.8319849449,0.134430420099552,25.7458949586309,4622,214,6.32242990654206,7.43879249398651
"result_final_concave_50",8.85,1748.96347451772,0.13375363152651,26.1202830305844,3170,169,5.23668639053254,7.47643251691301
"result_final_concave_50",19.81,9152.37305498592,0.136102007187498,24.4583880237135,6110,230,8.61304347826087,7.34743021550279
"result_final_concave_50",1.67,167.064040564106,0.133346154280318,26.442116926958,624,42,3.97619047619048,7.49927889107186
"result_final_concave_50",28.09,34219.6726635508,0.140478519829285,24.0495503744523,8110,219,12.8264840182648,7.11852602956836
"result_final_concave_50",2.4,506.436067957172,0.133360213247318,25.2749585634788,956,62,3.87096774193548,7.49848830959417
"result_final_concave_50",39.01,386969.539796764,0.154386795944476,24.573834436969,9186,139,28.0647482014388,6.47723786145314
"result_final_concave_50",31.82,56137.7928063485,0.1437718545162,24.9644246468537,8586,204,15.5980392156863,6.95546429003822
"result_final_concave_50",6.21,841.483553702383,0.133528462739595,24.9973742748898,2322,138,4.5,7.48904001051958
"result_final_concave_50",11.68,2442.17004287979,0.134115184813096,24.5747201523794,4280,217,5.38248847926267,7.45627723955053
"result_final_concave_50",32.1,107065.973217837,0.144066083266541,25.1072916738177,8670,184,17.445652173913,6.94125902034742
"result_final_concave_50",36.58,232015.986257547,0.149963613629315,23.3969852790616,9114,139,26.3165467625899,6.6682842310791
"result_final_concave_50",37.16,197039.674142604,0.150925550237713,25.4526073192147,9298,153,24.2875816993464,6.62578336421477
"result_final_concave_50",32.21,75026.8130510381,0.144183718334163,24.6515413216933,8718,193,16.6891191709845,6.9355958602925
"result_final_concave_50",17.67,8945.42405655645,0.135412524630218,25.7208638998122,5578,235,7.51914893617021,7.38484126731099
"result_final_concave_50",12.37,5539.52063088132,0.134224883027397,24.256521859863,4290,201,6.15422885572139,7.45018343428832
"result_final_concave_50",25.92,25529.0692469062,0.139005905687324,25.0067355460187,7514,236,10.9830508474576,7.1939389557259
"result_final_concave_50",26.73,38767.6714068218,0.139523042117289,24.8678195035212,7556,224,11.9330357142857,7.16727491620601
"result_final_concave_50",14,4083.83331138966,0.134521644234267,25.1112324609406,5022,227,6.16740088105727,7.43374797187669
"result_final_concave_50",30.37,59263.418165411,0.142360801445602,25.2166154677864,8436,210,14.4619047619048,7.02440552346928
"result_final_concave_50",11.77,2313.66089000634,0.134128982740165,25.2952319261213,4014,192,6.13020833333333,7.45551020794068
"result_final_concave_50",36.28,177714.921859212,0.149486753011429,24.7633368663974,9108,165,21.9878787878788,6.68955596301931
"result_final_concave_50",26.97,23448.6811529202,0.139683469691775,24.7184423100898,7712,213,12.6619718309859,7.15904324403307
"result_final_concave_50",40.4,337314.40438138,0.157448317435552,23.9456890281688,9244,120,33.6666666666667,6.3512904824107
"result_final_concave_50",8.18,1522.05408051661,0.133687004755539,25.8251434866633,3062,165,4.95757575757576,7.48015861248898
"result_final_concave_50",29.17,36289.5761574256,0.141323025491286,24.3359447217425,8046,206,14.1601941747573,7.07598777003016
"result_final_concave_50",2.93,386.107646816434,0.13337383888751,25.3791967945068,1180,72,4.06944444444444,7.49772225453763
"result_final_concave_50",4.6,543.0663798139,0.133436745848594,24.510285839422,1804,105,4.38095238095238,7.49418755411395
"result_final_concave_50",24.96,33765.5326353575,0.138438856606986,25.2811785399478,7374,231,10.8051948051948,7.22340551279544
"result_final_concave_50",14.16,3970.65208461834,0.13455378831306,25.2429258405646,4788,225,6.29333333333333,7.43197209485731
"result_final_concave_50",23.45,15049.6838509517,0.137638745716701,24.8225332478769,7134,220,10.6590909090909,7.26539605394457
"result_final_concave_50",33.04,73582.4313045401,0.145110085348639,24.7026927640054,8740,185,17.8594594594595,6.89131977007261
"result_final_concave_50",43.53,329222.923953719,0.166265721470766,22.8309140029581,9654,102,42.6764705882353,6.01446883431007
"result_final_concave_50",9.41,1790.48541941449,0.133814616894291,26.1946556513351,3278,182,5.17032967032967,7.47302516876737
"result_final_concave_50",2.07,203.648304737508,0.133353193886885,24.6568518782877,800,49,4.22448979591837,7.49888301024298
"result_final_concave_50",35.25,125922.929640159,0.147949405057289,23.4566120908063,8624,158,22.3101265822785,6.75906739613302
"result_final_concave_50",25.12,16192.5133416418,0.138530066110815,24.2074184140618,7350,213,11.7934272300469,7.21864955438674
"result_final_concave_50",14.76,4176.15670811765,0.134679397437089,25.7655699586333,5260,255,5.78823529411765,7.42504064489238
"result_final_concave_50",21.43,9565.32844682234,0.136723753748915,24.8385251461438,6700,242,8.85537190082645,7.31401802964275
"result_final_concave_50",5.64,573.128735782607,0.133492304118044,25.7026756378011,2226,137,4.11678832116788,7.49106854216648
"result_final_concave_50",14.22,5189.86918007758,0.134565987239234,24.8764904511108,5000,236,6.02542372881356,7.43129835789917
"result_final_concave_50",38.84,212260.349159098,0.154041407538725,24.8193558041828,9326,139,27.9424460431655,6.49176098802269
"result_final_concave_50",3.15,395.734437656824,0.133380365231305,25.8508355539559,1316,88,3.57954545454545,7.4973553885973
"result_final_concave_50",35.7,147421.714551666,0.14860265720668,25.9421893923974,8658,168,21.25,6.72935476927022
"result_final_concave_50",1.81,185.737064700318,0.13334843724042,25.7906943680457,778,53,3.41509433962264,7.49915050145698
"result_final_concave_50",19.27,7816.96073888759,0.135914633370026,25.4646662256114,6134,230,8.37826086956522,7.35755948572154
"result_final_concave_50",4.1,515.324319977879,0.133414618755173,25.2447217285127,1662,100,4.1,7.49543048078625
"result_final_concave_50",9.66,1517.90332311314,0.133843450513081,25.1863897460395,3426,172,5.61627906976744,7.47141527035173
"result_final_concave_50",34.2,109211.101571936,0.146528045701599,24.9924509545277,8850,176,19.4318181818182,6.82463207102671
"result_final_concave_50",27.2,23894.9169320993,0.13984041879512,24.8245359161409,7698,215,12.6511627906977,7.151008332327
"result_final_concave_50",37.3,252995.435273266,0.151165960752044,23.8001446810061,9224,147,25.3741496598639,6.61524588621039
"result_final_concave_50",36.6,160818.625661893,0.149995895185426,23.2490708890277,9008,144,25.4166666666667,6.66684910786254
"result_final_concave_50",33.5,109611.716043391,0.145654411461979,24.4058431492904,8760,178,18.8202247191011,6.86556617106675
"result_final_concave_50",25.04,15445.1103137293,0.138484300483687,24.322183915479,7598,232,10.7931034482759,7.22103513905388
"result_final_concave_50",21.9,18515.1374784896,0.136922042603436,25.7548950058344,6858,244,8.97540983606557,7.3034259567415
"result_final_concave_50",17.58,5708.68139259457,0.135386511629372,25.2840085066157,5658,221,7.95475113122172,7.38626018179385
"result_final_concave_50",9.58,2211.8394503486,0.133834114037314,25.8524047673735,3552,190,5.04210526315789,7.47193648789121
"result_final_concave_50",2.01,314.603492705926,0.133352036149111,24.6974654796448,838,56,3.58928571428571,7.49894811416171
"result_final_concave_50",3.62,320.574995661373,0.133396061854753,26.741881222277,1492,101,3.58415841584158,7.49647317991171
"result_final_concave_50",38.27,194711.615601029,0.152925528889007,25.1204329165501,9280,142,26.9507042253521,6.53913056417021
"result_final_concave_50",11.78,1925.32814687755,0.134130525172738,24.9306227628927,4172,198,5.94949494949495,7.45542447337893
"result_final_concave_50",2.59,240.510278340122,0.133364761010101,23.7393843086014,944,56,4.625,7.49823260976909
"result_final_concave_50",29.59,43240.2809059328,0.141673783241461,25.337015597464,8068,207,14.2946859903382,7.05846894972555
"result_final_concave_50",36.37,219719.963269016,0.149628374369978,26.2765604422345,9136,157,23.1656050955414,6.68322438314643
"result_final_concave_50",7.86,2031.70891180623,0.133657539209827,24.2449503720695,2850,148,5.31081081081081,7.48180765493606
"result_final_concave_50",35.55,132550.848033936,0.148381819147934,24.2015100221252,8802,153,23.2352941176471,6.7393701313435
"result_final_concave_50",1.46,81.3999127686855,0.133343090637824,26.9997914788474,628,42,3.47619047619048,7.49945119178407
"result_final_concave_50",39.58,340543.936131044,0.155589428442763,25.4084192725588,9508,140,28.2714285714286,6.42717188441805
"result_final_concave_50",17.98,7289.7196140689,0.135503886062076,25.1960559786002,5894,249,7.22088353413655,7.37986215053558
"result_final_concave_50",37.61,221996.235992764,0.151710140174862,25.2062563137331,9268,141,26.6737588652482,6.59151721069794
"result_final_concave_50",13.99,5013.6062161566,0.134519653791353,25.4403035225702,4600,208,6.72596153846154,7.43385796659165
"result_final_concave_50",13.09,2609.29092949429,0.134349239863892,24.5093894032642,4638,226,5.79203539823009,7.44328736815401
"result_final_concave_50",39.54,406447.033417282,0.155502726032326,24.7045462330235,9392,132,29.9545454545455,6.43075543120781
"result_final_concave_50",10.78,2055.30382844031,0.133985335587954,25.7022409394854,3928,199,5.41708542713568,7.46350334245015
"result_final_concave_50",34.96,136577.803283738,0.147542827932663,24.8024330983445,8762,156,22.4102564102564,6.7776930536833
"result_final_concave_50",28.5,28502.4017695204,0.140789700161796,25.1028225905933,7968,229,12.4454148471616,7.1027923125825
"result_final_concave_50",12.53,2910.22673937203,0.134251628283342,25.1120853142053,4386,205,6.11219512195122,7.44869922835849
"result_final_concave_50",3.34,508.669723258894,0.133386420520592,24.2798515676621,1340,85,3.92941176470588,7.49701503419249
"result_final_concave_50",35.92,325795.658568218,0.148932278398006,25.5941955901849,8880,137,26.2189781021898,6.71446116823382
"result_final_concave_50",42.4,705324.630285796,0.162724633131916,23.9279416813486,9784,96,44.1666666666667,6.1453510802469
"result_final_concave_50",21.7,20957.8570368548,0.13683663118284,24.9054826809102,6442,220,9.86363636363636,7.30798464823215
"result_final_concave_50",2.79,288.976672767853,0.133369953748713,24.7449371633913,1082,68,4.10294117647059,7.49794066723705
"result_final_concave_50",13.47,5595.25239179275,0.134419112622374,25.1751063294733,4468,204,6.60294117647059,7.43941825303756
"result_final_concave_50",36.54,278853.352782347,0.149899236421186,25.4104494680193,9396,134,27.2686567164179,6.67114805835439
"result_final_concave_50",25.11,20854.7052232418,0.138524327737652,24.8527588271431,7360,231,10.8701298701299,7.21894858709495
"result_final_concave_50",24.06,15695.9547246498,0.137949142121773,25.5614188752632,7208,238,10.109243697479,7.24904834215831
"result_final_concave_50",28.99,62943.3729797729,0.141176636104602,25.4247579979073,8016,180,16.1055555555556,7.08332502878925
"result_final_concave_50",21.22,10658.6655743955,0.136637854870394,25.0013375106332,6560,256,8.2890625,7.3186160668911
"result_final_concave_50",3.91,503.653868669891,0.133406963260648,24.5067704294162,1496,93,4.20430107526882,7.4958606024651
"result_final_concave_50",16.99,7514.05607237022,0.135221544525411,25.8204213116824,5566,229,7.41921397379913,7.39527124549357
"result_final_concave_50",31.67,38077.6003052416,0.143617252253384,24.0854535652673,8498,187,16.9358288770053,6.96295176456725
"result_final_concave_50",28.21,21670.3618370144,0.14056843820497,24.6647474349312,7970,235,12.0042553191489,7.11397247326494
"result_final_concave_50",4.8,607.555436361037,0.133446415529955,25.1253887763001,1802,108,4.44444444444444,7.49364451663018
"result_final_concave_50",34.44,98769.4133196919,0.146840799262932,24.3875479581405,8734,175,19.68,6.81009641066723
"result_final_concave_50",26.89,27008.9801266511,0.139629617646887,23.9776967688248,7672,215,12.506976744186,7.16180432813994
"result_final_concave_50",8.91,3255.89557665663,0.133759931305067,25.8089499195638,3034,149,5.97986577181208,7.4760803945039
"result_final_concave_50",37.95,314994.170585554,0.152326341031838,25.3914059969235,9206,153,24.8039215686275,6.56485275774456
"result_final_concave_50",8.62,1212.53021382731,0.133729994601989,25.7236672420523,3078,170,5.07058823529412,7.4777539846332
"result_final_concave_50",2.04,323.270506880814,0.133352610493201,22.1649818857484,788,51,4,7.49891581650728
"result_final_concave_50",11.68,2792.95529117196,0.134115184813096,23.9469238836931,3998,198,5.8989898989899,7.45627723955053
"result_final_concave_50",44.78,1597647.85163677,0.170766525229665,26.1896865038818,10050,94,47.6382978723404,5.85594863311234
"result_final_concave_50",5.17,654.332304429801,0.133465565636305,25.4778569788988,2054,127,4.07086614173228,7.49256930229487
"result_final_concave_50",14.6,5804.95818642155,0.134645108167885,23.9231861695673,4688,206,7.0873786407767,7.42693153585
"result_final_concave_50",29.14,68865.4100014443,0.1412984655599,25.0646000432208,8302,210,13.8761904761905,7.07721768978499
"result_final_concave_50",5.03,673.007462726972,0.133458125366238,25.376772953817,1800,105,4.79047619047619,7.49298701188694
"result_final_concave_50",22.37,9493.26407725223,0.137128935140168,25.0308993882978,6986,244,9.16803278688525,7.29240695246293
"result_final_concave_50",28.55,39115.8860292421,0.140828422770575,24.7195850436543,8082,203,14.064039408867,7.10083930734004
"result_final_concave_50",6.9,1005.74112312261,0.133577908413028,24.8532764977461,2560,152,4.53947368421053,7.48626784084657
"result_final_concave_50",42.01,391207.167323398,0.161603522441912,24.4127614948724,9600,119,35.3025210084034,6.18798393060676
"result_final_concave_50",29.74,36463.4444333638,0.141802242641675,25.0915085547763,8102,190,15.6526315789474,7.0520746454408
"result_final_concave_50",3.71,537.973354721155,0.13339934457272,24.7930945315247,1404,85,4.36470588235294,7.49628870518828
"result_final_concave_50",6.2,1225.44248545789,0.133527792363891,25.6033379251599,2222,123,5.04065040650407,7.48907760921256
"result_final_concave_50",19.46,14479.3975927558,0.135979483919174,25.4580140677464,6532,261,7.45593869731801,7.35405056099785
"result_final_concave_50",20.54,9329.28442329943,0.136370745419957,24.783574021833,6464,230,8.9304347826087,7.33295104401223
"result_final_concave_50",41.5,923734.275202344,0.160208321142255,26.2712888030053,9612,123,33.739837398374,6.24187303674484
"result_final_concave_50",20.01,8928.72900290693,0.136173835995341,24.5654147983333,6218,221,9.05429864253394,7.34355460203246
"result_final_concave_50",15.45,4008.94405168639,0.134834082717805,25.3705388013885,5190,234,6.6025641025641,7.41652243886218
"result_final_concave_50",44.62,694243.878662269,0.170152105535941,24.9346731256114,9322,99,45.0707070707071,5.87709447879134
"result_final_concave_50",13.9,4036.84165050323,0.13450183748654,25.0182722902757,4644,211,6.58767772511848,7.43484266599758
"result_final_concave_50",23.62,14245.3273635363,0.137723565435889,24.5586727409313,6976,228,10.359649122807,7.26092151938591
"result_final_concave_50",9.44,1332.96252457755,0.133818023845353,24.8671100974194,3498,183,5.15846994535519,7.47283490866411
"result_final_concave_50",23.92,19266.0473396187,0.137876409881538,25.2693965245407,7016,220,10.8727272727273,7.252872343131
"result_final_concave_50",40.9,281542.169446444,0.158662763099021,23.6265327226077,9454,118,34.6610169491525,6.30267606883855
"result_final_concave_50",25.77,17911.2144703289,0.13891411507358,24.820262373861,7424,236,10.9194915254237,7.19869251206272
"result_final_concave_50",20.49,10112.2585769803,0.13635175484154,25.060883102798,6360,223,9.18834080717489,7.33397235086663
"result_final_concave_50",10.87,3679.75238604654,0.133997668530472,24.9042027043171,3768,192,5.66145833333333,7.46281641290343
"result_final_concave_50",22.2,12219.1092371177,0.137053088247947,25.2996889906986,6810,241,9.21161825726141,7.29644266162663
"result_final_concave_50",5.11,642.950745170812,0.133462347800401,25.1256517569147,2096,136,3.75735294117647,7.49274995143608
"result_final_concave_50",26.62,18855.7778074486,0.139450635460142,24.8918835716082,7778,235,11.3276595744681,7.17099636513181
"result_final_concave_50",10.57,2007.99383593542,0.133957108416425,26.2660053094222,3862,224,4.71875,7.46507603681139
"result_final_concave_50",36.98,377950.457439163,0.150621220693486,24.9332026921014,9252,139,26.6043165467626,6.63917073169257
"result_final_concave_50",33.41,58382.2141580912,0.145546105519995,24.2106795010722,8870,184,18.1576086956522,6.87067507871326
"result_final_concave_50",31.63,39253.3708623222,0.143576375357718,24.9821749918369,8518,211,14.9905213270142,6.96493415095985
"result_final_concave_50",5.43,902.723921486786,0.133480019070056,25.2875207474608,2048,123,4.41463414634146,7.491757994694
"result_final_concave_50",41.27,375327.323206559,0.159604025984005,25.9773755157891,9648,145,28.4620689655172,6.26550611010412
"result_final_concave_50",38.2,123005.383606137,0.152792824509325,25.7438787752349,9480,165,23.1515151515152,6.54480996219145
"result_final_concave_50",33.22,77094.840413039,0.145320364983631,25.3898362690729,8844,207,16.048309178744,6.88134797977311
"result_final_concave_50",25.43,27313.0090106163,0.138710487362755,24.8581022571737,7548,223,11.4035874439462,7.2092602297965
"result_final_concave_50",32.08,109824.742174911,0.144044820099101,24.5202914158849,8454,180,17.8222222222222,6.94228365387949
"result_final_concave_50",21.35,9800.44843003899,0.13669083666153,25.2291836306827,6624,242,8.82231404958678,7.31577934866382
"result_final_concave_50",29.37,47832.6173869231,0.141488430797852,23.6518119622507,8306,209,14.0526315789474,7.06771567371981
"result_final_concave_50",8.02,976.632440218432,0.133672084963184,24.7039053771323,3124,185,4.33513513513514,7.48099350941837
"result_final_concave_50",31.74,98175.1161292193,0.143689140867134,24.5384014780534,8634,179,17.731843575419,6.95946815441451
"result_final_concave_50",32.33,63749.9723187655,0.144313385859751,25.8381816961087,8462,185,17.4756756756757,6.92936413377368
"result_final_concave_50",25.74,19122.3341235021,0.138895901839314,24.6450181082739,7432,223,11.542600896861,7.19963646700592
"result_final_concave_50",27.84,44032.7030159385,0.140294209443602,25.6481130308733,7720,201,13.8507462686567,7.12787793570338
"result_final_concave_50",34.06,157241.301466288,0.146348785803014,23.9140447954006,8644,172,19.8023255813953,6.83299143558324
"result_final_concave_50",2.33,204.767288801514,0.133358631517052,24.8895101602565,924,62,3.75806451612903,7.49857724711381
"result_final_concave_50",34.64,195178.099416046,0.147106796886794,24.4819263201092,8868,169,20.4970414201183,6.79778243536599
"result_final_concave_50",40.92,429504.703495994,0.158712694555059,24.8352091841828,9398,120,34.1,6.30069322938179
"result_final_concave_50",38.99,417370.943402857,0.154345852887783,23.2910285182275,8992,131,29.763358778626,6.47895606710631
"result_final_concave_50",29.86,50719.3574787959,0.141906244755625,24.5382203938458,8430,222,13.4504504504505,7.04690622827831
"result_final_concave_50",7.82,1551.88167064893,0.13365396076574,25.4673200761317,2910,160,4.8875,7.48200797245908
"result_final_concave_50",34.84,83419.5972788716,0.147377789428406,25.1794348881508,8608,169,20.6153846153846,6.78528293766942
"result_final_concave_50",2.9,446.662353612625,0.133372988900449,25.1239803713295,1128,78,3.71794871794872,7.49777003757793
"result_final_concave_50",22.12,10597.5859458922,0.13701779531922,24.7711822173604,6490,233,9.49356223175966,7.29832207320392
"result_final_concave_50",10.95,2065.57705090963,0.134008750811424,25.2013660736587,4070,218,5.02293577981651,7.46219925150404
"result_final_concave_50",13.64,3395.96580992662,0.134451347684618,25.2217039767619,4692,210,6.4952380952381,7.43763463305475
"result_final_concave_50",39.86,287023.22258453,0.156206456412165,24.6384554238931,9414,130,30.6615384615385,6.40178404253284
"result_final_concave_50",12.25,3815.16444226941,0.134205151388064,25.0302297177424,4126,203,6.03448275862069,7.45127880455518
"result_final_concave_50",26.98,26535.6802320608,0.139690227841516,24.1940340446424,7890,220,12.2636363636364,7.15869689277434
"result_final_concave_50",1.46,227.974126538911,0.133343090637824,24.565570625851,504,27,5.40740740740741,7.49945119178407
"result_final_concave_50",11.49,2678.39162220523,0.134086548982487,25.8494041387234,4112,221,5.19909502262443,7.45786961920103
"result_final_concave_50",3.13,536.633926133431,0.13337975051008,25.2727222356264,1164,75,4.17333333333333,7.49738994244427
"result_final_concave_50",7.19,1945.49885449833,0.133600606531549,24.7029372903116,2486,137,5.24817518248175,7.48499595893568
"result_final_concave_50",20.41,7611.33666748132,0.136321551245748,25.1572166676817,6490,239,8.53974895397489,7.33559727615842
"result_final_convex_50",3.68,506.813640168664,0.149117116885283,26.2115393618511,1388,81,4.54320987654321,6.70613824145559
"result_final_convex_50",16.55,8110.42528063708,0.187123551063594,24.3540707199368,5588,236,7.01271186440678,5.34406275594968
"result_final_convex_50",10.21,1626.29256484851,0.172358141784551,25.1209751047959,3564,179,5.70391061452514,5.8018727148382
"result_final_convex_50",18.95,6671.38046919534,0.190792855526491,24.6487822457833,6096,246,7.70325203252033,5.24128640582746
"result_final_convex_50",25.94,13382.697924675,0.197032682064307,25.2603646417481,7516,217,11.9539170506912,5.07530014575766
"result_final_convex_50",19.32,5197.30327441429,0.191277264645545,25.0874911769656,6102,249,7.75903614457831,5.22801286317585
"result_final_convex_50",29.37,31284.3928700111,0.198448696879491,24.1852782475291,8110,201,14.6119402985075,5.03908574722088
"result_final_convex_50",8.18,953.226279692995,0.165954593010242,25.4732128572436,3036,169,4.84023668639053,6.02574464412856
"result_final_convex_50",12.27,1532.35034572054,0.178019844434743,25.0622599259696,4432,216,5.68055555555556,5.61735127437757
"result_final_convex_50",24.58,13925.3370879218,0.196230057946305,24.4459418206822,7102,221,11.1221719457014,5.09605924018854
"result_final_convex_50",41.33,393656.306642818,0.199912817389059,25.490101283755,9530,131,31.5496183206107,5.00218051578882
"result_final_convex_50",10.19,1388.46553838632,0.172299007954035,24.917199871124,3670,204,4.99509803921569,5.8038639448625
"result_final_convex_50",12.68,1838.29213160676,0.179045297150629,24.4758664575216,4064,190,6.67368421052632,5.58517881181046
"result_final_convex_50",10.38,1499.74197212137,0.17285755756235,25.3709974293383,3790,208,4.99038461538461,5.78511008776286
"result_final_convex_50",7.01,1869.75972406728,0.161906956049883,25.6842428873626,2464,132,5.31060606060606,6.17638688539054
"result_final_convex_50",0.74,57.5296924968693,0.136604513312327,22.748750330235,316,25,2.96,7.32040234800764
"result_final_convex_50",33.83,147166.869270364,0.19939975824195,25.1200786600957,8750,173,19.5549132947977,5.01505121579239
"result_final_convex_50",18.98,4170.32860287153,0.190832899073709,25.0790078805072,6170,252,7.53174603174603,5.24018659703823
"result_final_convex_50",37.76,371975.555265467,0.199768418841423,25.4801959693378,9392,148,25.5135135135135,5.00579624046484
"result_final_convex_50",9.27,1770.39748727718,0.169493076141054,24.1689427061347,3330,164,5.65243902439024,5.89994602002379
"result_final_convex_50",42.75,938080.368223703,0.199942866399428,27.0788637767366,9372,111,38.5135135135135,5.00142874816193
"result_final_convex_50",21.64,5386.84527985359,0.193874547767831,24.5675629618925,6872,259,8.35521235521236,5.1579746362453
"result_final_convex_50",10.8,1533.05446897476,0.174066638232941,25.5197175860655,3760,183,5.9016393442623,5.74492625440247
"result_final_convex_50",33.84,46365.2910036639,0.199401123677658,24.1413929710015,8956,183,18.4918032786885,5.01501687431085
"result_final_convex_50",12.22,2136.05461057093,0.17789249549605,25.1318081071521,4240,214,5.71028037383178,5.62137260040969
"result_final_convex_50",27.23,19047.52899233,0.197656933324739,24.9658042814976,7600,208,13.0913461538462,5.05927104695618
"result_final_convex_50",21.87,7925.58491455616,0.194093728840351,24.5767014241147,6658,234,9.34615384615385,5.15214997400836
"result_final_convex_50",27.36,11890.2123841579,0.197713203214409,24.649519636728,7854,234,11.6923076923077,5.05783116019599
"result_final_convex_50",20.69,8874.55231362327,0.192898760214381,25.8153953053778,6404,219,9.44748858447489,5.18406649627315
"result_final_convex_50",1.09,175.891294191656,0.138137988839364,25.4937293671851,416,30,3.63333333333333,7.23913825879473
"result_final_convex_50",29.6,25335.3297613662,0.198518299820485,24.8854230453791,8516,201,14.726368159204,5.03731898220101
"result_final_convex_50",26.09,22893.5329680062,0.197111734258986,25.5902204578615,7578,214,12.1915887850467,5.07326468289349
"result_final_convex_50",13.3,2829.33277207056,0.180532615975838,24.0740542157254,4610,222,5.99099099099099,5.53916528930062
"result_final_convex_50",4.05,497.686279985228,0.150620961297487,26.1477638754723,1536,90,4.5,6.63918216552163
"result_final_convex_50",13.53,3048.73587595176,0.181065105147509,25.7458949586309,4622,214,6.32242990654206,5.52287531705972
"result_final_convex_50",8.85,1346.20174395237,0.168156790838163,26.1202830305844,3170,169,5.23668639053254,5.94683090118208
"result_final_convex_50",19.81,6097.68913760825,0.191887696867765,24.4583880237135,6110,230,8.61304347826087,5.21138153369534
"result_final_convex_50",1.67,154.951119800574,0.140656656360924,26.442116926958,624,42,3.97619047619048,7.10951067565553
"result_final_convex_50",28.09,27701.9694354449,0.198008491179914,24.0495503744523,8110,219,12.8264840182648,5.05028847016153
"result_final_convex_50",2.4,481.6887613599,0.143781434160067,25.2749585634788,956,62,3.87096774193548,6.95500087227349
"result_final_convex_50",39.01,328629.048812776,0.199833338827269,24.573834436969,9186,139,28.0647482014388,5.00417000420723
"result_final_convex_50",31.82,46015.0303334157,0.199064407251362,24.9644246468537,8586,204,15.5980392156863,5.02349974969299
"result_final_convex_50",6.21,679.242632252756,0.158997750719804,24.9973742748898,2322,138,4.5,6.28939714853114
"result_final_convex_50",11.68,1917.525831561,0.176485249625367,24.5747201523794,4280,217,5.38248847926267,5.66619591225184
"result_final_convex_50",32.1,86978.8667478932,0.199119075293285,25.1072916738177,8670,184,17.445652173913,5.02212055036459
"result_final_convex_50",36.58,211214.923501471,0.199687854787507,23.3969852790616,9114,139,26.3165467625899,5.00781582867985
"result_final_convex_50",37.16,166057.977160065,0.199730074623384,25.4526073192147,9298,153,24.2875816993464,5.00675725418731
"result_final_convex_50",32.21,63036.680322707,0.199139788393859,24.6515413216933,8718,193,16.6891191709845,5.02159818520143
"result_final_convex_50",17.67,6743.23354072195,0.188953490133807,25.7208638998122,5578,235,7.51914893617021,5.29230764296469
"result_final_convex_50",12.37,4292.88547582172,0.178273044604038,24.256521859863,4290,201,6.15422885572139,5.60937298300536
"result_final_convex_50",25.92,19518.4377482556,0.197022006619797,25.0067355460187,7514,236,10.9830508474576,5.07557514592646
"result_final_convex_50",26.73,30707.4989593755,0.19742953852597,24.8678195035212,7556,224,11.9330357142857,5.06509819891242
"result_final_convex_50",14,3167.62771047275,0.182121132665405,25.1112324609406,5022,227,6.16740088105727,5.49085098123792
"result_final_convex_50",30.37,49181.4786571217,0.198732321302651,25.2166154677864,8436,210,14.4619047619048,5.03189412494756
"result_final_convex_50",11.77,1802.81172419234,0.176723847820737,25.2952319261213,4014,192,6.13020833333333,5.65854587443325
"result_final_convex_50",36.28,159501.817853996,0.199663840738519,24.7633368663974,9108,165,21.9878787878788,5.00841813070002
"result_final_convex_50",26.97,17464.3293649765,0.197540895838972,24.7184423100898,7712,213,12.6619718309859,5.06224291305818
"result_final_convex_50",40.4,296417.99809429,0.199886269148396,23.9456890281688,9244,120,33.6666666666667,5.00284488904837
"result_final_convex_50",8.18,1304.31394710945,0.165954593010242,25.8251434866633,3062,165,4.95757575757576,6.02574464412856
"result_final_convex_50",29.17,27841.6245284723,0.198385932798375,24.3359447217425,8046,206,14.1601941747573,5.04067998115737
"result_final_convex_50",2.93,365.980985972701,0.14601446940347,25.3791967945068,1180,72,4.06944444444444,6.84863633094321
"result_final_convex_50",4.6,477.13157315622,0.15282127049727,24.510285839422,1804,105,4.38095238095238,6.54359171826061
"result_final_convex_50",24.96,24248.5835119406,0.196470553988648,25.2811785399478,7374,231,10.8051948051948,5.0898212464845
"result_final_convex_50",14.16,3011.68162228095,0.18247086637324,25.2429258405646,4788,225,6.29333333333333,5.48032691396622
"result_final_convex_50",23.45,10451.672906271,0.195433632951934,24.8225332478769,7134,220,10.6590909090909,5.11682654052665
"result_final_convex_50",33.04,59029.3234563929,0.199283021002419,24.7026927640054,8740,185,17.8594594594595,5.01798896348456
"result_final_convex_50",43.53,297412.853183954,0.199955111360424,22.8309140029581,9654,102,42.6764705882353,5.00112246791969
"result_final_convex_50",9.41,1474.06468572455,0.169930844163807,26.1946556513351,3278,182,5.17032967032967,5.8847468505249
"result_final_convex_50",2.07,187.579363840431,0.14237554088329,24.6568518782877,800,49,4.22448979591837,7.02367832140307
"result_final_convex_50",35.25,110353.539562998,0.199568722018975,23.4566120908063,8624,158,22.3101265822785,5.01080524985734
"result_final_convex_50",25.12,12543.6047979851,0.196567936727963,24.2074184140618,7350,213,11.7934272300469,5.08729967178693
"result_final_convex_50",14.76,3019.3864313815,0.183738706913418,25.7655699586333,5260,255,5.78823529411765,5.44251136191583
"result_final_convex_50",21.43,6674.08825571068,0.193668739169823,24.8385251461438,6700,242,8.85537190082645,5.1634559314352
"result_final_convex_50",5.64,489.920924102597,0.156858426026072,25.7026756378011,2226,137,4.11678832116788,6.37517553461735
"result_final_convex_50",14.22,4137.65630931368,0.182600745777701,24.8764904511108,5000,236,6.02542372881356,5.4764288926695
"result_final_convex_50",38.84,182977.613322033,0.199825574348601,24.8193558041828,9326,139,27.9424460431655,5.00436444764309
"result_final_convex_50",3.15,362.949194950258,0.146931807926205,25.8508355539559,1316,88,3.57954545454545,6.80587827859737
"result_final_convex_50",35.7,124783.624089294,0.19961281999955,25.9421893923974,8658,168,21.25,5.00969827490165
"result_final_convex_50",1.81,176.455729494856,0.141260036747806,25.7906943680457,778,53,3.41509433962264,7.07914299771362
"result_final_convex_50",19.27,5771.77050553169,0.191212999233505,25.4646662256114,6134,230,8.37826086956522,5.22976996338425
"result_final_convex_50",4.1,443.634702456804,0.150822754491085,25.2447217285127,1662,100,4.1,6.63029927661949
"result_final_convex_50",9.66,1173.75713862927,0.170702983243803,25.1863897460395,3426,172,5.61627906976744,5.85812843453222
"result_final_convex_50",34.2,93172.3317047325,0.199448524487066,24.9924509545277,8850,176,19.4318181818182,5.01382500859187
"result_final_convex_50",27.2,17595.3515307008,0.197643783935796,24.8245359161409,7698,215,12.6511627906977,5.05960764404737
"result_final_convex_50",37.3,234871.137149324,0.199739485044367,23.8001446810061,9224,147,25.3741496598639,5.0065213684609
"result_final_convex_50",36.6,148512.724132447,0.199689401168607,23.2490708890277,9008,144,25.4166666666667,5.0077770484957
"result_final_convex_50",33.5,90321.7379921107,0.199353163470636,24.4058431492904,8760,178,18.8202247191011,5.01622338261663
"result_final_convex_50",25.04,11833.899673207,0.196519527944613,24.322183915479,7598,232,10.7931034482759,5.08855282962943
"result_final_convex_50",21.9,13718.8593381702,0.194121844160491,25.7548950058344,6858,244,8.97540983606557,5.15140377078453
"result_final_convex_50",17.58,3974.59651089611,0.188814249845454,25.2840085066157,5658,221,7.95475113122172,5.29621043336776
"result_final_convex_50",9.58,1836.58859200173,0.170457239394778,25.8524047673735,3552,190,5.04210526315789,5.86657394869575
"result_final_convex_50",2.01,294.897093277808,0.142118714110533,24.6974654796448,838,56,3.58928571428571,7.03637101038114
"result_final_convex_50",3.62,282.539340018999,0.148871529845568,26.741881222277,1492,101,3.58415841584158,6.71720107288043
"result_final_convex_50",38.27,166971.949769894,0.199797177021472,25.1204329165501,9280,142,26.9507042253521,5.0050757218283
"result_final_convex_50",11.78,1400.99127308752,0.176750258463347,24.9306227628927,4172,198,5.94949494949495,5.65770035469211
"result_final_convex_50",2.59,215.907710254398,0.144585594425359,23.7393843086014,944,56,4.625,6.91631835090072
"result_final_convex_50",29.59,32939.4072228447,0.198515329826762,25.337015597464,8068,207,14.2946859903382,5.03739434567934
"result_final_convex_50",36.37,195749.04160838,0.199671208306171,26.2765604422345,9136,157,23.1656050955414,5.00823332759435
"result_final_convex_50",7.86,1655.2514283304,0.164872708264624,24.2449503720695,2850,148,5.31081081081081,6.06528521624683
"result_final_convex_50",35.55,116445.713421562,0.199598577663209,24.2015100221252,8802,153,23.2352941176471,5.01005574141586
"result_final_convex_50",1.46,76.2141705795203,0.139748159228906,26.9997914788474,628,42,3.47619047619048,7.15572931706392
"result_final_convex_50",39.58,314153.217716505,0.19985720617621,25.4084192725588,9508,140,28.2714285714286,5.0035723961753
"result_final_convex_50",17.98,5247.93083938441,0.189422931006854,25.1960559786002,5894,249,7.22088353413655,5.27919188392147
"result_final_convex_50",37.61,200679.39388091,0.199759309185063,25.2062563137331,9268,141,26.6737588652482,5.0060245206073
"result_final_convex_50",13.99,3706.81755815966,0.18209911029662,25.4403035225702,4600,208,6.72596153846154,5.49151502372036
"result_final_convex_50",13.09,2002.9499269001,0.180037352247398,24.5093894032642,4638,226,5.79203539823009,5.55440294759418
"result_final_convex_50",39.54,337069.815503552,0.199855635137562,24.7045462330235,9392,132,29.9545454545455,5.00361172859446
"result_final_convex_50",10.78,1523.93310881589,0.174009863979634,25.7022409394854,3928,199,5.41708542713568,5.74680065330687
"result_final_convex_50",34.96,119274.007432639,0.199538048074053,24.8024330983445,8762,156,22.4102564102564,5.01157553485177
"result_final_convex_50",28.5,21447.2395081571,0.198159727259217,25.1028225905933,7968,229,12.4454148471616,5.04643407533499
"result_final_convex_50",12.53,2193.31451329157,0.178674016052375,25.1120853142053,4386,205,6.11219512195122,5.59678470375272
"result_final_convex_50",3.34,475.059002373748,0.147719305101129,24.2798515676621,1340,85,3.92941176470588,6.76959588535431
"result_final_convex_50",35.92,297658.426835665,0.199632913776863,25.5941955901849,8880,137,26.2189781021898,5.00919403058824
"result_final_convex_50",42.4,672276.303708896,0.199936470891341,23.9279416813486,9784,96,44.1666666666667,5.00158873237023
"result_final_convex_50",21.7,17372.2602771535,0.193932348284919,24.9054826809102,6442,220,9.86363636363636,5.15643732901554
"result_final_convex_50",2.79,258.774953283983,0.14542772044027,24.7449371633913,1082,68,4.10294117647059,6.87626813493731
"result_final_convex_50",13.47,4705.38964912575,0.180927194340056,25.1751063294733,4468,204,6.60294117647059,5.52708509987991
"result_final_convex_50",36.54,252554.091646634,0.199684741887152,25.4104494680193,9396,134,27.2686567164179,5.00789389589481
"result_final_convex_50",25.11,16786.2418164954,0.196561916370411,24.8527588271431,7360,231,10.8701298701299,5.08745548713287
"result_final_convex_50",24.06,11338.5050423274,0.195879141745138,25.5614188752632,7208,238,10.109243697479,5.10518879698339
"result_final_convex_50",28.99,48896.3665927902,0.198327614483389,25.4247579979073,8016,180,16.1055555555556,5.04216219513776
"result_final_convex_50",21.22,7315.38896030452,0.193457399938478,25.0013375106332,6560,256,8.2890625,5.16909666064991
"result_final_convex_50",3.91,430.13132124208,0.150054112956162,24.5067704294162,1496,93,4.20430107526882,6.66426251369829
"result_final_convex_50",16.99,5776.734879797,0.187867931523131,25.8204213116824,5566,229,7.41921397379913,5.32288822202142
"result_final_convex_50",31.67,30917.8433985603,0.199033941127444,24.0854535652673,8498,187,16.9358288770053,5.02426869676307
"result_final_convex_50",28.21,15586.9423685371,0.198053804474513,24.6647474349312,7970,235,12.0042553191489,5.04913300026351
"result_final_convex_50",4.8,516.1140987098,0.153610509866456,25.1253887763001,1802,108,4.44444444444444,6.50997123093575
"result_final_convex_50",34.44,82976.5563682822,0.199478289998312,24.3875479581405,8734,175,19.68,5.01307686168987
"result_final_convex_50",26.89,19298.2146275466,0.19750423579989,23.9776967688248,7672,215,12.506976744186,5.06318254871857
"result_final_convex_50",8.91,2531.08320095436,0.168349789826742,25.8089499195638,3034,149,5.97986577181208,5.94001335569919
"result_final_convex_50",37.95,295800.702505334,0.199779524060942,25.3914059969235,9206,153,24.8039215686275,5.00551798138709
"result_final_convex_50",8.62,973.598884535493,0.167410514712865,25.7236672420523,3078,170,5.07058823529412,5.973340454243
"result_final_convex_50",2.04,301.094202654077,0.142247172971768,22.1649818857484,788,51,4,7.03001668931917
"result_final_convex_50",11.68,2097.71966991406,0.176485249625367,23.9469238836931,3998,198,5.8989898989899,5.66619591225184
"result_final_convex_50",44.78,1559796.15307182,0.199969933968545,26.1896865038818,10050,94,47.6382978723404,5.00075176379914
"result_final_convex_50",5.17,576.211676620357,0.155054699754361,25.4778569788988,2054,127,4.07086614173228,6.44933692164255
"result_final_convex_50",14.6,4734.70487821813,0.18340731497081,23.9231861695673,4688,206,7.0873786407767,5.4523452358438
"result_final_convex_50",29.14,57902.3661749998,0.198376334749924,25.0646000432208,8302,210,13.8761904761905,5.04092386453563
"result_final_convex_50",5.03,557.288674302494,0.154510712531397,25.376772953817,1800,105,4.79047619047619,6.47204315879909
"result_final_convex_50",22.37,6697.9034618726,0.194548356159769,25.0308993882978,6986,244,9.16803278688525,5.1401102519662
"result_final_convex_50",28.55,30747.4431986423,0.198177487330254,24.7195850436543,8082,203,14.064039408867,5.04598182907398
"result_final_convex_50",6.9,815.399884174911,0.161513593058351,24.8532764977461,2560,152,4.53947368421053,6.19142934699449
"result_final_convex_50",42.01,359650.656795973,0.199928605737966,24.4127614948724,9600,119,35.3025210084034,5.00178549392095
"result_final_convex_50",29.74,27363.6083158718,0.198559352006214,25.0915085547763,8102,190,15.6526315789474,5.03627751549423
"result_final_convex_50",3.71,474.606186161926,0.149239733006314,24.7930945315247,1404,85,4.36470588235294,6.70062844428764
"result_final_convex_50",6.2,1031.31313142277,0.158960686497405,25.6033379251599,2222,123,5.04065040650407,6.2908636219077
"result_final_convex_50",19.46,11894.553906249,0.191455244319858,25.4580140677464,6532,261,7.45593869731801,5.22315282379694
"result_final_convex_50",20.54,7105.72101676641,0.192733922760734,24.783574021833,6464,230,8.9304347826087,5.18850021665066
"result_final_convex_50",41.5,886902.640167251,0.199917028682534,26.2712888030053,9612,123,33.739837398374,5.00207514382373
"result_final_convex_50",20.01,6047.2476270704,0.192126931185689,24.5654147983333,6218,221,9.05429864253394,5.20489237936929
"result_final_convex_50",15.45,2934.40434541533,0.185112843536132,25.3705388013885,5190,234,6.6025641025641,5.40211030686702
"result_final_convex_50",44.62,650575.612989776,0.199968319280274,24.9346731256114,9322,99,45.0707070707071,5.00079214347153
"result_final_convex_50",13.9,2917.60682979085,0.181900038595481,25.0182722902757,4644,211,6.58767772511848,5.49752494678604
"result_final_convex_50",23.62,9955.44337008226,0.195561585848762,24.5586727409313,6976,228,10.359649122807,5.11347868069219
"result_final_convex_50",9.44,1033.90288826388,0.170024150816053,24.8671100974194,3498,183,5.15846994535519,5.88151739150215
"result_final_convex_50",23.92,15771.2055490215,0.195780198558499,25.2693965245407,7016,220,10.8727272727273,5.10776885181879
"result_final_convex_50",40.9,254680.941839551,0.199901312363139,23.6265327226077,9454,118,34.6610169491525,5.00246840892875
"result_final_convex_50",25.77,12665.1290245426,0.196940914754219,24.820262373861,7424,236,10.9194915254237,5.07766505120581
"result_final_convex_50",20.49,7556.09921528037,0.192678303889552,25.060883102798,6360,223,9.18834080717489,5.18999793860146
"result_final_convex_50",10.87,2963.70922737849,0.174264716613198,24.9042027043171,3768,192,5.66145833333333,5.7383962711145
"result_final_convex_50",22.2,8499.89763367704,0.194397085933766,25.2996889906986,6810,241,9.21161825726141,5.14411003229089
"result_final_convex_50",5.11,542.977451014187,0.15482193322198,25.1256517569147,2096,136,3.75735294117647,6.45903315627912
"result_final_convex_50",26.62,13931.9632246126,0.197377104054239,24.8918835716082,7778,235,11.3276595744681,5.06644377417353
"result_final_convex_50",10.57,1587.51196515815,0.173408895815116,26.2660053094222,3862,224,4.71875,5.76671684171367
"result_final_convex_50",36.98,343701.55132995,0.199717540466352,24.9332026921014,9252,139,26.6043165467626,5.00707147536937
"result_final_convex_50",33.41,45090.1567224163,0.19933992641215,24.2106795010722,8870,184,18.1576086956522,5.01655648217922
"result_final_convex_50",31.63,30442.5477104266,0.199025674539932,24.9821749918369,8518,211,14.9905213270142,5.0244773811801
"result_final_convex_50",5.43,740.254802333752,0.156056845894382,25.2875207474608,2048,123,4.41463414634146,6.40792138447288
"result_final_convex_50",41.27,331847.354592708,0.199911286657499,25.9773755157891,9648,145,28.4620689655172,5.00221881775622
"result_final_convex_50",38.2,103905.635172234,0.199793424940729,25.7438787752349,9480,165,23.1515151515152,5.00516971615388
"result_final_convex_50",33.22,63963.9269397314,0.199311211780174,25.3898362690729,8844,207,16.048309178744,5.01727921409122
"result_final_convex_50",25.43,20050.4349829989,0.19675027280182,24.8581022571737,7548,223,11.4035874439462,5.08258507477276
"result_final_convex_50",32.08,100802.186492365,0.199115263600047,24.5202914158849,8454,180,17.8222222222222,5.02221668956856
"result_final_convex_50",21.35,6885.49648987316,0.193588886516275,25.2291836306827,6624,242,8.82231404958678,5.16558578333437
"result_final_convex_50",29.37,35397.8312209176,0.198448696879491,23.6518119622507,8306,209,14.0526315789474,5.03908574722088
"result_final_convex_50",8.02,760.506931506581,0.16541605571694,24.7039053771323,3124,185,4.33513513513514,6.0453623783123
"result_final_convex_50",31.74,86848.6580946309,0.199048262923128,24.5384014780534,8634,179,17.731843575419,5.02390719373521
"result_final_convex_50",32.33,50929.1515439261,0.199161905742366,25.8381816961087,8462,185,17.4756756756757,5.02104052616162
"result_final_convex_50",25.74,14851.0139991386,0.196924477454922,24.6450181082739,7432,223,11.542600896861,5.07808888424706
"result_final_convex_50",27.84,34176.7478545866,0.197911220779333,25.6481130308733,7720,201,13.8507462686567,5.05277061129838
"result_final_convex_50",34.06,141085.066416702,0.199430491551146,23.9140447954006,8644,172,19.8023255813953,5.01427836948163
"result_final_convex_50",2.33,191.143094382298,0.143484174250323,24.8895101602565,924,62,3.75806451612903,6.96940972915519
"result_final_convex_50",34.64,175462.19280299,0.199502021743285,24.4819263201092,8868,169,20.4970414201183,5.01248053158468
"result_final_convex_50",40.92,406104.305758838,0.199901875752224,24.8352091841828,9398,120,34.1,5.00245431033118
"result_final_convex_50",38.99,375484.867632549,0.19983244138104,23.2910285182275,8992,131,29.763358778626,5.00419247790304
"result_final_convex_50",29.86,41756.0193815089,0.198593765116332,24.5382203938458,8430,222,13.4504504504505,5.03540480948242
"result_final_convex_50",7.82,1201.43908982383,0.164736123691042,25.4673200761317,2910,160,4.8875,6.07031401245954
"result_final_convex_50",34.84,65092.5603507576,0.199524812389408,25.1794348881508,8608,169,20.6153846153846,5.01190798289449
"result_final_convex_50",2.9,421.182197571445,0.14588893058231,25.1239803713295,1128,78,3.71794871794872,6.85452964805855
"result_final_convex_50",22.12,7265.44270875798,0.194324731238881,24.7711822173604,6490,233,9.49356223175966,5.14602538557335
"result_final_convex_50",10.95,1682.8681900255,0.174489888682364,25.2013660736587,4070,218,5.02293577981651,5.73099110528043
"result_final_convex_50",13.64,2456.08165891106,0.181316114069052,25.2217039767619,4692,210,6.4952380952381,5.51522960402274
"result_final_convex_50",39.86,256517.123824419,0.199867789224615,24.6384554238931,9414,130,30.6615384615385,5.0033074557911
"result_final_convex_50",12.25,3256.10288287628,0.177968964792782,25.0302297177424,4126,203,6.03448275862069,5.61895722191984
"result_final_convex_50",26.98,19229.0457922216,0.197545446386801,24.1940340446424,7890,220,12.2636363636364,5.06212630202553
"result_final_convex_50",1.46,215.898017042462,0.139748159228906,24.565570625851,504,27,5.40740740740741,7.15572931706392
"result_final_convex_50",11.49,1969.73726518604,0.175976205932918,25.8494041387234,4112,221,5.19909502262443,5.68258643092464
"result_final_convex_50",3.13,483.166706209987,0.146848654847919,25.2727222356264,1164,75,4.17333333333333,6.80973210844615
"result_final_convex_50",7.19,1660.94651416965,0.16254597291535,24.7029372903116,2486,137,5.24817518248175,6.15210566010624
"result_final_convex_50",20.41,5195.25315349675,0.192588608513098,25.1572166676817,6490,239,8.53974895397489,5.19241510554862
"result_final_linear_100",3.68,710.472083062023,0.10194750211685,26.2115393618511,1388,81,4.54320987654321,9.80897009966779
"result_final_linear_100",16.55,10356.4659748572,0.111007648819421,24.3540707199368,5588,236,7.01271186440678,9.00838825644101
"result_final_linear_100",10.21,2696.11697308895,0.106028222235343,25.1209751047959,3564,179,5.70391061452514,9.43145116382668
"result_final_linear_100",18.95,10210.0390560228,0.113237862382117,24.6487822457833,6096,246,7.70325203252033,8.83096853793952
"result_final_linear_100",25.94,21233.0476501526,0.121230970698969,25.2603646417481,7516,217,11.9539170506912,8.24871725627868
"result_final_linear_100",19.32,8554.06339864438,0.113601802309209,25.0874911769656,6102,249,7.75903614457831,8.80267724343081
"result_final_linear_100",29.37,44012.4195035316,0.126248994548217,24.1852782475291,8110,201,14.6119402985075,7.92085516069659
"result_final_linear_100",8.18,1615.32857203587,0.10466203123219,25.4732128572436,3036,169,4.84023668639053,9.5545632759747
"result_final_linear_100",12.27,2836.77046351731,0.107518843066364,25.0622599259696,4432,216,5.68055555555556,9.30069531517158
"result_final_linear_100",24.58,21722.2398561513,0.119467764929511,24.4459418206822,7102,221,11.1221719457014,8.37045876425348
"result_final_linear_100",41.33,434301.32482616,0.15437442441784,25.490101283755,9530,131,31.5496183206107,6.47775694562808
"result_final_linear_100",10.19,2566.1671836881,0.106014283184796,24.917199871124,3670,204,4.99509803921569,9.43269123705601
"result_final_linear_100",12.68,3379.65516030401,0.107829093603359,24.4758664575216,4064,190,6.67368421052632,9.27393495190104
"result_final_linear_100",10.38,2522.47810736111,0.106147104109914,25.3709974293383,3790,208,4.99038461538461,9.42088819459938
"result_final_linear_100",7.01,2500.12875591922,0.103916857573895,25.6842428873626,2464,132,5.31060606060606,9.62307775029574
"result_final_linear_100",0.74,75.890398503379,0.100374153099403,22.748750330235,316,25,2.96,9.96272415877497
"result_final_linear_100",33.83,161296.958624064,0.134341691198863,25.1200786600957,8750,173,19.5549132947977,7.44370560677044
"result_final_linear_100",18.98,7103.8484499707,0.113267160631903,25.0790078805072,6170,252,7.53174603174603,8.82868427548751
"result_final_linear_100",37.76,417227.110718168,0.143542435424354,25.4801959693378,9392,148,25.5135135135135,6.96658097686377
"result_final_linear_100",9.27,2828.7600120115,0.10538358789709,24.1689427061347,3330,164,5.65243902439024,9.48914361291749
"result_final_linear_100",42.75,1021213.66726647,0.159581881533101,27.0788637767366,9372,111,38.5135135135135,6.26637554585153
"result_final_linear_100",21.64,9344.19852936094,0.116020136215576,24.5675629618925,6872,259,8.35521235521236,8.61919346605411
"result_final_linear_100",10.8,2833.91811442073,0.106443914081146,25.5197175860655,3760,183,5.9016393442623,9.39461883408068
"result_final_linear_100",33.84,61488.3189350465,0.134362307067425,24.1413929710015,8956,183,18.4918032786885,7.44256348246674
"result_final_linear_100",12.22,3767.05160201623,0.107481327292764,25.1318081071521,4240,214,5.71028037383178,9.30394167236269
"result_final_linear_100",27.23,29700.386127734,0.123015805933564,24.9658042814976,7600,208,13.0913461538462,8.12903669094409
"result_final_linear_100",21.87,13122.9880780684,0.116273532256864,24.5767014241147,6658,234,9.34615384615385,8.6004095737873
"result_final_linear_100",27.36,18322.6533963112,0.123202170963365,24.649519636728,7854,234,11.6923076923077,8.11674008810573
"result_final_linear_100",20.69,14559.0595997898,0.115000362502719,25.8153953053778,6404,219,9.44748858447489,8.69562476358591
"result_final_linear_100",1.09,220.111990408208,0.1005540588624,25.4937293671851,416,30,3.63333333333333,9.94489940349815
"result_final_linear_100",29.6,36203.8695974534,0.126618705035971,24.8854230453791,8516,201,14.726368159204,7.89772727272729
"result_final_linear_100",26.09,35021.5093425294,0.121432678879487,25.5902204578615,7578,214,12.1915887850467,8.23501555946424
"result_final_linear_100",13.3,4295.12016029923,0.108307307932542,24.0740542157254,4610,222,5.99099099099099,9.2329873125721
"result_final_linear_100",4.05,740.285105674389,0.102155975512377,26.1477638754723,1536,90,4.5,9.78895257946846
"result_final_linear_100",13.53,4997.59360368824,0.108487547832633,25.7458949586309,4622,214,6.32242990654206,9.21764773910025
"result_final_linear_100",8.85,2271.93166692554,0.105102334966849,26.1202830305844,3170,169,5.23668639053254,9.51453647833244
"result_final_linear_100",19.81,11052.1781851289,0.114092622892509,24.4583880237135,6110,230,8.61304347826087,8.7648085796234
"result_final_linear_100",1.67,241.611623792378,0.100856454177137,26.442116926958,624,42,3.97619047619048,9.91508186718197
"result_final_linear_100",28.09,36882.3014299681,0.124272012442755,24.0495503744523,8110,219,12.8264840182648,8.04686413572519
"result_final_linear_100",2.4,606.155430302612,0.101244813278008,25.2749585634788,956,62,3.87096774193548,9.8770491803279
"result_final_linear_100",39.01,398212.807428685,0.147016994094251,24.573834436969,9186,139,28.0647482014388,6.80193474340055
"result_final_linear_100",31.82,59913.0730395428,0.130438109814425,24.9644246468537,8586,204,15.5980392156863,7.66647110589616
"result_final_linear_100",6.21,1149.01589207008,0.10342394001213,24.9973742748898,2322,138,4.5,9.66894125173259
"result_final_linear_100",11.68,3031.1305832335,0.107080504364694,24.5747201523794,4280,217,5.38248847926267,9.33876811594207
"result_final_linear_100",32.1,113439.107315307,0.130954676952748,25.1072916738177,8670,184,17.445652173913,7.63622974963183
"result_final_linear_100",36.58,237158.685119985,0.140527365388877,23.3969852790616,9114,139,26.3165467625899,7.1160517187007
"result_final_linear_100",37.16,204252.512081594,0.141979213737009,25.4526073192147,9298,153,24.2875816993464,7.04328453214511
"result_final_linear_100",32.21,78915.1923275408,0.131159910999323,24.6515413216933,8718,193,16.6891191709845,7.62428086738456
"result_final_linear_100",17.67,10477.4403650888,0.112021225933737,25.7208638998122,5578,235,7.51914893617021,8.92687963075428
"result_final_linear_100",12.37,6713.71597775776,0.107594081895758,24.256521859863,4290,201,6.15422885572139,9.29419148693369
"result_final_linear_100",25.92,28234.6908443275,0.121204188481675,25.0067355460187,7514,236,10.9830508474576,8.25053995680348
"result_final_linear_100",26.73,42428.1992415917,0.122310324680745,24.8678195035212,7556,224,11.9330357142857,8.17592466220824
"result_final_linear_100",14,4894.51677420412,0.108860759493671,25.1112324609406,5022,227,6.16740088105727,9.1860465116279
"result_final_linear_100",30.37,62951.8402908888,0.127890531729268,25.2166154677864,8436,210,14.4619047619048,7.81918713198334
"result_final_linear_100",11.77,2897.35886142621,0.107146760580485,25.2952319261213,4014,192,6.13020833333333,9.33299331293207
"result_final_linear_100",36.28,182735.79006626,0.139798157086441,24.7633368663974,9108,165,21.9878787878788,7.15317011927184
"result_final_linear_100",26.97,26259.3649079645,0.122646737761357,24.7184423100898,7712,213,12.6619718309859,8.1534985622347
"result_final_linear_100",40.4,344691.555239399,0.151269035532995,23.9456890281688,9244,120,33.6666666666667,6.61073825503355
"result_final_linear_100",8.18,1861.47442317596,0.10466203123219,25.8251434866633,3062,165,4.95757575757576,9.5545632759747
"result_final_linear_100",29.17,39673.4046776994,0.125931193883901,24.3359447217425,8046,206,14.1601941747573,7.94084427502469
"result_final_linear_100",2.93,466.464671300422,0.10153234663459,25.3791967945068,1180,72,4.06944444444444,9.84907798495933
"result_final_linear_100",4.6,716.233407614141,0.102470461868958,24.510285839422,1804,105,4.38095238095238,9.75890985324949
"result_final_linear_100",24.96,38085.1873595233,0.119948849104859,25.2811785399478,7374,231,10.8051948051948,8.33688699360343
"result_final_linear_100",14.16,4874.5048888305,0.108989334687659,25.2429258405646,4788,225,6.29333333333333,9.17520969245105
"result_final_linear_100",23.45,17508.462524333,0.118087157732356,24.8225332478769,7134,220,10.6590909090909,8.46832135858918
"result_final_linear_100",33.04,78413.7537465115,0.132751784298176,24.7026927640054,8740,185,17.8594594594595,7.53285543608125
"result_final_linear_100",43.53,333162.749955637,0.162714306295923,22.8309140029581,9654,102,42.6764705882353,6.1457411014698
"result_final_linear_100",9.41,2252.2352099622,0.105478255807184,26.1946556513351,3278,182,5.17032967032967,9.48062700077272
"result_final_linear_100",2.07,290.187853551804,0.101068166572063,24.6568518782877,800,49,4.22448979591837,9.8943122638619
"result_final_linear_100",35.25,130342.851863599,0.137400530503979,23.4566120908063,8624,158,22.3101265822785,7.27799227799227
"result_final_linear_100",25.12,18221.9576079811,0.1201540436457,24.2074184140618,7350,213,11.7934272300469,8.32264957264955
"result_final_linear_100",14.76,5156.64874652932,0.109478551245826,25.7655699586333,5260,255,5.78823529411765,9.13420929141247
"result_final_linear_100",21.43,11322.3481006417,0.115791024979736,24.8385251461438,6700,242,8.85537190082645,8.63624793178059
"result_final_linear_100",5.64,766.642763795064,0.103080620493773,25.7026756378011,2226,137,4.11678832116788,9.70114455277662
"result_final_linear_100",14.22,6101.77967548835,0.1090377526376,24.8764904511108,5000,236,6.02542372881356,9.17113546281185
"result_final_linear_100",38.84,218900.872426439,0.146526114039291,24.8193558041828,9326,139,27.9424460431655,6.82472204054937
"result_final_linear_100",3.15,502.340972734897,0.1016531094201,25.8508355539559,1316,88,3.57954545454545,9.83737738771293
"result_final_linear_100",35.7,153306.572414634,0.138428417653391,25.9421893923974,8658,168,21.25,7.22395023328148
"result_final_linear_100",1.81,237.471103637815,0.10093025646297,25.7906943680457,778,53,3.41509433962264,9.90783175476114
"result_final_linear_100",19.27,9272.74739694517,0.11355228919052,25.4646662256114,6134,230,8.37826086956522,8.80651554564596
"result_final_linear_100",4.1,700.003663604579,0.102184336707512,25.2447217285127,1662,100,4.1,9.78623566214807
"result_final_linear_100",9.66,1968.47229382386,0.105648462168167,25.1863897460395,3426,172,5.61627906976744,9.46535311047159
"result_final_linear_100",34.2,114144.286923484,0.135112936344969,24.9924509545277,8850,176,19.4318181818182,7.40121580547114
"result_final_linear_100",27.2,26817.449092148,0.122972972972973,24.8245359161409,7698,215,12.6511627906977,8.13186813186813
"result_final_linear_100",37.3,257146.737710625,0.142338251986379,23.8001446810061,9224,147,25.3741496598639,7.02551834130782
"result_final_linear_100",36.6,164130.962513318,0.140576496674058,23.2490708890277,9008,144,25.4166666666667,7.1135646687697
"result_final_linear_100",33.5,115447.995071835,0.133668341708543,24.4058431492904,8760,178,18.8202247191011,7.48120300751878
"result_final_linear_100",25.04,17405.0909591749,0.120051249199231,24.322183915479,7598,232,10.7931034482759,8.3297758804696
"result_final_linear_100",21.9,21184.1651396854,0.116306775874907,25.7548950058344,6858,244,8.97540983606557,8.59795134443021
"result_final_linear_100",17.58,6980.83001713505,0.111938068721988,25.2840085066157,5658,221,7.95475113122172,8.93351128366904
"result_final_linear_100",9.58,2656.85537544987,0.105593833936704,25.8524047673735,3552,190,5.04210526315789,9.47024994470254
"result_final_linear_100",2.01,409.379515230267,0.101036242717946,24.6974654796448,838,56,3.58928571428571,9.8974385141341
"result_final_linear_100",3.62,435.494720633131,0.101913926192239,26.741881222277,1492,101,3.58415841584158,9.8122017015978
"result_final_linear_100",38.27,200853.196253465,0.144923113041437,25.1204329165501,9280,142,26.9507042253521,6.90021059452453
"result_final_linear_100",11.78,2485.48820192125,0.107154135794971,24.9306227628927,4172,198,5.94949494949495,9.33235094082978
"result_final_linear_100",2.59,344.432758112962,0.101347344327108,23.7393843086014,944,56,4.625,9.86705677035213
"result_final_linear_100",29.59,47117.4852916415,0.126602535287243,25.337015597464,8068,207,14.2946859903382,7.89873597500353
"result_final_linear_100",36.37,226024.455204768,0.140015403234679,26.2765604422345,9136,157,23.1656050955414,7.14207134999216
"result_final_linear_100",7.86,2546.79700815394,0.104455277179458,24.2449503720695,2850,148,5.31081081081081,9.57347514651618
"result_final_linear_100",35.55,136845.990419484,0.138082485270487,24.2015100221252,8802,153,23.2352941176471,7.24204809930181
"result_final_linear_100",1.46,120.088379183586,0.100746344954504,26.9997914788474,628,42,3.47619047619048,9.92591840876798
"result_final_linear_100",39.58,345679.86066874,0.148707851341373,25.4084192725588,9508,140,28.2714285714286,6.72459450513077
"result_final_linear_100",17.98,8704.56403741876,0.112310009585102,25.1960559786002,5894,249,7.22088353413655,8.9039258717386
"result_final_linear_100",37.61,226877.900357434,0.143145577606975,25.2062563137331,9268,141,26.6737588652482,6.98589517550889
"result_final_linear_100",13.99,6186.30389162646,0.108852749477947,25.4403035225702,4600,208,6.72596153846154,9.18672247413093
"result_final_linear_100",13.09,3221.05416018232,0.108144092577615,24.5093894032642,4638,226,5.79203539823009,9.24692210332525
"result_final_linear_100",39.54,419199.270560246,0.148586876382404,24.7045462330235,9392,132,29.9545454545455,6.73006946741645
"result_final_linear_100",10.78,2651.14649468226,0.10642967911249,25.7022409394854,3928,199,5.41708542713568,9.39587536426806
"result_final_linear_100",34.96,141283.387291433,0.136753574432296,24.8024330983445,8762,156,22.4102564102564,7.31242312423124
"result_final_linear_100",28.5,31528.3003487941,0.124890829694323,25.1028225905933,7968,229,12.4454148471616,8.00699300699302
"result_final_linear_100",12.53,3636.02741741869,0.107715042177206,25.1120853142053,4386,205,6.11219512195122,9.2837544300903
"result_final_linear_100",3.34,612.758280150788,0.101758079797873,24.2798515676621,1340,85,3.92941176470588,9.82722946410102
"result_final_linear_100",35.92,332694.287771524,0.138941890719861,25.5941955901849,8880,137,26.2189781021898,7.1972534332085
"result_final_linear_100",42.4,709827.513003823,0.158241758241758,23.9279416813486,9784,96,44.1666666666667,6.31944444444445
"result_final_linear_100",21.7,22932.0860575479,0.116085989621942,24.9054826809102,6442,220,9.86363636363636,8.61430395913156
"result_final_linear_100",2.79,406.07444134431,0.101455930699786,24.7449371633913,1082,68,4.10294117647059,9.85649624524226
"result_final_linear_100",13.47,6443.38796498028,0.108440378469829,25.1751063294733,4468,204,6.60294117647059,9.2216572287068
"result_final_linear_100",36.54,285352.182782642,0.140429298517371,25.4104494680193,9396,134,27.2686567164179,7.12102111566342
"result_final_linear_100",25.11,23000.5368161369,0.120141172695917,24.8527588271431,7360,231,10.8701298701299,8.32354119375085
"result_final_linear_100",24.06,18011.7363615613,0.118823345329369,25.5614188752632,7208,238,10.109243697479,8.41585462207009
"result_final_linear_100",28.99,68435.4401584543,0.125648058037689,25.4247579979073,8016,180,16.1055555555556,7.9587382058865
"result_final_linear_100",21.22,12703.4777599809,0.115564031098724,25.0013375106332,6560,256,8.2890625,8.65321147499364
"result_final_linear_100",3.91,711.7661273268,0.102076804589154,24.5067704294162,1496,93,4.20430107526882,9.79654490581745
"result_final_linear_100",16.99,8790.80870951177,0.111400389183386,25.8204213116824,5566,229,7.41921397379913,8.97662932176845
"result_final_linear_100",31.67,41051.414551116,0.130164777597866,24.0854535652673,8498,187,16.9358288770053,7.68256988145766
"result_final_linear_100",28.21,24360.1602488967,0.124451763890093,24.6647474349312,7970,235,12.0042553191489,8.03524167711379
"result_final_linear_100",4.8,819.654293832397,0.102586206896552,25.1253887763001,1802,108,4.44444444444444,9.74789915966384
"result_final_linear_100",34.44,103433.911701448,0.135622672734795,24.3875479581405,8734,175,19.68,7.37339841366688
"result_final_linear_100",26.89,30412.3687518644,0.122534148998575,23.9776967688248,7672,215,12.506976744186,8.16099028860624
"result_final_linear_100",8.91,4168.59449450557,0.105142263519363,25.8089499195638,3034,149,5.97986577181208,9.5109232627072
"result_final_linear_100",37.95,319250.488470119,0.144051073708648,25.3914059969235,9206,153,24.8039215686275,6.94198227236098
"result_final_linear_100",8.62,1529.23360179359,0.104950040197542,25.7236672420523,3078,170,5.07058823529412,9.52834318231562
"result_final_linear_100",2.04,429.310645075246,0.101052197235403,22.1649818857484,788,51,4,9.89587586770114
"result_final_linear_100",11.68,3550.82522432644,0.107080504364694,23.9469238836931,3998,198,5.8989898989899,9.33876811594207
"result_final_linear_100",44.78,1601148.77442478,0.168199817240329,26.1896865038818,10050,94,47.6382978723404,5.94530967040927
"result_final_linear_100",5.17,849.701541631309,0.102802319908938,25.4778569788988,2054,127,4.07086614173228,9.72740693873248
"result_final_linear_100",14.6,6803.80080709305,0.109346991037132,23.9231861695673,4688,206,7.0873786407767,9.14519906323184
"result_final_linear_100",29.14,72946.0891950733,0.1258838159531,25.0646000432208,8302,210,13.8761904761905,7.94383290996331
"result_final_linear_100",5.03,925.64026116087,0.102720242280028,25.376772953817,1800,105,4.79047619047619,9.73517953037802
"result_final_linear_100",22.37,11168.6554458326,0.116833471292046,25.0308993882978,6986,244,9.16803278688525,8.55919103439392
"result_final_linear_100",28.55,42612.9252561247,0.124967205946655,24.7195850436543,8082,203,14.064039408867,8.00209937018894
"result_final_linear_100",6.9,1326.28544681154,0.103848298940323,24.8532764977461,2560,152,4.53947368421053,9.62943071965633
"result_final_linear_100",42.01,395982.440564478,0.156793294578883,24.4127614948724,9600,119,35.3025210084034,6.37782376271772
"result_final_linear_100",29.74,40053.3125081741,0.126846001083228,25.0915085547763,8102,190,15.6526315789474,7.88357529177341
"result_final_linear_100",3.71,726.368970135549,0.101964314078467,24.7930945315247,1404,85,4.36470588235294,9.80735278845152
"result_final_linear_100",6.2,1559.15955995826,0.103417861080485,25.6033379251599,2222,123,5.04065040650407,9.66950959488274
"result_final_linear_100",19.46,16107.9603741734,0.113740997034317,25.4580140677464,6532,261,7.45593869731801,8.79190464365534
"result_final_linear_100",20.54,10901.330777924,0.114843185431421,24.783574021833,6464,230,8.9304347826087,8.7075257991442
"result_final_linear_100",41.5,929094.27683556,0.154966887417219,26.2712888030053,9612,123,33.739837398374,6.45299145299143
"result_final_linear_100",20.01,10873.0423262909,0.114295920554405,24.5654147983333,6218,221,9.05429864253394,8.7492186523315
"result_final_linear_100",15.45,4886.90498654805,0.11005532053368,25.3705388013885,5190,234,6.6025641025641,9.08633944411594
"result_final_linear_100",44.62,698745.270165463,0.167462957363169,24.9346731256114,9322,99,45.0707070707071,5.97146984470928
"result_final_linear_100",13.9,5071.3019249815,0.108780795957044,25.0182722902757,4644,211,6.58767772511848,9.19279907084782
"result_final_linear_100",23.62,16579.8955834435,0.118290227659904,24.5586727409313,6976,228,10.359649122807,8.45378371301388
"result_final_linear_100",9.44,1712.31749525661,0.105498602050326,24.8671100974194,3498,183,5.15846994535519,9.47879858657245
"result_final_linear_100",23.92,21391.8682823924,0.118652526512789,25.2693965245407,7016,220,10.8727272727273,8.42797055730806
"result_final_linear_100",40.9,286580.526073735,0.152910737386805,23.6265327226077,9454,118,34.6610169491525,6.53976311336716
"result_final_linear_100",25.77,20515.3596981097,0.121004156817997,24.820262373861,7424,236,10.9194915254237,8.2641789034083
"result_final_linear_100",20.49,11763.4664042976,0.114791019995669,25.060883102798,6360,223,9.18834080717489,8.71148283234812
"result_final_linear_100",10.87,4448.79769006702,0.106493816834936,24.9042027043171,3768,192,5.66145833333333,9.39021653764168
"result_final_linear_100",22.2,14375.446604061,0.11664167916042,25.2996889906986,6810,241,9.21161825726141,8.57326478149099
"result_final_linear_100",5.11,851.596175737324,0.102767098066822,25.1256517569147,2096,136,3.75735294117647,9.73074085783538
"result_final_linear_100",26.62,21255.9493525544,0.122157482936574,24.8918835716082,7778,235,11.3276595744681,8.18615426546743
"result_final_linear_100",10.57,2486.22368631905,0.106280824766772,26.2660053094222,3862,224,4.71875,9.40903499944087
"result_final_linear_100",36.98,386150.321123941,0.14152256905457,24.9332026921014,9252,139,26.6043165467626,7.06601079022532
"result_final_linear_100",33.41,62609.6629459414,0.133487020146337,24.2106795010722,8870,184,18.1576086956522,7.49136506983028
"result_final_linear_100",31.63,42557.6033478682,0.130092284273618,24.9821749918369,8518,211,14.9905213270142,7.68685095802253
"result_final_linear_100",5.43,1225.73514713098,0.102955745468401,25.2875207474608,2048,123,4.41463414634146,9.71291107116424
"result_final_linear_100",41.27,382268.383274475,0.154167213545085,25.9773755157891,9648,145,28.4620689655172,6.4864634769283
"result_final_linear_100",38.2,127425.346734718,0.144730679156909,25.7438787752349,9480,165,23.1515151515152,6.90938511326859
"result_final_linear_100",33.22,81546.8364069371,0.133107434721945,25.3898362690729,8844,207,16.048309178744,7.51272836178499
"result_final_linear_100",25.43,30810.8448156925,0.120556139358176,24.8581022571737,7548,223,11.4035874439462,8.29489070671855
"result_final_linear_100",32.08,112896.192226795,0.130917501927525,24.5202914158849,8454,180,17.8222222222222,7.63839811542992
"result_final_linear_100",21.35,11558.1598393103,0.115704303052593,25.2291836306827,6624,242,8.82231404958678,8.64272091544818
"result_final_linear_100",29.37,52759.393471091,0.126248994548217,23.6518119622507,8306,209,14.0526315789474,7.92085516069659
"result_final_linear_100",8.02,1292.8770107262,0.104558372172331,24.7039053771323,3124,185,4.33513513513514,9.56403565992611
"result_final_linear_100",31.74,101992.947628428,0.130292040465738,24.5384014780534,8634,179,17.731843575419,7.67506592440667
"result_final_linear_100",32.33,68109.9163500007,0.131385302397825,25.8381816961087,8462,185,17.4756756756757,7.61120141864935
"result_final_linear_100",25.74,21554.1060789746,0.120964326437531,24.6450181082739,7432,223,11.542600896861,8.26690008079717
"result_final_linear_100",27.84,48327.6306266257,0.123901098901099,25.6481130308733,7720,201,13.8507462686567,8.07095343680709
"result_final_linear_100",34.06,161829.306566762,0.134819055407892,23.9140447954006,8644,172,19.8023255813953,7.4173491052472
"result_final_linear_100",2.33,271.441281390907,0.101207191337236,24.8895101602565,924,62,3.75806451612903,9.88072079451217
"result_final_linear_100",34.64,200521.692064146,0.136053288925895,24.4819263201092,8868,169,20.4970414201183,7.35006119951041
"result_final_linear_100",40.92,433460.44609544,0.15297773174521,24.8352091841828,9398,120,34.1,6.5368991198375
"result_final_linear_100",38.99,425403.370881353,0.146958930507046,23.2910285182275,8992,131,29.763358778626,6.80462219308308
"result_final_linear_100",29.86,54229.4700482552,0.127042202499547,24.5382203938458,8430,222,13.4504504504505,7.87140005702881
"result_final_linear_100",7.82,2046.62258896511,0.104429591027529,25.4673200761317,2910,160,4.8875,9.57582989802562
"result_final_linear_100",34.84,88724.0262927203,0.136489317134478,25.1794348881508,8608,169,20.6153846153846,7.3265807243708
"result_final_linear_100",2.9,537.444721359465,0.101515943544171,25.1239803713295,1128,78,3.71794871794872,9.85066941297636
"result_final_linear_100",22.12,12562.9964223928,0.116551930559713,24.7711822173604,6490,233,9.49356223175966,8.57986646122237
"result_final_linear_100",10.95,2514.72761211551,0.106551002093928,25.2013660736587,4070,218,5.02293577981651,9.38517686692866
"result_final_linear_100",13.64,4290.70568069978,0.108574302237868,25.2217039767619,4692,210,6.4952380952381,9.21028253821211
"result_final_linear_100",39.86,292958.72061789,0.149564784879383,24.6384554238931,9414,130,30.6615384615385,6.68606584635851
"result_final_linear_100",12.25,4436.35460348403,0.10750382848392,25.0302297177424,4126,203,6.03448275862069,9.30199430199433
"result_final_linear_100",26.98,29811.9967843835,0.1226608432723,24.1940340446424,7890,220,12.2636363636364,8.15256094220759
"result_final_linear_100",1.46,309.039749188695,0.100746344954504,24.565570625851,504,27,5.40740740740741,9.92591840876798
"result_final_linear_100",11.49,3425.23897297363,0.10694133993838,25.8494041387234,4112,221,5.19909502262443,9.35092079990959
"result_final_linear_100",3.13,710.374824864159,0.10164209642726,25.2727222356264,1164,75,4.17333333333333,9.83844327449157
"result_final_linear_100",7.19,2448.11721198162,0.104029591436418,24.7029372903116,2486,137,5.24817518248175,9.61264949897637
"result_final_linear_100",20.41,9158.77830459665,0.114707789868127,25.1572166676817,6490,239,8.53974895397489,8.71780374418898
"result_final_concave_100",3.68,722.993792503523,0.100073038152425,26.2115393618511,1388,81,4.54320987654321,9.99270151543578
"result_final_concave_100",16.55,10812.3939820746,0.102006038200434,24.3540707199368,5588,236,7.01271186440678,9.80334123000716
"result_final_concave_100",10.21,2844.6999191805,0.100650702319823,25.1209751047959,3564,179,5.70391061452514,9.93535044417719
"result_final_concave_100",18.95,11155.8531390051,0.102810076059723,24.6487822457833,6096,246,7.70325203252033,9.72667308814258
"result_final_concave_100",25.94,24046.6567991586,0.106534827683203,25.2603646417481,7516,217,11.9539170506912,9.3866017503088
"result_final_concave_100",19.32,9416.64701778386,0.102951796397677,25.0874911769656,6102,249,7.75903614457831,9.71328364332032
"result_final_concave_100",29.37,49139.4764583935,0.109463906187667,24.1852782475291,8110,201,14.6119402985075,9.13543134743959
"result_final_concave_100",8.18,1690.74213428951,0.100398408746687,25.4732128572436,3036,169,4.84023668639053,9.96031722497792
"result_final_concave_100",12.27,3050.079567739,0.100987714466125,25.0622599259696,4432,216,5.68055555555556,9.90219459155536
"result_final_concave_100",24.58,24256.4548113567,0.105608675327671,24.4459418206822,7102,221,11.1221719457014,9.46891907220036
"result_final_concave_100",41.33,458264.556590899,0.133000640686203,25.490101283755,9530,131,31.5496183206107,7.51876077318578
"result_final_concave_100",10.19,2739.36771048539,0.100647848526477,24.917199871124,3670,204,4.99509803921569,9.93563215349739
"result_final_concave_100",12.68,3644.70110941763,0.101065575708746,24.4758664575216,4064,190,6.67368421052632,9.89456590918585
"result_final_concave_100",10.38,2661.1367511326,0.100675270280715,25.3709974293383,3790,208,4.99038461538461,9.93292590336911
"result_final_concave_100",7.01,2561.02417121736,0.100284950424961,25.6842428873626,2464,132,5.31060606060606,9.97158592353554
"result_final_concave_100",0.74,76.1522280573656,0.100002779053907,22.748750330235,316,25,2.96,9.99972210233223
"result_final_concave_100",33.83,167964.484177394,0.115034135640278,25.1200786600957,8750,173,19.5549132947977,8.69307179502864
"result_final_concave_100",18.98,7836.70025113161,0.10282137858244,25.0790078805072,6170,252,7.53174603174603,9.72560389470193
"result_final_concave_100",37.76,439913.661498287,0.122553918670479,25.4801959693378,9392,148,25.5135135135135,8.159673806015
"result_final_concave_100",9.27,2956.07307848874,0.100524687092838,24.1689427061347,3330,164,5.65243902439024,9.94780515035541
"result_final_concave_100",42.75,1070424.25947294,0.138657606324612,27.0788637767366,9372,111,38.5135135135135,7.21200968707692
"result_final_concave_100",21.64,10440.0836513113,0.103964427015064,24.5675629618925,6872,259,8.35521235521236,9.61867466316247
"result_final_concave_100",10.8,3022.85893865384,0.10073838487172,25.5197175860655,3760,183,5.9016393442623,9.92670272879
"result_final_concave_100",33.84,68962.510204795,0.115049595055718,24.1413929710015,8956,183,18.4918032786885,8.69190369175749
"result_final_concave_100",12.22,4025.95379138258,0.100978475766238,25.1318081071521,4240,214,5.71028037383178,9.90310056090536
"result_final_concave_100",27.23,33399.1214098563,0.107528046500844,24.9658042814976,7600,208,13.0913461538462,9.29989925923327
"result_final_concave_100",21.87,14557.4565996575,0.104077449224665,24.5767014241147,6658,234,9.34615384615385,9.60822932777078
"result_final_concave_100",27.36,20669.7987658805,0.10763490525887,24.649519636728,7854,234,11.6923076923077,9.29066642085042
"result_final_concave_100",20.69,16044.8458462693,0.103522658157152,25.8153953053778,6404,219,9.44748858447489,9.65972104852597
"result_final_concave_100",1.09,220.985773165799,0.100006072520202,25.4937293671851,416,30,3.63333333333333,9.99939278485306
"result_final_concave_100",29.6,40593.7007318809,0.109696154118564,24.8854230453791,8516,201,14.726368159204,9.11608987603303
"result_final_concave_100",26.09,38835.6050036089,0.106644302816793,25.5902204578615,7578,214,12.1915887850467,9.37696598493335
"result_final_concave_100",13.3,4554.27126704368,0.10119062603277,24.0740542157254,4610,222,5.99099099099099,9.88233830746492
"result_final_concave_100",4.05,757.284937752034,0.100089161454257,26.1477638754723,1536,90,4.5,9.99109179725741
"result_final_concave_100",13.53,5345.83745244951,0.101239321273125,25.7458949586309,4622,214,6.32242990654206,9.87758498797305
"result_final_concave_100",8.85,2381.10921674405,0.100473581888369,26.1202830305844,3170,169,5.23668639053254,9.95286503382599
"result_final_concave_100",19.81,12233.2388998526,0.103147436429497,24.4583880237135,6110,230,8.61304347826087,9.69486043100564
"result_final_concave_100",1.67,244.12261322384,0.100014424258855,26.442116926958,624,42,3.97619047619048,9.99855778214374
"result_final_concave_100",28.09,40107.1538325342,0.108259647515017,24.0495503744523,8110,219,12.8264840182648,9.23705205913669
"result_final_concave_100",2.4,610.831976054991,0.100030242951712,25.2749585634788,956,62,3.87096774193548,9.9969766191884
"result_final_concave_100",39.01,434156.101852301,0.125715387768464,24.573834436969,9186,139,28.0647482014388,7.95447572290631
"result_final_concave_100",31.82,66471.9306464627,0.112221750069443,24.9644246468537,8586,204,15.5980392156863,8.91092858007649
"result_final_concave_100",6.21,1192.73137950047,0.100219681330623,24.9973742748898,2322,138,4.5,9.97808002103915
"result_final_concave_100",11.68,3214.01112985269,0.10088216938513,24.5747201523794,4280,217,5.38248847926267,9.91255447910104
"result_final_concave_100",32.1,123874.871135582,0.112580688878823,25.1072916738177,8670,184,17.445652173913,8.88251804069486
"result_final_concave_100",36.58,250451.429514741,0.119953432223253,23.3969852790616,9114,139,26.3165467625899,8.33656846215818
"result_final_concave_100",37.16,223524.095581975,0.121189106615917,25.4526073192147,9298,153,24.2875816993464,8.25156672842953
"result_final_concave_100",32.21,85505.16059645,0.112724426604327,24.6515413216933,8718,193,16.6891191709845,8.87119172058503
"result_final_concave_100",17.67,11278.5559600045,0.102357471336062,25.7208638998122,5578,235,7.51914893617021,9.76968253462203
"result_final_concave_100",12.37,7080.3217425717,0.101006357973861,24.256521859863,4290,201,6.15422885572139,9.90036686857659
"result_final_concave_100",25.92,30982.735962889,0.106520345644904,25.0067355460187,7514,236,10.9830508474576,9.38787791145175
"result_final_concave_100",26.73,46407.3119935366,0.107128894049902,24.8678195035212,7556,224,11.9330357142857,9.33454983241204
"result_final_concave_100",14,5202.41833168782,0.101342833653056,25.1112324609406,5022,227,6.16740088105727,9.86749594375334
"result_final_concave_100",30.37,68323.8860360491,0.110511756164731,25.2166154677864,8436,210,14.4619047619048,9.04881104693857
"result_final_concave_100",11.77,3081.23864881348,0.100897784288448,25.2952319261213,4014,192,6.13020833333333,9.91102041588134
"result_final_concave_100",36.28,196060.39920871,0.119344389814443,24.7633368663974,9108,165,21.9878787878788,8.37911192603861
"result_final_concave_100",26.97,29466.9697071431,0.10731817109454,24.7184423100898,7712,213,12.6619718309859,9.31808648806611
"result_final_concave_100",40.4,374081.571492802,0.129826613256922,23.9456890281688,9244,120,33.6666666666667,7.70258096482142
"result_final_concave_100",8.18,1930.26720401644,0.100398408746687,25.8251434866633,3062,165,4.95757575757576,9.96031722497792
"result_final_concave_100",29.17,44182.0999889302,0.109266026293752,24.3359447217425,8046,206,14.1601941747573,9.15197554006027
"result_final_concave_100",2.93,471.754355451404,0.100045575671204,25.3791967945068,1180,72,4.06944444444444,9.99544450907517
"result_final_concave_100",4.6,734.392108648185,0.100116384213109,24.510285839422,1804,105,4.38095238095238,9.98837510822791
"result_final_concave_100",24.96,42002.8958026963,0.105855827674657,25.2811785399478,7374,231,10.8051948051948,9.4468110255909
"result_final_concave_100",14.16,5227.69236215803,0.101379324615677,25.2429258405646,4788,225,6.29333333333333,9.86394418971462
"result_final_concave_100",23.45,19582.1909800565,0.104923073410891,24.8225332478769,7134,220,10.6590909090909,9.53079210788921
"result_final_concave_100",33.04,87447.7658568858,0.113860986259202,24.7026927640054,8740,185,17.8594594594595,8.78263954014523
"result_final_concave_100",43.53,358666.559234332,0.142269009506853,22.8309140029581,9654,102,42.6764705882353,7.02893766862017
"result_final_concave_100",9.41,2364.12268089556,0.100542422978312,26.1946556513351,3278,182,5.17032967032967,9.94605033753473
"result_final_concave_100",2.07,294.027452041349,0.10002234478692,24.6568518782877,800,49,4.22448979591837,9.99776602048596
"result_final_concave_100",35.25,140557.778521127,0.117396592609445,23.4566120908063,8624,158,22.3101265822785,8.51813479226608
"result_final_concave_100",25.12,20305.5377850952,0.105962520470538,24.2074184140618,7350,213,11.7934272300469,9.43729910877348
"result_final_concave_100",14.76,5554.23239861829,0.101522004801836,25.7655699586333,5260,255,5.78823529411765,9.85008128978473
"result_final_concave_100",21.43,12603.2744242263,0.10386334179083,24.8385251461438,6700,242,8.85537190082645,9.62803605928544
"result_final_concave_100",5.64,792.258366187634,0.100178948811423,25.7026756378011,2226,137,4.11678832116788,9.98213708433297
"result_final_concave_100",14.22,6452.83440596775,0.101393175531364,24.8764904511108,5000,236,6.02542372881356,9.86259671579839
"result_final_concave_100",38.84,241834.338509023,0.125258000541679,24.8193558041828,9326,139,27.9424460431655,7.98352197604539
"result_final_concave_100",3.15,509.29635872529,0.100052920218737,25.8508355539559,1316,88,3.57954545454545,9.99471077719458
"result_final_concave_100",35.7,166962.900796153,0.118221342799832,25.9421893923974,8658,168,21.25,8.45870953854046
"result_final_concave_100",1.81,239.376085133521,0.100016992857942,25.7906943680457,778,53,3.41509433962264,9.99830100291396
"result_final_concave_100",19.27,10186.5733833705,0.102932347296974,25.4646662256114,6134,230,8.37826086956522,9.71511897144308
"result_final_concave_100",4.1,715.986944046996,0.100091473982699,25.2447217285127,1662,100,4.1,9.99086096157253
"result_final_concave_100",9.66,2077.3317906203,0.10057498173244,25.1863897460395,3426,172,5.61627906976744,9.94283054070349
"result_final_concave_100",34.2,124470.057179934,0.115616771967678,24.9924509545277,8850,176,19.4318181818182,8.64926414205338
"result_final_concave_100",27.2,30206.5729207605,0.107503570037648,24.8245359161409,7698,215,12.6511627906977,9.302016664654
"result_final_concave_100",37.3,268599.162703138,0.121499422835323,23.8001446810061,9224,147,25.3741496598639,8.23049177242079
"result_final_concave_100",36.6,173200.716127292,0.119994745923613,23.2490708890277,9008,144,25.4166666666667,8.3336982157251
"result_final_concave_100",33.5,126530.69156572,0.114532681537117,24.4058431492904,8760,178,18.8202247191011,8.73113234213351
"result_final_concave_100",25.04,19390.0562329442,0.105908976585208,24.322183915479,7598,232,10.7931034482759,9.44207027810773
"result_final_concave_100",21.9,23132.0714119776,0.104092371674484,25.7548950058344,6858,244,8.97540983606557,9.606851913483
"result_final_concave_100",17.58,7650.27555669344,0.102327747888455,25.2840085066157,5658,221,7.95475113122172,9.77252036358775
"result_final_concave_100",9.58,2760.2844759084,0.100564438266199,25.8524047673735,3552,190,5.04210526315789,9.94387297578246
"result_final_concave_100",2.01,413.078064827814,0.100021042143553,24.6974654796448,838,56,3.58928571428571,9.99789622832336
"result_final_concave_100",3.62,444.48961189062,0.100070586190725,26.741881222277,1492,101,3.58415841584158,9.99294635982341
"result_final_concave_100",38.27,219950.799425143,0.1237890164867,25.1204329165501,9280,142,26.9507042253521,8.07826112834042
"result_final_concave_100",11.78,2656.86075434804,0.100899529936548,24.9306227628927,4172,198,5.94949494949495,9.91084894675786
"result_final_concave_100",2.59,350.20360049205,0.100035360303709,23.7393843086014,944,56,4.625,9.99646521953821
"result_final_concave_100",29.59,52379.4918735443,0.109685950593148,25.337015597464,8068,207,14.2946859903382,9.11693789945117
"result_final_concave_100",36.37,242166.294808327,0.119525025244743,26.2765604422345,9136,157,23.1656050955414,8.36644876629284
"result_final_concave_100",7.86,2638.10881397759,0.100365175581316,24.2449503720695,2850,148,5.31081081081081,9.96361530987208
"result_final_concave_100",35.55,146813.728782951,0.1179420490566,24.2015100221252,8802,153,23.2352941176471,8.478740262687
"result_final_concave_100",1.46,121.281637765719,0.100010977369213,26.9997914788474,628,42,3.47619047619048,9.99890238356811
"result_final_concave_100",39.58,364300.253162765,0.127318084034943,25.4084192725588,9508,140,28.2714285714286,7.85434376883606
"result_final_concave_100",17.98,9464.73716969102,0.102461910721212,25.1960559786002,5894,249,7.22088353413655,9.75972430107119
"result_final_concave_100",37.61,240864.5717675,0.12220405640545,25.2062563137331,9268,141,26.6737588652482,8.18303442139587
"result_final_concave_100",13.99,6629.49220899145,0.1013405743306,25.4403035225702,4600,208,6.72596153846154,9.86771593318322
"result_final_concave_100",13.09,3441.45645927958,0.101147265526406,24.5093894032642,4638,226,5.79203539823009,9.88657473630797
"result_final_concave_100",39.54,462698.962388328,0.127202012119682,24.7045462330235,9392,132,29.9545454545455,7.86151086241559
"result_final_concave_100",10.78,2811.11426092973,0.100735300352025,25.7022409394854,3928,199,5.41708542713568,9.92700668490038
"result_final_concave_100",34.96,151467.223018978,0.116885431873022,24.8024330983445,8762,156,22.4102564102564,8.55538610736662
"result_final_concave_100",28.5,35429.0088350106,0.108629711280512,25.1028225905933,7968,229,12.4454148471616,9.20558462516505
"result_final_concave_100",12.53,3876.80308623779,0.101036651638628,25.1120853142053,4386,205,6.11219512195122,9.8973984567169
"result_final_concave_100",3.34,620.16143574698,0.100059734977523,24.2798515676621,1340,85,3.92941176470588,9.99403006838501
"result_final_concave_100",35.92,348758.577280979,0.118639128477137,25.5941955901849,8880,137,26.2189781021898,8.42892233646769
"result_final_concave_100",42.4,732953.107361756,0.137161000132293,23.9279416813486,9784,96,44.1666666666667,7.29070216049381
"result_final_concave_100",21.7,24365.6212406799,0.103993676473956,24.9054826809102,6442,220,9.86363636363636,9.61596929646427
"result_final_concave_100",2.79,412.963588516654,0.100041203625654,24.7449371633913,1082,68,4.10294117647059,9.99588133447413
"result_final_concave_100",13.47,6760.21622064869,0.101226495588325,25.1751063294733,4468,204,6.60294117647059,9.87883650607515
"result_final_concave_100",36.54,301835.446559809,0.119871074583063,25.4104494680193,9396,134,27.2686567164179,8.34229611670882
"result_final_concave_100",25.11,25155.4131378695,0.10595580578423,24.8527588271431,7360,231,10.8701298701299,9.43789717418992
"result_final_concave_100",24.06,20088.8255954217,0.105284251491271,25.5614188752632,7208,238,10.109243697479,9.49809668431664
"result_final_concave_100",28.99,75525.9848615486,0.109091106753143,25.4247579979073,8016,180,16.1055555555556,9.1666500575785
"result_final_concave_100",21.22,14162.2899758958,0.103764232937236,25.0013375106332,6560,256,8.2890625,9.63723213378228
"result_final_concave_100",3.91,729.274618689724,0.100082856545934,24.5067704294162,1496,93,4.20430107526882,9.99172120493024
"result_final_concave_100",16.99,9425.43584226979,0.102139386139283,25.8204213116824,5566,229,7.41921397379913,9.79054249098721
"result_final_concave_100",31.67,46255.8860528054,0.112033476133364,24.0854535652673,8498,187,16.9358288770053,8.92590352913451
"result_final_concave_100",28.21,27744.556797762,0.108366489591601,24.6647474349312,7970,235,12.0042553191489,9.2279449465299
"result_final_concave_100",4.8,842.051420661334,0.100127271441703,25.1253887763001,1802,108,4.44444444444444,9.98728903326032
"result_final_concave_100",34.44,113242.901686527,0.116006685781443,24.3875479581405,8734,175,19.68,8.62019282133448
"result_final_concave_100",26.89,34172.2461109503,0.107254608903652,23.9776967688248,7672,215,12.506976744186,9.32360865627985
"result_final_concave_100",8.91,4358.56166694086,0.100480691701093,25.8089499195638,3034,149,5.97986577181208,9.95216078900781
"result_final_concave_100",37.95,331985.066671138,0.123005685518959,25.3914059969235,9206,153,24.8039215686275,8.12970551548911
"result_final_concave_100",8.62,1594.52026299964,0.100446908694875,25.7236672420523,3078,170,5.07058823529412,9.95550796926637
"result_final_concave_100",2.04,433.534570297624,0.100021688372689,22.1649818857484,788,51,4,9.99783163301461
"result_final_concave_100",11.68,3781.86437536505,0.10088216938513,23.9469238836931,3998,198,5.8989898989899,9.91255447910104
"result_final_concave_100",44.78,1628396.61418837,0.148989169579838,26.1896865038818,10050,94,47.6382978723404,6.71189726622468
"result_final_concave_100",5.17,873.153002108043,0.100148835143895,25.4778569788988,2054,127,4.07086614173228,9.98513860458974
"result_final_concave_100",14.6,7217.0550860981,0.101483042003289,23.9231861695673,4688,206,7.0873786407767,9.8538630717001
"result_final_concave_100",29.14,78186.8232901392,0.109236666002548,25.0646000432208,8302,210,13.8761904761905,9.15443537957003
"result_final_concave_100",5.03,953.398376941641,0.100140456766589,25.376772953817,1800,105,4.79047619047619,9.98597402377379
"result_final_concave_100",22.37,12506.7550187898,0.104331707419596,25.0308993882978,6986,244,9.16803278688525,9.58481390492586
"result_final_concave_100",28.55,47086.076636708,0.10867582338777,24.7195850436543,8082,203,14.064039408867,9.20167861468015
"result_final_concave_100",6.9,1377.12227112662,0.100275399549157,24.8532764977461,2560,152,4.53947368421053,9.9725356816931
"result_final_concave_100",42.01,419986.674075143,0.135575428040908,24.4127614948724,9600,119,35.3025210084034,7.37596786121349
"result_final_concave_100",29.74,45102.9697942546,0.109840026569156,25.0915085547763,8102,190,15.6526315789474,9.10414929088162
"result_final_concave_100",3.71,741.254177370627,0.100074281031997,24.7930945315247,1404,85,4.36470588235294,9.99257741037647
"result_final_concave_100",6.2,1604.30228413227,0.100218926054934,25.6033379251599,2222,123,5.04065040650407,9.97815521842511
"result_final_concave_100",19.46,17099.977073969,0.103006755639813,25.4580140677464,6532,261,7.45593869731801,9.70810112199565
"result_final_concave_100",20.54,11998.7046033903,0.103456458682625,24.783574021833,6464,230,8.9304347826087,9.66590208802445
"result_final_concave_100",41.5,952387.69765015,0.133622919615403,26.2712888030053,9612,123,33.739837398374,7.48374607348968
"result_final_concave_100",20.01,12156.8565759194,0.103229970771918,24.5654147983333,6218,221,9.05429864253394,9.68710920406492
"result_final_concave_100",15.45,5275.35951862678,0.101697898508059,25.3705388013885,5190,234,6.6025641025641,9.83304487772435
"result_final_concave_100",44.62,734622.244106807,0.148056266456291,24.9346731256114,9322,99,45.0707070707071,6.75418895758268
"result_final_concave_100",13.9,5464.2891223015,0.101320352813908,25.0182722902757,4644,211,6.58767772511848,9.86968533199514
"result_final_concave_100",23.62,18610.5535973643,0.105021684975075,24.5586727409313,6976,228,10.359649122807,9.52184303877177
"result_final_concave_100",9.44,1800.1508658819,0.100546269720086,24.8671100974194,3498,183,5.15846994535519,9.9456698173282
"result_final_concave_100",23.92,23394.8019800841,0.105199543329334,25.2693965245407,7016,220,10.8727272727273,9.50574468626195
"result_final_concave_100",40.9,309306.06784741,0.131486350914111,23.6265327226077,9454,118,34.6610169491525,7.60535213767713
"result_final_concave_100",25.77,23219.6727487265,0.106412581524834,24.820262373861,7424,236,10.9194915254237,9.39738502412542
"result_final_concave_100",20.49,12887.9444353335,0.103434600719294,25.060883102798,6360,223,9.18834080717489,9.66794470173332
"result_final_concave_100",10.87,4658.18911329777,0.100749243655274,24.9042027043171,3768,192,5.66145833333333,9.92563282580685
"result_final_concave_100",22.2,16032.9414366374,0.104243923105804,25.2996889906986,6810,241,9.21161825726141,9.59288532325318
"result_final_concave_100",5.11,874.624695110886,0.100145211529407,25.1256517569147,2096,136,3.75735294117647,9.9854999028721
"result_final_concave_100",26.62,23940.1662744498,0.107043542943518,24.8918835716082,7778,235,11.3276595744681,9.34199273026356
"result_final_concave_100",10.57,2613.86946525529,0.100703392313222,26.2660053094222,3862,224,4.71875,9.93015207362288
"result_final_concave_100",36.98,407802.560807683,0.120797143295305,24.9332026921014,9252,139,26.6043165467626,8.27834146338514
"result_final_concave_100",33.41,70767.9990581441,0.114398803616215,24.2106795010722,8870,184,18.1576086956522,8.74135015742646
"result_final_concave_100",31.63,48109.8626786402,0.111983734383297,24.9821749918369,8518,211,14.9905213270142,8.92986830191971
"result_final_concave_100",5.43,1263.68245002251,0.100165112277373,25.2875207474608,2048,123,4.41463414634146,9.98351598938802
"result_final_concave_100",41.27,412766.926628081,0.132784275308525,25.9773755157891,9648,145,28.4620689655172,7.53101222020826
"result_final_concave_100",38.2,141326.536537819,0.123615201869486,25.7438787752349,9480,165,23.1515151515152,8.08961992438283
"result_final_concave_100",33.22,90175.280833209,0.11412012976561,25.3898362690729,8844,207,16.048309178744,8.76269595954621
"result_final_concave_100",25.43,34233.4949753954,0.106173788578595,24.8581022571737,7548,223,11.4035874439462,9.41852045959301
"result_final_concave_100",32.08,118208.465145639,0.112554721615614,24.5202914158849,8454,180,17.8222222222222,8.884567307759
"result_final_concave_100",21.35,12835.7695625926,0.103825354901015,25.2291836306827,6624,242,8.82231404958678,9.63155869732764
"result_final_concave_100",29.37,59439.5953280404,0.109463906187667,23.6518119622507,8306,209,14.0526315789474,9.13543134743959
"result_final_concave_100",8.02,1352.4456190639,0.100381580312154,24.7039053771323,3124,185,4.33513513513514,9.96198701883678
"result_final_concave_100",31.74,108356.701835606,0.112120993510188,24.5384014780534,8634,179,17.731843575419,8.91893630882903
"result_final_concave_100",32.33,75712.671489142,0.11288301997741,25.8381816961087,8462,185,17.4756756756757,8.8587282675474
"result_final_concave_100",25.74,24182.6246779973,0.106391207811557,24.6450181082739,7432,223,11.542600896861,9.39927293401187
"result_final_concave_100",27.84,53513.0636448965,0.108040878983125,25.6481130308733,7720,201,13.8507462686567,9.2557558714067
"result_final_concave_100",34.06,171016.861645542,0.115393719889201,23.9140447954006,8644,172,19.8023255813953,8.66598287116649
"result_final_concave_100",2.33,274.843079315837,0.100028463156931,24.8895101602565,924,62,3.75806451612903,9.99715449422767
"result_final_concave_100",34.64,211628.944807341,0.116339067302606,24.4819263201092,8868,169,20.4970414201183,8.59556487073195
"result_final_concave_100",40.92,450391.481632262,0.131554947959146,24.8352091841828,9398,120,34.1,7.60138645876358
"result_final_concave_100",38.99,451069.93214892,0.125661100943903,23.2910285182275,8992,131,29.763358778626,7.9579121342126
"result_final_concave_100",29.86,59260.330780841,0.10996488049179,24.5382203938458,8430,222,13.4504504504505,9.09381245655662
"result_final_concave_100",7.82,2134.08422459075,0.100361140079268,25.4673200761317,2910,160,4.8875,9.96401594491825
"result_final_concave_100",34.84,100352.985482949,0.116678410100951,25.1794348881508,8608,169,20.6153846153846,8.57056587533883
"result_final_concave_100",2.9,542.95170040039,0.100044619148246,25.1239803713295,1128,78,3.71794871794872,9.99554007515588
"result_final_concave_100",22.12,14100.0497450105,0.104203092741989,24.7711822173604,6490,233,9.49356223175966,9.59664414640782
"result_final_concave_100",10.95,2644.40864202175,0.100761774096123,25.2013660736587,4070,218,5.02293577981651,9.92439850300807
"result_final_concave_100",13.64,4622.59546393359,0.101263061598924,25.2217039767619,4692,210,6.4952380952381,9.87526926610943
"result_final_concave_100",39.86,315370.975592727,0.128146507994693,24.6384554238931,9414,130,30.6615384615385,7.80356808506568
"result_final_concave_100",12.25,4649.47496226825,0.100984012360605,25.0302297177424,4126,203,6.03448275862069,9.90255760911032
"result_final_concave_100",26.98,33467.0510958189,0.107326149674065,24.1940340446424,7890,220,12.2636363636364,9.31739378554867
"result_final_concave_100",1.46,311.349110534051,0.100010977369213,24.565570625851,504,27,5.40740740740741,9.99890238356811
"result_final_concave_100",11.49,3641.10961336224,0.100849767824386,25.8494041387234,4112,221,5.19909502262443,9.91573923840204
"result_final_concave_100",3.13,721.414830067258,0.100052228414948,25.2727222356264,1164,75,4.17333333333333,9.99477988488858
"result_final_concave_100",7.19,2534.37412925338,0.100300984016595,24.7029372903116,2486,137,5.24817518248175,9.96999191787139
"result_final_concave_100",20.41,10199.2590205232,0.103399843172469,25.1572166676817,6490,239,8.53974895397489,9.67119455231686
"result_final_convex_100",3.68,616.808871080903,0.118873886519472,26.2115393618511,1388,81,4.54320987654321,8.41227648291112
"result_final_convex_100",16.55,8343.81234608331,0.175804840787715,24.3540707199368,5588,236,7.01271186440678,5.68812551189932
"result_final_convex_100",10.21,1856.09105109893,0.151429217047969,25.1209751047959,3564,179,5.70391061452514,6.60374542967639
"result_final_convex_100",18.95,6880.03604238585,0.182396118456318,24.6487822457833,6096,246,7.70325203252033,5.48257281165492
"result_final_convex_100",25.94,13560.7269104032,0.19415212662635,25.2603646417481,7516,217,11.9539170506912,5.15060029151533
"result_final_convex_100",19.32,5401.39026430138,0.183283593251799,25.0874911769656,6102,249,7.75903614457831,5.45602572635172
"result_final_convex_100",29.37,31458.2873518712,0.196921273945658,24.1852782475291,8110,201,14.6119402985075,5.07817149444177
"result_final_convex_100",8.18,1141.51011192355,0.141814013908424,25.4732128572436,3036,169,4.84023668639053,7.05148928825713
"result_final_convex_100",12.27,1743.52011652173,0.160392575616886,25.0622599259696,4432,216,5.68055555555556,6.23470254875514
"result_final_convex_100",24.58,14157.910744126,0.192599611079632,24.4459418206822,7102,221,11.1221719457014,5.1921184803771
"result_final_convex_100",41.33,393723.41374396,0.199825710753076,25.490101283755,9530,131,31.5496183206107,5.00436103157765
"result_final_convex_100",10.19,1628.77574538032,0.15133795106106,24.917199871124,3670,204,4.99509803921569,6.60772788972498
"result_final_convex_100",12.68,2065.94427551214,0.162065160724538,24.4758664575216,4064,190,6.67368421052632,6.1703576236209
"result_final_convex_100",10.38,1722.83773445762,0.152201900892916,25.3709974293383,3790,208,4.99038461538461,6.5702201755257
"result_final_convex_100",7.01,2093.09121395373,0.136003096406129,25.6842428873626,2464,132,5.31060606060606,7.35277377078111
"result_final_convex_100",0.74,73.6210218315906,0.103725781356542,22.748750330235,316,25,2.96,9.64080469601524
"result_final_convex_100",33.83,147264.00047416,0.198803108604875,25.1200786600957,8750,173,19.5549132947977,5.03010243158481
"result_final_convex_100",18.98,4358.59831822038,0.182469325461423,25.0790078805072,6170,252,7.53174603174603,5.48037319407648
"result_final_convex_100",37.76,372127.963399431,0.19953737336091,25.4801959693378,9392,148,25.5135135135135,5.01159248092971
"result_final_convex_100",9.27,2044.91698264072,0.147061158340538,24.1689427061347,3330,164,5.65243902439024,6.79989204004757
"result_final_convex_100",42.75,938188.187125304,0.199885765432017,27.0788637767366,9372,111,38.5135135135135,5.00285749632387
"result_final_convex_100",21.64,5570.6786970681,0.188113156981178,24.5675629618925,6872,259,8.35521235521236,5.31594927249058
"result_final_convex_100",10.8,1792.30044806909,0.154086706692221,25.5197175860655,3760,183,5.9016393442623,6.48985250880493
"result_final_convex_100",33.84,46462.1216700938,0.198805823176437,24.1413929710015,8956,183,18.4918032786885,5.03003374862172
"result_final_convex_100",12.22,2410.41648748114,0.160185938690682,25.1318081071521,4240,214,5.71028037383178,6.24274520081936
"result_final_convex_100",27.23,19263.9193287994,0.195368130544308,24.9658042814976,7600,208,13.0913461538462,5.11854209391233
"result_final_convex_100",21.87,8159.71414249588,0.188526291838738,24.5767014241147,6658,234,9.34615384615385,5.3042999480167
"result_final_convex_100",27.36,12014.932821922,0.1954781096504,24.649519636728,7854,234,11.6923076923077,5.11566232039196
"result_final_convex_100",20.69,9173.71234236705,0.186284505504709,25.8153953053778,6404,219,9.44748858447489,5.36813299254629
"result_final_convex_100",1.09,212.600005477122,0.105504412974683,25.4937293671851,416,30,3.63333333333333,9.47827651758947
"result_final_convex_100",29.6,25480.526032049,0.19705839254246,24.8854230453791,8516,201,14.726368159204,5.074637964402
"result_final_convex_100",26.09,23202.3060792912,0.194305701750735,25.5902204578615,7578,214,12.1915887850467,5.14652936578696
"result_final_convex_100",13.3,3038.31731823399,0.164518857121806,24.0740542157254,4610,222,5.99099099099099,6.07833057860123
"result_final_convex_100",4.05,617.823762233862,0.120796809612506,26.1477638754723,1536,90,4.5,8.27836433104332
"result_final_convex_100",13.53,3311.53860819181,0.165405432760732,25.7458949586309,4622,214,6.32242990654206,6.04575063411947
"result_final_convex_100",8.85,1596.08763514223,0.145060786077009,26.1202830305844,3170,169,5.23668639053254,6.89366180236419
"result_final_convex_100",19.81,6407.12360173989,0.184407835557747,24.4583880237135,6110,230,8.61304347826087,5.42276306739066
"result_final_convex_100",1.67,220.451246310155,0.108471383446551,26.442116926958,624,42,3.97619047619048,9.21902135131104
"result_final_convex_100",28.09,27871.6355626452,0.196056252400471,24.0495503744523,8110,219,12.8264840182648,5.10057694032306
"result_final_convex_100",2.4,567.244488239451,0.112233423591866,25.2749585634788,956,62,3.87096774193548,8.91000174454692
"result_final_convex_100",39.01,328812.748090263,0.199666955182737,24.573834436969,9186,139,28.0647482014388,5.00834000841447
"result_final_convex_100",31.82,46135.9590590603,0.198137527083499,24.9644246468537,8586,204,15.5980392156863,5.046999499386
"result_final_convex_100",6.21,853.944634056836,0.131947109369049,24.9973742748898,2322,138,4.5,7.57879429706227
"result_final_convex_100",11.68,2108.61685514634,0.157918212851331,24.5747201523794,4280,217,5.38248847926267,6.33239182450368
"result_final_convex_100",32.1,87234.0580471281,0.198245876838727,25.1072916738177,8670,184,17.445652173913,5.04424110072917
"result_final_convex_100",36.58,211321.001036359,0.199376682403032,23.3969852790616,9114,139,26.3165467625899,5.01563165735971
"result_final_convex_100",37.16,166197.804353903,0.199460876861849,25.4526073192147,9298,153,24.2875816993464,5.0135145083746
"result_final_convex_100",32.21,63183.882427025,0.19828694473781,24.6515413216933,8718,193,16.6891191709845,5.04319637040288
"result_final_convex_100",17.67,7058.62265288186,0.179063364045781,25.7208638998122,5578,235,7.51914893617021,5.58461528592935
"result_final_convex_100",12.37,4712.24419159003,0.160804124411194,24.256521859863,4290,201,6.15422885572139,6.21874596601073
"result_final_convex_100",25.92,19750.6114767867,0.19413139655071,25.0067355460187,7514,236,10.9830508474576,5.1511502918529
"result_final_convex_100",26.73,30962.1716566612,0.194924311362425,24.8678195035212,7556,224,11.9330357142857,5.13019639782484
"result_final_convex_100",14,3399.91188853515,0.167176500312647,25.1112324609406,5022,227,6.16740088105727,5.98170196247582
"result_final_convex_100",30.37,49353.0166594557,0.197480611481082,25.2166154677864,8436,210,14.4619047619048,5.06378824989509
"result_final_convex_100",11.77,1982.34683886273,0.158300692748278,25.2952319261213,4014,192,6.13020833333333,6.31709174886651
"result_final_convex_100",36.28,159594.558033793,0.199328809611365,24.7633368663974,9108,165,21.9878787878788,5.01683626140004
"result_final_convex_100",26.97,17639.4899077967,0.19514152910788,24.7184423100898,7712,213,12.6619718309859,5.12448582611634
"result_final_convex_100",40.4,296508.919443877,0.199772667570345,23.9456890281688,9244,120,33.6666666666667,5.00568977809677
"result_final_convex_100",8.18,1455.91068309527,0.141814013908424,25.8251434866633,3062,165,4.95757575757576,7.05148928825713
"result_final_convex_100",29.17,28015.8960499766,0.196797709159826,24.3359447217425,8046,206,14.1601941747573,5.08135996231474
"result_final_convex_100",2.93,425.852860969231,0.114978573039598,25.3791967945068,1180,72,4.06944444444444,8.69727266188636
"result_final_convex_100",4.6,586.730071311244,0.123652444370689,24.510285839422,1804,105,4.38095238095238,8.08718343652124
"result_final_convex_100",24.96,24683.5659135212,0.193063517676641,25.2811785399478,7374,231,10.8051948051948,5.17964249296899
"result_final_convex_100",14.16,3235.73166878756,0.167766830429552,25.2429258405646,4788,225,6.29333333333333,5.96065382793243
"result_final_convex_100",23.45,10704.5501038454,0.191071128428471,24.8225332478769,7134,220,10.6590909090909,5.23365308105331
"result_final_convex_100",33.04,59169.3235415617,0.198571164231026,24.7026927640054,8740,185,17.8594594594595,5.03597792696908
"result_final_convex_100",43.53,297449.529257283,0.199910242866227,22.8309140029581,9654,102,42.6764705882353,5.00224493583936
"result_final_convex_100",9.41,1644.26792275665,0.14772153489779,26.1946556513351,3278,182,5.17032967032967,6.76949370104982
"result_final_convex_100",2.07,258.928877245923,0.110529521437086,24.6568518782877,800,49,4.22448979591837,9.04735664280611
"result_final_convex_100",35.25,110453.621179252,0.19913930004265,23.4566120908063,8624,158,22.3101265822785,5.02161049971466
"result_final_convex_100",25.12,12684.6003441256,0.193251676816654,24.2074184140618,7350,213,11.7934272300469,5.17459934357383
"result_final_convex_100",14.76,3275.8592837524,0.169922878283962,25.7655699586333,5260,255,5.78823529411765,5.88502272383167
"result_final_convex_100",21.43,6891.21337412466,0.187726026963238,24.8385251461438,6700,242,8.85537190082645,5.32691186287039
"result_final_convex_100",5.64,594.402951091975,0.129026413263979,25.7026756378011,2226,137,4.11678832116788,7.75035106923472
"result_final_convex_100",14.22,4395.29002698314,0.167986542944609,24.8764904511108,5000,236,6.02542372881356,5.952857785339
"result_final_convex_100",38.84,183061.713914197,0.199651452675173,24.8193558041828,9326,139,27.9424460431655,5.00872889528618
"result_final_convex_100",3.15,447.285922591104,0.11612032845547,25.8508355539559,1316,88,3.57954545454545,8.61175655719473
"result_final_convex_100",35.7,124921.90336923,0.199227136186159,25.9421893923974,8658,168,21.25,5.01939654980331
"result_final_convex_100",1.81,221.589405779353,0.109190737273252,25.7906943680457,778,53,3.41509433962264,9.15828599542725
"result_final_convex_100",19.27,5985.21744965954,0.183165617142378,25.4646662256114,6134,230,8.37826086956522,5.45953992676847
"result_final_convex_100",4.1,578.030407437624,0.121056603048201,25.2447217285127,1662,100,4.1,8.26059855323902
"result_final_convex_100",9.66,1353.08437292669,0.148892458923969,25.1863897460395,3426,172,5.61627906976744,6.71625686906443
"result_final_convex_100",34.2,93297.6040941988,0.198900081863724,24.9924509545277,8850,176,19.4318181818182,5.02765001718374
"result_final_convex_100",27.2,17771.9674755662,0.195342438972161,24.8245359161409,7698,215,12.6511627906977,5.11921528809474
"result_final_convex_100",37.3,234952.741184278,0.199479647886274,23.8001446810061,9224,147,25.3741496598639,5.01304273692178
"result_final_convex_100",36.6,148571.090571172,0.199379765557678,23.2490708890277,9008,144,25.4166666666667,5.01555409699142
"result_final_convex_100",33.5,90503.8557322297,0.198710497428112,24.4058431492904,8760,178,18.8202247191011,5.03244676523329
"result_final_convex_100",25.04,11978.8207054932,0.193158120737129,24.322183915479,7598,232,10.7931034482759,5.17710565925888
"result_final_convex_100",21.9,14065.6530439169,0.1885793501199,25.7548950058344,6858,244,8.97540983606557,5.30280754156907
"result_final_convex_100",17.58,4215.7073921113,0.178813437655978,25.2840085066157,5658,221,7.95475113122172,5.59242086673551
"result_final_convex_100",9.58,2042.06825864522,0.14851894169552,25.8524047673735,3552,190,5.04210526315789,6.73314789739149
"result_final_convex_100",2.01,378.200658352114,0.110220261714879,24.6974654796448,838,56,3.58928571428571,9.07274202076229
"result_final_convex_100",3.62,366.920261047679,0.118562048941738,26.741881222277,1492,101,3.58415841584158,8.43440214576087
"result_final_convex_100",38.27,167068.614809903,0.199594764997796,25.1204329165501,9280,142,26.9507042253521,5.01015144365656
"result_final_convex_100",11.78,1589.70921422118,0.158343080038306,24.9306227628927,4172,198,5.94949494949495,6.31540070938422
"result_final_convex_100",2.59,298.52589622754,0.113216475867964,23.7393843086014,944,56,4.625,8.83263670180148
"result_final_convex_100",29.59,33144.2001984254,0.197052539685602,25.337015597464,8068,207,14.2946859903382,5.07478869135868
"result_final_convex_100",36.37,195870.168839086,0.199343495877854,26.2765604422345,9136,157,23.1656050955414,5.0164666551887
"result_final_convex_100",7.86,1940.64031383309,0.14024123448007,24.2449503720695,2850,148,5.31081081081081,7.13057043249368
"result_final_convex_100",35.55,116546.39917931,0.199198763497565,24.2015100221252,8802,153,23.2352941176471,5.02011148283169
"result_final_convex_100",1.46,110.076621347812,0.107394559680999,26.9997914788474,628,42,3.47619047619048,9.31145863412788
"result_final_convex_100",39.58,314224.221793489,0.199714616107707,25.4084192725588,9508,140,28.2714285714286,5.00714479235058
"result_final_convex_100",17.98,5522.17006839431,0.179908412547066,25.1960559786002,5894,249,7.22088353413655,5.55838376784292
"result_final_convex_100",37.61,200766.55618678,0.199519196994462,25.2062563137331,9268,141,26.6737588652482,5.0120490412146
"result_final_convex_100",13.99,4033.43885647682,0.167139391256736,25.4403035225702,4600,208,6.72596153846154,5.98303004744071
"result_final_convex_100",13.09,2177.56739764259,0.163698113372313,24.5093894032642,4638,226,5.79203539823009,6.10880589518837
"result_final_convex_100",39.54,337265.061428112,0.19971147853693,24.7045462330235,9392,132,29.9545454545455,5.00722345718893
"result_final_convex_100",10.78,1753.4598377973,0.15399775144518,25.7022409394854,3928,199,5.41708542713568,6.49360130661375
"result_final_convex_100",34.96,119398.035221983,0.199078225226265,24.8024330983445,8762,156,22.4102564102564,5.02315106970356
"result_final_convex_100",28.5,21608.180394152,0.196353011783438,25.1028225905933,7968,229,12.4454148471616,5.09286815066999
"result_final_convex_100",12.53,2420.8813339571,0.161457785358502,25.1120853142053,4386,205,6.11219512195122,6.19356940750545
"result_final_convex_100",3.34,555.542880972821,0.117107101802097,24.2798515676621,1340,85,3.92941176470588,8.53919177070859
"result_final_convex_100",35.92,297830.375309825,0.199267172607925,25.5941955901849,8880,137,26.2189781021898,5.01838806117646
"result_final_convex_100",42.4,672327.118324411,0.199872982129343,23.9279416813486,9784,96,44.1666666666667,5.00317746474045
"result_final_convex_100",21.7,17651.5049168497,0.188222019973382,24.9054826809102,6442,220,9.86363636363636,5.31287465803107
"result_final_convex_100",2.79,351.182696637944,0.114252597094845,24.7449371633913,1082,68,4.10294117647059,8.7525362698746
"result_final_convex_100",13.47,4950.16522359745,0.165175402574521,25.1751063294733,4468,204,6.60294117647059,6.05417019975984
"result_final_convex_100",36.54,252688.213353142,0.199370476086908,25.4104494680193,9396,134,27.2686567164179,5.01578779178963
"result_final_convex_100",25.11,16951.1678218573,0.193240039292055,24.8527588271431,7360,231,10.8701298701299,5.17491097426575
"result_final_convex_100",24.06,11552.0795879608,0.191924669942909,25.5614188752632,7208,238,10.109243697479,5.21037759396677
"result_final_convex_100",28.99,49204.8385454183,0.196682965766827,25.4247579979073,8016,180,16.1055555555556,5.0843243902755
"result_final_convex_100",21.22,7573.82543259171,0.18732929660114,25.0013375106332,6560,256,8.2890625,5.33819332129983
"result_final_convex_100",3.91,578.872050224912,0.120069279579579,24.5067704294162,1496,93,4.20430107526882,8.32852502739657
"result_final_convex_100",16.99,6051.05222372855,0.177123555973449,25.8204213116824,5566,229,7.41921397379913,5.64577644404283
"result_final_convex_100",31.67,30995.04148435,0.198077170089365,24.0854535652673,8498,187,16.9358288770053,5.04853739352616
"result_final_convex_100",28.21,15729.0886364672,0.196145120693315,24.6647474349312,7970,235,12.0042553191489,5.09826600052704
"result_final_convex_100",4.8,656.981348328278,0.124689173863055,25.1253887763001,1802,108,4.44444444444444,8.01994246187156
"result_final_convex_100",34.44,83096.0849941472,0.19895929472837,24.3875479581405,8734,175,19.68,5.02615372337972
"result_final_convex_100",26.89,19542.250979322,0.195069992283604,23.9776967688248,7672,215,12.506976744186,5.12636509743714
"result_final_convex_100",8.91,2978.08901305481,0.145348272898892,25.8089499195638,3034,149,5.97986577181208,6.88002671139839
"result_final_convex_100",37.95,295874.752040081,0.199559533683009,25.3914059969235,9206,153,24.8039215686275,5.01103596277416
"result_final_convex_100",8.62,1129.09761973808,0.143953639612036,25.7236672420523,3078,170,5.07058823529412,6.94668090848597
"result_final_convex_100",2.04,393.793677666072,0.1103748692977,22.1649818857484,788,51,4,9.06003337863828
"result_final_convex_100",11.68,2351.98491004158,0.157918212851331,23.9469238836931,3998,198,5.8989898989899,6.33239182450368
"result_final_convex_100",44.78,1559833.40320714,0.199939876975393,26.1896865038818,10050,94,47.6382978723404,5.00150352759831
"result_final_convex_100",5.17,687.70724380692,0.126603531154806,25.4778569788988,2054,127,4.07086614173228,7.89867384328513
"result_final_convex_100",14.6,4966.35434552554,0.169356887510853,23.9231861695673,4688,206,7.0873786407767,5.90469047168759
"result_final_convex_100",29.14,58146.3833784368,0.196778820089275,25.0646000432208,8302,210,13.8761904761905,5.08184772907124
"result_final_convex_100",5.03,724.228138453841,0.125879800397529,25.376772953817,1800,105,4.79047619047619,7.94408631759818
"result_final_convex_100",22.37,6873.77017635799,0.189386030234013,25.0308993882978,6986,244,9.16803278688525,5.28022050393242
"result_final_convex_100",28.55,30940.8990588629,0.196387890239523,24.7195850436543,8082,203,14.064039408867,5.09196365814795
"result_final_convex_100",6.9,990.335121268947,0.135448887950975,24.8532764977461,2560,152,4.53947368421053,7.38285869398902
"result_final_convex_100",42.01,359700.622169944,0.199857262429149,24.4127614948724,9600,119,35.3025210084034,5.00357098784193
"result_final_convex_100",29.74,27530.8080699083,0.197139310247194,25.0915085547763,8102,190,15.6526315789474,5.07255503098847
"result_final_convex_100",3.71,611.851452586065,0.119029808665877,24.7930945315247,1404,85,4.36470588235294,8.40125688857531
"result_final_convex_100",6.2,1240.152267038,0.131896066403039,25.6033379251599,2222,123,5.04065040650407,7.58172724381536
"result_final_convex_100",19.46,12177.1823999492,0.183610701401194,25.4580140677464,6532,261,7.45593869731801,5.4463056475939
"result_final_convex_100",20.54,7280.44271527931,0.185977295781252,24.783574021833,6464,230,8.9304347826087,5.37700043330132
"result_final_convex_100",41.5,886973.433282784,0.199834126178916,26.2712888030053,9612,123,33.739837398374,5.00415028764745
"result_final_convex_100",20.01,6312.30896537912,0.184850237966432,24.5654147983333,6218,221,9.05429864253394,5.40978475873856
"result_final_convex_100",15.45,3151.37331722838,0.172288420194399,25.3705388013885,5190,234,6.6025641025641,5.80422061373402
"result_final_convex_100",44.62,650616.650272595,0.199936648595638,24.9346731256114,9322,99,45.0707070707071,5.00158428694306
"result_final_convex_100",13.9,3199.2435394144,0.166804283159045,25.0182722902757,4644,211,6.58767772511848,5.99504989357208
"result_final_convex_100",23.62,10182.7328977734,0.191315890079338,24.5586727409313,6976,228,10.359649122807,5.22695736138438
"result_final_convex_100",9.44,1199.14077596056,0.147862613765203,24.8671100974194,3498,183,5.15846994535519,6.76303478300431
"result_final_convex_100",23.92,15932.9764823403,0.191734784948932,25.2693965245407,7016,220,10.8727272727273,5.21553770363759
"result_final_convex_100",40.9,254730.142770279,0.199802722070742,23.6265327226077,9454,118,34.6610169491525,5.00493681785747
"result_final_convex_100",25.77,12855.6834412456,0.193973999750707,24.820262373861,7424,236,10.9194915254237,5.1553301024116
"result_final_convex_100",20.49,7777.05248117249,0.185873748386571,25.060883102798,6360,223,9.18834080717489,5.37999587720289
"result_final_convex_100",10.87,3274.81897105171,0.154397410983902,24.9042027043171,3768,192,5.66145833333333,6.47679254222898
"result_final_convex_100",22.2,8745.77480273338,0.189099543473535,25.2996889906986,6810,241,9.21161825726141,5.28822006458177
"result_final_convex_100",5.11,683.457604616615,0.12629346112118,25.1256517569147,2096,136,3.75735294117647,7.91806631255825
"result_final_convex_100",26.62,14082.914772054,0.194822113397366,24.8918835716082,7778,235,11.3276595744681,5.13288754834707
"result_final_convex_100",10.57,1778.03623908371,0.153058873550151,26.2660053094222,3862,224,4.71875,6.53343368342732
"result_final_convex_100",36.98,343860.142284278,0.199435877641395,24.9332026921014,9252,139,26.6043165467626,5.01414295073877
"result_final_convex_100",33.41,45213.0775121568,0.198684195463407,24.2106795010722,8870,184,18.1576086956522,5.03311296435844
"result_final_convex_100",31.63,30549.6825622886,0.198060796158241,24.9821749918369,8518,211,14.9905213270142,5.04895476236018
"result_final_convex_100",5.43,950.91414035763,0.127945255497365,25.2875207474608,2048,123,4.41463414634146,7.81584276894578
"result_final_convex_100",41.27,331929.89331097,0.199822651980675,25.9773755157891,9648,145,28.4620689655172,5.00443763551247
"result_final_convex_100",38.2,103970.468124505,0.199587276173702,25.7438787752349,9480,165,23.1515151515152,5.01033943230777
"result_final_convex_100",33.22,64083.8335398725,0.198627151569481,25.3898362690729,8844,207,16.048309178744,5.03455842818243
"result_final_convex_100",25.43,20337.5251693847,0.193604464334633,24.8581022571737,7548,223,11.4035874439462,5.16517014954554
"result_final_convex_100",32.08,100913.497071031,0.198238320310824,24.5202914158849,8454,180,17.8222222222222,5.04443337913714
"result_final_convex_100",21.35,7111.71984787965,0.187576030426811,25.2291836306827,6624,242,8.82231404958678,5.33117156666871
"result_final_convex_100",29.37,35645.3307134881,0.196921273945658,23.6518119622507,8306,209,14.0526315789474,5.07817149444177
"result_final_convex_100",8.02,917.335923619856,0.141029307203857,24.7039053771323,3124,185,4.33513513513514,7.09072475662457
"result_final_convex_100",31.74,87002.7007056613,0.198105540980703,24.5384014780534,8634,179,17.731843575419,5.0478143874704
"result_final_convex_100",32.33,51074.4863606412,0.198330806193453,25.8381816961087,8462,185,17.4756756756757,5.04208105232323
"result_final_convex_100",25.74,14979.8454753385,0.193942110784139,24.6450181082739,7432,223,11.542600896861,5.15617776849411
"result_final_convex_100",27.84,34432.5414663986,0.195865620587699,25.6481130308733,7720,201,13.8507462686567,5.10554122259679
"result_final_convex_100",34.06,141227.606136497,0.198864217291534,23.9140447954006,8644,172,19.8023255813953,5.02855673896327
"result_final_convex_100",2.33,244.275102499566,0.111871596094303,24.8895101602565,924,62,3.75806451612903,8.93881945831042
"result_final_convex_100",34.64,175616.931126257,0.199006517150857,24.4819263201092,8868,169,20.4970414201183,5.02496106316935
"result_final_convex_100",40.92,406151.775593904,0.199803847740913,24.8352091841828,9398,120,34.1,5.00490862066233
"result_final_convex_100",38.99,375618.914502718,0.199665163285968,23.2910285182275,8992,131,29.763358778626,5.00838495580605
"result_final_convex_100",29.86,41919.1022834574,0.19720716712771,24.5382203938458,8430,222,13.4504504504505,5.07080961896485
"result_final_convex_100",7.82,1468.04442701821,0.140043704350688,25.4673200761317,2910,160,4.8875,7.14062802491905
"result_final_convex_100",34.84,65219.9669596527,0.199051877459239,25.1794348881508,8608,169,20.6153846153846,5.023815965789
"result_final_convex_100",2.9,493.772253856642,0.114822963766688,25.1239803713295,1128,78,3.71794871794872,8.70905929611718
"result_final_convex_100",22.12,7492.53023991907,0.188962661781742,24.7711822173604,6490,233,9.49356223175966,5.2920507711467
"result_final_convex_100",10.95,1842.57476046217,0.154751277149246,25.2013660736587,4070,218,5.02293577981651,6.46198221056085
"result_final_convex_100",13.64,2700.17030117143,0.165824851060406,25.2217039767619,4692,210,6.4952380952381,6.03045920804551
"result_final_convex_100",39.86,256591.769706369,0.199735753130648,24.6384554238931,9414,130,30.6615384615385,5.00661491158218
"result_final_convex_100",12.25,3440.51586219165,0.160309989661297,25.0302297177424,4126,203,6.03448275862069,6.23791444383972
"result_final_convex_100",26.98,19451.2170858935,0.195150410658802,24.1940340446424,7890,220,12.2636363636364,5.12425260405106
"result_final_convex_100",1.46,289.285070226673,0.107394559680999,24.565570625851,504,27,5.40740740740741,9.31145863412788
"result_final_convex_100",11.49,2240.17876962627,0.157104924203027,25.8494041387234,4112,221,5.19909502262443,6.36517286184931
"result_final_convex_100",3.13,621.777968716659,0.116016491841827,25.2727222356264,1164,75,4.17333333333333,8.61946421689225
"result_final_convex_100",7.19,1905.11379131586,0.136907320470421,24.7029372903116,2486,137,5.24817518248175,7.30421132021243
"result_final_convex_100",20.41,5409.2778071547,0.185706876688361,25.1572166676817,6490,239,8.53974895397489,5.38483021109726
"result_final_linear_500",3.68,1833.86672940508,0.0344295110094367,26.2115393618511,1388,81,4.54320987654321,29.0448504983388
"result_final_linear_500",16.55,18293.6865041133,0.0399330063404714,24.3540707199368,5588,236,7.01271186440678,25.0419412822049
"result_final_linear_500",10.21,6602.51726380437,0.036822571715639,25.1209751047959,3564,179,5.70391061452514,27.1572558191336
"result_final_linear_500",18.95,23363.4140778488,0.041399565828119,24.6487822457833,6096,246,7.70325203252033,24.1548426896977
"result_final_linear_500",25.94,47225.5884423265,0.0470730312082883,25.2603646417481,7516,217,11.9539170506912,21.2435862813935
"result_final_linear_500",19.32,19924.7472234645,0.0416434396614019,25.0874911769656,6102,249,7.75903614457831,24.0133862171542
"result_final_linear_500",29.37,83183.5603453309,0.0510092803235475,24.1852782475291,8110,201,14.6119402985075,19.6042758034829
"result_final_linear_500",8.18,4039.75563778164,0.0360064311203482,25.4732128572436,3036,169,4.84023668639053,27.7728163798737
"result_final_linear_500",12.27,7522.50675609871,0.0377308990817797,25.0622599259696,4432,216,5.68055555555556,26.5034765758577
"result_final_linear_500",24.58,46293.9497615669,0.045761786299375,24.4459418206822,7102,221,11.1221719457014,21.8522938212676
"result_final_linear_500",41.33,538439.745320865,0.0807181674348215,25.490101283755,9530,131,31.5496183206107,12.3887847281404
"result_final_linear_500",10.19,7614.17177574911,0.0368141665471091,24.917199871124,3670,204,4.99509803921569,27.16345618528
"result_final_linear_500",12.68,9135.35855343895,0.0379223486493529,24.4758664575216,4064,190,6.67368421052632,26.3696747595053
"result_final_linear_500",10.38,6014.20424961697,0.0368943230002882,25.3709974293383,3790,208,4.99038461538461,27.1044409729971
"result_final_linear_500",7.01,5018.09094042943,0.0355677102258601,25.6842428873626,2464,132,5.31060606060606,28.1153887514787
"result_final_linear_500",0.74,198.221855887854,0.0335417159463387,22.748750330235,316,25,2.96,29.8136207938746
"result_final_linear_500",33.83,208866.407763961,0.058076973713082,25.1200786600957,8750,173,19.5549132947977,17.2185280338522
"result_final_linear_500",18.98,17072.7263952527,0.0414191503501866,25.0790078805072,6170,252,7.53174603174603,24.1434213774377
"result_final_linear_500",37.76,528266.093046093,0.0674176776429809,25.4801959693378,9392,148,25.5135135135135,14.8329048843188
"result_final_linear_500",9.27,6316.61329637243,0.0364355560909985,24.1689427061347,3330,164,5.65243902439024,27.4457180645873
"result_final_linear_500",42.75,1210785.774577,0.0882466281310212,27.0788637767366,9372,111,38.5135135135135,11.3318777292576
"result_final_linear_500",21.64,21973.1728407029,0.0432976019449663,24.5675629618925,6872,259,8.35521235521236,23.0959673302705
"result_final_linear_500",10.8,7495.45816896728,0.0370739817123857,25.5197175860655,3760,183,5.9016393442623,26.9730941704036
"result_final_linear_500",33.84,111753.577200368,0.0580962416578855,24.1413929710015,8956,183,18.4918032786885,17.2128174123337
"result_final_linear_500",12.22,9400.6904413296,0.0377078053180979,25.1318081071521,4240,214,5.71028037383178,26.5197083618136
"result_final_linear_500",27.23,59719.2624920295,0.0484374479981363,24.9658042814976,7600,208,13.0913461538462,20.6451834547203
"result_final_linear_500",21.87,28681.9754255967,0.043474390006399,24.5767014241147,6658,234,9.34615384615385,23.0020478689364
"result_final_linear_500",27.36,38369.8847858504,0.0485821294810059,24.649519636728,7854,234,11.6923076923077,20.5837004405286
"result_final_linear_500",20.69,31594.4756927872,0.0425928412233828,25.8153953053778,6404,219,9.44748858447489,23.4781238179297
"result_final_linear_500",1.09,449.372839472633,0.0336422849951531,25.4937293671851,416,30,3.63333333333333,29.7244970174907
"result_final_linear_500",29.6,69498.7222400266,0.0513119533527697,24.8854230453791,8516,201,14.726368159204,19.4886363636364
"result_final_linear_500",26.09,65711.3652779848,0.0472253282642727,25.5902204578615,7578,214,12.1915887850467,21.1750777973211
"result_final_linear_500",13.3,9544.91352824219,0.0382190875027551,24.0740542157254,4610,222,5.99099099099099,26.1649365628605
"result_final_linear_500",4.05,2077.28204587495,0.0345485642272032,26.1477638754723,1536,90,4.5,28.9447628973423
"result_final_linear_500",13.53,11528.3904323694,0.0383314493428198,25.7458949586309,4622,214,6.32242990654206,26.0882386955013
"result_final_linear_500",8.85,5498.98989517931,0.0362677807619616,26.1202830305844,3170,169,5.23668639053254,27.5726823916621
"result_final_linear_500",19.81,24659.7453400976,0.0419744039362454,24.4583880237135,6110,230,8.61304347826087,23.824042898117
"result_final_linear_500",1.67,645.181131026996,0.0338118735278442,26.442116926958,624,42,3.97619047619048,29.5754093359097
"result_final_linear_500",28.09,62941.8695548182,0.0494209820968352,24.0495503744523,8110,219,12.8264840182648,20.234320678626
"result_final_linear_500",2.4,1081.6312490379,0.0340306834030683,25.2749585634788,956,62,3.87096774193548,29.3852459016394
"result_final_linear_500",39.01,556693.764261679,0.0713792498098192,24.573834436969,9186,139,28.0647482014388,14.0096737170028
"result_final_linear_500",31.82,107774.765868913,0.0545483638691095,24.9644246468537,8586,204,15.5980392156863,18.3323555294808
"result_final_linear_500",6.21,3165.11777279085,0.0352799563655514,24.9973742748898,2322,138,4.5,28.3447062586629
"result_final_linear_500",11.68,7504.62595803691,0.037461825585341,24.5747201523794,4280,217,5.38248847926267,26.6938405797102
"result_final_linear_500",32.1,175695.88650419,0.0550020251113811,25.1072916738177,8670,184,17.445652173913,18.1811487481591
"result_final_linear_500",36.58,314119.139914857,0.0641837870660864,23.3969852790616,9114,139,26.3165467625899,15.5802585935036
"result_final_linear_500",37.16,301309.475062524,0.0657184689395524,25.4526073192147,9298,153,24.2875816993464,15.2164226607257
"result_final_linear_500",32.21,121746.85990119,0.0551833611461598,24.6515413216933,8718,193,16.6891191709845,18.1214043369228
"result_final_linear_500",17.67,21338.7403184787,0.0405936444543056,25.7208638998122,5578,235,7.51914893617021,24.6343981537714
"result_final_linear_500",12.37,13769.3743214553,0.0377772508783653,24.256521859863,4290,201,6.15422885572139,26.4709574346685
"result_final_linear_500",25.92,51984.1845594712,0.0470528455284553,25.0067355460187,7514,236,10.9830508474576,21.2526997840173
"result_final_linear_500",26.73,73921.3201311848,0.0478935843383338,24.8678195035212,7556,224,11.9330357142857,20.8796233110414
"result_final_linear_500",14,10619.3453996856,0.0385650224215247,25.1112324609406,5022,227,6.16740088105727,25.9302325581395
"result_final_linear_500",30.37,100723.028950619,0.0523671642913549,25.2166154677864,8436,210,14.4619047619048,19.0959356599167
"result_final_linear_500",11.77,7427.20632082606,0.0375023909208765,25.2952319261213,4014,192,6.13020833333333,26.6649665646605
"result_final_linear_500",36.28,268022.399833134,0.0634282301413498,24.7633368663974,9108,165,21.9878787878788,15.7658505963591
"result_final_linear_500",26.97,54109.2576119923,0.048152177496456,24.7184423100898,7712,213,12.6619718309859,20.7674928111735
"result_final_linear_500",40.4,485513.738035717,0.0766066838046273,23.9456890281688,9244,120,33.6666666666667,13.0536912751678
"result_final_linear_500",8.18,4361.99433387191,0.0360064311203482,25.8251434866633,3062,165,4.95757575757576,27.7728163798737
"result_final_linear_500",29.17,73351.5272932155,0.0507505463404149,24.3359447217425,8046,206,14.1601941747573,19.7042213751235
"result_final_linear_500",2.93,1086.95126603111,0.0341934233932754,25.3791967945068,1180,72,4.06944444444444,29.2453899247966
"result_final_linear_500",4.6,1896.23447171777,0.0347287950491445,24.510285839422,1804,105,4.38095238095238,28.7945492662474
"result_final_linear_500",24.96,69299.5167903165,0.0461160275319567,25.2811785399478,7374,231,10.8051948051948,21.6844349680171
"result_final_linear_500",14.16,11172.3565577139,0.0386457770574464,25.2429258405646,4788,225,6.29333333333333,25.8760484622554
"result_final_linear_500",23.45,37494.6137229507,0.0447595380792282,24.8225332478769,7134,220,10.6590909090909,22.3416067929458
"result_final_linear_500",33.04,136601.235686108,0.0566114305038891,24.7026927640054,8740,185,17.8594594594595,17.6642771804062
"result_final_linear_500",43.53,448820.810308537,0.0932078897416852,22.8309140029581,9654,102,42.6764705882353,10.728705507349
"result_final_linear_500",9.41,5748.49349523818,0.0364921750689843,26.1946556513351,3278,182,5.17032967032967,27.4031350038635
"result_final_linear_500",2.07,869.141170155603,0.0339310153664917,24.6568518782877,800,49,4.22448979591837,29.4715613193097
"result_final_linear_500",35.25,193696.494242429,0.0610129564193168,23.4566120908063,8624,158,22.3101265822785,16.3899613899614
"result_final_linear_500",25.12,39277.7825750611,0.0462679189322788,24.2074184140618,7350,213,11.7934272300469,21.6132478632479
"result_final_linear_500",14.76,11790.7694890562,0.0389543917375011,25.7655699586333,5260,255,5.78823529411765,25.6710464570624
"result_final_linear_500",21.43,25685.6872481452,0.0431383314574354,24.8385251461438,6700,242,8.85537190082645,23.1812396589029
"result_final_linear_500",5.64,2123.49237674105,0.0350806751431333,25.7026756378011,2226,137,4.11678832116788,28.505722763883
"result_final_linear_500",14.22,12250.0171548547,0.0386762252581271,24.8764904511108,5000,236,6.02542372881356,25.8556773140592
"result_final_linear_500",38.84,346221.776476371,0.070803426719148,24.8193558041828,9326,139,27.9424460431655,14.1236102027469
"result_final_linear_500",3.15,1162.01184340167,0.0342619616166976,25.8508355539559,1316,88,3.57954545454545,29.1868869385648
"result_final_linear_500",35.7,228216.638580424,0.0620356970574047,25.9421893923974,8658,168,21.25,16.1197511664075
"result_final_linear_500",1.81,554.285337573141,0.0338533675808926,25.7906943680457,778,53,3.41509433962264,29.5391587738059
"result_final_linear_500",19.27,21463.3342695952,0.0416101847795274,25.4646662256114,6134,230,8.37826086956522,24.0325777282299
"result_final_linear_500",4.1,1745.5167341929,0.0345647864480086,25.2447217285127,1662,100,4.1,28.9311783107404
"result_final_linear_500",9.66,5222.4871475322,0.0365941588690404,25.1863897460395,3426,172,5.61627906976744,27.3267655523578
"result_final_linear_500",34.2,179418.757405786,0.0588025022341376,24.9924509545277,8850,176,19.4318181818182,17.0060790273556
"result_final_linear_500",27.2,55650.2234635423,0.0484042553191489,24.8245359161409,7698,215,12.6511627906977,20.6593406593407
"result_final_linear_500",37.3,320312.73879152,0.0661043753294676,23.8001446810061,9224,147,25.3741496598639,15.1275917065391
"result_final_linear_500",36.6,223019.508421853,0.0642350557244174,23.2490708890277,9008,144,25.4166666666667,15.5678233438486
"result_final_linear_500",33.5,182699.824281744,0.057451403887689,24.4058431492904,8760,178,18.8202247191011,17.406015037594
"result_final_linear_500",25.04,37849.6330011702,0.0461917673157506,24.322183915479,7598,232,10.7931034482759,21.6488794023479
"result_final_linear_500",21.9,40503.9317873398,0.0434976329713172,25.7548950058344,6858,244,8.97540983606557,22.9897567221511
"result_final_linear_500",17.58,16327.9455966508,0.0405390782548817,25.2840085066157,5658,221,7.95475113122172,24.6675564183451
"result_final_linear_500",9.58,5779.44527033382,0.0365614006712224,25.8524047673735,3552,190,5.04210526315789,27.3512497235125
"result_final_linear_500",2.01,853.246100928414,0.0339130284310163,24.6974654796448,838,56,3.58928571428571,29.4871925706705
"result_final_linear_500",3.62,1188.45881985864,0.0344103680959692,26.741881222277,1492,101,3.58415841584158,29.0610085079892
"result_final_linear_500",38.27,301990.419835853,0.0689605094118304,25.1204329165501,9280,142,26.9507042253521,14.5010529726227
"result_final_linear_500",11.78,6454.9885220047,0.0375069087198674,24.9306227628927,4172,198,5.94949494949495,26.6617547041487
"result_final_linear_500",2.59,1053.46412806776,0.0340886423684625,23.7393843086014,944,56,4.625,29.3352838517606
"result_final_linear_500",29.59,84727.0481697795,0.0512986776438017,25.337015597464,8068,207,14.2946859903382,19.4936798750177
"result_final_linear_500",36.37,316324.898285105,0.0636522782974041,26.2765604422345,9136,157,23.1656050955414,15.7103567499607
"result_final_linear_500",7.86,5564.55181469758,0.0358842543910893,24.2449503720695,2850,148,5.31081081081081,27.8673757325809
"result_final_linear_500",35.55,194847.285373303,0.0616893993778416,24.2015100221252,8802,153,23.2352941176471,16.2102404965089
"result_final_linear_500",1.46,380.663950148111,0.0337500428126177,26.9997914788474,628,42,3.47619047619048,29.6295920438401
"result_final_linear_500",39.58,442219.354042005,0.0734054185396671,25.4084192725588,9508,140,28.2714285714286,13.6229725256538
"result_final_linear_500",17.98,18769.7821176143,0.0407836507384019,25.1960559786002,5894,249,7.22088353413655,24.519629358693
"result_final_linear_500",37.61,301802.473569801,0.0669815878469054,25.2062563137331,9268,141,26.6737588652482,14.9294758775445
"result_final_linear_500",13.99,14113.0132829851,0.0385599964134406,25.4403035225702,4600,208,6.72596153846154,25.9336123706546
"result_final_linear_500",13.09,7960.36626561005,0.0381175851406767,24.5093894032642,4638,226,5.79203539823009,26.2346105166264
"result_final_linear_500",39.54,609287.520902834,0.0732582091360717,24.7045462330235,9392,132,29.9545454545455,13.6503473370824
"result_final_linear_500",10.78,6541.49812353667,0.0370653483444809,25.7022409394854,3928,199,5.41708542713568,26.9793768213405
"result_final_linear_500",34.96,199960.994590788,0.0603787597474935,24.8024330983445,8762,156,22.4102564102564,16.5621156211562
"result_final_linear_500",28.5,63181.4438683252,0.049912739965096,25.1028225905933,7968,229,12.4454148471616,20.034965034965
"result_final_linear_500",12.53,8761.17134141972,0.0378518726875392,25.1120853142053,4386,205,6.11219512195122,26.4187721504516
"result_final_linear_500",3.34,1338.65082686192,0.034321627667507,24.2798515676621,1340,85,3.92941176470588,29.1361473205049
"result_final_linear_500",35.92,417974.517815242,0.0625536899648575,25.5941955901849,8880,137,26.2189781021898,15.9862671660424
"result_final_linear_500",42.4,808140.759535577,0.0862275449101796,23.9279416813486,9784,96,44.1666666666667,11.5972222222222
"result_final_linear_500",21.7,38592.9366952115,0.0433434818710213,24.9054826809102,6442,220,9.86363636363636,23.0715197956577
"result_final_linear_500",2.79,1102.09990131177,0.0341501115385291,24.7449371633913,1082,68,4.10294117647059,29.2824812262113
"result_final_linear_500",13.47,13149.1710074579,0.0383020162450479,25.1751063294733,4468,204,6.60294117647059,26.108286143534
"result_final_linear_500",36.54,373564.222602295,0.0640815914369383,25.4104494680193,9396,134,27.2686567164179,15.6051055783171
"result_final_linear_500",25.11,44176.8346713558,0.0462583773433398,24.8527588271431,7360,231,10.8701298701299,21.6177059687542
"result_final_linear_500",24.06,38074.7208618819,0.0452913460964991,25.5614188752632,7208,238,10.109243697479,22.0792731103503
"result_final_linear_500",28.99,119447.279196482,0.050521148304934,25.4247579979073,8016,180,16.1055555555556,19.7936910294325
"result_final_linear_500",21.22,29014.5037100378,0.042981068252496,25.0013375106332,6560,256,8.2890625,23.2660573749683
"result_final_linear_500",3.91,1946.69811913902,0.0345033124472612,24.5067704294162,1496,93,4.20430107526882,28.9827245290873
"result_final_linear_500",16.99,17975.9228072192,0.0401878434315315,25.8204213116824,5566,229,7.41921397379913,24.8831466088423
"result_final_linear_500",31.67,79369.857307879,0.0543098994555498,24.0854535652673,8498,187,16.9358288770053,18.4128494072882
"result_final_linear_500",28.21,51721.7997209165,0.049563326314336,24.6647474349312,7970,235,12.0042553191489,20.176208385569
"result_final_linear_500",4.8,2158.82593872805,0.0347953216374269,25.1253887763001,1802,108,4.44444444444444,28.7394957983193
"result_final_linear_500",34.44,162160.869338137,0.0592873937420872,24.3875479581405,8734,175,19.68,16.8669920683343
"result_final_linear_500",26.89,61679.7682184131,0.0480654810821472,23.9776967688248,7672,215,12.506976744186,20.8049514430311
"result_final_linear_500",8.91,9624.85201793879,0.0362915595928206,25.8089499195638,3034,149,5.97986577181208,27.554616313536
"result_final_linear_500",37.95,389613.398438193,0.0679813749657628,25.3914059969235,9206,153,24.8039215686275,14.709911361805
"result_final_linear_500",8.62,3812.26539520246,0.0361772041648521,25.7236672420523,3078,170,5.07058823529412,27.641715911578
"result_final_linear_500",2.04,931.871231280485,0.0339220167601635,22.1649818857484,788,51,4,29.4793793385055
"result_final_linear_500",11.68,8991.67214893462,0.037461825585341,23.9469238836931,3998,198,5.8989898989899,26.6938405797102
"result_final_linear_500",44.78,1703635.07006104,0.102811394526159,26.1896865038818,10050,94,47.6382978723404,9.72654835204636
"result_final_linear_500",5.17,2182.73615128418,0.0349198166184891,25.4778569788988,2054,127,4.07086614173228,28.6370346936624
"result_final_linear_500",14.6,14291.4452628944,0.038871187983614,23.9231861695673,4688,206,7.0873786407767,25.7259953161593
"result_final_linear_500",29.14,109088.04391477,0.0507120875975095,25.0646000432208,8302,210,13.8761904761905,19.7191645498165
"result_final_linear_500",5.03,2471.06353046427,0.0348724916004186,25.376772953817,1800,105,4.79047619047619,28.6758976518901
"result_final_linear_500",22.37,26019.7597617026,0.0438674314129913,25.0308993882978,6986,244,9.16803278688525,22.7959551719696
"result_final_linear_500",28.55,77679.1644001259,0.0499737716383983,24.7195850436543,8082,203,14.064039408867,20.0104968509447
"result_final_linear_500",6.9,3362.63108759089,0.0355275710742225,24.8532764977461,2560,152,4.53947368421053,28.1471535982814
"result_final_linear_500",42.01,508948.449446939,0.0841105228805569,24.4127614948724,9600,119,35.3025210084034,11.8891188135886
"result_final_linear_500",29.74,77176.5499202712,0.0514989371839038,25.0915085547763,8102,190,15.6526315789474,19.4178764588671
"result_final_linear_500",3.71,1808.29147226303,0.034439099411649,24.7930945315247,1404,85,4.36470588235294,29.0367639422578
"result_final_linear_500",6.2,3534.7889542894,0.0352764197066566,25.6033379251599,2222,123,5.04065040650407,28.3475479744137
"result_final_linear_500",19.46,28080.8093339813,0.0417370575737161,25.4580140677464,6532,261,7.45593869731801,23.9595232182766
"result_final_linear_500",20.54,24383.6705645285,0.0424851628081057,24.783574021833,6464,230,8.9304347826087,23.5376289957211
"result_final_linear_500",41.5,1022415.15535388,0.0815331010452962,26.2712888030053,9612,123,33.739837398374,12.2649572649573
"result_final_linear_500",20.01,27206.6156339033,0.0421121903708968,24.5654147983333,6218,221,9.05429864253394,23.7460932616577
"result_final_linear_500",15.45,11664.5212497089,0.0393210091849785,25.3705388013885,5190,234,6.6025641025641,25.4316972205795
"result_final_linear_500",44.62,853640.678262386,0.101447151492947,24.9346731256114,9322,99,45.0707070707071,9.85734922354645
"result_final_linear_500",13.9,12395.7788994215,0.0385148736300604,25.0182722902757,4644,211,6.58767772511848,25.9639953542393
"result_final_linear_500",23.62,36959.4233299078,0.0449056381915457,24.5586727409313,6976,228,10.359649122807,22.2689185650694
"result_final_linear_500",9.44,4357.02626372109,0.036504353434376,24.8671100974194,3498,183,5.15846994535519,27.3939929328622
"result_final_linear_500",23.92,42802.7335125167,0.0451674186654001,25.2693965245407,7016,220,10.8727272727273,22.1398527865405
"result_final_linear_500",40.9,406838.500821961,0.0787475016655563,23.6265327226077,9454,118,34.6610169491525,12.6988155668359
"result_final_linear_500",25.77,45587.5907044495,0.0469023473288472,24.820262373861,7424,236,10.9194915254237,21.3208945170416
"result_final_linear_500",20.49,25533.8014779551,0.0424494807933584,25.060883102798,6360,223,9.18834080717489,23.5574141617407
"result_final_linear_500",10.87,9767.80896968162,0.0371042607663968,24.9042027043171,3768,192,5.66145833333333,26.9510826882082
"result_final_linear_500",22.2,31681.1189352336,0.0437324339516582,25.2996889906986,6810,241,9.21161825726141,22.866323907455
"result_final_linear_500",5.11,2144.39133775644,0.0348995016458559,25.1256517569147,2096,136,3.75735294117647,28.653704289177
"result_final_linear_500",26.62,45167.8543028011,0.0477765479523406,24.8918835716082,7778,235,11.3276595744681,20.9307713273372
"result_final_linear_500",10.57,5983.84810730258,0.0369751721001385,26.2660053094222,3862,224,4.71875,27.0451749972045
"result_final_linear_500",36.98,495831.529430679,0.0652313425111272,24.9332026921014,9252,139,26.6043165467626,15.3300539511266
"result_final_linear_500",33.41,114973.933063709,0.05728418426599,24.2106795010722,8870,184,18.1576086956522,17.4568253491515
"result_final_linear_500",31.63,81355.5244853178,0.0542468361962947,24.9821749918369,8518,211,14.9905213270142,18.4342547901126
"result_final_linear_500",5.43,3052.47153540942,0.0350084217150684,25.2875207474608,2048,123,4.41463414634146,28.5645553558211
"result_final_linear_500",41.27,518344.547307453,0.0804355269465179,25.9773755157891,9648,145,28.4620689655172,12.4323173846416
"result_final_linear_500",38.2,203884.91633869,0.0687430478309232,25.7438787752349,9480,165,23.1515151515152,14.5469255663431
"result_final_linear_500",33.22,138274.004220714,0.0569358001534658,25.3898362690729,8844,207,16.048309178744,17.5636418089248
"result_final_linear_500",25.43,59768.8644811629,0.0465669591282356,24.8581022571737,7548,223,11.4035874439462,21.4744535335926
"result_final_linear_500",32.08,150632.94204979,0.0549692457105859,24.5202914158849,8454,180,17.8222222222222,18.1919905771496
"result_final_linear_500",21.35,26395.2426977593,0.0430781870464193,25.2291836306827,6624,242,8.82231404958678,23.2136045772409
"result_final_linear_500",29.37,102723.40156651,0.0510092803235475,23.6518119622507,8306,209,14.0526315789474,19.6042758034829
"result_final_linear_500",8.02,3327.75141631646,0.0359451326741959,24.7039053771323,3124,185,4.33513513513514,27.8201782996304
"result_final_linear_500",31.74,147832.474529847,0.0544207924738898,24.5384014780534,8634,179,17.731843575419,18.3753296220334
"result_final_linear_500",32.33,117210.953437973,0.055383230347424,25.8381816961087,8462,185,17.4756756756757,18.0560070932466
"result_final_linear_500",25.74,47558.2320905203,0.0468724357760525,24.6450181082739,7432,223,11.542600896861,21.334500403986
"result_final_linear_500",27.84,89974.820180114,0.0491285403050109,25.6481130308733,7720,201,13.8507462686567,20.3547671840355
"result_final_linear_500",34.06,219943.665816518,0.0585248957131446,23.9140447954006,8644,172,19.8023255813953,17.086745526236
"result_final_linear_500",2.33,755.203162741459,0.0340094364259972,24.8895101602565,924,62,3.75806451612903,29.4036039725606
"result_final_linear_500",34.64,263693.742350376,0.0597004018998904,24.4819263201092,8868,169,20.4970414201183,16.750305997552
"result_final_linear_500",40.92,515997.504157204,0.0788364024552976,24.8352091841828,9398,120,34.1,12.6844955991875
"result_final_linear_500",38.99,541241.815128962,0.0713108526678745,23.2910285182275,8992,131,29.763358778626,14.0231109654155
"result_final_linear_500",29.86,93161.5107561842,0.0516608971053988,24.5382203938458,8430,222,13.4504504504505,19.357000285144
"result_final_linear_500",7.82,4823.06339452393,0.0358690999649792,25.4673200761317,2910,160,4.8875,27.879149490128
"result_final_linear_500",34.84,158008.530243667,0.0601217936888725,25.1794348881508,8608,169,20.6153846153846,16.6329036218539
"result_final_linear_500",2.9,1195.64767456078,0.034184122513642,25.1239803713295,1128,78,3.71794871794872,29.2533470648815
"result_final_linear_500",22.12,30180.8188639964,0.0436693955366155,24.7711822173604,6490,233,9.49356223175966,22.8993323061119
"result_final_linear_500",10.95,6074.74168662599,0.0371389844646022,25.2013660736587,4070,218,5.02293577981651,26.9258843346435
"result_final_linear_500",13.64,10647.8599516712,0.0383856342786025,25.2217039767619,4692,210,6.4952380952381,26.0514126910607
"result_final_linear_500",39.86,406390.209221115,0.0744583384920144,24.6384554238931,9414,130,30.6615384615385,13.4303292317925
"result_final_linear_500",12.25,9735.0566342775,0.0377216550241805,25.0302297177424,4126,203,6.03448275862069,26.5099715099715
"result_final_linear_500",26.98,59583.0228387185,0.0481630499307434,24.1940340446424,7890,220,12.2636363636364,20.7628047110381
"result_final_linear_500",1.46,709.09253438147,0.0337500428126177,24.565570625851,504,27,5.40740740740741,29.6295920438401
"result_final_linear_500",11.49,8153.68802310805,0.0373767445788729,25.8494041387234,4112,221,5.19909502262443,26.7546039995481
"result_final_linear_500",3.13,1615.65464088655,0.0342557066322471,25.2727222356264,1164,75,4.17333333333333,29.1922163724579
"result_final_linear_500",7.19,5718.61448494261,0.0356337947054194,24.7029372903116,2486,137,5.24817518248175,28.063247494882
"result_final_linear_500",20.41,21580.2727804669,0.0423926069935284,25.1572166676817,6490,239,8.53974895397489,23.5890187209449
"result_final_concave_500",3.68,1872.46037308243,0.0333739298519785,26.2115393618511,1388,81,4.54320987654321,29.9635075771791
"result_final_concave_500",16.55,19698.0797299471,0.0344629054321097,24.3540707199368,5588,236,7.01271186440678,29.0167061500358
"result_final_concave_500",10.21,6962.74134693171,0.0336964096528129,25.1209751047959,3564,179,5.70391061452514,29.676752220886
"result_final_concave_500",18.95,25922.222211219,0.0349242914553849,24.6487822457833,6096,246,7.70325203252033,28.6333654407128
"result_final_concave_500",25.94,54665.3596817136,0.0371291603260877,25.2603646417481,7516,217,11.9539170506912,26.933008751544
"result_final_concave_500",19.32,22160.2507147927,0.035006138761171,25.0874911769656,6102,249,7.75903614457831,28.5664182166016
"result_final_concave_500",29.37,96080.4937555248,0.0389451219321071,24.1852782475291,8110,201,14.6119402985075,25.677156737198
"result_final_concave_500",8.18,4210.41421707925,0.0335552609787041,25.4732128572436,3036,169,4.84023668639053,29.8015861248897
"result_final_concave_500",12.27,8064.71800920349,0.0338857008012158,25.0622599259696,4432,216,5.68055555555556,29.5109729577769
"result_final_concave_500",24.58,52735.3588073694,0.036570297961921,24.4459418206822,7102,221,11.1221719457014,27.3445953610018
"result_final_concave_500",41.33,591629.852128585,0.0568381918782523,25.490101283755,9530,131,31.5496183206107,17.5938038659288
"result_final_concave_500",10.19,8114.42306213025,0.0336948103972643,24.917199871124,3670,204,4.99509803921569,29.6781607674869
"result_final_concave_500",12.68,9840.44522189753,0.0339295553025083,24.4758664575216,4064,190,6.67368421052632,29.472829545929
"result_final_concave_500",10.38,6338.81769324429,0.0337101799782171,25.3709974293383,3790,208,4.99038461538461,29.6646295168457
"result_final_concave_500",7.01,5177.86432931826,0.0334919404260346,25.6842428873626,2464,132,5.31060606060606,29.8579296176778
"result_final_concave_500",0.74,199.033031031865,0.0333348772807755,22.748750330235,316,25,2.96,29.998610511661
"result_final_concave_500",33.83,232428.689338385,0.0426160111617854,25.1200786600957,8750,173,19.5549132947977,23.4653589751431
"result_final_concave_500",18.98,19018.3947619208,0.0349308131820059,25.0790078805072,6170,252,7.53174603174603,28.6280194735099
"result_final_concave_500",37.76,576780.226101876,0.0480806931809877,25.4801959693378,9392,148,25.5135135135135,20.7983690300752
"result_final_concave_500",9.27,6592.62167091826,0.0336258493585738,24.1689427061347,3330,164,5.65243902439024,29.739025751777
"result_final_concave_500",42.75,1298901.03822241,0.0622663128335738,27.0788637767366,9372,111,38.5135135135135,16.0600484353845
"result_final_concave_500",21.64,24887.5830501063,0.0355955829425849,24.5675629618925,6872,259,8.35521235521236,28.0933733158124
"result_final_concave_500",10.8,7949.05430507604,0.0337455764448018,25.5197175860655,3760,183,5.9016393442623,29.6335136439502
"result_final_concave_500",33.84,133930.320561974,0.0426266209068509,24.1413929710015,8956,183,18.4918032786885,23.4595184587874
"result_final_concave_500",12.22,10044.6473514254,0.0338805002449977,25.1318081071521,4240,214,5.71028037383178,29.5155028045268
"result_final_concave_500",27.23,68469.5573410333,0.0377365663416275,24.9658042814976,7600,208,13.0913461538462,26.4994962961665
"result_final_concave_500",21.87,32129.222531251,0.0356618797682975,24.5767014241147,6658,234,9.34615384615385,28.0411466388537
"result_final_concave_500",27.36,44573.5859888514,0.0378024211112242,24.649519636728,7854,234,11.6923076923077,26.453332104252
"result_final_concave_500",20.69,35057.3844550995,0.0353374306410542,25.8153953053778,6404,219,9.44748858447489,28.2986052426297
"result_final_concave_500",1.09,451.414063636645,0.0333367070922494,25.4937293671851,416,30,3.63333333333333,29.9969639242652
"result_final_concave_500",29.6,80713.0241641323,0.0390923546783109,24.8854230453791,8516,201,14.726368159204,25.5804493801653
"result_final_concave_500",26.09,73555.5212316462,0.0371956974547386,25.5902204578615,7578,214,12.1915887850467,26.8848299246666
"result_final_concave_500",13.3,10204.861036638,0.0340000845830632,24.0740542157254,4610,222,5.99099099099099,29.4116915373246
"result_final_concave_500",4.05,2126.16458602151,0.0333828969356731,26.1477638754723,1536,90,4.5,29.955458986287
"result_final_concave_500",13.53,12327.9047157051,0.0340275811254536,25.7458949586309,4622,214,6.32242990654206,29.3879249398651
"result_final_concave_500",8.85,5747.5041224136,0.0335972676792667,26.1202830305844,3170,169,5.23668639053254,29.7643251691301
"result_final_concave_500",19.81,27188.2243759759,0.0351193857027825,24.4583880237135,6110,230,8.61304347826087,28.474302155028
"result_final_concave_500",1.67,650.58923371347,0.0333413475811389,26.442116926958,624,42,3.97619047619048,29.9927889107187
"result_final_concave_500",28.09,71417.9990815473,0.0381894236951634,24.0495503744523,8110,219,12.8264840182648,26.1852602956836
"result_final_concave_500",2.4,1090.4198312953,0.0333501383613977,25.2749585634788,956,62,3.87096774193548,29.984883095942
"result_final_concave_500",39.01,620781.448624495,0.0505756044578804,24.573834436969,9186,139,28.0647482014388,19.7723786145315
"result_final_concave_500",31.82,126530.216951278,0.040725495543021,24.9644246468537,8586,204,15.5980392156863,24.5546429003825
"result_final_concave_500",6.21,3277.04307817639,0.0334555575194919,24.9973742748898,2322,138,4.5,29.8904001051957
"result_final_concave_500",11.68,8009.06080430451,0.0338263267944398,24.5747201523794,4280,217,5.38248847926267,29.5627723955051
"result_final_concave_500",32.1,196027.26761041,0.040962470252652,25.1072916738177,8670,184,17.445652173913,24.4125902034743
"result_final_concave_500",36.58,352408.570044556,0.0461194148657497,23.3969852790616,9114,139,26.3165467625899,21.682842310791
"result_final_concave_500",37.16,342057.083183756,0.0470414820641604,25.4526073192147,9298,153,24.2875816993464,21.2578336421478
"result_final_concave_500",32.21,137791.011273658,0.0410577147179051,24.6515413216933,8718,193,16.6891191709845,24.355958602925
"result_final_concave_500",17.67,23140.9833369321,0.0346639522711805,25.7208638998122,5578,235,7.51914893617021,28.8484126731099
"result_final_concave_500",12.37,14508.5589931461,0.0338961973814091,24.256521859863,4290,201,6.15422885572139,29.5018343428831
"result_final_concave_500",25.92,58468.2516634521,0.0371203659932433,25.0067355460187,7514,236,10.9830508474576,26.9393895572587
"result_final_concave_500",26.73,82205.5898936162,0.0374914484414087,24.8678195035212,7556,224,11.9330357142857,26.67274916206
"result_final_concave_500",14,11376.8546880524,0.0340860908839524,25.1112324609406,5022,227,6.16740088105727,29.3374797187669
"result_final_concave_500",30.37,113656.0759542,0.0396132867997254,25.2166154677864,8436,210,14.4619047619048,25.2440552346929
"result_final_concave_500",11.77,7949.78775669833,0.0338351056042123,25.2952319261213,4014,192,6.13020833333333,29.5551020794067
"result_final_concave_500",36.28,310897.420985536,0.0456713606269756,24.7633368663974,9108,165,21.9878787878788,21.8955596301932
"result_final_concave_500",26.97,62517.9968932805,0.0376075117335536,24.7184423100898,7712,213,12.6619718309859,26.5904324403307
"result_final_concave_500",40.4,560620.61023949,0.0540163744966607,23.9456890281688,9244,120,33.6666666666667,18.512904824107
"result_final_concave_500",8.18,4549.13841244486,0.0335552609787041,25.8251434866633,3062,165,4.95757575757576,29.8015861248897
"result_final_concave_500",29.17,84209.1704710506,0.0388200600808092,24.3359447217425,8046,206,14.1601941747573,25.7598777003015
"result_final_concave_500",2.93,1103.99796739155,0.0333586608461246,25.3791967945068,1180,72,4.06944444444444,29.9772225453761
"result_final_concave_500",4.6,1943.96599974627,0.0333980414361823,24.510285839422,1804,105,4.38095238095238,29.9418755411398
"result_final_concave_500",24.96,76381.4485867626,0.0367187330458748,25.2811785399478,7374,231,10.8051948051948,27.2340551279545
"result_final_concave_500",14.16,11978.6448551293,0.0341067366143762,25.2429258405646,4788,225,6.29333333333333,29.3197209485734
"result_final_concave_500",23.45,42150.4500120064,0.0361611856129465,24.8225332478769,7134,220,10.6590909090909,27.6539605394459
"result_final_concave_500",33.04,159312.255349153,0.0418179121217918,24.7026927640054,8740,185,17.8594594594595,23.9131977007262
"result_final_concave_500",43.53,528943.934577385,0.0660297509823337,22.8309140029581,9654,102,42.6764705882353,15.1446883431008
"result_final_concave_500",9.41,6057.82569242764,0.0336357731009256,26.1946556513351,3278,182,5.17032967032967,29.7302516876736
"result_final_concave_500",2.07,879.731391493159,0.0333457489533401,24.6568518782877,800,49,4.22448979591837,29.98883010243
"result_final_concave_500",35.25,223301.368783672,0.0442660542891174,23.4566120908063,8624,158,22.3101265822785,22.5906739613303
"result_final_concave_500",25.12,45227.5561309992,0.0367829681610279,24.2074184140618,7350,213,11.7934272300469,27.1864955438674
"result_final_concave_500",14.76,12679.0396372093,0.0341875591283212,25.7655699586333,5260,255,5.78823529411765,29.2504064489235
"result_final_concave_500",21.43,28797.3246988435,0.0355363750148738,24.8385251461438,6700,242,8.85537190082645,28.1401802964272
"result_final_concave_500",5.64,2192.65995837496,0.0334328680838481,25.7026756378011,2226,137,4.11678832116788,29.9106854216649
"result_final_concave_500",14.22,13044.8377329452,0.0341145757921648,24.8764904511108,5000,236,6.02542372881356,29.3129835789919
"result_final_concave_500",38.84,415416.22278579,0.0502068273258397,24.8193558041828,9326,139,27.9424460431655,19.9176098802271
"result_final_concave_500",3.15,1180.71225284127,0.0333627438309203,25.8508355539559,1316,88,3.57954545454545,29.9735538859729
"result_final_concave_500",35.7,259414.686072344,0.0448560280213882,25.9421893923974,8658,168,21.25,22.2935476927021
"result_final_concave_500",1.81,559.287915394208,0.0333427748795604,25.7906943680457,778,53,3.41509433962264,29.9915050145696
"result_final_concave_500",19.27,23834.8708771895,0.0349948970440243,25.4646662256114,6134,230,8.37826086956522,28.5755948572153
"result_final_concave_500",4.1,1781.04458042562,0.0333841832222228,25.2447217285127,1662,100,4.1,29.9543048078628
"result_final_concave_500",9.66,5521.03209658007,0.0336539968000373,25.1863897460395,3426,172,5.61627906976744,29.7141527035176
"result_final_concave_500",34.2,207065.716586023,0.043017560174946,24.9924509545277,8850,176,19.4318181818182,23.2463207102669
"result_final_concave_500",27.2,64358.2412214412,0.0377214959231085,24.8245359161409,7698,215,12.6511627906977,26.5100833232701
"result_final_concave_500",37.3,352109.196101182,0.0472758276718162,23.8001446810061,9224,147,25.3741496598639,21.1524588621038
"result_final_concave_500",36.6,255434.118667344,0.0461499601597285,23.2490708890277,9008,144,25.4166666666667,21.6684910786255
"result_final_concave_500",33.5,208479.922556738,0.0422731780759718,24.4058431492904,8760,178,18.8202247191011,23.6556617106676
"result_final_concave_500",25.04,43790.7836068682,0.0367507198142139,24.322183915479,7598,232,10.7931034482759,27.2103513905389
"result_final_concave_500",21.9,44447.3604795177,0.0356706406885927,25.7548950058344,6858,244,8.97540983606557,28.0342595674149
"result_final_concave_500",17.58,17900.3266450751,0.0346469111242244,25.2840085066157,5658,221,7.95475113122172,28.8626018179387
"result_final_concave_500",9.58,6064.47284837537,0.0336480945697989,25.8524047673735,3552,190,5.04210526315789,29.7193648789123
"result_final_concave_500",2.01,859.973573750041,0.0333450250532104,24.6974654796448,838,56,3.58928571428571,29.989481141617
"result_final_concave_500",3.62,1212.80022078254,0.0333725663457952,26.741881222277,1492,101,3.58415841584158,29.9647317991173
"result_final_concave_500",38.27,352943.996858012,0.0490405086153438,25.1204329165501,9280,142,26.9507042253521,20.3913056417021
"result_final_concave_500",11.78,6895.73029982755,0.0338360871342691,24.9306227628927,4172,198,5.94949494949495,29.5542447337891
"result_final_concave_500",2.59,1070.25743035311,0.0333529825785271,23.7393843086014,944,56,4.625,29.9823260976908
"result_final_concave_500",29.59,96840.58908018,0.0390858759535566,25.337015597464,8068,207,14.2946859903382,25.5846894972557
"result_final_concave_500",36.37,355496.635691411,0.0458038123666802,26.2765604422345,9136,157,23.1656050955414,21.8322438314643
"result_final_concave_500",7.86,5770.12173667845,0.0335367037623841,24.2449503720695,2850,148,5.31081081081081,29.8180765493606
"result_final_concave_500",35.55,220891.516697622,0.0446554138596128,24.2015100221252,8802,153,23.2352941176471,22.3937013134351
"result_final_concave_500",1.46,384.094340926538,0.0333394323181237,26.9997914788474,628,42,3.47619047619048,29.9945119178406
"result_final_concave_500",39.58,496700.012944596,0.0518895075257898,25.4084192725588,9508,140,28.2714285714286,19.2717188441803
"result_final_concave_500",17.98,20479.6392518627,0.0347238842600163,25.1960559786002,5894,249,7.22088353413655,28.7986215053561
"result_final_concave_500",37.61,338176.129641882,0.0478121812665504,25.2062563137331,9268,141,26.6737588652482,20.9151721069794
"result_final_concave_500",13.99,15118.6114568623,0.0340848129455203,25.4403035225702,4600,208,6.72596153846154,29.3385796659162
"result_final_concave_500",13.09,8567.06872321523,0.0339756155250036,24.5093894032642,4638,226,5.79203539823009,29.43287368154
"result_final_concave_500",39.54,689841.659709341,0.0517931988607403,24.7045462330235,9392,132,29.9545454545455,19.307554312078
"result_final_concave_500",10.78,6919.18673634438,0.0337438458622832,25.7022409394854,3928,199,5.41708542713568,29.6350334245018
"result_final_concave_500",34.96,224793.327319488,0.0439040720777929,24.8024330983445,8762,156,22.4102564102564,22.776930536833
"result_final_concave_500",28.5,73529.8364535774,0.0384202763764808,25.1028225905933,7968,229,12.4454148471616,26.0279231258252
"result_final_concave_500",12.53,9357.95539967853,0.0339132587814558,25.1120853142053,4386,205,6.11219512195122,29.4869922835848
"result_final_concave_500",3.34,1361.24835526841,0.0333665326530279,24.2798515676621,1340,85,3.92941176470588,29.9701503419251
"result_final_concave_500",35.92,453288.766993219,0.0451577121488907,25.5941955901849,8880,137,26.2189781021898,22.1446116823384
"result_final_concave_500",42.4,862462.554083681,0.0607773023037692,23.9279416813486,9784,96,44.1666666666667,16.4535108024692
"result_final_concave_500",21.7,42109.8407693877,0.0356127303128092,24.9054826809102,6442,220,9.86363636363636,28.0798464823215
"result_final_concave_500",2.79,1118.25447984326,0.0333562305261237,24.7449371633913,1082,68,4.10294117647059,29.9794066723705
"result_final_concave_500",13.47,14026.6490113556,0.0340203371523127,25.1751063294733,4468,204,6.60294117647059,29.3941825303757
"result_final_concave_500",36.54,411692.511604852,0.0460585815947503,25.4104494680193,9396,134,27.2686567164179,21.711480583544
"result_final_concave_500",25.11,50075.7041793038,0.0367789227330864,24.8527588271431,7360,231,10.8701298701299,27.1894858709496
"result_final_concave_500",24.06,43059.2488310963,0.0363762246252419,25.5614188752632,7208,238,10.109243697479,27.4904834215832
"result_final_concave_500",28.99,134843.266992522,0.0387098018582926,25.4247579979073,8016,180,16.1055555555556,25.8332502878925
"result_final_concave_500",21.22,32451.3219898277,0.0354784041624718,25.0013375106332,6560,256,8.2890625,28.1861606689113
"result_final_concave_500",3.91,1986.83218164786,0.0333793901884874,24.5067704294162,1496,93,4.20430107526882,29.9586060246511
"result_final_concave_500",16.99,19457.825839438,0.0345390782143978,25.8204213116824,5566,229,7.41921397379913,28.9527124549359
"result_final_concave_500",31.67,94289.0801586633,0.0406016883637871,24.0854535652673,8498,187,16.9358288770053,24.6295176456727
"result_final_concave_500",28.21,60355.1661061191,0.0382559499087213,24.6647474349312,7970,235,12.0042553191489,26.1397247326494
"result_final_concave_500",4.8,2215.28048394795,0.0334040997334466,25.1253887763001,1802,108,4.44444444444444,29.9364451663018
"result_final_concave_500",34.44,186074.287525448,0.0432882366026952,24.3875479581405,8734,175,19.68,23.1009641066723
"result_final_concave_500",26.89,70742.182741379,0.0375685015396605,23.9776967688248,7672,215,12.506976744186,26.6180432813993
"result_final_concave_500",8.91,10043.1744893871,0.0336012428241776,25.8089499195638,3034,149,5.97986577181208,29.7608039450391
"result_final_concave_500",37.95,427224.969555565,0.0484296033336682,25.3914059969235,9206,153,24.8039215686275,20.6485275774456
"result_final_concave_500",8.62,4003.07048557502,0.0335823578831744,25.7236672420523,3078,170,5.07058823529412,29.7775398463318
"result_final_concave_500",2.04,939.573330001691,0.0333453841716922,22.1649818857484,788,51,4,29.989158165073
"result_final_concave_500",11.68,9589.7834039011,0.0338263267944398,23.9469238836931,3998,198,5.8989898989899,29.5627723955051
"result_final_concave_500",44.78,1761645.87668986,0.0737491063879518,26.1896865038818,10050,94,47.6382978723404,13.5594863311234
"result_final_concave_500",5.17,2243.74898868572,0.0334161016499481,25.4778569788988,2054,127,4.07086614173228,29.9256930229488
"result_final_concave_500",14.6,15329.4928462151,0.0341654728766856,23.9231861695673,4688,206,7.0873786407767,29.2693153585003
"result_final_concave_500",29.14,119700.428093943,0.0388015340715522,25.0646000432208,8302,210,13.8761904761905,25.7721768978501
"result_final_concave_500",5.03,2538.87940955516,0.0334114380058587,25.376772953817,1800,105,4.79047619047619,29.9298701188692
"result_final_concave_500",22.37,29548.1776047586,0.0358113991629335,25.0308993882978,6986,244,9.16803278688525,27.9240695246291
"result_final_concave_500",28.55,88785.4314582744,0.0384491266791382,24.7195850436543,8082,203,14.064039408867,26.0083930734006
"result_final_concave_500",6.9,3485.79998691656,0.0334866145066384,24.8532764977461,2560,152,4.53947368421053,29.8626784084656
"result_final_concave_500",42.01,579237.855364083,0.0592422701346775,24.4127614948724,9600,119,35.3025210084034,16.8798393060675
"result_final_concave_500",29.74,89433.0882333388,0.0391838068602918,25.0915085547763,8102,190,15.6526315789474,25.520746454408
"result_final_concave_500",3.71,1841.24143082664,0.0333746210192775,24.7930945315247,1404,85,4.36470588235294,29.9628870518826
"result_final_concave_500",6.2,3643.74730021547,0.0334551366922669,25.6033379251599,2222,123,5.04065040650407,29.8907760921254
"result_final_concave_500",19.46,30281.5996455972,0.0350379216705389,25.4580140677464,6532,261,7.45593869731801,28.5405056099784
"result_final_concave_500",20.54,27213.2163601088,0.0352988803711811,24.783574021833,6464,230,8.9304347826087,28.3295104401222
"result_final_concave_500",41.5,1064258.84181369,0.0574094654951876,26.2712888030053,9612,123,33.739837398374,17.4187303674483
"result_final_concave_500",20.01,30576.0841608896,0.0351672515549811,24.5654147983333,6218,221,9.05429864253394,28.4355460203247
"result_final_concave_500",15.45,12701.7099556575,0.0342874097821149,25.3705388013885,5190,234,6.6025641025641,29.1652243886216
"result_final_concave_500",44.62,962583.837372243,0.0726166588713428,24.9346731256114,9322,99,45.0707070707071,13.7709447879134
"result_final_concave_500",13.9,13337.677477546,0.0340733767975288,25.0182722902757,4644,211,6.58767772511848,29.3484266599759
"result_final_concave_500",23.62,41992.0595286564,0.0362197908552805,24.5586727409313,6976,228,10.359649122807,27.6092151938588
"result_final_concave_500",9.44,4590.33309417895,0.0336379257753457,24.8671100974194,3498,183,5.15846994535519,29.7283490866411
"result_final_concave_500",23.92,48352.1479534249,0.0363256945965991,25.2693965245407,7016,220,10.8727272727273,27.5287234313098
"result_final_concave_500",40.9,481967.448195609,0.0554730834500004,23.6265327226077,9454,118,34.6610169491525,18.0267606883856
"result_final_concave_500",25.77,52769.0083166236,0.0370549810891815,24.820262373861,7424,236,10.9194915254237,26.9869251206273
"result_final_concave_500",20.49,28458.4268172807,0.0352861593619358,25.060883102798,6360,223,9.18834080717489,28.3397235086664
"result_final_concave_500",10.87,10303.4514647823,0.0337516693793405,24.9042027043171,3768,192,5.66145833333333,29.6281641290343
"result_final_concave_500",22.2,35489.5867549902,0.0357597176485045,25.2996889906986,6810,241,9.21161825726141,27.9644266162661
"result_final_concave_500",5.11,2204.44357543283,0.033414084578638,25.1256517569147,2096,136,3.75735294117647,29.9274995143608
"result_final_concave_500",26.62,52292.6577343986,0.0374392123124681,24.8918835716082,7778,235,11.3276595744681,26.709963651318
"result_final_concave_500",10.57,6341.72707300395,0.0337259479212337,26.2660053094222,3862,224,4.71875,29.6507603681142
"result_final_concave_500",36.98,539860.937299987,0.0467470868586898,24.9332026921014,9252,139,26.6043165467626,21.3917073169258
"result_final_concave_500",33.41,136130.391765274,0.0421820775431941,24.2106795010722,8870,184,18.1576086956522,23.7067507871325
"result_final_concave_500",31.63,95728.9978789553,0.040569035063699,24.9821749918369,8518,211,14.9905213270142,24.6493415095987
"result_final_concave_500",5.43,3135.06852082221,0.0334251634581922,25.2875207474608,2048,123,4.41463414634146,29.9175799469399
"result_final_concave_500",41.27,589588.053835639,0.0566409821114138,25.9773755157891,9648,145,28.4620689655172,17.6550611010413
"result_final_concave_500",38.2,243808.381052549,0.0489043000811819,25.7438787752349,9480,165,23.1515151515152,20.4480996219143
"result_final_concave_500",33.22,160718.243723455,0.0419930227960753,25.3898362690729,8844,207,16.048309178744,23.8134797977311
"result_final_concave_500",25.43,66993.5175352071,0.0369104447406703,24.8581022571737,7548,223,11.4035874439462,27.0926022979652
"result_final_concave_500",32.08,165827.738635995,0.0409452848939773,24.5202914158849,8454,180,17.8222222222222,24.422836538795
"result_final_concave_500",21.35,29713.0338396776,0.0355141463934144,25.2291836306827,6624,242,8.82231404958678,28.1577934866382
"result_final_concave_500",29.37,119217.589976792,0.0389451219321071,23.6518119622507,8306,209,14.0526315789474,25.677156737198
"result_final_concave_500",8.02,3473.02767034323,0.0335458630433283,24.7039053771323,3124,185,4.33513513513514,29.8099350941839
"result_final_concave_500",31.74,166042.57292447,0.0406591969164186,24.5384014780534,8634,179,17.731843575419,24.5946815441451
"result_final_concave_500",32.33,134997.743291114,0.0411630346434163,25.8381816961087,8462,185,17.4756756756757,24.293641337737
"result_final_concave_500",25.74,55268.7909326478,0.0370420244437232,24.6450181082739,7432,223,11.542600896861,26.9963646700592
"result_final_concave_500",27.84,102517.758994441,0.0380535178751499,25.6481130308733,7720,201,13.8507462686567,26.2787793570336
"result_final_concave_500",34.06,245633.640169836,0.0428634235320284,23.9140447954006,8644,172,19.8023255813953,23.3299143558325
"result_final_concave_500",2.33,765.783152247145,0.0333491491994251,24.8895101602565,924,62,3.75806451612903,29.9857724711381
"result_final_concave_500",34.64,288767.156195756,0.0435202212624071,24.4819263201092,8868,169,20.4970414201183,22.9778243536598
"result_final_concave_500",40.92,565205.441712603,0.0555341678239844,24.8352091841828,9398,120,34.1,18.0069322938178
"result_final_concave_500",38.99,591076.627968748,0.0505316927758906,23.2910285182275,8992,131,29.763358778626,19.7895606710629
"result_final_concave_500",29.86,107211.834394463,0.039263322257294,24.5382203938458,8430,222,13.4504504504505,25.469062282783
"result_final_concave_500",7.82,5002.153692424,0.0335344509215163,25.4673200761317,2910,160,4.8875,29.820079724591
"result_final_concave_500",34.84,187088.965946774,0.0437582578295458,25.1794348881508,8608,169,20.6153846153846,22.8528293766941
"result_final_concave_500",2.9,1215.13991186944,0.0333581291248065,25.1239803713295,1128,78,3.71794871794872,29.9777003757791
"result_final_concave_500",22.12,34388.930059232,0.0357357006749071,24.7711822173604,6490,233,9.49356223175966,27.983220732039
"result_final_concave_500",10.95,6456.77502866648,0.0337587013936438,25.2013660736587,4070,218,5.02293577981651,29.6219925150404
"result_final_concave_500",13.64,11457.3094222808,0.034040993006681,25.2217039767619,4692,210,6.4952380952381,29.3763463305473
"result_final_concave_500",39.86,468527.514209057,0.0525822058464734,24.6384554238931,9414,130,30.6615384615385,19.0178404253284
"result_final_concave_500",12.25,10364.8817043693,0.0338836167717041,25.0302297177424,4126,203,6.03448275862069,29.5127880455516
"result_final_concave_500",26.98,68012.6332600645,0.0376124109039189,24.1940340446424,7890,220,12.2636363636364,26.5869689277432
"result_final_concave_500",1.46,713.631853358541,0.0333394323181237,24.565570625851,504,27,5.40740740740741,29.9945119178406
"result_final_concave_500",11.49,8631.02618425144,0.0338081162708627,25.8494041387234,4112,221,5.19909502262443,29.5786961920101
"result_final_concave_500",3.13,1638.53359970516,0.0333623592259245,25.2727222356264,1164,75,4.17333333333333,29.973899424443
"result_final_concave_500",7.19,5918.24757039542,0.0335008828741114,24.7029372903116,2486,137,5.24817518248175,29.8499595893568
"result_final_concave_500",20.41,24117.9135965874,0.0352659387991362,25.1572166676817,6490,239,8.53974895397489,28.3559727615842
"result_final_convex_500",3.68,1496.32961463838,0.0453280751500058,26.2115393618511,1388,81,4.54320987654321,22.0613824145558
"result_final_convex_500",16.55,10028.1604156583,0.118474603096886,24.3540707199368,5588,236,7.01271186440678,8.44062755949662
"result_final_convex_500",10.21,3714.12267344405,0.0768124247941005,25.1209751047959,3564,179,5.70391061452514,13.0187271483819
"result_final_convex_500",18.95,8731.26954665332,0.134900625741779,24.6487822457833,6096,246,7.70325203252033,7.4128640582747
"result_final_convex_500",25.94,15009.6166441754,0.173822309515151,25.2603646417481,7516,217,11.9539170506912,5.75300145757663
"result_final_convex_500",19.32,7099.01404905249,0.137360210317939,25.0874911769656,6102,249,7.75903614457831,7.28012863175852
"result_final_convex_500",29.37,32851.4041448466,0.185499246669983,24.1852782475291,8110,201,14.6119402985075,5.3908574722089
"result_final_convex_500",8.18,2585.21512810656,0.0655417670216471,25.4732128572436,3036,169,4.84023668639053,15.2574464412856
"result_final_convex_500",12.27,3492.69619621195,0.0894973696214786,25.0622599259696,4432,216,5.68055555555556,11.1735127437758
"result_final_convex_500",24.58,16004.9235475707,0.167768559327036,24.4459418206822,7102,221,11.1221719457014,5.96059240188546
"result_final_convex_500",41.33,394259.423388517,0.19913158088764,25.490101283755,9530,131,31.5496183206107,5.02180515788829
"result_final_convex_500",10.19,3798.3967830378,0.0766951186847533,24.917199871124,3670,204,4.99509803921569,13.038639448625
"result_final_convex_500",12.68,4049.05747767315,0.0921507118565703,24.4758664575216,4064,190,6.67368421052632,10.8517881181045
"result_final_convex_500",10.38,3408.9276077709,0.0778143452084189,25.3709974293383,3790,208,4.99038461538461,12.8511008776285
"result_final_convex_500",7.01,3662.80164213473,0.059652101117877,25.6842428873626,2464,132,5.31060606060606,16.7638688539055
"result_final_convex_500",0.74,190.928828677166,0.0354559341757182,22.748750330235,316,25,2.96,28.2040234800764
"result_final_convex_500",33.83,148034.364650554,0.194155448883178,25.1200786600957,8750,173,19.5549132947977,5.150512157924
"result_final_convex_500",18.98,5924.03291131167,0.135101068298367,25.0790078805072,6170,252,7.53174603174603,7.40186597038247
"result_final_convex_500",37.76,373342.525754164,0.197708072934856,25.4801959693378,9392,148,25.5135135135135,5.05796240464847
"result_final_convex_500",9.27,3986.12885312115,0.0714313256151844,24.1689427061347,3330,164,5.65243902439024,13.9994602002378
"result_final_convex_500",42.75,939049.453231954,0.199430129139115,27.0788637767366,9372,111,38.5135135135135,5.01428748161938
"result_final_convex_500",21.64,7034.6633602018,0.151981542283524,24.5675629618925,6872,259,8.35521235521236,6.57974636245291
"result_final_convex_500",10.8,3886.09714017564,0.0803260431261424,25.5197175860655,3760,183,5.9016393442623,12.4492625440247
"result_final_convex_500",33.84,47234.5499007898,0.194168395227456,24.1413929710015,8956,183,18.4918032786885,5.15016874310859
"result_final_convex_500",12.22,4579.20021683438,0.0891764253589446,25.1318081071521,4240,214,5.71028037383178,11.2137260040969
"result_final_convex_500",27.23,20984.2472175872,0.178804178303614,24.9658042814976,7600,208,13.0913461538462,5.59271046956171
"result_final_convex_500",21.87,10026.2443560505,0.153338961873084,24.5767014241147,6658,234,9.34615384615385,6.52149974008356
"result_final_convex_500",27.36,13009.1216082097,0.179265711805823,24.649519636728,7854,234,11.6923076923077,5.57831160195978
"result_final_convex_500",20.69,11583.6904952858,0.146184618812365,25.8153953053778,6404,219,9.44748858447489,6.84066496273146
"result_final_convex_500",1.09,430.950824575358,0.0365078322274984,25.4937293671851,416,30,3.63333333333333,27.3913825879473
"result_final_convex_500",29.6,26639.2185687918,0.186109188978164,24.8854230453791,8516,201,14.726368159204,5.37318982200996
"result_final_convex_500",26.09,25623.5028655232,0.174439491885776,25.5902204578615,7578,214,12.1915887850467,5.73264682893485
"result_final_convex_500",13.3,4755.97423783671,0.0962310818400243,24.0740542157254,4610,222,5.99099099099099,10.3916528930061
"result_final_convex_500",4.05,1648.00240669339,0.0467468369976873,26.1477638754723,1536,90,4.5,21.3918216552164
"result_final_convex_500",13.53,5528.83360939529,0.0977636260570367,25.7458949586309,4622,214,6.32242990654206,10.2287531705973
"result_final_convex_500",8.85,3414.17235464946,0.0691165774233176,26.1202830305844,3170,169,5.23668639053254,14.4683090118209
"result_final_convex_500",19.81,8828.29321686337,0.140571543206276,24.4583880237135,6110,230,8.61304347826087,7.1138153369533
"result_final_convex_500",1.67,596.357215131011,0.0383213607566022,26.442116926958,624,42,3.97619047619048,26.0951067565552
"result_final_convex_500",28.09,29207.37379994,0.181722869771641,24.0495503744523,8110,219,12.8264840182648,5.50288470161534
"result_final_convex_500",2.4,1001.94783416538,0.0407331830833094,25.2749585634788,956,62,3.87096774193548,24.5500087227348
"result_final_convex_500",39.01,330278.322464575,0.19834579440568,24.573834436969,9186,139,28.0647482014388,5.0417000420724
"result_final_convex_500",31.82,47105.4719525219,0.191022058861812,24.9644246468537,8586,204,15.5980392156863,5.23499749692999
"result_final_convex_500",6.21,2205.98759782246,0.0558847431282021,24.9973742748898,2322,138,4.5,17.8939714853114
"result_final_convex_500",11.68,3768.28714713733,0.0857488857141566,24.5747201523794,4280,217,5.38248847926267,11.6619591225184
"result_final_convex_500",32.1,89253.9880245793,0.19152665017719,25.1072916738177,8670,184,17.445652173913,5.22120550364586
"result_final_convex_500",36.58,212166.233360517,0.196921786112824,23.3969852790616,9114,139,26.3165467625899,5.07815828679851
"result_final_convex_500",37.16,167313.137615538,0.197333139631857,25.4526073192147,9298,153,24.2875816993464,5.06757254187306
"result_final_convex_500",32.21,64350.0977798655,0.191718458455488,24.6515413216933,8718,193,16.6891191709845,5.21598185201439
"result_final_convex_500",17.67,9489.54085050988,0.126213600093288,25.7208638998122,5578,235,7.51914893617021,7.92307642964682
"result_final_convex_500",12.37,7772.4737561238,0.090141008959037,24.256521859863,4290,201,6.15422885572139,11.0937298300536
"result_final_convex_500",25.92,21553.5683298267,0.173739260125694,25.0067355460187,7514,236,10.9830508474576,5.75575145926451
"result_final_convex_500",26.73,32992.7288722246,0.176960394127002,24.8678195035212,7556,224,11.9330357142857,5.65098198912415
"result_final_convex_500",14,5220.78793766355,0.100923349619199,25.1112324609406,5022,227,6.16740088105727,9.9085098123791
"result_final_convex_500",30.37,50712.8335257928,0.188007340765159,25.2166154677864,8436,210,14.4619047619048,5.3189412494755
"result_final_convex_500",11.77,3612.83589715551,0.0863150974051148,25.2952319261213,4014,192,6.13020833333333,11.5854587443325
"result_final_convex_500",36.28,160335.185151746,0.196688500983069,24.7633368663974,9108,165,21.9878787878788,5.08418130700015
"result_final_convex_500",26.97,19051.6204934577,0.1778590670998,24.7184423100898,7712,213,12.6619718309859,5.6224291305817
"result_final_convex_500",40.4,297235.564324861,0.198868482464338,23.9456890281688,9244,120,33.6666666666667,5.02844889048381
"result_final_convex_500",8.18,2809.02633503365,0.0655417670216471,25.8251434866633,3062,165,4.95757575757576,15.2574464412856
"result_final_convex_500",29.17,29403.7740321395,0.184952288756728,24.3359447217425,8046,206,14.1601941747573,5.40679981157369
"result_final_convex_500",2.93,936.743617135329,0.0425778987928032,25.3791967945068,1180,72,4.06944444444444,23.486363309432
"result_final_convex_500",4.6,1476.19839438435,0.0489334533441515,24.510285839422,1804,105,4.38095238095238,20.4359171826061
"result_final_convex_500",24.96,28055.0247588467,0.169542892183063,25.2811785399478,7374,231,10.8051948051948,5.89821246484492
"result_final_convex_500",14.16,5196.78563520936,0.102006788322702,25.2429258405646,4788,225,6.29333333333333,9.80326913966221
"result_final_convex_500",23.45,12723.1836120861,0.162120131722312,24.8225332478769,7134,220,10.6590909090909,6.16826540526659
"result_final_convex_500",33.04,60291.187219691,0.19305430626802,24.7026927640054,8740,185,17.8594594594595,5.17988963484547
"result_final_convex_500",43.53,297742.816644822,0.199552018521803,22.8309140029581,9654,102,42.6764705882353,5.01122467919682
"result_final_convex_500",9.41,3289.83920286644,0.072215365546485,26.1946556513351,3278,182,5.17032967032967,13.8474685052491
"result_final_convex_500",2.07,774.51533867441,0.0396247014335819,24.6568518782877,800,49,4.22448979591837,25.2367832140308
"result_final_convex_500",35.25,111252.12380003,0.195769327014415,23.4566120908063,8624,158,22.3101265822785,5.10805249857332
"result_final_convex_500",25.12,13837.8907512648,0.170270825617423,24.2074184140618,7350,213,11.7934272300469,5.87299671786918
"result_final_convex_500",14.76,5319.31334251823,0.106099516717476,25.7655699586333,5260,255,5.78823529411765,9.42511361915833
"result_final_convex_500",21.43,8649.49524589493,0.150725911491481,24.8385251461438,6700,242,8.85537190082645,6.634559314352
"result_final_convex_500",5.64,1528.2766916898,0.0533283408160538,25.7026756378011,2226,137,4.11678832116788,18.7517553461735
"result_final_convex_500",14.22,6403.38854900686,0.102414011661008,24.8764904511108,5000,236,6.02542372881356,9.76428892669507
"result_final_convex_500",38.84,183735.008025275,0.198269327799178,24.8193558041828,9326,139,27.9424460431655,5.04364447643094
"result_final_convex_500",3.15,996.855762811054,0.0433674235661859,25.8508355539559,1316,88,3.57954545454545,23.0587827859738
"result_final_convex_500",35.7,126023.424404598,0.196194503540934,25.9421893923974,8658,168,21.25,5.09698274901651
"result_final_convex_500",1.81,509.466843238192,0.0387725690621454,25.7906943680457,778,53,3.41509433962264,25.7914299771362
"result_final_convex_500",19.27,7757.46649742354,0.137029481915451,25.4646662256114,6134,230,8.37826086956522,7.2976996338424
"result_final_convex_500",4.1,1427.63208753506,0.0469417612339831,25.2447217285127,1662,100,4.1,21.3029927661951
"result_final_convex_500",9.66,2884.89894238175,0.0736307387853519,25.1863897460395,3426,172,5.61627906976744,13.5812843453221
"result_final_convex_500",34.2,94298.2003418769,0.19461878718992,24.9924509545277,8850,176,19.4318181818182,5.1382500859187
"result_final_convex_500",27.2,19197.3270442444,0.178696629797171,24.8245359161409,7698,215,12.6511627906977,5.5960764404737
"result_final_convex_500",37.3,235602.477910344,0.197425037178311,23.8001446810061,9224,147,25.3741496598639,5.06521368460889
"result_final_convex_500",36.6,149037.466455524,0.196936825514764,23.2490708890277,9008,144,25.4166666666667,5.07777048495702
"result_final_convex_500",33.5,91951.8513085088,0.19371458823333,24.4058431492904,8760,178,18.8202247191011,5.16223382616644
"result_final_convex_500",25.04,13153.6795083174,0.169908281747557,24.322183915479,7598,232,10.7931034482759,5.88552829629435
"result_final_convex_500",21.9,16798.9767750911,0.153514616409977,25.7548950058344,6858,244,8.97540983606557,6.51403770784532
"result_final_convex_500",17.58,6186.63641225985,0.125594937982697,25.2840085066157,5658,221,7.95475113122172,7.96210433367759
"result_final_convex_500",9.58,3545.58211460235,0.0731756961234621,25.8524047673735,3552,190,5.04210526315789,13.6657394869575
"result_final_convex_500",2.01,792.114802892385,0.0394264086723548,24.6974654796448,838,56,3.58928571428571,25.3637101038113
"result_final_convex_500",3.62,973.707232145682,0.0451019085382664,26.741881222277,1492,101,3.58415841584158,22.1720107288045
"result_final_convex_500",38.27,167840.617566689,0.197990114508014,25.1204329165501,9280,142,26.9507042253521,5.05075721828285
"result_final_convex_500",11.78,3140.51217332472,0.0863781371360074,24.9306227628927,4172,198,5.94949494949495,11.5770035469212
"result_final_convex_500",2.59,904.863492185923,0.0413852752319342,23.7393843086014,944,56,4.625,24.1631835090073
"result_final_convex_500",29.59,34761.7045711954,0.186083089269551,25.337015597464,8068,207,14.2946859903382,5.37394345679337
"result_final_convex_500",36.37,196837.989846983,0.196760020586086,26.2765604422345,9136,157,23.1656050955414,5.08233327594354
"result_final_convex_500",7.86,3817.84438789287,0.0638861205370449,24.2449503720695,2850,148,5.31081081081081,15.6528521624684
"result_final_convex_500",35.55,117348.489019989,0.196057002951115,24.2015100221252,8802,153,23.2352941176471,5.10055741415848
"result_final_convex_500",1.46,350.023041651402,0.0376544399150423,26.9997914788474,628,42,3.47619047619048,26.5572931706393
"result_final_convex_500",39.58,314791.172647431,0.198581178713358,25.4084192725588,9508,140,28.2714285714286,5.03572396175294
"result_final_convex_500",17.98,7679.35415312777,0.128338092405078,25.1960559786002,5894,249,7.22088353413655,7.79191883921467
"result_final_convex_500",37.61,201461.846583942,0.197618881946644,25.2062563137331,9268,141,26.6737588652482,5.06024520607294
"result_final_convex_500",13.99,6660.02802418205,0.100855758720408,25.4403035225702,4600,208,6.72596153846154,9.91515023720358
"result_final_convex_500",13.09,3667.66864032145,0.094840402550248,24.5093894032642,4638,226,5.79203539823009,10.5440294759418
"result_final_convex_500",39.54,338823.195833213,0.198565669387984,24.7045462330235,9392,132,29.9545454545455,5.03611728594467
"result_final_convex_500",10.78,3542.18802278647,0.0802052836071042,25.7022409394854,3928,199,5.41708542713568,12.4680065330687
"result_final_convex_500",34.96,120384.392031513,0.195474554953011,24.8024330983445,8762,156,22.4102564102564,5.11575534851779
"result_final_convex_500",28.5,22893.8012041803,0.183004692631391,25.1028225905933,7968,229,12.4454148471616,5.46434075335
"result_final_convex_500",12.53,4290.35729934058,0.0911755968676827,25.1120853142053,4386,205,6.11219512195122,10.9678470375273
"result_final_convex_500",3.34,1140.16203061388,0.0440607073026962,24.2798515676621,1340,85,3.92941176470588,22.6959588535431
"result_final_convex_500",35.92,299196.276577928,0.196388790898584,25.5941955901849,8880,137,26.2189781021898,5.09194030588235
"result_final_convex_500",42.4,672733.065343622,0.199366519912551,23.9279416813486,9784,96,44.1666666666667,5.01588732370227
"result_final_convex_500",21.7,19773.0520935249,0.152337467081543,24.9054826809102,6442,220,9.86363636363636,6.56437329015534
"result_final_convex_500",2.79,956.797719942665,0.0420827929852448,24.7449371633913,1082,68,4.10294117647059,23.762681349373
"result_final_convex_500",13.47,6949.51322480407,0.097362915703569,25.1751063294733,4468,204,6.60294117647059,10.2708509987992
"result_final_convex_500",36.54,253757.705547238,0.196891517713199,25.4104494680193,9396,134,27.2686567164179,5.07893895894817
"result_final_convex_500",25.11,18274.1293457644,0.170225663374187,24.8527588271431,7360,231,10.8701298701299,5.87455487132876
"result_final_convex_500",24.06,13266.8953217171,0.165237691937557,25.5614188752632,7208,238,10.109243697479,6.05188796983377
"result_final_convex_500",28.99,51644.2716910947,0.184446648801458,25.4247579979073,8016,180,16.1055555555556,5.42162195137749
"result_final_convex_500",21.22,9679.7227155307,0.149455237009953,25.0013375106332,6560,256,8.2890625,6.69096660649907
"result_final_convex_500",3.91,1586.81788009707,0.0462051157690294,24.5067704294162,1496,93,4.20430107526882,21.6426251369829
"result_final_convex_500",16.99,8193.67930916326,0.121523187869126,25.8204213116824,5566,229,7.41921397379913,8.22888222021419
"result_final_convex_500",31.67,31625.5894031143,0.190741886016496,24.0854535652673,8498,187,16.9358288770053,5.24268696763078
"result_final_convex_500",28.21,16875.387553069,0.182105245818431,24.6647474349312,7970,235,12.0042553191489,5.49133000263515
"result_final_convex_500",4.8,1664.50723601225,0.0497519558792112,25.1253887763001,1802,108,4.44444444444444,20.0997123093576
"result_final_convex_500",34.44,84050.0910076403,0.194902572044745,24.3875479581405,8734,175,19.68,5.13076861689862
"result_final_convex_500",26.89,21467.2068304817,0.177562320117223,23.9776967688248,7672,215,12.506976744186,5.63182548718568
"result_final_convex_500",8.91,6098.9954986884,0.0694438003677024,25.8089499195638,3034,149,5.97986577181208,14.4001335569919
"result_final_convex_500",37.95,296465.119174467,0.197816900054895,25.3914059969235,9206,153,24.8039215686275,5.05517981387079
"result_final_convex_500",8.62,2303.30187290573,0.0678729751239882,25.7236672420523,3078,170,5.07058823529412,14.7334045424299
"result_final_convex_500",2.04,861.75261184532,0.0395254309673785,22.1649818857484,788,51,4,25.3001668931916
"result_final_convex_500",11.68,4474.18853736288,0.0857488857141566,23.9469238836931,3998,198,5.8989898989899,11.6619591225184
"result_final_convex_500",44.78,1560131.11808264,0.199699745920634,26.1896865038818,10050,94,47.6382978723404,5.00751763799152
"result_final_convex_500",5.17,1650.71010991707,0.0512994951717929,25.4778569788988,2054,127,4.07086614173228,19.4933692164256
"result_final_convex_500",14.6,7024.70051080614,0.105003937895902,23.9231861695673,4688,206,7.0873786407767,9.52345235843795
"result_final_convex_500",29.14,60057.7232217749,0.184868900331936,25.0646000432208,8302,210,13.8761904761905,5.40923864535614
"result_final_convex_500",5.03,1878.01523679843,0.0507088293447372,25.376772953817,1800,105,4.79047619047619,19.720431587991
"result_final_convex_500",22.37,8317.61593114209,0.156223087652218,25.0308993882978,6986,244,9.16803278688525,6.40110251966206
"result_final_convex_500",28.55,32477.1851098635,0.183156278606573,24.7195850436543,8082,203,14.064039408867,5.45981829073979
"result_final_convex_500",6.9,2305.73709317853,0.059121594512765,24.8532764977461,2560,152,4.53947368421053,16.914293469945
"result_final_convex_500",42.01,360100.047685185,0.199288343747442,24.4127614948724,9600,119,35.3025210084034,5.01785493920959
"result_final_convex_500",29.74,28865.5127189636,0.186470618496545,25.0915085547763,8102,190,15.6526315789474,5.36277515494232
"result_final_convex_500",3.71,1512.19750985475,0.0454415647764519,24.7930945315247,1404,85,4.36470588235294,22.0062844428765
"result_final_convex_500",6.2,2604.40008247411,0.0558389811355243,25.6033379251599,2222,123,5.04065040650407,17.9086362190769
"result_final_convex_500",19.46,14336.6273165711,0.138283356863554,25.4580140677464,6532,261,7.45593869731801,7.23152823796947
"result_final_convex_500",20.54,8829.40052278957,0.145243236794419,24.783574021833,6464,230,8.9304347826087,6.88500216650656
"result_final_convex_500",41.5,887538.488154168,0.199173373209465,26.2712888030053,9612,123,33.739837398374,5.02075143823732
"result_final_convex_500",20.01,8522.08338342681,0.141865627898372,24.5654147983333,6218,221,9.05429864253394,7.04892379369277
"result_final_convex_500",15.45,4852.81084293912,0.110851188861033,25.3705388013885,5190,234,6.6025641025641,9.02110306867016
"result_final_convex_500",44.62,650944.844069744,0.199683643810366,24.9346731256114,9322,99,45.0707070707071,5.00792143471537
"result_final_convex_500",13.9,5525.09896353586,0.100248119430189,25.0182722902757,4644,211,6.58767772511848,9.97524946786041
"result_final_convex_500",23.62,12001.2255105443,0.163004849471167,24.5586727409313,6976,228,10.359649122807,6.13478680692187
"result_final_convex_500",9.44,2501.29676251428,0.0723841774378738,24.8671100974194,3498,183,5.15846994535519,13.8151739150215
"result_final_convex_500",23.92,17277.1722152563,0.164536237256552,25.2693965245407,7016,220,10.8727272727273,6.07768851818798
"result_final_convex_500",40.9,255124.038756301,0.199017486916641,23.6265327226077,9454,118,34.6610169491525,5.02468408928735
"result_final_convex_500",25.77,14389.3164311593,0.173110697611467,24.820262373861,7424,236,10.9194915254237,5.77665051205801
"result_final_convex_500",20.49,9588.82684608138,0.144927969209138,25.060883102798,6360,223,9.18834080717489,6.89997938601453
"result_final_convex_500",10.87,5592.06622012841,0.0807495971463194,24.9042027043171,3768,192,5.66145833333333,12.383962711145
"result_final_convex_500",22.2,10740.5252759307,0.155252976955402,25.2996889906986,6810,241,9.21161825726141,6.44110032290885
"result_final_convex_500",5.11,1628.23364611111,0.0510455883196659,25.1256517569147,2096,136,3.75735294117647,19.5903315627913
"result_final_convex_500",26.62,15305.0750260147,0.176540028436017,24.8918835716082,7778,235,11.3276595744681,5.66443774173531
"result_final_convex_500",10.57,3271.83907745512,0.0789442412913025,26.2660053094222,3862,224,4.71875,12.6671684171366
"result_final_convex_500",36.98,345125.546252279,0.197210856570375,24.9332026921014,9252,139,26.6043165467626,5.07071475369384
"result_final_convex_500",33.41,46193.7811625612,0.193589672087988,24.2106795010722,8870,184,18.1576086956522,5.16556482179221
"result_final_convex_500",31.63,31412.5949371564,0.190665991686802,24.9821749918369,8518,211,14.9905213270142,5.24477381180097
"result_final_convex_500",5.43,2321.03046080855,0.052413061048439,25.2875207474608,2048,123,4.41463414634146,19.0792138447289
"result_final_convex_500",41.27,332589.363862188,0.199116394018788,25.9773755157891,9648,145,28.4620689655172,5.02218817756233
"result_final_convex_500",38.2,104489.055710737,0.197953275507786,25.7438787752349,9480,165,23.1515151515152,5.05169716153885
"result_final_convex_500",33.22,65044.7871648353,0.193319192567374,25.3898362690729,8844,207,16.048309178744,5.17279214091218
"result_final_convex_500",25.43,22628.9225339812,0.171648750251634,24.8581022571737,7548,223,11.4035874439462,5.82585074772766
"result_final_convex_500",32.08,101796.006727049,0.191491390446782,24.5202914158849,8454,180,17.8222222222222,5.22216689568565
"result_final_convex_500",21.35,8912.37630922508,0.150243593694315,25.2291836306827,6624,242,8.82231404958678,6.6558578333436
"result_final_convex_500",29.37,37616.5793771575,0.185499246669983,23.6518119622507,8306,209,14.0526315789474,5.3908574722089
"result_final_convex_500",8.02,2110.24859360569,0.0647097414842021,24.7039053771323,3124,185,4.33513513513514,15.4536237831229
"result_final_convex_500",31.74,88217.6432166074,0.190873500489752,24.5384014780534,8634,179,17.731843575419,5.23907193735198
"result_final_convex_500",32.33,52234.3440036474,0.191923650808273,25.8381816961087,8462,185,17.4756756756757,5.21040526161612
"result_final_convex_500",25.74,16116.5825753489,0.172983779354706,24.6450181082739,7432,223,11.542600896861,5.78088884247051
"result_final_convex_500",27.84,36470.9477259974,0.180906867977499,25.6481130308733,7720,201,13.8507462686567,5.52770611298394
"result_final_convex_500",34.06,142356.34814096,0.194447221454783,23.9140447954006,8644,172,19.8023255813953,5.14278369481634
"result_final_convex_500",2.33,661.889012175029,0.0404955074159403,24.8895101602565,924,62,3.75806451612903,24.6940972915521
"result_final_convex_500",34.64,176844.224067732,0.195129363628279,24.4819263201092,8868,169,20.4970414201183,5.12480531584676
"result_final_convex_500",40.92,406531.002302055,0.199023071240226,24.8352091841828,9398,120,34.1,5.02454310331175
"result_final_convex_500",38.99,376687.793566137,0.198336953410942,23.2910285182275,8992,131,29.763358778626,5.04192477903027
"result_final_convex_500",29.86,43216.1338608972,0.186774564271602,24.5382203938458,8430,222,13.4504504504505,5.35404809482425
"result_final_convex_500",7.82,3258.87536021374,0.0636815307044055,25.4673200761317,2910,160,4.8875,15.7031401245953
"result_final_convex_500",34.84,66237.329315639,0.195347608049726,25.1794348881508,8608,169,20.6153846153846,5.11907982894497
"result_final_convex_500",2.9,1027.5692299,0.042471327588699,25.1239803713295,1128,78,3.71794871794872,23.5452964805858
"result_final_convex_500",22.12,9303.34562687056,0.154792678791174,24.7711822173604,6490,233,9.49356223175966,6.46025385573351
"result_final_convex_500",10.95,3221.61336841452,0.081235355455489,25.2013660736587,4070,218,5.02293577981651,12.3099110528042
"result_final_convex_500",13.64,4759.58563145706,0.0984998857438353,25.2217039767619,4692,210,6.4952380952381,10.1522960402275
"result_final_convex_500",39.86,257188.508549743,0.198685711585221,24.6384554238931,9414,130,30.6615384615385,5.03307455791091
"result_final_convex_500",12.25,5116.75215162325,0.0893689213859535,25.0302297177424,4126,203,6.03448275862069,11.1895722191985
"result_final_convex_500",26.98,21219.1880766246,0.177895963308721,24.1940340446424,7890,220,12.2636363636364,5.62126302025526
"result_final_convex_500",1.46,668.054002610588,0.0376544399150423,24.565570625851,504,27,5.40740740740741,26.5572931706393
"result_final_convex_500",11.49,4339.55891790341,0.0845604155307371,25.8494041387234,4112,221,5.19909502262443,11.8258643092465
"result_final_convex_500",3.13,1409.9962552295,0.0432950642346462,25.2727222356264,1164,75,4.17333333333333,23.0973210844613
"result_final_convex_500",7.19,3977.4247669992,0.0605288162946978,24.7029372903116,2486,137,5.24817518248175,16.5210566010622
"result_final_convex_500",20.41,7145.58623411161,0.14442203701025,25.1572166676817,6490,239,8.53974895397489,6.92415105548627
"result_final_linear_1000",3.68,2546.29622586803,0.0188360450563204,26.2115393618511,1388,81,4.54320987654321,53.0897009966777
"result_final_linear_1000",16.55,23721.0250936667,0.0221808758057014,24.3540707199368,5588,236,7.01271186440678,45.0838825644098
"result_final_linear_1000",10.21,8885.47590016861,0.0202780067525604,25.1209751047959,3564,179,5.70391061452514,49.3145116382672
"result_final_linear_1000",18.95,31832.2716002995,0.0230895235382095,24.6487822457833,6096,246,7.70325203252033,43.3096853793955
"result_final_linear_1000",25.94,64560.2476460267,0.0266757915210892,25.2603646417481,7516,217,11.9539170506912,37.487172562787
"result_final_linear_1000",19.32,27169.517962436,0.0232413435501527,25.0874911769656,6102,249,7.75903614457831,43.0267724343083
"result_final_linear_1000",29.37,109095.360899723,0.0292324565941684,24.1852782475291,8110,201,14.6119402985075,34.2085516069659
"result_final_linear_1000",8.18,5388.44571896494,0.0197841029066385,25.4732128572436,3036,169,4.84023668639053,50.5456327597474
"result_final_linear_1000",12.27,10379.1279719988,0.0208303159094417,25.0622599259696,4432,216,5.68055555555556,48.0069531517154
"result_final_linear_1000",24.58,62211.666000791,0.0258367304991264,24.4459418206822,7102,221,11.1221719457014,38.7045876425352
"result_final_linear_1000",41.33,608309.279732821,0.0505623303313655,25.490101283755,9530,131,31.5496183206107,19.7775694562809
"result_final_linear_1000",10.19,10854.3606965655,0.0202729088836469,24.917199871124,3670,204,4.99509803921569,49.3269123705601
"result_final_linear_1000",12.68,12742.7874877207,0.0209470805546227,24.4758664575216,4064,190,6.67368421052632,47.7393495190104
"result_final_linear_1000",10.38,8033.82122712228,0.020321534659078,25.3709974293383,3790,208,4.99038461538461,49.2088819459943
"result_final_linear_1000",7.01,6511.27339847443,0.0195195163677201,25.6842428873626,2464,132,5.31060606060606,51.2307775029572
"result_final_linear_1000",0.74,272.414873096433,0.0183058849565682,22.748750330235,316,25,2.96,54.6272415877495
"result_final_linear_1000",33.83,250117.590630359,0.0339707883050543,25.1200786600957,8750,173,19.5549132947977,29.4370560677044
"result_final_linear_1000",18.98,23520.3903417205,0.0231017079638448,25.0790078805072,6170,252,7.53174603174603,43.2868427548753
"result_final_linear_1000",37.76,599888.190577833,0.0405419489317353,25.4801959693378,9392,148,25.5135135135135,24.6658097686375
"result_final_linear_1000",9.27,8221.20676518947,0.0200435200424155,24.1689427061347,3330,164,5.65243902439024,49.8914361291744
"result_final_linear_1000",42.75,1319949.27952227,0.0566131025957973,27.0788637767366,9372,111,38.5135135135135,17.6637554585153
"result_final_linear_1000",21.64,30370.5942035639,0.0242765970630151,24.5675629618925,6872,259,8.35521235521236,41.191934660541
"result_final_linear_1000",10.8,10190.7546595848,0.020430600091617,25.5197175860655,3760,183,5.9016393442623,48.9461883408073
"result_final_linear_1000",33.84,149888.899722516,0.0339839737004315,24.1413929710015,8956,183,18.4918032786885,29.4256348246675
"result_final_linear_1000",12.22,12800.5657647811,0.0208162394175816,25.1318081071521,4240,214,5.71028037383178,48.0394167236273
"result_final_linear_1000",27.23,78926.5340133158,0.0275555218963591,24.9658042814976,7600,208,13.0913461538462,36.2903669094407
"result_final_linear_1000",21.87,38368.2836907808,0.0243878076568914,24.5767014241147,6658,234,9.34615384615385,41.0040957378727
"result_final_linear_1000",27.36,52024.4455609274,0.0276492082825822,24.649519636728,7854,234,11.6923076923077,36.1674008810573
"result_final_linear_1000",20.69,41882.4110771459,0.0238343526017641,25.8153953053778,6404,219,9.44748858447489,41.9562476358592
"result_final_linear_1000",1.09,573.093659361305,0.0183658122197361,25.4937293671851,416,30,3.63333333333333,54.4489940349814
"result_final_linear_1000",29.6,91918.5420184372,0.0294314381270903,24.8854230453791,8516,201,14.726368159204,33.9772727272727
"result_final_linear_1000",26.09,83533.7891493875,0.0267736501784065,25.5902204578615,7578,214,12.1915887850467,37.3501555946421
"result_final_linear_1000",13.3,12716.5374034615,0.0211283051053978,24.0740542157254,4610,222,5.99099099099099,47.3298731257209
"result_final_linear_1000",4.05,2888.26080955858,0.0189073353367161,26.1477638754723,1536,90,4.5,52.8895257946847
"result_final_linear_1000",13.53,15262.4209863374,0.0211970044247245,25.7458949586309,4622,214,6.32242990654206,47.1764773910027
"result_final_linear_1000",8.85,7312.31729391658,0.0199420226439862,26.1202830305844,3170,169,5.23668639053254,50.1453647833242
"result_final_linear_1000",19.81,32490.1696747068,0.0234477112238483,24.4583880237135,6110,230,8.61304347826087,42.6480857962339
"result_final_linear_1000",1.67,859.463041762254,0.018466941489112,26.442116926958,624,42,3.97619047619048,54.1508186718193
"result_final_linear_1000",28.09,81146.4109920529,0.028193918958656,24.0495503744523,8110,219,12.8264840182648,35.4686413572521
"result_final_linear_1000",2.4,1320.96806382328,0.0185975609756098,25.2749585634788,956,62,3.87096774193548,53.7704918032786
"result_final_linear_1000",39.01,645955.375179344,0.0434417180099006,24.573834436969,9186,139,28.0647482014388,23.0193474340056
"result_final_linear_1000",31.82,142311.789270168,0.0315808976793738,24.9644246468537,8586,204,15.5980392156863,31.6647110589615
"result_final_linear_1000",6.21,4361.21038503323,0.019346321641106,24.9973742748898,2322,138,4.5,51.689412517326
"result_final_linear_1000",11.68,10320.0218337565,0.0206664170722576,24.5747201523794,4280,217,5.38248847926267,48.3876811594202
"result_final_linear_1000",32.1,211905.971449598,0.0318854191124677,25.1072916738177,8670,184,17.445652173913,31.3622974963181
"result_final_linear_1000",36.58,374047.297315182,0.0382255439696221,23.3969852790616,9114,139,26.3165467625899,26.1605171870072
"result_final_linear_1000",37.16,362419.992767003,0.0393192341384057,25.4526073192147,9298,153,24.2875816993464,25.4328453214513
"result_final_linear_1000",32.21,150813.859646144,0.0320073656129748,24.6515413216933,8718,193,16.6891191709845,31.2428086738457
"result_final_linear_1000",17.67,27673.1748669593,0.0225892746902995,25.7208638998122,5578,235,7.51914893617021,44.2687963075428
"result_final_linear_1000",12.37,17507.2741609038,0.0208585744379515,24.256521859863,4290,201,6.15422885572139,47.941914869337
"result_final_linear_1000",25.92,67010.3754208661,0.026662827526634,25.0067355460187,7514,236,10.9830508474576,37.5053995680346
"result_final_linear_1000",26.73,92177.4833146156,0.027204039578963,24.8678195035212,7556,224,11.9330357142857,36.7592466220827
"result_final_linear_1000",14,14073.4461801094,0.0213399503722084,25.1112324609406,5022,227,6.16740088105727,46.8604651162792
"result_final_linear_1000",30.37,125820.584478541,0.0301278584254592,25.2166154677864,8436,210,14.4619047619048,33.1918713198334
"result_final_linear_1000",11.77,10338.3180805575,0.0206911107723696,25.2952319261213,4014,192,6.13020833333333,48.3299331293212
"result_final_linear_1000",36.28,335321.813347745,0.0376907606766828,24.7633368663974,9108,165,21.9878787878788,26.5317011927182
"result_final_linear_1000",26.97,72902.005543518,0.0273710248674175,24.7184423100898,7712,213,12.6619718309859,36.534985622347
"result_final_linear_1000",40.4,587652.137084804,0.0473767885532592,23.9456890281688,9244,120,33.6666666666667,21.1073825503355
"result_final_linear_1000",8.18,5856.60819230013,0.0197841029066385,25.8251434866633,3062,165,4.95757575757576,50.5456327597474
"result_final_linear_1000",29.17,95410.0125489147,0.0290626346347168,24.3359447217425,8046,206,14.1601941747573,34.408442750247
"result_final_linear_1000",2.93,1484.58643683557,0.0186948106348763,25.3791967945068,1180,72,4.06944444444444,53.4907798495931
"result_final_linear_1000",4.6,2584.96570303108,0.0190153478174208,24.510285839422,1804,105,4.38095238095238,52.5890985324947
"result_final_linear_1000",24.96,86066.9463779314,0.0260627952208947,25.2811785399478,7374,231,10.8051948051948,38.3688699360341
"result_final_linear_1000",14.16,14748.4456168632,0.0213894149307286,25.2429258405646,4788,225,6.29333333333333,46.7520969245107
"result_final_linear_1000",23.45,49496.456692261,0.025199572051683,24.8225332478769,7134,220,10.6590909090909,39.6832135858916
"result_final_linear_1000",33.04,176425.722987776,0.0329722276935198,24.7026927640054,8740,185,17.8594594594595,30.3285543608124
"result_final_linear_1000",43.53,548433.971012742,0.0607628988002367,22.8309140029581,9654,102,42.6764705882353,16.4574110146981
"result_final_linear_1000",9.41,7907.38914348723,0.0200777934152639,26.1946556513351,3278,182,5.17032967032967,49.8062700077272
"result_final_linear_1000",2.07,1215.48391144549,0.0185380443527396,24.6568518782877,800,49,4.22448979591837,53.9431226386195
"result_final_linear_1000",35.25,242219.787680028,0.0359972202918694,23.4566120908063,8624,158,22.3101265822785,27.7799227799227
"result_final_linear_1000",25.12,53720.0132493461,0.0261598658468418,24.2074184140618,7350,213,11.7934272300469,38.2264957264957
"result_final_linear_1000",14.76,15568.8500732134,0.0215786542453547,25.7655699586333,5260,255,5.78823529411765,46.3420929141247
"result_final_linear_1000",21.43,34624.9333597838,0.0241765004538671,24.8385251461438,6700,242,8.85537190082645,41.3624793178058
"result_final_linear_1000",5.64,2941.92204070951,0.0192265373487102,25.7026756378011,2226,137,4.11678832116788,52.011445527766
"result_final_linear_1000",14.22,15776.2894768312,0.0214080710773915,24.8764904511108,5000,236,6.02542372881356,46.7113546281184
"result_final_linear_1000",38.84,445654.558460709,0.0430158953439302,24.8193558041828,9326,139,27.9424460431655,23.2472204054938
"result_final_linear_1000",3.15,1564.1603730182,0.0187357933936258,25.8508355539559,1316,88,3.57954545454545,53.3737738771295
"result_final_linear_1000",35.7,277730.640437936,0.0367113902369398,25.9421893923974,8658,168,21.25,27.2395023328149
"result_final_linear_1000",1.81,740.753160522563,0.0184916995451935,25.7906943680457,778,53,3.41509433962264,54.0783175476117
"result_final_linear_1000",19.27,29124.253588036,0.0232206290538306,25.4646662256114,6134,230,8.37826086956522,43.0651554564597
"result_final_linear_1000",4.1,2314.22544910322,0.0189170529638031,25.2447217285127,1662,100,4.1,52.8623566214808
"result_final_linear_1000",9.66,7262.2499328548,0.0201395545845687,25.1863897460395,3426,172,5.61627906976744,49.6535311047156
"result_final_linear_1000",34.2,225999.253380775,0.0344683080146674,24.9924509545277,8850,176,19.4318181818182,29.0121580547112
"result_final_linear_1000",27.2,74879.8328896159,0.0275340393343419,24.8245359161409,7698,215,12.6511627906977,36.3186813186813
"result_final_linear_1000",37.3,368846.537129983,0.0395958320176823,23.8001446810061,9224,147,25.3741496598639,25.2551834130782
"result_final_linear_1000",36.6,274107.077971303,0.0382619191309596,23.2490708890277,9008,144,25.4166666666667,26.1356466876971
"result_final_linear_1000",33.5,226917.426707984,0.0335435056746532,24.4058431492904,8760,178,18.8202247191011,29.812030075188
"result_final_linear_1000",25.04,52454.4872286264,0.0261111885188798,24.322183915479,7598,232,10.7931034482759,38.2977588046958
"result_final_linear_1000",21.9,51388.4757217956,0.0244024371192001,25.7548950058344,6858,244,8.97540983606557,40.9795134443022
"result_final_linear_1000",17.58,21918.6761363418,0.0225554856188938,25.2840085066157,5658,221,7.95475113122172,44.3351128366902
"result_final_linear_1000",9.58,7735.20103787407,0.0201197125119601,25.8524047673735,3552,190,5.04210526315789,49.7024994470251
"result_final_linear_1000",2.01,1070.76439678249,0.0185273069323779,24.6974654796448,838,56,3.58928571428571,53.9743851413409
"result_final_linear_1000",3.62,1640.91205659599,0.0188245864177035,26.741881222277,1492,101,3.58415841584158,53.1220170159783
"result_final_linear_1000",38.27,376652.618938269,0.0416630108325178,25.1204329165501,9280,142,26.9507042253521,24.0021059452454
"result_final_linear_1000",11.78,8880.22438385011,0.0206938612746593,24.9306227628927,4172,198,5.94949494949495,48.3235094082974
"result_final_linear_1000",2.59,1497.534036186,0.0186321859966909,23.7393843086014,944,56,4.625,53.6705677035213
"result_final_linear_1000",29.59,108847.730661787,0.0294227032448131,25.337015597464,8068,207,14.2946859903382,33.9873597500355
"result_final_linear_1000",36.37,376713.426757694,0.0378490913957708,26.2765604422345,9136,157,23.1656050955414,26.4207134999214
"result_final_linear_1000",7.86,7264.96122912191,0.0197103557447537,24.2449503720695,2850,148,5.31081081081081,50.7347514651617
"result_final_linear_1000",35.55,236854.127030436,0.036469090394681,24.2015100221252,8802,153,23.2352941176471,27.4204809930178
"result_final_linear_1000",1.46,542.699488418321,0.0184300596629697,26.9997914788474,628,42,3.47619047619048,54.2591840876801
"result_final_linear_1000",39.58,519075.534684592,0.04495201249907,25.4084192725588,9508,140,28.2714285714286,22.2459450513075
"result_final_linear_1000",17.98,24691.671804521,0.022707012541181,25.1960559786002,5894,249,7.22088353413655,44.0392587173861
"result_final_linear_1000",37.61,356300.214961448,0.0402269576711048,25.2062563137331,9268,141,26.6737588652482,24.858951755089
"result_final_linear_1000",13.99,18647.5182869374,0.0213368725270091,25.4403035225702,4600,208,6.72596153846154,46.8672247413091
"result_final_linear_1000",13.09,10964.3582543139,0.0210662820714814,24.5093894032642,4638,226,5.79203539823009,47.4692210332527
"result_final_linear_1000",39.54,720026.977406953,0.0448416524512349,24.7045462330235,9392,132,29.9545454545455,22.3006946741647
"result_final_linear_1000",10.78,8800.96072780019,0.0204253565623498,25.7022409394854,3928,199,5.41708542713568,48.9587536426809
"result_final_linear_1000",34.96,240793.396097233,0.0355565274436912,24.8024330983445,8762,156,22.4102564102564,28.1242312423124
"result_final_linear_1000",28.5,84888.9929849937,0.0285144566301097,25.1028225905933,7968,229,12.4454148471616,35.06993006993
"result_final_linear_1000",12.53,11813.4217263742,0.0209040830714448,25.1120853142053,4386,205,6.11219512195122,47.8375443009031
"result_final_linear_1000",3.34,1798.77365759581,0.018771483502612,24.2798515676621,1340,85,3.92941176470588,53.2722946410097
"result_final_linear_1000",35.92,473576.979404671,0.0370747512149965,25.5941955901849,8880,137,26.2189781021898,26.9725343320849
"result_final_linear_1000",42.4,877255.212923585,0.0549618320610687,23.9279416813486,9784,96,44.1666666666667,18.1944444444444
"result_final_linear_1000",21.7,48639.3120231477,0.0243054477727767,24.9054826809102,6442,220,9.86363636363636,41.1430395913154
"result_final_linear_1000",2.79,1484.27161118292,0.0186689200218934,24.7449371633913,1082,68,4.10294117647059,53.5649624524226
"result_final_linear_1000",13.47,17313.1355033339,0.0211790045647571,25.1751063294733,4468,204,6.60294117647059,47.2165722870682
"result_final_linear_1000",36.54,432270.584327746,0.0381530691997836,25.4104494680193,9396,134,27.2686567164179,26.2102111566341
"result_final_linear_1000",25.11,58487.361707382,0.0261537655625207,24.8527588271431,7360,231,10.8701298701299,38.2354119375084
"result_final_linear_1000",24.06,50636.4583743159,0.0255372095369405,25.5614188752632,7208,238,10.109243697479,39.1585462207006
"result_final_linear_1000",28.99,150585.789730585,0.0289122778445064,25.4247579979073,8016,180,16.1055555555556,34.587382058865
"result_final_linear_1000",21.22,38955.5944981168,0.0240777529875607,25.0013375106332,6560,256,8.2890625,41.5321147499366
"result_final_linear_1000",3.91,2618.97102095211,0.0188802326381043,24.5067704294162,1496,93,4.20430107526882,52.9654490581747
"result_final_linear_1000",16.99,23439.4055582874,0.0223382354919875,25.8204213116824,5566,229,7.41921397379913,44.7662932176845
"result_final_linear_1000",31.67,107077.857230826,0.0314211482307498,24.0854535652673,8498,187,16.9358288770053,31.8256988145763
"result_final_linear_1000",28.21,69988.1681163336,0.0282866092712622,24.6647474349312,7970,235,12.0042553191489,35.3524167711381
"result_final_linear_1000",4.8,2942.78513298668,0.0190552441953563,25.1253887763001,1802,108,4.44444444444444,52.4789915966386
"result_final_linear_1000",34.44,201900.001207658,0.0348019959656014,24.3875479581405,8734,175,19.68,28.7339841366687
"result_final_linear_1000",26.89,81896.4950641939,0.0273150137303618,23.9776967688248,7672,215,12.506976744186,36.6099028860622
"result_final_linear_1000",8.91,12648.6289685111,0.0199564021952261,25.8089499195638,3034,149,5.97986577181208,50.1092326270723
"result_final_linear_1000",37.95,445881.305599913,0.0409503382280152,25.3914059969235,9206,153,24.8039215686275,24.41982272361
"result_final_linear_1000",8.62,5288.55951378144,0.0198872663170036,25.7236672420523,3078,170,5.07058823529412,50.2834318231561
"result_final_linear_1000",2.04,1175.49044845042,0.0185326724431496,22.1649818857484,788,51,4,53.9587586770109
"result_final_linear_1000",11.68,12307.968664903,0.0206664170722576,23.9469238836931,3998,198,5.8989898989899,48.3876811594202
"result_final_linear_1000",44.78,1771852.90186938,0.0691893246460343,26.1896865038818,10050,94,47.6382978723404,14.4530967040927
"result_final_linear_1000",5.17,2966.38096808093,0.0191299436167959,25.4778569788988,2054,127,4.07086614173228,52.2740693873248
"result_final_linear_1000",14.6,18805.6905449569,0.0215276027224603,23.9231861695673,4688,206,7.0873786407767,46.4519906323185
"result_final_linear_1000",29.14,130338.351578855,0.0290374134327747,25.0646000432208,8302,210,13.8761904761905,34.438329099633
"result_final_linear_1000",5.03,3368.08104130434,0.0191015416796565,25.376772953817,1800,105,4.79047619047619,52.35179530378
"result_final_linear_1000",22.37,35766.7395480254,0.0246354505497993,25.0308993882978,6986,244,9.16803278688525,40.5919103439392
"result_final_linear_1000",28.55,100802.011325125,0.0285543011289839,24.7195850436543,8082,203,14.064039408867,35.0209937018895
"result_final_linear_1000",6.9,4531.98989138005,0.0194953408020103,24.8532764977461,2560,152,4.53947368421053,51.2943071965627
"result_final_linear_1000",42.01,600454.351296321,0.0532531337526975,24.4127614948724,9600,119,35.3025210084034,18.7782376271771
"result_final_linear_1000",29.74,101430.722255722,0.0295545366592353,25.0915085547763,8102,190,15.6526315789474,33.8357529177341
"result_final_linear_1000",3.71,2390.46121426376,0.0188417849700124,24.7930945315247,1404,85,4.36470588235294,53.0735278845156
"result_final_linear_1000",6.2,4705.41881940378,0.0193441946793153,25.6033379251599,2222,123,5.04065040650407,51.6950959488274
"result_final_linear_1000",19.46,35011.3857823044,0.0232996788844852,25.4580140677464,6532,261,7.45593869731801,42.9190464365533
"result_final_linear_1000",20.54,32912.9666545095,0.0237669368587922,24.783574021833,6464,230,8.9304347826087,42.0752579914423
"result_final_linear_1000",41.5,1076417.12992728,0.0512035010940919,26.2712888030053,9612,123,33.739837398374,19.5299145299145
"result_final_linear_1000",20.01,37710.1551036474,0.023533738360376,24.5654147983333,6218,221,9.05429864253394,42.4921865233154
"result_final_linear_1000",15.45,15945.6209806565,0.0218038811166269,25.3705388013885,5190,234,6.6025641025641,45.8633944411591
"result_final_linear_1000",44.62,983793.568252767,0.0679592588047613,24.9346731256114,9322,99,45.0707070707071,14.7146984470928
"result_final_linear_1000",13.9,16683.5729569187,0.0213092439054572,25.0182722902757,4644,211,6.58767772511848,46.9279907084786
"result_final_linear_1000",23.62,49959.4062408836,0.0252922282194775,24.5586727409313,6976,228,10.359649122807,39.5378371301387
"result_final_linear_1000",9.44,5979.53678272349,0.0200851667849539,24.8671100974194,3498,183,5.15846994535519,49.7879858657243
"result_final_linear_1000",23.92,56920.3156273918,0.0254584392986213,25.2693965245407,7016,220,10.8727272727273,39.279705573081
"result_final_linear_1000",40.9,508242.590960915,0.0490253007051016,23.6265327226077,9454,118,34.6610169491525,20.3976311336717
"result_final_linear_1000",25.77,62519.6483891925,0.0265662187069413,24.820262373861,7424,236,10.9194915254237,37.6417890340832
"result_final_linear_1000",20.49,34430.3558560828,0.0237446058741843,25.060883102798,6360,223,9.18834080717489,42.1148283234814
"result_final_linear_1000",10.87,12939.4007302066,0.0204489922338339,24.9042027043171,3768,192,5.66145833333333,48.9021653764164
"result_final_linear_1000",22.2,42139.8847615517,0.0245503313348059,25.2996889906986,6810,241,9.21161825726141,40.7326478149101
"result_final_linear_1000",5.11,2938.3055852459,0.0191177507580413,25.1256517569147,2096,136,3.75735294117647,52.3074085783538
"result_final_linear_1000",26.62,61340.3109883723,0.0271285444933269,24.8918835716082,7778,235,11.3276595744681,36.8615426546743
"result_final_linear_1000",10.57,8210.55442978223,0.0203706023712174,26.2660053094222,3862,224,4.71875,49.090349994409
"result_final_linear_1000",36.98,561554.119288263,0.0389709974645971,24.9332026921014,9252,139,26.6043165467626,25.6601079022533
"result_final_linear_1000",33.41,151650.553822868,0.0334295539546676,24.2106795010722,8870,184,18.1576086956522,29.913650698303
"result_final_linear_1000",31.63,107905.170451809,0.0313789384308236,24.9821749918369,8518,211,14.9905213270142,31.8685095802252
"result_final_linear_1000",5.43,4047.29361328653,0.0191831394464335,25.2875207474608,2048,123,4.41463414634146,52.1291107116421
"result_final_linear_1000",41.27,612137.661835139,0.0503407191531308,25.9773755157891,9648,145,28.4620689655172,19.8646347692831
"result_final_linear_1000",38.2,262737.062765085,0.0415043653458697,25.7438787752349,9480,165,23.1515151515152,24.0938511326861
"result_final_linear_1000",33.22,177221.751753665,0.033192504597644,25.3898362690729,8844,207,16.048309178744,30.1272836178497
"result_final_linear_1000",25.43,76660.3605449169,0.0263512200293302,24.8581022571737,7548,223,11.4035874439462,37.9489070671852
"result_final_linear_1000",32.08,178470.713525556,0.0318633890035654,24.5202914158849,8454,180,17.8222222222222,31.3839811542992
"result_final_linear_1000",21.35,36056.5122454906,0.0241387247755697,25.2291836306827,6624,242,8.82231404958678,41.4272091544819
"result_final_linear_1000",29.37,136021.691195386,0.0292324565941684,23.6518119622507,8306,209,14.0526315789474,34.2085516069659
"result_final_linear_1000",8.02,4512.51929738724,0.0197470963309646,24.7039053771323,3124,185,4.33513513513514,50.6403565992607
"result_final_linear_1000",31.74,181632.189411792,0.0314954090342823,24.5384014780534,8634,179,17.731843575419,31.7506592440668
"result_final_linear_1000",32.33,148982.200791272,0.032141924145629,25.8381816961087,8462,185,17.4756756756757,31.1120141864933
"result_final_linear_1000",25.74,65820.522642001,0.0265470274907947,24.6450181082739,7432,223,11.542600896861,37.669000807972
"result_final_linear_1000",27.84,116727.85927983,0.0280037255510711,25.6481130308733,7720,201,13.8507462686567,35.7095343680709
"result_final_linear_1000",34.06,263924.57636551,0.0342776940271352,23.9140447954006,8644,172,19.8023255813953,29.1734910524719
"result_final_linear_1000",2.33,1071.60978053268,0.0185848706556176,24.8895101602565,924,62,3.75806451612903,53.8072079451214
"result_final_linear_1000",34.64,304924.708681382,0.0350869658578484,24.4819263201092,8868,169,20.4970414201183,28.500611995104
"result_final_linear_1000",40.92,582508.229340383,0.0490942330064816,24.8352091841828,9398,120,34.1,20.3689911983751
"result_final_linear_1000",38.99,611332.134678197,0.0433910600618755,23.2910285182275,8992,131,29.763358778626,23.046221930831
"result_final_linear_1000",29.86,121266.3622906,0.029661267814099,24.5382203938458,8430,222,13.4504504504505,33.714000570288
"result_final_linear_1000",7.82,6291.52522235834,0.0197012118232918,25.4673200761317,2910,160,4.8875,50.758298980256
"result_final_linear_1000",34.84,205709.637964779,0.0353784341405147,25.1794348881508,8608,169,20.6153846153846,28.2658072437078
"result_final_linear_1000",2.9,1674.3779471502,0.0186892503127707,25.1239803713295,1128,78,3.71794871794872,53.506694129763
"result_final_linear_1000",22.12,41989.832999183,0.0245106061559766,24.7711822173604,6490,233,9.49356223175966,40.7986646122239
"result_final_linear_1000",10.95,8365.97372236203,0.0204700879259813,25.2013660736587,4070,218,5.02293577981651,48.8517686692868
"result_final_linear_1000",13.64,14430.3551163835,0.0212301489748759,25.2217039767619,4692,210,6.4952380952381,47.1028253821213
"result_final_linear_1000",39.86,492795.371563101,0.0457442762607439,24.6384554238931,9414,130,30.6615384615385,21.860658463585
"result_final_linear_1000",12.25,13036.1747365189,0.0208246811035301,25.0302297177424,4126,203,6.03448275862069,48.019943019943
"result_final_linear_1000",26.98,78214.1650333378,0.0273780510667017,24.1940340446424,7890,220,12.2636363636364,36.5256094220761
"result_final_linear_1000",1.46,914.212689195901,0.0184300596629697,24.565570625851,504,27,5.40740740740741,54.2591840876801
"result_final_linear_1000",11.49,10801.0668774763,0.0206146428945744,25.8494041387234,4112,221,5.19909502262443,48.5092079990962
"result_final_linear_1000",3.13,2099.64466702201,0.0187320525588096,25.2727222356264,1164,75,4.17333333333333,53.3844327449159
"result_final_linear_1000",7.19,7506.7357375669,0.0195593302494178,24.7029372903116,2486,137,5.24817518248175,51.1264949897641
"result_final_linear_1000",20.41,29269.3156628858,0.0237090215820909,25.1572166676817,6490,239,8.53974895397489,42.1780374418897
"result_final_concave_1000",3.68,2582.70080187735,0.0182059774628161,26.2115393618511,1388,81,4.54320987654321,54.927015154358
"result_final_concave_1000",16.55,25064.7577131097,0.0188560372910164,24.3540707199368,5588,236,7.01271186440678,53.0334123000717
"result_final_concave_1000",10.21,9214.21688922637,0.018398077737035,25.1209751047959,3564,179,5.70391061452514,54.3535044417721
"result_final_concave_1000",18.95,34255.1415924415,0.0191326295549006,24.6487822457833,6096,246,7.70325203252033,52.2667308814256
"result_final_concave_1000",25.94,71734.1323969279,0.0204641190564958,25.2603646417481,7516,217,11.9539170506912,48.866017503088
"result_final_concave_1000",19.32,29291.1096185357,0.0191817685055614,25.0874911769656,6102,249,7.75903614457831,52.1328364332031
"result_final_concave_1000",29.37,121500.557774819,0.0215729653843834,24.1852782475291,8110,201,14.6119402985075,46.3543134743959
"result_final_concave_1000",8.18,5540.59767527069,0.018313954277703,25.4732128572436,3036,169,4.84023668639053,54.6031722497793
"result_final_concave_1000",12.27,10884.6334647622,0.0185109955417596,25.0622599259696,4432,216,5.68055555555556,54.0219459155541
"result_final_concave_1000",24.58,68354.4151857144,0.020125101364494,24.4459418206822,7102,221,11.1221719457014,49.6891907220037
"result_final_concave_1000",41.33,662764.337525717,0.0331261757765812,25.490101283755,9530,131,31.5496183206107,30.1876077318577
"result_final_concave_1000",10.19,11330.7028936734,0.0183971242306487,24.917199871124,3670,204,4.99509803921569,54.3563215349739
"result_final_concave_1000",12.68,13408.7108986554,0.0185371727185168,24.4758664575216,4064,190,6.67368421052632,53.9456590918581
"result_final_concave_1000",10.38,8329.3570497125,0.0184062882098183,25.3709974293383,3790,208,4.99038461538461,54.3292590336915
"result_final_concave_1000",7.01,6655.73001080668,0.0182762367981572,25.6842428873626,2464,132,5.31060606060606,54.7158592353558
"result_final_concave_1000",0.74,273.153910166465,0.0181827368982142,22.748750330235,316,25,2.96,54.9972210233221
"result_final_concave_1000",33.83,276402.740335054,0.0238488642428116,25.1200786600957,8750,173,19.5549132947977,41.9307179502862
"result_final_concave_1000",18.98,25377.9192338347,0.0191365442186282,25.0790078805072,6170,252,7.53174603174603,52.2560389470197
"result_final_concave_1000",37.76,648182.372542434,0.0273248396716779,25.4801959693378,9392,148,25.5135135135135,36.5967380601503
"result_final_concave_1000",9.27,8464.22968394241,0.0183560162744581,24.1689427061347,3330,164,5.65243902439024,54.4780515035538
"result_final_concave_1000",42.75,1400059.83040254,0.0368730246342827,27.0788637767366,9372,111,38.5135135135135,27.120096870769
"result_final_concave_1000",21.64,33214.37912562,0.0195363070678567,24.5675629618925,6872,259,8.35521235521236,51.1867466316247
"result_final_concave_1000",10.8,10599.2534573258,0.018427395970941,25.5197175860655,3760,183,5.9016393442623,54.2670272879003
"result_final_concave_1000",33.84,172964.989068307,0.0238555098955707,24.1413929710015,8956,183,18.4918032786885,41.9190369175748
"result_final_concave_1000",12.22,13397.7464007598,0.0185078916952905,25.1318081071521,4240,214,5.71028037383178,54.0310056090537
"result_final_concave_1000",27.23,87308.2736708737,0.0208337705854213,24.9658042814976,7600,208,13.0913461538462,47.9989925923329
"result_final_concave_1000",21.87,41608.155760867,0.0195762550158727,24.5767014241147,6658,234,9.34615384615385,51.0822932777074
"result_final_concave_1000",27.36,58133.5319532568,0.0208739225851273,24.649519636728,7854,234,11.6923076923077,47.9066642085039
"result_final_concave_1000",20.69,45074.8791472777,0.0193808926993386,25.8153953053778,6404,219,9.44748858447489,51.5972104852593
"result_final_concave_1000",1.09,574.876994129082,0.0181838257262565,25.4937293671851,416,30,3.63333333333333,54.9939278485304
"result_final_concave_1000",29.6,102899.761029598,0.0216633563655691,24.8854230453791,8516,201,14.726368159204,46.1608987603307
"result_final_concave_1000",26.09,90676.7107486401,0.0205045514586191,25.5902204578615,7578,214,12.1915887850467,48.7696598493331
"result_final_concave_1000",13.3,13322.7541340743,0.0185792854866271,24.0740542157254,4610,222,5.99099099099099,53.8233830746492
"result_final_concave_1000",4.05,2933.59444351766,0.0182113145604206,26.1477638754723,1536,90,4.5,54.9109179725741
"result_final_concave_1000",13.53,15979.7122718442,0.0185957079662433,25.7458949586309,4622,214,6.32242990654206,53.7758498797301
"result_final_concave_1000",8.85,7534.80529714428,0.0183389831546655,26.1202830305844,3170,169,5.23668639053254,54.5286503382603
"result_final_concave_1000",19.81,34780.186682285,0.0192497953175312,24.4583880237135,6110,230,8.61304347826087,51.9486043100562
"result_final_concave_1000",1.67,864.23598374183,0.0181865870946641,26.442116926958,624,42,3.97619047619048,54.9855778214373
"result_final_concave_1000",28.09,89685.8370452053,0.0211101754322337,24.0495503744523,8110,219,12.8264840182648,47.3705205913672
"result_final_concave_1000",2.4,1328.58997279942,0.0181918183262647,25.2749585634788,956,62,3.87096774193548,54.9697661918839
"result_final_concave_1000",39.01,703590.136510156,0.0289479527492144,24.573834436969,9186,139,28.0647482014388,34.5447572290631
"result_final_concave_1000",31.82,161073.741125078,0.0226709633095591,24.9644246468537,8586,204,15.5980392156863,44.109285800765
"result_final_concave_1000",6.21,4464.62846613112,0.018254570874456,24.9973742748898,2322,138,4.5,54.7808002103912
"result_final_concave_1000",11.68,10795.7317663471,0.0184755646129975,24.5747201523794,4280,217,5.38248847926267,54.1255447910102
"result_final_concave_1000",32.1,230535.88594051,0.0228179323100162,25.1072916738177,8670,184,17.445652173913,43.8251804069485
"result_final_concave_1000",36.58,415295.228583688,0.0260649590868364,23.3969852790616,9114,139,26.3165467625899,38.3656846215819
"result_final_concave_1000",37.16,401799.178837076,0.0266555301395002,25.4526073192147,9298,153,24.2875816993464,37.5156672842955
"result_final_concave_1000",32.21,166855.000764278,0.0228770565082002,24.6515413216933,8718,193,16.6891191709845,43.71191720585
"result_final_concave_1000",17.67,29305.9803027081,0.0189764752132594,25.7208638998122,5578,235,7.51914893617021,52.6968253462198
"result_final_concave_1000",12.37,18146.197806505,0.0185172604812971,24.256521859863,4290,201,6.15422885572139,54.0036686857662
"result_final_concave_1000",25.92,73139.8856294055,0.0204587761420373,25.0067355460187,7514,236,10.9830508474576,48.8787791145174
"result_final_concave_1000",26.73,99656.1199743083,0.0206844491144916,24.8678195035212,7556,224,11.9330357142857,48.34549832412
"result_final_concave_1000",14,14773.6837417354,0.0186306614942818,25.1112324609406,5022,227,6.16740088105727,53.6749594375339
"result_final_concave_1000",30.37,138558.556917844,0.0219837665201111,25.2166154677864,8436,210,14.4619047619048,45.4881104693859
"result_final_concave_1000",11.77,10838.6330478282,0.0184808025684952,25.2952319261213,4014,192,6.13020833333333,54.1102041588135
"result_final_concave_1000",36.28,379437.292346182,0.0257790963258234,24.7633368663974,9108,165,21.9878787878788,38.7911192603862
"result_final_concave_1000",26.97,81131.0051996473,0.0207551276316207,24.7184423100898,7712,213,12.6619718309859,48.1808648806615
"result_final_concave_1000",40.4,666019.619205401,0.0312248155779496,23.9456890281688,9244,120,33.6666666666667,32.025809648214
"result_final_concave_1000",8.18,6027.01080703036,0.018313954277703,25.8251434866633,3062,165,4.95757575757576,54.6031722497793
"result_final_concave_1000",29.17,105996.660953745,0.0214962437224474,24.3359447217425,8046,206,14.1601941747573,46.519755400603
"result_final_concave_1000",2.93,1500.74904340957,0.0181968901396164,25.3791967945068,1180,72,4.06944444444444,54.9544450907522
"result_final_concave_1000",4.6,2628.37682095628,0.0182203289731571,24.510285839422,1804,105,4.38095238095238,54.8837510822795
"result_final_concave_1000",24.96,92329.1427743278,0.0202150434861325,25.2811785399478,7374,231,10.8051948051948,49.4681102559091
"result_final_concave_1000",14.16,15466.4082859558,0.0186429978506766,25.2429258405646,4788,225,6.29333333333333,53.6394418971468
"result_final_concave_1000",23.45,53782.1582899376,0.0198775854488565,24.8225332478769,7134,220,10.6590909090909,50.3079210788918
"result_final_concave_1000",33.04,199056.552120916,0.0233500856335458,24.7026927640054,8740,185,17.8594594594595,42.8263954014522
"result_final_concave_1000",43.53,645634.409778827,0.0395422952652534,22.8309140029581,9654,102,42.6764705882353,25.2893766862016
"result_final_concave_1000",9.41,8196.31337885923,0.0183619309044556,26.1946556513351,3278,182,5.17032967032967,54.4605033753474
"result_final_concave_1000",2.07,1225.26777854098,0.0181892062389298,24.6568518782877,800,49,4.22448979591837,54.9776602048599
"result_final_concave_1000",35.25,273784.938434574,0.0248871690896173,23.4566120908063,8624,158,22.3101265822785,40.1813479226607
"result_final_concave_1000",25.12,59522.1214927499,0.0202539886275681,24.2074184140618,7350,213,11.7934272300469,49.3729910877347
"result_final_concave_1000",14.76,16365.2481793084,0.0186913047827773,25.7655699586333,5260,255,5.78823529411765,53.5008128978469
"result_final_concave_1000",21.43,37542.1428082039,0.0195006429057627,24.8385251461438,6700,242,8.85537190082645,51.2803605928544
"result_final_concave_1000",5.64,3006.1897719776,0.0182410615534922,25.7026756378011,2226,137,4.11678832116788,54.8213708433297
"result_final_concave_1000",14.22,16492.8809596421,0.0186476823262501,24.8764904511108,5000,236,6.02542372881356,53.6259671579837
"result_final_concave_1000",38.84,517982.124480434,0.0287065793434501,24.8193558041828,9326,139,27.9424460431655,34.8352197604542
"result_final_concave_1000",3.15,1581.61683396593,0.0181993200470247,25.8508355539559,1316,88,3.57954545454545,54.9471077719458
"result_final_concave_1000",35.7,308626.941652439,0.0252607570791541,25.9421893923974,8658,168,21.25,39.5870953854043
"result_final_concave_1000",1.81,745.331271626412,0.018187436436638,25.7906943680457,778,53,3.41509433962264,54.9830100291393
"result_final_concave_1000",19.27,31335.075202622,0.0191750179713214,25.4646662256114,6134,230,8.37826086956522,52.1511897144307
"result_final_concave_1000",4.1,2345.68479381012,0.01821208016372,25.2447217285127,1662,100,4.1,54.9086096157255
"result_final_concave_1000",9.66,7545.11505152049,0.0183727932097395,25.1863897460395,3426,172,5.61627906976744,54.428305407035
"result_final_concave_1000",34.2,253918.030339739,0.0241006589545567,24.9924509545277,8850,176,19.4318181818182,41.4926414205339
"result_final_concave_1000",27.2,83347.4950418849,0.0208245841244295,24.8245359161409,7698,215,12.6511627906977,48.0201666465402
"result_final_concave_1000",37.3,403459.276573409,0.0268061172897612,23.8001446810061,9224,147,25.3741496598639,37.3049177242076
"result_final_concave_1000",36.6,310381.512299678,0.0260844736264892,23.2490708890277,9008,144,25.4166666666667,38.336982157251
"result_final_concave_1000",33.5,252039.972059641,0.0236343351882904,24.4058431492904,8760,178,18.8202247191011,42.3113234213353
"result_final_concave_1000",25.04,58411.8290143464,0.0202344350388899,24.322183915479,7598,232,10.7931034482759,49.4207027810776
"result_final_concave_1000",21.9,54927.9760454666,0.0195815351011026,25.7548950058344,6858,244,8.97540983606557,51.0685191348298
"result_final_concave_1000",17.58,23366.5096993471,0.018966261503816,25.2840085066157,5658,221,7.95475113122172,52.7252036358773
"result_final_concave_1000",9.58,8002.13210183255,0.0183692750445976,25.8524047673735,3552,190,5.04210526315789,54.4387297578246
"result_final_concave_1000",2.01,1076.5173247154,0.0181887754601173,24.6974654796448,838,56,3.58928571428571,54.9789622832339
"result_final_concave_1000",3.62,1663.45251002761,0.0182051659436219,26.741881222277,1492,101,3.58415841584158,54.9294635982346
"result_final_concave_1000",38.27,430199.225894401,0.027946535038481,25.1204329165501,9280,142,26.9507042253521,35.7826112834042
"result_final_concave_1000",11.78,9291.2420531306,0.0184813882228075,24.9306227628927,4172,198,5.94949494949495,54.108489467578
"result_final_concave_1000",2.59,1513.4825565775,0.0181935109212612,23.7393843086014,944,56,4.625,54.9646521953817
"result_final_concave_1000",29.59,120523.678397334,0.0216593773141042,25.337015597464,8068,207,14.2946859903382,46.1693789945114
"result_final_concave_1000",36.37,414212.84928185,0.0258635264669186,26.2765604422345,9136,157,23.1656050955414,38.6644876629285
"result_final_concave_1000",7.86,7449.78120786924,0.0183028991479894,24.2449503720695,2850,148,5.31081081081081,54.6361530987211
"result_final_concave_1000",35.55,264011.14370326,0.0251335833449117,24.2015100221252,8802,153,23.2352941176471,39.7874026268702
"result_final_concave_1000",1.46,545.970384938347,0.0181854473901594,26.9997914788474,628,42,3.47619047619048,54.9890238356811
"result_final_concave_1000",39.58,579038.380356297,0.0298120904986132,25.4084192725588,9508,140,28.2714285714286,33.5434376883606
"result_final_concave_1000",17.98,26260.8696297865,0.0190124033648748,25.1960559786002,5894,249,7.22088353413655,52.5972430107121
"result_final_concave_1000",37.61,394307.05318979,0.027151524682764,25.2062563137331,9268,141,26.6737588652482,36.8303442139589
"result_final_concave_1000",13.99,19551.1316174937,0.0186298979388606,25.4403035225702,4600,208,6.72596153846154,53.6771593318326
"result_final_concave_1000",13.09,11539.1440841755,0.0185646732655455,24.5093894032642,4638,226,5.79203539823009,53.86574736308
"result_final_concave_1000",39.54,794718.876933346,0.02974852799617,24.7045462330235,9392,132,29.9545454545455,33.615108624156
"result_final_concave_1000",10.78,9145.28779326293,0.0184263638882612,25.7022409394854,3928,199,5.41708542713568,54.2700668490035
"result_final_concave_1000",34.96,266477.52855653,0.0246585645244358,24.8024330983445,8762,156,22.4102564102564,40.5538610736661
"result_final_concave_1000",28.5,95101.3634094198,0.0212513445120525,25.1028225905933,7968,229,12.4454148471616,47.0558462516505
"result_final_concave_1000",12.53,12360.1753703677,0.01852744443493,25.1120853142053,4386,205,6.11219512195122,53.9739845671694
"result_final_concave_1000",3.34,1820.06911342215,0.0182015749377569,24.2798515676621,1340,85,3.92941176470588,54.9403006838504
"result_final_concave_1000",35.92,508529.153201849,0.0254522720064519,25.5941955901849,8880,137,26.2189781021898,39.2892233646768
"result_final_concave_1000",42.4,934227.455799708,0.0358332757309739,23.9279416813486,9784,96,44.1666666666667,27.9070216049383
"result_final_concave_1000",21.7,52015.0880802578,0.0195466380279317,24.9054826809102,6442,220,9.86363636363636,51.159692964643
"result_final_concave_1000",2.79,1498.56620247453,0.0181954438085715,24.7449371633913,1082,68,4.10294117647059,54.9588133447408
"result_final_concave_1000",13.47,18119.9919565939,0.0185913812191642,25.1751063294733,4468,204,6.60294117647059,53.7883650607513
"result_final_concave_1000",36.54,469892.592703682,0.0260261044340479,25.4104494680193,9396,134,27.2686567164179,38.422961167088
"result_final_concave_1000",25.11,64223.5633867671,0.0202515355165137,24.8527588271431,7360,231,10.8701298701299,49.3789717418993
"result_final_concave_1000",24.06,55319.3383409637,0.0200076161619255,25.5614188752632,7208,238,10.109243697479,49.9809668431665
"result_final_concave_1000",28.99,164940.176354951,0.021428647695064,25.4247579979073,8016,180,16.1055555555556,46.6665005757851
"result_final_concave_1000",21.22,42138.5022112908,0.0194657351265877,25.0013375106332,6560,256,8.2890625,51.3723213378224
"result_final_concave_1000",3.91,2654.27464522178,0.0182092273566663,24.5067704294162,1496,93,4.20430107526882,54.9172120493023
"result_final_concave_1000",16.99,24799.8972743818,0.0189016533125586,25.8204213116824,5566,229,7.41921397379913,52.9054249098719
"result_final_concave_1000",31.67,122208.814759864,0.0225942565945522,24.0854535652673,8498,187,16.9358288770053,44.2590352913454
"result_final_concave_1000",28.21,78407.8663341154,0.0211508384998002,24.6647474349312,7970,235,12.0042553191489,47.2794494652988
"result_final_concave_1000",4.8,2994.71667591172,0.0182239352426791,25.1253887763001,1802,108,4.44444444444444,54.8728903326036
"result_final_concave_1000",34.44,225570.108045161,0.0242707087595992,24.3875479581405,8734,175,19.68,41.2019282133446
"result_final_concave_1000",26.89,90613.6941253154,0.0207313667268197,23.9776967688248,7672,215,12.506976744186,48.2360865627987
"result_final_concave_1000",8.91,13021.2252912679,0.0183413519648231,25.8089499195638,3034,149,5.97986577181208,54.5216078900782
"result_final_concave_1000",37.95,487469.65003766,0.0275504444019681,25.3914059969235,9206,153,24.8039215686275,36.2970551548912
"result_final_concave_1000",8.62,5471.10352068521,0.018330098785182,25.7236672420523,3078,170,5.07058823529412,54.5550796926636
"result_final_concave_1000",2.04,1181.97574164891,0.0181889891642912,22.1649818857484,788,51,4,54.978316330146
"result_final_concave_1000",11.68,12863.820629647,0.0184755646129975,23.9469238836931,3998,198,5.8989898989899,54.1255447910102
"result_final_concave_1000",44.78,1832599.15298204,0.0452100563290094,26.1896865038818,10050,94,47.6382978723404,22.1189726622469
"result_final_concave_1000",5.17,3022.21346659991,0.0182310798703106,25.4778569788988,2054,127,4.07086614173228,54.8513860458976
"result_final_concave_1000",14.6,19760.1690338857,0.0186781018977846,23.9231861695673,4688,206,7.0873786407767,53.5386307170007
"result_final_concave_1000",29.14,140110.406687019,0.0214848830942924,25.0646000432208,8302,210,13.8761904761905,46.5443537957
"result_final_concave_1000",5.03,3430.38277045861,0.0182283035914212,25.376772953817,1800,105,4.79047619047619,54.8597402377383
"result_final_concave_1000",22.37,39165.5475148648,0.0196664031112578,25.0308993882978,6986,244,9.16803278688525,50.8481390492582
"result_final_concave_1000",28.55,111563.418083434,0.0212689994777118,24.7195850436543,8082,203,14.064039408867,47.0167861468011
"result_final_concave_1000",6.9,4643.47411266418,0.0182730649586302,24.8532764977461,2560,152,4.53947368421053,54.7253568169312
"result_final_concave_1000",42.01,680566.389703047,0.0347709031622507,24.4127614948724,9600,119,35.3025210084034,28.759678612135
"result_final_concave_1000",29.74,113227.942298862,0.0217195389815112,25.0915085547763,8102,190,15.6526315789474,46.041492908816
"result_final_concave_1000",3.71,2419.46946226499,0.0182063888277807,24.7930945315247,1404,85,4.36470588235294,54.9257741037654
"result_final_concave_1000",6.2,4806.84195894703,0.0182543202981293,25.6033379251599,2222,123,5.04065040650407,54.7815521842509
"result_final_concave_1000",19.46,36984.4433637054,0.0192008560620423,25.4580140677464,6532,261,7.45593869731801,52.0810112199568
"result_final_concave_1000",20.54,35566.2468187628,0.0193577033199718,24.783574021833,6464,230,8.9304347826087,51.6590208802444
"result_final_concave_1000",41.5,1115146.74515926,0.0335149163290039,26.2712888030053,9612,123,33.739837398374,29.8374607348966
"result_final_concave_1000",20.01,40906.8640225082,0.0192785607678423,24.5654147983333,6218,221,9.05429864253394,51.8710920406494
"result_final_concave_1000",15.45,16919.1685397781,0.0187510141566015,25.3705388013885,5190,234,6.6025641025641,53.3304487772433
"result_final_concave_1000",44.62,1111816.39487306,0.0443618533679791,24.9346731256114,9322,99,45.0707070707071,22.5418895758267
"result_final_concave_1000",13.9,17534.3183629758,0.0186230651923217,25.0182722902757,4644,211,6.58767772511848,53.6968533199519
"result_final_concave_1000",23.62,54737.5293026716,0.0199130078793657,24.5586727409313,6976,228,10.359649122807,50.2184303877177
"result_final_concave_1000",9.44,6197.3596446026,0.0183632139579594,24.8671100974194,3498,183,5.15846994535519,54.4566981732823
"result_final_concave_1000",23.92,62163.4135751494,0.0199770476257899,25.2693965245407,7016,220,10.8727272727273,50.0574468626196
"result_final_concave_1000",40.9,591768.222694614,0.0322024670847161,23.6265327226077,9454,118,34.6610169491525,31.0535213767711
"result_final_concave_1000",25.77,69542.3541314608,0.0204190602755105,24.820262373861,7424,236,10.9194915254237,48.9738502412545
"result_final_concave_1000",20.49,37222.2201975399,0.0193500522492938,25.060883102798,6360,223,9.18834080717489,51.6794470173328
"result_final_concave_1000",10.87,13424.6542736001,0.0184310297453881,24.9042027043171,3768,192,5.66145833333333,54.2563282580684
"result_final_concave_1000",22.2,45657.6032935096,0.019635234970522,25.2996889906986,6810,241,9.21161825726141,50.9288532325323
"result_final_concave_1000",5.11,2995.21597882029,0.0182298790940897,25.1256517569147,2096,136,3.75735294117647,54.8549990287215
"result_final_concave_1000",26.62,68315.5675847059,0.0206526538908199,24.8918835716082,7778,235,11.3276595744681,48.4199273026359
"result_final_concave_1000",10.57,8550.17216970313,0.018415690508145,26.2660053094222,3862,224,4.71875,54.3015207362284
"result_final_concave_1000",36.98,601226.871439707,0.0264666391243544,24.9332026921014,9252,139,26.6043165467626,37.7834146338515
"result_final_concave_1000",33.41,172944.552152669,0.0235773978304768,24.2106795010722,8870,184,18.1576086956522,42.413501574265
"result_final_concave_1000",31.63,122078.699654466,0.022574034527542,24.9821749918369,8518,211,14.9905213270142,44.2986830191974
"result_final_concave_1000",5.43,4120.86278677953,0.0182364745892099,25.2875207474608,2048,123,4.41463414634146,54.8351598938798
"result_final_concave_1000",41.27,684764.906653028,0.0329922787289616,25.9773755157891,9648,145,28.4620689655172,30.3101222020827
"result_final_concave_1000",38.2,305553.053035344,0.0278581025586413,25.7438787752349,9480,165,23.1515151515152,35.8961992438286
"result_final_concave_1000",33.22,199169.803821203,0.0234593320633277,25.3898362690729,8844,207,16.048309178744,42.6269595954622
"result_final_concave_1000",25.43,83214.1632023016,0.0203313172775283,24.8581022571737,7548,223,11.4035874439462,49.1852045959302
"result_final_concave_1000",32.08,193966.983343055,0.0228072676232016,24.5202914158849,8454,180,17.8222222222222,43.84567307759
"result_final_concave_1000",21.35,39250.4025672248,0.0194872563870461,25.2291836306827,6624,242,8.82231404958678,51.3155869732764
"result_final_concave_1000",29.37,152190.114140029,0.0215729653843834,23.6518119622507,8306,209,14.0526315789474,46.3543134743959
"result_final_concave_1000",8.02,4645.0853112489,0.018308355485857,24.7039053771323,3124,185,4.33513513513514,54.6198701883678
"result_final_concave_1000",31.74,200196.422561448,0.0226298803628829,24.5384014780534,8634,179,17.731843575419,44.1893630882902
"result_final_concave_1000",32.33,166079.218963405,0.0229424717169324,25.8381816961087,8462,185,17.4756756756757,43.587282675474
"result_final_concave_1000",25.74,73427.6154284072,0.0204111918945723,24.6450181082739,7432,223,11.542600896861,48.9927293401184
"result_final_concave_1000",27.84,128618.184119366,0.0210271516671482,25.6481130308733,7720,201,13.8507462686567,47.5575587140674
"result_final_concave_1000",34.06,291095.777109065,0.0240039393085645,23.9140447954006,8644,172,19.8023255813953,41.659828711665
"result_final_concave_1000",2.33,1081.98869790215,0.0181912296816483,24.8895101602565,924,62,3.75806451612903,54.9715449422763
"result_final_concave_1000",34.64,329337.880840066,0.0244166563480969,24.4819263201092,8868,169,20.4970414201183,40.9556487073195
"result_final_concave_1000",40.92,638507.22096766,0.0322436437153555,24.8352091841828,9398,120,34.1,31.0138645876355
"result_final_concave_1000",38.99,659016.662953471,0.0289191847909031,23.2910285182275,8992,131,29.763358778626,34.5791213421259
"result_final_concave_1000",29.86,135575.892216644,0.0217684115199943,24.5382203938458,8430,222,13.4504504504505,45.938124565566
"result_final_concave_1000",7.82,6447.94811726965,0.0183015571345477,25.4673200761317,2910,160,4.8875,54.640159449182
"result_final_concave_1000",34.84,234692.398587098,0.0245666089341144,25.1794348881508,8608,169,20.6153846153846,40.7056587533883
"result_final_concave_1000",2.9,1694.38419357806,0.0181965737002044,25.1239803713295,1128,78,3.71794871794872,54.9554007515584
"result_final_concave_1000",22.12,46073.1552356959,0.0196207537994352,24.7711822173604,6490,233,9.49356223175966,50.966441464078
"result_final_concave_1000",10.95,8729.04806589371,0.0184352237293306,25.2013660736587,4070,218,5.02293577981651,54.2439850300808
"result_final_concave_1000",13.64,15172.7161423385,0.0186037191904952,25.2217039767619,4692,210,6.4952380952381,53.7526926610948
"result_final_concave_1000",39.86,559262.000083552,0.0302703009064855,24.6384554238931,9414,130,30.6615384615385,33.0356808506567
"result_final_concave_1000",12.25,13612.654811049,0.0185097517204389,25.0302297177424,4126,203,6.03448275862069,54.0255760911032
"result_final_concave_1000",26.98,86185.715959931,0.020758112052202,24.1940340446424,7890,220,12.2636363636364,48.1739378554863
"result_final_concave_1000",1.46,918.194436263904,0.0181854473901594,24.565570625851,504,27,5.40740740740741,54.9890238356811
"result_final_concave_1000",11.49,11228.07019117,0.0184646999417768,25.8494041387234,4112,221,5.19909502262443,54.1573923840201
"result_final_concave_1000",3.13,2120.14465884982,0.0181990911546819,25.2727222356264,1164,75,4.17333333333333,54.9477988488859
"result_final_concave_1000",7.19,7681.40531705581,0.018281562660684,24.7029372903116,2486,137,5.24817518248175,54.6999191787134
"result_final_concave_1000",20.41,31637.7449054999,0.0193378916589393,25.1572166676817,6490,239,8.53974895397489,51.7119455231683
"result_final_convex_1000",3.68,2195.97447662545,0.0256097656032405,26.2115393618511,1388,81,4.54320987654321,39.0476045541575
"result_final_convex_1000",16.55,11981.9278496074,0.084273700227717,24.3540707199368,5588,236,7.01271186440678,11.866098169392
"result_final_convex_1000",10.21,5550.75060615303,0.0476142192933269,25.1209751047959,3564,179,5.70391061452514,21.0021295075639
"result_final_convex_1000",18.95,11249.0471861995,0.101883844931843,24.6487822457833,6096,246,7.70325203252033,9.81509875946444
"result_final_convex_1000",25.94,16859.1306547615,0.153782612571346,25.2603646417481,7516,217,11.9539170506912,6.50268572811545
"result_final_convex_1000",19.32,9263.11769931777,0.104709710377904,25.0874911769656,6102,249,7.75903614457831,9.55021264399392
"result_final_convex_1000",29.37,34587.3467490734,0.17301058699833,24.1852782475291,8110,201,14.6119402985075,5.77999310533322
"result_final_convex_1000",8.18,3827.97373833448,0.0392623300861018,25.4732128572436,3036,169,4.84023668639053,25.4697058938431
"result_final_convex_1000",12.27,5401.59523552257,0.0577372892726748,25.0622599259696,4432,216,5.68055555555556,17.3198293961692
"result_final_convex_1000",24.58,18288.3051681141,0.144572325815964,24.4459418206822,7102,221,11.1221719457014,6.91695311918111
"result_final_convex_1000",41.33,394924.388168795,0.198274446919828,25.490101283755,9530,131,31.5496183206107,5.0435142578123
"result_final_convex_1000",10.19,6186.48838503488,0.0475243013870031,24.917199871124,3670,204,4.99509803921569,21.0418663886657
"result_final_convex_1000",12.68,6301.70684624762,0.0599599559811036,24.4758664575216,4064,190,6.67368421052632,16.6777974339266
"result_final_convex_1000",10.38,5030.35251526738,0.048384875578033,25.3709974293383,3790,208,4.99038461538461,20.6676154077785
"result_final_convex_1000",7.01,5052.03220626814,0.0351173971991425,25.6842428873626,2464,132,5.31060606060606,28.4759144970009
"result_final_convex_1000",0.74,265.434347805232,0.0194909636276701,22.748750330235,316,25,2.96,51.3058265923991
"result_final_convex_1000",33.83,148977.525051578,0.188666385116746,25.1200786600957,8750,173,19.5549132947977,5.30036126669414
"result_final_convex_1000",18.98,7891.43081524524,0.102112179888659,25.0790078805072,6170,252,7.53174603174603,9.79315103340639
"result_final_convex_1000",37.76,374842.493811901,0.195477836516846,25.4801959693378,9392,148,25.5135135135135,5.11566946830733
"result_final_convex_1000",9.27,5691.55095215887,0.0435553819199379,24.1689427061347,3330,164,5.65243902439024,22.9592752013555
"result_final_convex_1000",42.75,940118.111392612,0.19886598569669,27.0788637767366,9372,111,38.5135135135135,5.02851202279106
"result_final_convex_1000",21.64,8823.57115433245,0.122661256313463,24.5675629618925,6872,259,8.35521235521236,8.15253348982895
"result_final_convex_1000",10.8,6005.03755106657,0.0503379971155826,25.5197175860655,3760,183,5.9016393442623,19.8657089534943
"result_final_convex_1000",33.84,48190.7019679081,0.188690782125675,24.1413929710015,8956,183,18.4918032786885,5.29967594990392
"result_final_convex_1000",12.22,6886.68805085084,0.0574710042095112,25.1318081071521,4240,214,5.71028037383178,17.4000787658849
"result_final_convex_1000",27.23,23091.4468129735,0.161738759470733,24.9658042814976,7600,208,13.0913461538462,6.18280987978613
"result_final_convex_1000",21.87,12299.1443770113,0.124435423447028,24.5767014241147,6658,234,9.34615384615385,8.0362968381403
"result_final_convex_1000",27.36,14236.9996249221,0.162493942054567,24.649519636728,7854,234,11.6923076923077,6.1540755757171
"result_final_convex_1000",20.69,14523.9639875819,0.115297415914732,25.8153953053778,6404,219,9.44748858447489,8.67322126923944
"result_final_convex_1000",1.09,556.262307372373,0.0201271534027376,25.4937293671851,416,30,3.63333333333333,49.6841247239654
"result_final_convex_1000",29.6,28074.4605343698,0.174072414008842,24.8854230453791,8516,201,14.726368159204,5.74473563599345
"result_final_convex_1000",26.09,28517.2921191132,0.154749267265435,25.5902204578615,7578,214,12.1915887850467,6.46206613879949
"result_final_convex_1000",13.3,6723.11691641855,0.0634535723087269,24.0740542157254,4610,222,5.99099099099099,15.7595540111533
"result_final_convex_1000",4.05,2448.58063888387,0.026517157528432,26.1477638754723,1536,90,4.5,37.7114326423482
"result_final_convex_1000",13.53,7982.08043840522,0.0647900354435408,25.7458949586309,4622,214,6.32242990654206,15.434472186258
"result_final_convex_1000",8.85,5028.07500967547,0.0418499215246587,26.1202830305844,3170,169,5.23668639053254,23.8949074112548
"result_final_convex_1000",19.81,11634.7109577406,0.10847965135884,24.4583880237135,6110,230,8.61304347826087,9.21831871206977
"result_final_convex_1000",1.67,814.261017950344,0.0212326470892584,26.442116926958,624,42,3.97619047619048,47.0972835273987
"result_final_convex_1000",28.09,30818.1513577158,0.166568001440165,24.0495503744523,8110,219,12.8264840182648,6.00355405212221
"result_final_convex_1000",2.4,1247.86466599073,0.0227200983093867,25.2749585634788,956,62,3.87096774193548,44.0138940590259
"result_final_convex_1000",39.01,332092.264489628,0.196725837452495,24.573834436969,9186,139,28.0647482014388,5.08321638351891
"result_final_convex_1000",31.82,48317.4071741114,0.182850129349887,24.9644246468537,8586,204,15.5980392156863,5.46895976259597
"result_final_convex_1000",6.21,3335.28699889209,0.032540281830978,24.9973742748898,2322,138,4.5,30.7311413341236
"result_final_convex_1000",11.68,5667.38094569095,0.054661026617517,24.5747201523794,4280,217,5.38248847926267,18.2945704074927
"result_final_convex_1000",32.1,91715.2392142181,0.183775000187069,25.1072916738177,8670,184,17.445652173913,5.44143653370739
"result_final_convex_1000",36.58,213209.879724007,0.19394984084559,23.3969852790616,9114,139,26.3165467625899,5.15597226396351
"result_final_convex_1000",37.16,168693.026102324,0.194747754055663,25.4526073192147,9298,153,24.2875816993464,5.13484740735022
"result_final_convex_1000",32.21,65774.3012308693,0.184127738148609,24.6515413216933,8718,193,16.6891191709845,5.43101224212564
"result_final_convex_1000",17.67,12251.1864813773,0.0923081819334367,25.7208638998122,5578,235,7.51914893617021,10.8332758706167
"result_final_convex_1000",12.37,10709.4999361792,0.0582729697008328,24.256521859863,4290,201,6.15422885572139,17.1606150353053
"result_final_convex_1000",25.92,23681.4073099831,0.153652938421333,25.0067355460187,7514,236,10.9830508474576,6.50817361694634
"result_final_convex_1000",26.73,35492.8534175874,0.158752933068574,24.8678195035212,7556,224,11.9330357142857,6.29909621618169
"result_final_convex_1000",14,7246.7205701031,0.0675885920334336,25.1112324609406,5022,227,6.16740088105727,14.7953962335143
"result_final_convex_1000",30.37,52374.6740677405,0.177415771653573,25.2166154677864,8436,210,14.4619047619048,5.63647747142023
"result_final_convex_1000",11.77,5516.45366416412,0.0551209979687311,25.2952319261213,4014,192,6.13020833333333,18.1419066571922
"result_final_convex_1000",36.28,161253.930874796,0.193498760111302,24.7633368663974,9108,165,21.9878787878788,5.16799177123818
"result_final_convex_1000",26.97,20824.6084787307,0.160202078065284,24.7184423100898,7712,213,12.6619718309859,6.24211628261457
"result_final_convex_1000",40.4,298138.069288988,0.197754597187872,23.9456890281688,9244,120,33.6666666666667,5.05677245545889
"result_final_convex_1000",8.18,4130.81217109629,0.0392623300861018,25.8251434866633,3062,165,4.95757575757576,25.4697058938431
"result_final_convex_1000",29.17,31112.9895172486,0.172063508778608,24.3359447217425,8046,206,14.1601941747573,5.81180755349287
"result_final_convex_1000",2.93,1330.54574410015,0.0238713113484209,25.3791967945068,1180,72,4.06944444444444,41.8912888950339
"result_final_convex_1000",4.6,2158.70850831941,0.0279299691650292,24.510285839422,1804,105,4.38095238095238,35.8038347300465
"result_final_convex_1000",24.96,31979.2679330073,0.147221892416968,25.2811785399478,7374,231,10.8051948051948,6.7924680465848
"result_final_convex_1000",14.16,7444.30055583371,0.0685618134468257,25.2429258405646,4788,225,6.29333333333333,14.5853785033788
"result_final_convex_1000",23.45,15187.3257906012,0.136399888969831,24.8225332478769,7134,220,10.6590909090909,7.33138426689761
"result_final_convex_1000",33.04,61690.7115067537,0.186602437458941,24.7026927640054,8740,185,17.8594594594595,5.35898680433922
"result_final_convex_1000",43.53,298107.510328796,0.199107999726545,22.8309140029581,9654,102,42.6764705882353,5.02239991046769
"result_final_convex_1000",9.41,5026.21898683475,0.0441384933219863,26.1946556513351,3278,182,5.17032967032967,22.6559613783164
"result_final_convex_1000",2.07,1122.81159564536,0.0220339943268684,24.6568518782877,800,49,4.22448979591837,45.38441760333
"result_final_convex_1000",35.25,112240.719594862,0.191731428935646,23.4566120908063,8624,158,22.3101265822785,5.21562899495026
"result_final_convex_1000",25.12,15340.1344361107,0.148320691581459,24.2074184140618,7350,213,11.7934272300469,6.74214763521913
"result_final_convex_1000",14.76,7574.63099972842,0.0723027459935356,25.7655699586333,5260,255,5.78823529411765,13.8307333457212
"result_final_convex_1000",21.43,10829.7645802742,0.121037271109494,24.8385251461438,6700,242,8.85537190082645,8.26191792687865
"result_final_convex_1000",5.64,2308.77988374102,0.0308233563246658,25.7026756378011,2226,137,4.11678832116788,32.4429302723198
"result_final_convex_1000",14.22,8586.50965548137,0.0689294372139673,24.8764904511108,5000,236,6.02542372881356,14.5075897964443
"result_final_convex_1000",38.84,184574.129713684,0.196575780182124,24.8193558041828,9326,139,27.9424460431655,5.0870966864459
"result_final_convex_1000",3.15,1396.8374293124,0.0243676524362662,25.8508355539559,1316,88,3.57954545454545,41.0380114627582
"result_final_convex_1000",35.7,127382.671744433,0.192546959259081,25.9421893923974,8658,168,21.25,5.19353826125321
"result_final_convex_1000",1.81,697.461827069213,0.0215094156033805,25.7906943680457,778,53,3.41509433962264,46.4912677517299
"result_final_convex_1000",19.27,10056.4890854934,0.10432666418118,25.4646662256114,6134,230,8.37826086956522,9.58527724286611
"result_final_convex_1000",4.1,2005.13802022502,0.0266423928315818,25.2447217285127,1662,100,4.1,37.5341661809972
"result_final_convex_1000",9.66,4472.89633047949,0.0451982188036892,25.1863897460395,3426,172,5.61627906976744,22.1247656759071
"result_final_convex_1000",34.2,95539.5833054358,0.189541439227294,24.9924509545277,8850,176,19.4318181818182,5.27589114062188
"result_final_convex_1000",27.2,20989.5126812967,0.161563234321941,24.8245359161409,7698,215,12.6511627906977,6.18952699354444
"result_final_convex_1000",37.3,236403.57046843,0.194926451047106,23.8001446810061,9224,147,25.3741496598639,5.13014008426358
"result_final_convex_1000",36.6,149616.599600064,0.193978956480035,23.2490708890277,9008,144,25.4166666666667,5.15519836865873
"result_final_convex_1000",33.5,93732.0149673336,0.18783741590005,24.4058431492904,8760,178,18.8202247191011,5.323752965874
"result_final_convex_1000",25.04,14655.845553397,0.147772574039682,24.322183915479,7598,232,10.7931034482759,6.76715558687816
"result_final_convex_1000",21.9,20018.7893284037,0.124666429317424,25.7548950058344,6858,244,8.97540983606557,8.02140564605258
"result_final_convex_1000",17.58,8529.36983566175,0.0916492859558744,25.2840085066157,5658,221,7.95475113122172,10.9111597495856
"result_final_convex_1000",9.58,5079.35297506749,0.044856518532775,25.8524047673735,3552,190,5.04210526315789,22.2933039100959
"result_final_convex_1000",2.01,1015.83665079234,0.0219117030862873,24.6974654796448,838,56,3.58928571428571,45.637712233597
"result_final_convex_1000",3.62,1423.30905816269,0.0254657858827143,26.741881222277,1492,101,3.58415841584158,39.2683738332529
"result_final_convex_1000",38.27,168798.133712138,0.196028815461344,25.1204329165501,9280,142,26.9507042253521,5.10129083648519
"result_final_convex_1000",11.78,4818.40360644378,0.0551723117892088,24.9306227628927,4172,198,5.94949494949495,18.1250335099352
"result_final_convex_1000",2.59,1346.19232033255,0.0231256928287904,23.7393843086014,944,56,4.625,43.2419477074022
"result_final_convex_1000",29.59,36724.6416065353,0.174026854450848,25.337015597464,8068,207,14.2946859903382,5.74623958558326
"result_final_convex_1000",36.37,198039.511037844,0.193636941009054,26.2765604422345,9136,157,23.1656050955414,5.16430385023095
"result_final_convex_1000",7.86,5382.52990316174,0.0380825069886982,24.2449503720695,2850,148,5.31081081081081,26.258775460785
"result_final_convex_1000",35.55,118338.4019965,0.192282849211463,24.2015100221252,8802,153,23.2352941176471,5.20067184411362
"result_final_convex_1000",1.46,511.99917912793,0.0208248210610105,26.9997914788474,628,42,3.47619047619048,48.0196202920687
"result_final_convex_1000",39.58,315494.087653404,0.197188465202967,25.4084192725588,9508,140,28.2714285714286,5.07129054922505
"result_final_convex_1000",17.98,10161.2377196351,0.094593611159196,25.1960559786002,5894,249,7.22088353413655,10.5715384764945
"result_final_convex_1000",37.61,202322.222173968,0.195303916745233,25.2062563137331,9268,141,26.6737588652482,5.12022501476232
"result_final_convex_1000",13.99,9529.54522690131,0.0675281100250963,25.4403035225702,4600,208,6.72596153846154,14.8086478301904
"result_final_convex_1000",13.09,5451.70190591564,0.0622524069469578,24.5093894032642,4638,226,5.79203539823009,16.0636359145446
"result_final_convex_1000",39.54,340752.791504067,0.197157949821467,24.7045462330235,9392,132,29.9545454545455,5.0720754649028
"result_final_convex_1000",10.78,5308.1542983506,0.0502433931677965,25.7022409394854,3928,199,5.41708542713568,19.9031143589432
"result_final_convex_1000",34.96,121597.674875777,0.191168008872177,24.8024330983445,8762,156,22.4102564102564,5.23100076157953
"result_final_convex_1000",28.5,24488.1380340164,0.168729783299914,25.1028225905933,7968,229,12.4454148471616,5.92663595272044
"result_final_convex_1000",12.53,6347.53257707957,0.0591386899266249,25.1120853142053,4386,205,6.11219512195122,16.9094039999995
"result_final_convex_1000",3.34,1594.59680272639,0.0248053019809431,24.2798515676621,1340,85,3.92941176470588,40.3139619412116
"result_final_convex_1000",35.92,300872.683933582,0.192920750362877,25.5941955901849,8880,137,26.2189781021898,5.18347558839076
"result_final_convex_1000",42.4,673236.854944041,0.198739804446334,23.9279416813486,9784,96,44.1666666666667,5.03170465919439
"result_final_convex_1000",21.7,22202.58967936,0.123124580730037,24.9054826809102,6442,220,9.86363636363636,8.12185506801928
"result_final_convex_1000",2.79,1346.61880566748,0.0235611734934299,24.7449371633913,1082,68,4.10294117647059,42.4427077148281
"result_final_convex_1000",13.47,9384.52402730333,0.0644392908333223,25.1751063294733,4468,204,6.60294117647059,15.5184823896741
"result_final_convex_1000",36.54,255080.121791094,0.193891255542434,25.4104494680193,9396,134,27.2686567164179,5.15753016917849
"result_final_convex_1000",25.11,19939.546484919,0.148252318396831,24.8527588271431,7360,231,10.8701298701299,6.74525707802608
"result_final_convex_1000",24.06,15393.9472272633,0.140862091484253,25.5614188752632,7208,238,10.109243697479,7.09914207195901
"result_final_convex_1000",28.99,54610.280695151,0.171192232119776,25.4247579979073,8016,180,16.1055555555556,5.8413865373304
"result_final_convex_1000",21.22,12282.0026104904,0.119410341879504,25.0013375106332,6560,256,8.2890625,8.37448402089906
"result_final_convex_1000",3.91,2272.38105373322,0.0261698342855557,24.5067704294162,1496,93,4.20430107526882,38.211934744728
"result_final_convex_1000",16.99,10659.4111040036,0.0873855445680517,25.8204213116824,5566,229,7.41921397379913,11.4435402896785
"result_final_convex_1000",31.67,32442.4522798265,0.1823385152825,24.0854535652673,8498,187,16.9358288770053,5.48430482967728
"result_final_convex_1000",28.21,18317.2499853422,0.167210223743114,24.6647474349312,7970,235,12.0042553191489,5.98049555591951
"result_final_convex_1000",4.8,2433.77251604346,0.0284633442570085,25.1253887763001,1802,108,4.44444444444444,35.1329060622864
"result_final_convex_1000",34.44,85231.7395848488,0.19007933521541,24.3875479581405,8734,175,19.68,5.26096116059506
"result_final_convex_1000",26.89,23796.1875512046,0.159722272301626,23.9776967688248,7672,215,12.506976744186,6.26086760218111
"result_final_convex_1000",8.91,8808.62025662589,0.0420895671448753,25.8089499195638,3034,149,5.97986577181208,23.7588568339971
"result_final_convex_1000",37.95,297194.894042582,0.195690253093275,25.3914059969235,9206,153,24.8039215686275,5.1101165448611
"result_final_convex_1000",8.62,3496.1564533861,0.0409434506795572,25.7236672420523,3078,170,5.07058823529412,24.4239306507522
"result_final_convex_1000",2.04,1113.386075713,0.0219727554039063,22.1649818857484,788,51,4,45.5109057383955
"result_final_convex_1000",11.68,6793.5491074779,0.054661026617517,23.9469238836931,3998,198,5.8989898989899,18.2945704074927
"result_final_convex_1000",44.78,1560500.91329239,0.199401708786536,26.1896865038818,10050,94,47.6382978723404,5.01500215863507
"result_final_convex_1000",5.17,2415.58929101494,0.0294786196216126,25.4778569788988,2054,127,4.07086614173228,33.9228909913692
"result_final_convex_1000",14.6,9521.47539853647,0.071291195261029,23.9231861695673,4688,206,7.0873786407767,14.0269776139754
"result_final_convex_1000",29.14,62343.2039617908,0.171919539919786,25.0646000432208,8302,210,13.8761904761905,5.81667447729664
"result_final_convex_1000",5.03,2755.69231820983,0.0290900497520226,25.376772953817,1800,105,4.79047619047619,34.3760154597354
"result_final_convex_1000",22.37,10160.5540049391,0.128270368791852,25.0308993882978,6986,244,9.16803278688525,7.79603278152828
"result_final_convex_1000",28.55,34363.3507815712,0.168987114632631,24.7195850436543,8082,203,14.064039408867,5.91761095024284
"result_final_convex_1000",6.9,3408.74372040477,0.0347510594893055,24.8532764977461,2560,152,4.53947368421053,28.7761010655732
"result_final_convex_1000",42.01,360596.394265839,0.198584835913261,24.4127614948724,9600,119,35.3025210084034,5.0356312222993
"result_final_convex_1000",29.74,30517.4193836264,0.174704464380569,25.0915085547763,8102,190,15.6526315789474,5.72395218144879
"result_final_convex_1000",3.71,2106.77061987169,0.0256820831704572,24.7930945315247,1404,85,4.36470588235294,38.9376513331414
"result_final_convex_1000",6.2,3702.49979768621,0.0325093236259882,25.6033379251599,2222,123,5.04065040650407,30.7604061993032
"result_final_convex_1000",19.46,16827.6625864853,0.105783994242093,25.4580140677464,6532,261,7.45593869731801,9.45322595506689
"result_final_convex_1000",20.54,10963.6041962158,0.114133097350875,24.783574021833,6464,230,8.9304347826087,8.76170035871136
"result_final_convex_1000",41.5,888238.509820419,0.198357148160905,26.2712888030053,9612,123,33.739837398374,5.04141146044715
"result_final_convex_1000",20.01,11340.0232489192,0.110025265756251,24.5654147983333,6218,221,9.05429864253394,9.08882149137809
"result_final_convex_1000",15.45,6875.40092200645,0.0767784262091927,25.3705388013885,5190,234,6.6025641025641,13.0244920269057
"result_final_convex_1000",44.62,651353.019847611,0.199369673905903,24.9346731256114,9322,99,45.0707070707071,5.01580797324257
"result_final_convex_1000",13.9,8162.74947196296,0.0669856005749242,25.0182722902757,4644,211,6.58767772511848,14.9285815371841
"result_final_convex_1000",23.62,14252.5591017377,0.137654310338689,24.5586727409313,6976,228,10.359649122807,7.26457455302031
"result_final_convex_1000",9.44,3806.80252978801,0.0442644073977004,24.8671100974194,3498,183,5.15846994535519,22.5915144647786
"result_final_convex_1000",23.92,19086.4815450684,0.139847827190672,25.2693965245407,7016,220,10.8727272727273,7.15062950986414
"result_final_convex_1000",40.9,255614.955063349,0.198048845035705,23.6265327226077,9454,118,34.6610169491525,5.04925943809325
"result_final_convex_1000",25.77,16306.873360268,0.152674560829547,24.820262373861,7424,236,10.9194915254237,6.54987965622149
"result_final_convex_1000",20.49,11858.5067072297,0.11374508301197,25.060883102798,6360,223,9.18834080717489,8.7915888187867
"result_final_convex_1000",10.87,7997.62798359854,0.0506703768068209,24.9042027043171,3768,192,5.66145833333333,19.7353969521969
"result_final_convex_1000",22.2,13207.2433568804,0.12697038699462,25.2996889906986,6810,241,9.21161825726141,7.87585218624538
"result_final_convex_1000",5.11,2384.26845161325,0.0293114260587579,25.1256517569147,2096,136,3.75735294117647,34.1163885372002
"result_final_convex_1000",26.62,16854.2791674626,0.1580790625628,24.8918835716082,7778,235,11.3276595744681,6.32594844496076
"result_final_convex_1000",10.57,4880.58308850781,0.049259723005991,26.2660053094222,3862,224,4.71875,20.3005607619511
"result_final_convex_1000",36.98,346692.128045035,0.194510221747079,24.9332026921014,9252,139,26.6043165467626,5.14111798864893
"result_final_convex_1000",33.41,47407.6111177123,0.187603171785005,24.2106795010722,8870,184,18.1576086956522,5.33040028313599
"result_final_convex_1000",31.63,32499.7469939005,0.182200161977475,24.9821749918369,8518,211,14.9905213270142,5.48846932487155
"result_final_convex_1000",5.43,3312.76816264861,0.0302147622507809,25.2875207474608,2048,123,4.41463414634146,33.0964047209789
"result_final_convex_1000",41.27,333407.992022215,0.198244402687726,25.9773755157891,9648,145,28.4620689655172,5.04427860984906
"result_final_convex_1000",38.2,105134.231360398,0.195956762115654,25.7438787752349,9480,165,23.1515151515152,5.10316658227797
"result_final_convex_1000",33.22,66244.8951499095,0.187096931830553,25.3898362690729,8844,207,16.048309178744,5.3448230829657
"result_final_convex_1000",25.43,25438.7957102845,0.150419745100584,24.8581022571737,7548,223,11.4035874439462,6.64806338643448
"result_final_convex_1000",32.08,102876.260037515,0.183710227392713,24.5202914158849,8454,180,17.8222222222222,5.44335508257972
"result_final_convex_1000",21.35,11114.2480652246,0.120417785091528,25.2291836306827,6624,242,8.82231404958678,8.30442113878704
"result_final_convex_1000",29.37,40044.5334315587,0.17301058699833,23.6518119622507,8306,209,14.0526315789474,5.77999310533322
"result_final_convex_1000",8.02,3173.24778772225,0.0386679713526638,24.7039053771323,3124,185,4.33513513513514,25.8611963601527
"result_final_convex_1000",31.74,89690.3090354529,0.182578681968724,24.5384014780534,8634,179,17.731843575419,5.47709069436322
"result_final_convex_1000",32.33,53670.7225113377,0.184505806521291,25.8381816961087,8462,185,17.4756756756757,5.41988362780661
"result_final_convex_1000",25.74,17716.2870710245,0.152477663392618,24.6450181082739,7432,223,11.542600896861,6.55833764598739
"result_final_convex_1000",27.84,38985.5121452216,0.165204946258782,25.6481130308733,7720,201,13.8507462686567,6.05308752943492
"result_final_convex_1000",34.06,143733.6407534,0.189216964674715,23.9140447954006,8644,172,19.8023255813953,5.28493838657179
"result_final_convex_1000",2.33,973.905426790543,0.0225726315045273,24.8895101602565,924,62,3.75806451612903,44.301436445256
"result_final_convex_1000",34.64,178346.145267449,0.190510270820798,24.4819263201092,8868,169,20.4970414201183,5.24906082854001
"result_final_convex_1000",40.92,407001.637353497,0.198059881172804,24.8352091841828,9398,120,34.1,5.04897808722563
"result_final_convex_1000",38.99,378009.393168931,0.196708482184163,23.2910285182275,8992,131,29.763358778626,5.08366486740402
"result_final_convex_1000",29.86,44812.4840680639,0.175237641759845,24.5382203938458,8430,222,13.4504504504505,5.70653650641141
"result_final_convex_1000",7.82,4672.12068017788,0.037937519394929,25.4673200761317,2910,160,4.8875,26.359129852166
"result_final_convex_1000",34.84,67498.652476434,0.190925863537817,25.1794348881508,8608,169,20.6153846153846,5.23763507714568
"result_final_convex_1000",2.9,1486.47432950594,0.0238044820089853,25.1239803713295,1128,78,3.71794871794872,42.0088956198475
"result_final_convex_1000",22.12,11544.7603195944,0.126357156810145,24.7711822173604,6490,233,9.49356223175966,7.91407487509811
"result_final_convex_1000",10.95,4819.98467299252,0.0510526550668064,25.2013660736587,4070,218,5.02293577981651,19.5876198542744
"result_final_convex_1000",13.64,7092.25221234031,0.0654369119106977,25.2217039767619,4692,210,6.4952380952381,15.2818947410707
"result_final_convex_1000",39.86,257930.085069449,0.197394261016282,24.6384554238931,9414,130,30.6615384615385,5.06600341292352
"result_final_convex_1000",12.25,7272.15051454371,0.0576306508740814,25.0302297177424,4126,203,6.03448275862069,17.351877600427
"result_final_convex_1000",26.98,23389.7369281355,0.16026182425496,24.1940340446424,7890,220,12.2636363636364,6.23978919901163
"result_final_convex_1000",1.46,876.581118459489,0.0208248210610105,24.565570625851,504,27,5.40740740740741,48.0196202920687
"result_final_convex_1000",11.49,6400.86437525796,0.0537009089474607,25.8494041387234,4112,221,5.19909502262443,18.6216587316682
"result_final_convex_1000",3.13,1901.95626630635,0.0243220719303774,25.2727222356264,1164,75,4.17333333333333,41.1149182874932
"result_final_convex_1000",7.19,5710.26894375165,0.0357253099722973,24.7029372903116,2486,137,5.24817518248175,27.9913596488158
"result_final_convex_1000",20.41,9293.40460673464,0.113124402766542,25.1572166676817,6490,239,8.53974895397489,8.83982567460469
"result_final_linear_5000",3.68,3620.18750602427,0.00407417433676232,26.2115393618511,1388,81,4.54320987654321,245.448504983389
"result_final_linear_5000",16.55,32331.3040154232,0.00486808907815485,24.3540707199368,5588,236,7.01271186440678,205.419412822049
"result_final_linear_5000",10.21,12295.2646575089,0.00441359716279287,25.1209751047959,3564,179,5.70391061452514,226.572558191335
"result_final_linear_5000",18.95,45353.6762726525,0.00508780464838907,24.6487822457833,6096,246,7.70325203252033,196.548426896977
"result_final_linear_5000",25.94,93598.8214287284,0.00597243615073829,25.2603646417481,7516,217,11.9539170506912,167.435862813935
"result_final_linear_5000",19.32,38810.9983023864,0.00512468717049684,25.0874911769656,6102,249,7.75903614457831,195.133862171542
"result_final_linear_5000",29.37,153098.989101415,0.00662064181699733,24.1852782475291,8110,201,14.6119402985075,151.042758034829
"result_final_linear_5000",8.18,7341.85406343745,0.00429685854809047,25.4732128572436,3036,169,4.84023668639053,232.728163798736
"result_final_linear_5000",12.27,14770.3539700442,0.00454473635814988,25.0622599259696,4432,216,5.68055555555556,220.034765758578
"result_final_linear_5000",24.58,88449.8955785847,0.00576292685163252,24.4459418206822,7102,221,11.1221719457014,173.522938212676
"result_final_linear_5000",41.33,748104.919595108,0.012676223708233,25.490101283755,9530,131,31.5496183206107,78.8878472814042
"result_final_linear_5000",10.19,15900.3973214715,0.00441238967183435,24.917199871124,3670,204,4.99509803921569,226.6345618528
"result_final_linear_5000",12.68,18368.7941262178,0.00457254170899532,24.4758664575216,4064,190,6.67368421052632,218.696747595053
"result_final_linear_5000",10.38,11044.6638522387,0.00442390944856625,25.3709974293383,3790,208,4.99038461538461,226.044409729971
"result_final_linear_5000",7.01,8682.63738656295,0.00423452694564423,25.6842428873626,2464,132,5.31060606060606,236.153887514787
"result_final_linear_5000",0.74,379.120550607644,0.00395044236517115,22.748750330235,316,25,2.96,253.136207938747
"result_final_linear_5000",33.83,334795.357182914,0.0078625450786314,25.1200786600957,8750,173,19.5549132947977,127.185280338522
"result_final_linear_5000",18.98,33913.9904024525,0.00509076286042815,25.0790078805072,6170,252,7.53174603174603,196.434213774377
"result_final_linear_5000",37.76,734288.139786741,0.00967782062445577,25.4801959693378,9392,148,25.5135135135135,103.329048843188
"result_final_linear_5000",9.27,10948.0483130647,0.0043581115970536,24.1689427061347,3330,164,5.65243902439024,229.457180645873
"result_final_linear_5000",42.75,1506416.05374075,0.0146372643016938,27.0788637767366,9372,111,38.5135135135135,68.3187772925766
"result_final_linear_5000",21.64,44427.1932535856,0.0053775099850396,24.5675629618925,6872,259,8.35521235521236,185.959673302705
"result_final_linear_5000",10.8,14152.8258347999,0.0044497655392597,25.5197175860655,3760,183,5.9016393442623,224.730941704036
"result_final_linear_5000",33.84,222672.931510499,0.00786607694868503,24.1413929710015,8956,183,18.4918032786885,127.128174123337
"result_final_linear_5000",12.22,17992.7343534929,0.00454138621442503,25.1318081071521,4240,214,5.71028037383178,220.197083618136
"result_final_linear_5000",27.23,111153.36396891,0.00619379769083783,24.9658042814976,7600,208,13.0913461538462,161.451834547203
"result_final_linear_5000",21.87,53917.033453706,0.00540480711694043,24.5767014241147,6658,234,9.34615384615385,185.020478689364
"result_final_linear_5000",27.36,75688.6098292122,0.00621747466447549,24.649519636728,7854,234,11.6923076923077,160.837004405286
"result_final_linear_5000",20.69,57950.1892909621,0.00526922476422694,25.8153953053778,6404,219,9.44748858447489,189.781238179296
"result_final_linear_5000",1.09,744.697314602511,0.00396440015952192,25.4937293671851,416,30,3.63333333333333,252.244970174906
"result_final_linear_5000",29.6,130976.277336656,0.00667172100075815,24.8854230453791,8516,201,14.726368159204,149.886363636364
"result_final_linear_5000",26.09,111661.158050279,0.00599697352033137,25.5902204578615,7578,214,12.1915887850467,166.750777973211
"result_final_linear_5000",13.3,17518.6036319074,0.00461575318763809,24.0740542157254,4610,222,5.99099099099099,216.649365628604
"result_final_linear_5000",4.05,4095.83523917222,0.00409085579680022,26.1477638754723,1536,90,4.5,244.447628973424
"result_final_linear_5000",13.53,20787.5555900678,0.0046321518587266,25.7458949586309,4622,214,6.32242990654206,215.882386955013
"result_final_linear_5000",8.85,9952.95965966158,0.00433412978614648,26.1202830305844,3170,169,5.23668639053254,230.726823916621
"result_final_linear_5000",19.81,44476.0487570575,0.00517490053852781,24.4583880237135,6110,230,8.61304347826087,193.24042898117
"result_final_linear_5000",1.67,1162.40331846608,0.00398797079084142,26.442116926958,624,42,3.97619047619048,250.754093359097
"result_final_linear_5000",28.09,113571.824846352,0.00635553336191011,24.0495503744523,8110,219,12.8264840182648,157.343206786261
"result_final_linear_5000",2.4,1654.46338622605,0.00401844532279315,25.2749585634788,956,62,3.87096774193548,248.852459016393
"result_final_linear_5000",39.01,793705.422113516,0.0105156078931715,24.573834436969,9186,139,28.0647482014388,95.0967371700278
"result_final_linear_5000",31.82,204322.926407508,0.0072294266718977,24.9644246468537,8586,204,15.5980392156863,138.323555294808
"result_final_linear_5000",6.21,6149.22868209803,0.00419380297308839,24.9973742748898,2322,138,4.5,238.447062586629
"result_final_linear_5000",11.68,14685.4663157997,0.00450575463227492,24.5747201523794,4280,217,5.38248847926267,221.938405797101
"result_final_linear_5000",32.1,270996.352317656,0.00730932773561548,25.1072916738177,8670,184,17.445652173913,136.811487481591
"result_final_linear_5000",36.58,495081.022508573,0.00902506012437563,23.3969852790616,9114,139,26.3165467625899,110.802585935036
"result_final_linear_5000",37.16,472448.029892002,0.00933147218674824,25.4526073192147,9298,153,24.2875816993464,107.164226607257
"result_final_linear_5000",32.21,203441.711051815,0.00734138694708115,24.6515413216933,8718,193,16.6891191709845,136.214043369229
"result_final_linear_5000",17.67,37265.6287523307,0.00496662474022194,25.7208638998122,5578,235,7.51914893617021,201.343981537714
"result_final_linear_5000",12.37,22799.281776047,0.00455146300735204,24.256521859863,4290,201,6.15422885572139,219.709574346685
"result_final_linear_5000",25.92,91635.5322699989,0.00596918713337201,25.0067355460187,7514,236,10.9830508474576,167.526997840173
"result_final_linear_5000",26.73,120765.238980261,0.0061051465043516,24.8678195035212,7556,224,11.9330357142857,163.796233110413
"result_final_linear_5000",14,19358.8643928082,0.00466630493760174,25.1112324609406,5022,227,6.16740088105727,214.302325581395
"result_final_linear_5000",30.37,170005.781322143,0.00685122230804426,25.2166154677864,8436,210,14.4619047619048,145.959356599167
"result_final_linear_5000",11.77,14940.160931181,0.00451162422051375,25.2952319261213,4014,192,6.13020833333333,221.649665646606
"result_final_linear_5000",36.28,462547.083620315,0.00887638258156186,24.7633368663974,9108,165,21.9878787878788,112.658505963591
"result_final_linear_5000",26.97,105144.820084442,0.00614722878078139,24.7184423100898,7712,213,12.6619718309859,162.674928111735
"result_final_linear_5000",40.4,793292.240314006,0.0116908591604551,23.9456890281688,9244,120,33.6666666666667,85.5369127516777
"result_final_linear_5000",8.18,8060.80730379188,0.00429685854809047,25.8251434866633,3062,165,4.95757575757576,232.728163798736
"result_final_linear_5000",29.17,133674.962599064,0.00657712075697711,24.3359447217425,8046,206,14.1601941747573,152.042213751235
"result_final_linear_5000",2.93,2086.55117945651,0.00404115676915615,25.3791967945068,1180,72,4.06944444444444,247.453899247966
"result_final_linear_5000",4.6,3591.49031062531,0.0041161496310998,24.510285839422,1804,105,4.38095238095238,242.945492662474
"result_final_linear_5000",24.96,111627.976127571,0.00581921955456294,25.2811785399478,7374,231,10.8051948051948,171.844349680171
"result_final_linear_5000",14.16,20004.0840516136,0.00467813310662045,25.2429258405646,4788,225,6.29333333333333,213.760484622554
"result_final_linear_5000",23.45,68423.1179143724,0.00560487635225421,24.8225332478769,7134,220,10.6590909090909,178.416067929458
"result_final_linear_5000",33.04,248629.440232305,0.00759631528792485,24.7026927640054,8740,185,17.8594594594595,131.642771804062
"result_final_linear_5000",43.53,804383.229921194,0.0160547002715112,22.8309140029581,9654,102,42.6764705882353,62.2870550734904
"result_final_linear_5000",9.41,11197.9576798028,0.00436621449348008,26.1946556513351,3278,182,5.17032967032967,229.031350038636
"result_final_linear_5000",2.07,1725.55131895038,0.00400455537085994,24.6568518782877,800,49,4.22448979591837,249.715613193097
"result_final_linear_5000",35.25,338800.008769847,0.00841045624289657,23.4566120908063,8624,158,22.3101265822785,118.899613899614
"result_final_linear_5000",25.12,78183.1493950716,0.00584342614558622,24.2074184140618,7350,213,11.7934272300469,171.132478632478
"result_final_linear_5000",14.76,21179.8223722478,0.00472343207988385,25.7655699586333,5260,255,5.78823529411765,211.710464570624
"result_final_linear_5000",21.43,48901.3320247625,0.00535296381963298,24.8385251461438,6700,242,8.85537190082645,186.812396589029
"result_final_linear_5000",5.64,4169.50636579515,0.00416567336812086,25.7026756378011,2226,137,4.11678832116788,240.05722763883
"result_final_linear_5000",14.22,21040.2525194891,0.00468259557069475,24.8764904511108,5000,236,6.02542372881356,213.556773140592
"result_final_linear_5000",38.84,641321.758032898,0.0103911108090659,24.8193558041828,9326,139,27.9424460431655,96.2361020274688
"result_final_linear_5000",3.15,2163.08388583059,0.00405073350272384,25.8508355539559,1316,88,3.57954545454545,246.868869385648
"result_final_linear_5000",35.7,368317.511896387,0.00860603627116376,25.9421893923974,8658,168,21.25,116.197511664075
"result_final_linear_5000",1.81,1012.10196255605,0.00399374439466443,25.7906943680457,778,53,3.41509433962264,250.391587738059
"result_final_linear_5000",19.27,41145.1751988784,0.00511965196767003,25.4646662256114,6134,230,8.37826086956522,195.325777282299
"result_final_linear_5000",4.1,3122.86510769728,0.00409313045519537,25.2447217285127,1662,100,4.1,244.311783107404
"result_final_linear_5000",9.66,10427.4948487986,0.0043808221436642,25.1863897460395,3426,172,5.61627906976744,228.267655523578
"result_final_linear_5000",34.2,311978.403061475,0.00799611131364686,24.9924509545277,8850,176,19.4318181818182,125.060790273556
"result_final_linear_5000",27.2,107668.924219429,0.00618837130227814,24.8245359161409,7698,215,12.6511627906977,161.593406593407
"result_final_linear_5000",37.3,469585.642270934,0.00940946949801155,23.8001446810061,9224,147,25.3741496598639,106.275917065391
"result_final_linear_5000",36.6,382495.559017039,0.00903520022801767,23.2490708890277,9008,144,25.4166666666667,110.678233438486
"result_final_linear_5000",33.5,304866.906738026,0.00774832508010486,24.4058431492904,8760,178,18.8202247191011,129.06015037594
"result_final_linear_5000",25.04,77985.5689148151,0.00583128481189906,24.322183915479,7598,232,10.7931034482759,171.488794023479
"result_final_linear_5000",21.9,68009.3235665566,0.00540839998615006,25.7548950058344,6858,244,8.97540983606557,184.897567221511
"result_final_linear_5000",17.58,30553.3184660214,0.00495845891914981,25.2840085066157,5658,221,7.95475113122172,201.67556418345
"result_final_linear_5000",9.58,10716.1788096162,0.0043761282735056,25.8524047673735,3552,190,5.04210526315789,228.512497235125
"result_final_linear_5000",2.01,1369.55114197615,0.00400205023902438,24.6974654796448,838,56,3.58928571428571,249.871925706705
"result_final_linear_5000",3.62,2312.01642074857,0.00407149404990727,26.741881222277,1492,101,3.58415841584158,245.610085079892
"result_final_linear_5000",38.27,526003.110042008,0.00999894713824075,25.1204329165501,9280,142,26.9507042253521,100.010529726227
"result_final_linear_5000",11.78,12602.4155407899,0.00451227808154017,24.9306227628927,4172,198,5.94949494949495,221.617547041487
"result_final_linear_5000",2.59,2171.46505065657,0.00402652937638604,23.7393843086014,944,56,4.625,248.352838517606
"result_final_linear_5000",29.59,150086.705324536,0.00666947679512743,25.337015597464,8068,207,14.2946859903382,149.936798750177
"result_final_linear_5000",36.37,481787.149036559,0.00892032271857454,26.2765604422345,9136,157,23.1656050955414,112.103567499607
"result_final_linear_5000",7.86,9741.8828570799,0.0042794707092663,24.2449503720695,2850,148,5.31081081081081,233.673757325809
"result_final_linear_5000",35.55,318618.22050149,0.0085395342674484,24.2015100221252,8802,153,23.2352941176471,117.102404965089
"result_final_linear_5000",1.46,789.720680792854,0.00397937220093124,26.9997914788474,628,42,3.47619047619048,251.295920438401
"result_final_linear_5000",39.58,683042.039160678,0.0109613395983382,25.4084192725588,9508,140,28.2714285714286,91.2297252565376
"result_final_linear_5000",17.98,33835.195906259,0.00499509747200078,25.1960559786002,5894,249,7.22088353413655,200.19629358693
"result_final_linear_5000",37.61,464024.844658874,0.00958820952981043,25.2062563137331,9268,141,26.6737588652482,104.294758775445
"result_final_linear_5000",13.99,25379.3140819999,0.00466556911969319,25.4403035225702,4600,208,6.72596153846154,214.336123706546
"result_final_linear_5000",13.09,15675.3294309798,0.00460095661357735,24.5093894032642,4638,226,5.79203539823009,217.346105166264
"result_final_linear_5000",39.54,911917.477998938,0.0109285468973121,24.7045462330235,9392,132,29.9545454545455,91.5034733708241
"result_final_linear_5000",10.78,12179.354609438,0.00444852189608149,25.7022409394854,3928,199,5.41708542713568,224.793768213405
"result_final_linear_5000",34.96,319641.419212558,0.00829041961964004,24.8024330983445,8762,156,22.4102564102564,120.621156211562
"result_final_linear_5000",28.5,122776.655244755,0.00643709205491785,25.1028225905933,7968,229,12.4454148471616,155.34965034965
"result_final_linear_5000",12.53,16416.5434491927,0.00456229935297447,25.1120853142053,4386,205,6.11219512195122,219.187721504516
"result_final_linear_5000",3.34,2491.38956099195,0.00405907623050984,24.2798515676621,1340,85,3.92941176470588,246.361473205049
"result_final_linear_5000",35.92,575241.157561641,0.00870604858431607,25.5941955901849,8880,137,26.2189781021898,114.862671660424
"result_final_linear_5000",42.4,1019578.57642375,0.0140900195694716,23.9279416813486,9784,96,44.1666666666667,70.9722222222223
"result_final_linear_5000",21.7,65106.2044049972,0.00538458893511674,24.9054826809102,6442,220,9.86363636363636,185.715197956577
"result_final_linear_5000",2.79,2024.37261752639,0.00403510847389383,24.7449371633913,1082,68,4.10294117647059,247.824812262113
"result_final_linear_5000",13.47,23612.9782631742,0.00462785430254604,25.1751063294733,4468,204,6.60294117647059,216.08286143534
"result_final_linear_5000",36.54,539418.131962026,0.00900486711222738,25.4104494680193,9396,134,27.2686567164179,111.05105578317
"result_final_linear_5000",25.11,82665.3374048414,0.00584190429386596,24.8527588271431,7360,231,10.8701298701299,171.177059687542
"result_final_linear_5000",24.06,70966.4540332067,0.00568851734495906,25.5614188752632,7208,238,10.109243697479,175.792731103503
"result_final_linear_5000",28.99,201569.176034308,0.00653864392889536,25.4247579979073,8016,180,16.1055555555556,152.936910294325
"result_final_linear_5000",21.22,54595.4671162345,0.00532876981040185,25.0013375106332,6560,256,8.2890625,187.660573749683
"result_final_linear_5000",3.91,3565.50712409177,0.00408451272983089,24.5067704294162,1496,93,4.20430107526882,244.827245290873
"result_final_linear_5000",16.99,31830.9879442893,0.0049060138711174,25.8204213116824,5566,229,7.41921397379913,203.831466088423
"result_final_linear_5000",31.67,157933.143861798,0.00718760025876623,24.0854535652673,8498,187,16.9358288770053,139.128494072882
"result_final_linear_5000",28.21,101454.837154998,0.00637909356270465,24.6647474349312,7970,235,12.0042553191489,156.76208385569
"result_final_linear_5000",4.8,4105.7716758209,0.00412549835326746,25.1253887763001,1802,108,4.44444444444444,242.394957983194
"result_final_linear_5000",34.44,273898.49325961,0.00808604060287624,24.3875479581405,8734,175,19.68,123.669920683344
"result_final_linear_5000",26.89,115912.604104074,0.00613310627445881,23.9776967688248,7672,215,12.506976744186,163.049514430311
"result_final_linear_5000",8.91,17028.2159016336,0.00433752610063118,25.8089499195638,3034,149,5.97986577181208,230.54616313536
"result_final_linear_5000",37.95,564996.073049695,0.0097944043250069,25.3914059969235,9206,153,24.8039215686275,102.09911361805
"result_final_linear_5000",8.62,7587.79807918715,0.00432120074337137,25.7236672420523,3078,170,5.07058823529412,231.41715911578
"result_final_linear_5000",2.04,1503.21055718202,0.00400330202944037,22.1649818857484,788,51,4,249.793793385055
"result_final_linear_5000",11.68,17375.3593365437,0.00450575463227492,23.9469238836931,3998,198,5.8989898989899,221.938405797101
"result_final_linear_5000",44.78,1919246.59453623,0.0191330861716503,26.1896865038818,10050,94,47.6382978723404,52.2654835204637
"result_final_linear_5000",5.17,4119.95100738449,0.00414301098992317,25.4778569788988,2054,127,4.07086614173228,241.370346936624
"result_final_linear_5000",14.6,25691.6791543103,0.00471120428090693,23.9231861695673,4688,206,7.0873786407767,212.259953161593
"result_final_linear_5000",29.14,164779.065657561,0.00657066290811643,25.0646000432208,8302,210,13.8761904761905,152.191645498165
"result_final_linear_5000",5.03,4698.64807638542,0.00413635106501131,25.376772953817,1800,105,4.79047619047619,241.758976518901
"result_final_linear_5000",22.37,51881.8011297876,0.00546568894928238,25.0308993882978,6986,244,9.16803278688525,182.959551719696
"result_final_linear_5000",28.55,140374.276382403,0.00644724672336394,24.7195850436543,8082,203,14.064039408867,155.104968509447
"result_final_linear_5000",6.9,6244.32693527669,0.00422883877268288,24.8532764977461,2560,152,4.53947368421053,236.471535982814
"result_final_linear_5000",42.01,811158.014343136,0.0135334134587335,24.4127614948724,9600,119,35.3025210084034,73.8911881358854
"result_final_linear_5000",29.74,142806.459777549,0.00670336694875636,25.0915085547763,8102,190,15.6526315789474,149.178764588671
"result_final_linear_5000",3.71,3212.72182699849,0.0040755170582123,24.7930945315247,1404,85,4.36470588235294,245.367639422578
"result_final_linear_5000",6.2,6466.74745673588,0.00419330323215164,25.6033379251599,2222,123,5.04065040650407,238.475479744136
"result_final_linear_5000",19.46,45440.2413605879,0.00513887205140148,25.4580140677464,6532,261,7.45593869731801,194.595232182766
"result_final_linear_5000",20.54,46463.662569987,0.00525275495296583,24.783574021833,6464,230,8.9304347826087,190.376289957211
"result_final_linear_5000",41.5,1170501.64355633,0.0128783709411117,26.2712888030053,9612,123,33.739837398374,77.6495726495728
"result_final_linear_5000",20.01,54574.6051375744,0.00519585968125911,24.5654147983333,6218,221,9.05429864253394,192.460932616577
"result_final_linear_5000",15.45,22620.0449726264,0.00477744346032688,25.3705388013885,5190,234,6.6025641025641,209.316972205795
"result_final_linear_5000",44.62,1304604.60570162,0.0186659476220971,24.9346731256114,9322,99,45.0707070707071,53.5734922354642
"result_final_linear_5000",13.9,23065.0807196324,0.004658964854847,25.0182722902757,4644,211,6.58767772511848,214.639953542393
"result_final_linear_5000",23.62,71207.1723376697,0.00562780450784341,24.5586727409313,6976,228,10.359649122807,177.689185650694
"result_final_linear_5000",9.44,8452.21369818714,0.00436795801821269,24.8671100974194,3498,183,5.15846994535519,228.939929328622
"result_final_linear_5000",23.92,79777.7520415514,0.0056689815504754,25.2693965245407,7016,220,10.8727272727273,176.398527865405
"result_final_linear_5000",40.9,729342.500080238,0.0121968837065318,23.6265327226077,9454,118,34.6610169491525,81.9881556683589
"result_final_linear_5000",25.77,91370.0497522126,0.00594498704564658,24.820262373861,7424,236,10.9194915254237,168.208945170416
"result_final_linear_5000",20.49,48854.4595338174,0.00524730160930008,25.060883102798,6360,223,9.18834080717489,190.574141617407
"result_final_linear_5000",10.87,17615.2946508811,0.00445412817674588,24.9042027043171,3768,192,5.66145833333333,224.510826882082
"result_final_linear_5000",22.2,58619.488897458,0.00544474770802715,25.2996889906986,6810,241,9.21161825726141,183.66323907455
"result_final_linear_5000",5.11,4151.81862497934,0.00414015170521108,25.1256517569147,2096,136,3.75735294117647,241.537042891769
"result_final_linear_5000",26.62,89066.6251289946,0.00608614154550506,24.8918835716082,7778,235,11.3276595744681,164.307713273372
"result_final_linear_5000",10.57,11670.6968299772,0.00443553886862264,26.2660053094222,3862,224,4.71875,225.451749972045
"result_final_linear_5000",36.98,667812.609815123,0.00923356434337958,24.9332026921014,9252,139,26.6043165467626,108.300539511266
"result_final_linear_5000",33.41,218976.190318259,0.00771793995097329,24.2106795010722,8870,184,18.1576086956522,129.568253491515
"result_final_linear_5000",31.63,154983.939520291,0.00717655888357642,24.9821749918369,8518,211,14.9905213270142,139.342547901126
"result_final_linear_5000",5.43,5480.09623887069,0.00415548920482383,25.2875207474608,2048,123,4.41463414634146,240.645553558211
"result_final_linear_5000",41.27,796492.72242142,0.0126066564348041,25.9773755157891,9648,145,28.4620689655172,79.3231738464156
"result_final_linear_5000",38.2,383490.564652636,0.00995329360605573,25.7438787752349,9480,165,23.1515151515152,100.46925566343
"result_final_linear_5000",33.22,245926.443155117,0.00765483327410906,25.3898362690729,8844,207,16.048309178744,130.636418089248
"result_final_linear_5000",25.43,103091.485238704,0.0058912058524947,24.8581022571737,7548,223,11.4035874439462,169.744535335926
"result_final_linear_5000",32.08,229588.716667039,0.0073035399372016,24.5202914158849,8454,180,17.8222222222222,136.919905771496
"result_final_linear_5000",21.35,51957.5359470845,0.00534370594330168,25.2291836306827,6624,242,8.82231404958678,187.13604577241
"result_final_linear_5000",29.37,193984.90967541,0.00662064181699733,23.6518119622507,8306,209,14.0526315789474,151.042758034829
"result_final_linear_5000",8.02,6268.82012191286,0.0042881318794027,24.7039053771323,3124,185,4.33513513513514,233.201782996304
"result_final_linear_5000",31.74,243701.253461494,0.00720703599294711,24.5384014780534,8634,179,17.731843575419,138.753296220334
"result_final_linear_5000",32.33,203938.314299201,0.00737680345784255,25.8381816961087,8462,185,17.4756756756757,135.560070932466
"result_final_linear_5000",25.74,97176.5528677736,0.00594018222104901,24.6450181082739,7432,223,11.542600896861,168.34500403986
"result_final_linear_5000",27.84,161044.37878182,0.00630725124117195,25.6481130308733,7720,201,13.8507462686567,158.547671840355
"result_final_linear_5000",34.06,349425.245141531,0.00794486547706544,23.9140447954006,8644,172,19.8023255813953,125.86745526236
"result_final_linear_5000",2.33,1569.72807396135,0.0040154830646272,24.8895101602565,924,62,3.75806451612903,249.036039725607
"result_final_linear_5000",34.64,377901.406614961,0.00816306139781186,24.4819263201092,8868,169,20.4970414201183,122.50305997552
"result_final_linear_5000",40.92,733922.040496445,0.012218223931836,24.8352091841828,9398,120,34.1,81.8449559918757
"result_final_linear_5000",38.99,737570.520957253,0.0105007702171238,23.2910285182275,8992,131,29.763358778626,95.2311096541548
"result_final_linear_5000",29.86,172410.665686656,0.00673083382114445,24.5382203938458,8430,222,13.4504504504505,148.57000285144
"result_final_linear_5000",7.82,8373.75570549799,0.00427731556454719,25.4673200761317,2910,160,4.8875,233.79149490128
"result_final_linear_5000",34.84,292901.476671607,0.00824205014040325,25.1794348881508,8608,169,20.6153846153846,121.329036218539
"result_final_linear_5000",2.9,2458.75692361313,0.00403985771046993,25.1239803713295,1128,78,3.71794871794872,247.533470648816
"result_final_linear_5000",22.12,61601.5172414614,0.00543497983167474,24.7711822173604,6490,233,9.49356223175966,183.99332306112
"result_final_linear_5000",10.95,11939.1188678895,0.00445913296027841,25.2013660736587,4070,218,5.02293577981651,224.258843346435
"result_final_linear_5000",13.64,20166.6085761571,0.00464006705423441,25.2217039767619,4692,210,6.4952380952381,215.514126910607
"result_final_linear_5000",39.86,671356.110555764,0.0111977954456589,24.6384554238931,9414,130,30.6615384615385,89.3032923179245
"result_final_linear_5000",12.25,17981.1598961788,0.00454339524949841,25.0302297177424,4126,203,6.03448275862069,220.099715099715
"result_final_linear_5000",26.98,109023.964263259,0.00614900085051915,24.1940340446424,7890,220,12.2636363636364,162.628047110381
"result_final_linear_5000",1.46,1203.37270980414,0.00397937220093124,24.565570625851,504,27,5.40740740740741,251.295920438401
"result_final_linear_5000",11.49,14690.4581843201,0.00449345223136888,25.8494041387234,4112,221,5.19909502262443,222.546039995481
"result_final_linear_5000",3.13,2799.91473410351,0.00404985921440173,25.2727222356264,1164,75,4.17333333333333,246.922163724579
"result_final_linear_5000",7.19,10031.3479300846,0.00424389719718049,24.7029372903116,2486,137,5.24817518248175,235.63247494882
"result_final_linear_5000",20.41,41431.6799857586,0.00523861396239703,25.1572166676817,6490,239,8.53974895397489,190.890187209449
"result_final_concave_5000",3.68,3633.63306293854,0.0039271887306532,26.2115393618511,1388,81,4.54320987654321,254.635075771791
"result_final_concave_5000",16.55,32835.2928061982,0.00407885135091256,24.3540707199368,5588,236,7.01271186440678,245.167061500359
"result_final_concave_5000",10.21,12414.5979923086,0.00397191818558084,25.1209751047959,3564,179,5.70391061452514,251.76752220886
"result_final_concave_5000",18.95,46272.1098558045,0.00414364089607249,24.6487822457833,6096,246,7.70325203252033,241.333654407128
"result_final_concave_5000",25.94,96403.1826925221,0.0044577168006105,25.2603646417481,7516,217,11.9539170506912,224.33008751544
"result_final_concave_5000",19.32,39621.9534766042,0.00415516754923745,25.0874911769656,6102,249,7.75903614457831,240.664182166016
"result_final_concave_5000",29.37,157994.14016625,0.00472206922019652,24.1852782475291,8110,201,14.6119402985075,211.77156737198
"result_final_concave_5000",8.18,7395.65377882639,0.00395232138832704,25.4732128572436,3036,169,4.84023668639053,253.015861248896
"result_final_concave_5000",12.27,14958.136714282,0.00399824509701474,25.0622599259696,4432,216,5.68055555555556,250.10972957777
"result_final_concave_5000",24.58,90829.7430901148,0.00437740298831078,24.4459418206822,7102,221,11.1221719457014,228.445953610018
"result_final_concave_5000",41.33,774167.092741141,0.00763720008516458,25.490101283755,9530,131,31.5496183206107,130.938038659288
"result_final_concave_5000",10.19,16079.8848623707,0.00397169598381197,24.917199871124,3670,204,4.99509803921569,251.781607674869
"result_final_concave_5000",12.68,18619.1808190215,0.0040043520024867,24.4758664575216,4064,190,6.67368421052632,249.72829545929
"result_final_concave_5000",10.38,11151.7171107291,0.00397383160094044,25.3709974293383,3790,208,4.99038461538461,251.646295168457
"result_final_concave_5000",7.01,8733.69803311836,0.00394353961493318,25.6842428873626,2464,132,5.31060606060606,253.579296176779
"result_final_concave_5000",0.74,379.381959602911,0.00392178232434541,22.748750330235,316,25,2.96,254.98610511661
"result_final_concave_5000",33.83,346781.005052618,0.00527277127372409,25.1200786600957,8750,173,19.5549132947977,189.653589751431
"result_final_concave_5000",18.98,34624.6121599416,0.00414455898917812,25.0790078805072,6170,252,7.53174603174603,241.280194735099
"result_final_concave_5000",37.76,755608.705317352,0.00613558324857361,25.4801959693378,9392,148,25.5135135135135,162.983690300752
"result_final_concave_5000",9.27,11032.7011282974,0.00396211806998768,24.1689427061347,3330,164,5.65243902439024,252.39025751777
"result_final_concave_5000",42.75,1538990.91027769,0.00865048278637888,27.0788637767366,9372,111,38.5135135135135,115.600484353845
"result_final_concave_5000",21.64,45552.5556162544,0.00423847826512285,24.5675629618925,6872,259,8.35521235521236,235.933733158123
"result_final_concave_5000",10.8,14298.088203829,0.00397875129664056,25.5197175860655,3760,183,5.9016393442623,251.335136439502
"result_final_concave_5000",33.84,232730.218990822,0.00527439556111995,24.1413929710015,8956,183,18.4918032786885,189.595184587874
"result_final_concave_5000",12.22,18213.0022635348,0.00399752108847894,25.1318081071521,4240,214,5.71028037383178,250.155028045268
"result_final_concave_5000",27.23,114444.164985093,0.00454555861887735,24.9658042814976,7600,208,13.0913461538462,219.994962961665
"result_final_concave_5000",21.87,55148.6047193606,0.00424788144494857,24.5767014241147,6658,234,9.34615384615385,235.411466388537
"result_final_concave_5000",27.36,78158.8097892735,0.00455511716969069,24.649519636728,7854,234,11.6923076923077,219.53332104252
"result_final_concave_5000",20.69,59133.276895359,0.00420192691884619,25.8153953053778,6404,219,9.44748858447489,237.986052426297
"result_final_concave_5000",1.09,745.30803313023,0.00392203559204283,25.4937293671851,416,30,3.63333333333333,254.969639242652
"result_final_concave_5000",29.6,135433.860686429,0.00474373189093827,24.8854230453791,8516,201,14.726368159204,210.804493801653
"result_final_concave_5000",26.09,114326.711256396,0.00446731113600317,25.5902204578615,7578,214,12.1915887850467,223.848299246666
"result_final_concave_5000",13.3,17739.4872485635,0.00401417944061214,24.0740542157254,4610,222,5.99099099099099,249.116915373246
"result_final_concave_5000",4.05,4112.42460456477,0.00392843044212523,26.1477638754723,1536,90,4.5,254.55458986287
"result_final_concave_5000",13.53,21043.5267645092,0.0040180127608719,25.7458949586309,4622,214,6.32242990654206,248.879249398651
"result_final_concave_5000",8.85,10031.8691383913,0.00395815044853,26.1202830305844,3170,169,5.23668639053254,252.643251691301
"result_final_concave_5000",19.81,45313.2608273259,0.00417113288025476,24.4583880237135,6110,230,8.61304347826087,239.74302155028
"result_final_concave_5000",1.67,1164.0778993165,0.00392267791296675,26.442116926958,624,42,3.97619047619048,254.927889107187
"result_final_concave_5000",28.09,117091.656963768,0.00461142723843185,24.0495503744523,8110,219,12.8264840182648,216.852602956836
"result_final_concave_5000",2.4,1657.09782504959,0.00392389478984596,25.2749585634788,956,62,3.87096774193548,254.84883095942
"result_final_concave_5000",39.01,816392.569037164,0.00654776852538549,24.573834436969,9186,139,28.0647482014388,152.723786145315
"result_final_concave_5000",31.82,212049.039361747,0.00498637649629218,24.9644246468537,8586,204,15.5980392156863,200.546429003825
"result_final_concave_5000",6.21,6187.09110430949,0.00393849642328153,24.9973742748898,2322,138,4.5,253.904001051956
"result_final_concave_5000",11.68,14863.5589403858,0.0039899815719483,24.5747201523794,4280,217,5.38248847926267,250.627723955051
"result_final_concave_5000",32.1,278129.68821008,0.00502194837427791,25.1072916738177,8670,184,17.445652173913,199.125902034743
"result_final_concave_5000",36.58,513824.456979559,0.00581975893110531,23.3969852790616,9114,139,26.3165467625899,171.82842310791
"result_final_concave_5000",37.16,489216.53635932,0.00596735843877153,25.4526073192147,9298,153,24.2875816993464,167.578336421478
"result_final_concave_5000",32.21,210166.249252194,0.0050362715797196,24.6515413216933,8718,193,16.6891191709845,198.55958602925
"result_final_concave_5000",17.67,37855.9192394051,0.00410704391052312,25.7208638998122,5578,235,7.51914893617021,243.484126731099
"result_final_concave_5000",12.37,23018.0897372943,0.00399970652667193,24.256521859863,4290,201,6.15422885572139,250.018343428831
"result_final_concave_5000",25.92,93987.2926133005,0.00445644921600159,25.0067355460187,7514,236,10.9830508474576,224.393895572587
"result_final_concave_5000",26.73,123534.550841931,0.00451004064805419,24.8678195035212,7556,224,11.9330357142857,221.7274916206
"result_final_concave_5000",14,19616.6454012853,0.00402617339328681,25.1112324609406,5022,227,6.16740088105727,248.374797187669
"result_final_concave_5000",30.37,175214.624182196,0.00482065820152451,25.2166154677864,8436,210,14.4619047619048,207.440552346929
"result_final_concave_5000",11.77,15131.5965276277,0.00399120305649012,25.2952319261213,4014,192,6.13020833333333,250.551020794067
"result_final_concave_5000",36.28,481245.660528702,0.00574859344142237,24.7633368663974,9108,165,21.9878787878788,173.955596301931
"result_final_concave_5000",26.97,108437.403963767,0.00452684664594565,24.7184423100898,7712,213,12.6619718309859,220.904324403307
"result_final_concave_5000",40.4,829865.626522403,0.00713627911237688,23.9456890281688,9244,120,33.6666666666667,140.12904824107
"result_final_concave_5000",8.18,8121.90265788476,0.00395232138832704,25.8251434866633,3062,165,4.95757575757576,253.015861248896
"result_final_concave_5000",29.17,137975.869842759,0.00470369592006552,24.3359447217425,8046,206,14.1601941747573,212.598777003015
"result_final_concave_5000",2.93,2092.56410517964,0.00392507463566311,25.3791967945068,1180,72,4.06944444444444,254.772225453761
"result_final_concave_5000",4.6,3607.06517862738,0.00393052783543017,24.510285839422,1804,105,4.38095238095238,254.418755411398
"result_final_concave_5000",24.96,113905.147120578,0.00439868731896567,25.2811785399478,7374,231,10.8051948051948,227.340551279545
"result_final_concave_5000",14.16,20258.1807649036,0.0040290541625025,25.2429258405646,4788,225,6.29333333333333,248.197209485734
"result_final_concave_5000",23.45,70020.5941245442,0.00431891554058913,24.8225332478769,7134,220,10.6590909090909,231.539605394458
"result_final_concave_5000",33.04,258145.111003817,0.00515113488986205,24.7026927640054,8740,185,17.8594594594595,194.131977007261
"result_final_concave_5000",43.53,863955.104111855,0.0093943567699484,22.8309140029581,9654,102,42.6764705882353,106.446883431008
"result_final_concave_5000",9.41,11304.9016926874,0.00396349593487628,26.1946556513351,3278,182,5.17032967032967,252.302516876737
"result_final_concave_5000",2.07,1729.10248911546,0.00392328716532448,24.6568518782877,800,49,4.22448979591837,254.8883010243
"result_final_concave_5000",35.25,353146.758527977,0.00552771003522338,23.4566120908063,8624,158,22.3101265822785,180.906739613303
"result_final_concave_5000",25.12,80484.6330502036,0.0044079086523803,24.2074184140618,7350,213,11.7934272300469,226.864955438673
"result_final_concave_5000",14.76,21464.5587832189,0.00404033768925639,25.7655699586333,5260,255,5.78823529411765,247.504064489235
"result_final_concave_5000",21.43,50004.8586236402,0.00423008618149638,24.8385251461438,6700,242,8.85537190082645,236.401802964273
"result_final_concave_5000",5.64,4193.12758478397,0.00393535232681055,25.7026756378011,2226,137,4.11678832116788,254.106854216649
"result_final_concave_5000",14.22,21298.2321275278,0.00403014815536596,24.8764904511108,5000,236,6.02542372881356,248.129835789919
"result_final_concave_5000",38.84,673315.404519051,0.00648608965831006,24.8193558041828,9326,139,27.9424460431655,154.176098802271
"result_final_concave_5000",3.15,2169.46164047908,0.00392563991846718,25.8508355539559,1316,88,3.57954545454545,254.735538859729
"result_final_concave_5000",35.7,381451.294794945,0.00562001472258476,25.9421893923974,8658,168,21.25,177.935476927021
"result_final_concave_5000",1.81,1013.7427097275,0.00392287548117874,25.7906943680457,778,53,3.41509433962264,254.915050145696
"result_final_concave_5000",19.27,41967.8022092919,0.0041535837678391,25.4646662256114,6134,230,8.37826086956522,240.755948572153
"result_final_concave_5000",4.1,3133.87346917629,0.00392860856954579,25.2447217285127,1662,100,4.1,254.543048078627
"result_final_concave_5000",9.66,10534.2097145359,0.00396602658736374,25.1863897460395,3426,172,5.61627906976744,252.141527035176
"result_final_concave_5000",34.2,323803.755618687,0.00533438009226165,24.9924509545277,8850,176,19.4318181818182,187.463207102669
"result_final_concave_5000",27.2,111038.062647806,0.00454337216862215,24.8245359161409,7698,215,12.6511627906977,220.100833232701
"result_final_concave_5000",37.3,485994.851993536,0.0060051191735757,23.8001446810061,9224,147,25.3741496598639,166.524588621038
"result_final_concave_5000",36.6,399825.208887434,0.00582462369826422,23.2490708890277,9008,144,25.4166666666667,171.684910786255
"result_final_concave_5000",33.5,315098.105637804,0.00522038870337279,24.4058431492904,8760,178,18.8202247191011,191.556617106676
"result_final_concave_5000",25.04,80416.9641386972,0.00440327841169644,24.322183915479,7598,232,10.7931034482759,227.103513905389
"result_final_concave_5000",21.9,69296.2032092354,0.00424912454600687,25.7548950058344,6858,244,8.97540983606557,235.34259567415
"result_final_concave_5000",17.58,31088.1812780833,0.00410465190652864,25.2840085066157,5658,221,7.95475113122172,243.626018179387
"result_final_concave_5000",9.58,10814.630292122,0.00396520691461255,25.8524047673735,3552,190,5.04210526315789,252.193648789123
"result_final_concave_5000",2.01,1371.51487851162,0.00392318695874624,24.6974654796448,838,56,3.58928571428571,254.89481141617
"result_final_concave_5000",3.62,2320.23201914136,0.00392699993029051,26.741881222277,1492,101,3.58415841584158,254.647317991173
"result_final_concave_5000",38.27,550675.237487018,0.00629274914564472,25.1204329165501,9280,142,26.9507042253521,158.913056417021
"result_final_concave_5000",11.78,12754.9766673608,0.00399133963376419,24.9306227628927,4172,198,5.94949494949495,250.542447337891
"result_final_concave_5000",2.59,2177.42368362186,0.00392428852910182,23.7393843086014,944,56,4.625,254.823260976908
"result_final_concave_5000",29.59,154740.988564367,0.00474277792959747,25.337015597464,8068,207,14.2946859903382,210.846894972557
"result_final_concave_5000",36.37,496702.712716653,0.0057695934220856,26.2765604422345,9136,157,23.1656050955414,173.322438314643
"result_final_concave_5000",7.86,9807.48597135305,0.00394974712257616,24.2449503720695,2850,148,5.31081081081081,253.180765493606
"result_final_concave_5000",35.55,330801.685343047,0.00558855869159485,24.2015100221252,8802,153,23.2352941176471,178.937013134351
"result_final_concave_5000",1.46,790.955323430198,0.00392241280485241,26.9997914788474,628,42,3.47619047619048,254.945119178405
"result_final_concave_5000",39.58,712118.347677613,0.00676969288779805,25.4084192725588,9508,140,28.2714285714286,147.717188441803
"result_final_concave_5000",17.98,34415.7652664642,0.00411545979997086,25.1960559786002,5894,249,7.22088353413655,242.98621505356
"result_final_concave_5000",37.61,481326.017861296,0.00609192516217857,25.2062563137331,9268,141,26.6737588652482,164.151721069795
"result_final_concave_5000",13.99,25702.5626444632,0.00402599509895572,25.4403035225702,4600,208,6.72596153846154,248.385796659162
"result_final_concave_5000",13.09,15892.693905768,0.00401076912662654,24.5093894032642,4638,226,5.79203539823009,249.3287368154
"result_final_concave_5000",39.54,942842.763396403,0.00675330968858466,24.7045462330235,9392,132,29.9545454545455,148.07554312078
"result_final_concave_5000",10.78,12304.3844232577,0.00397851072290675,25.7022409394854,3928,199,5.41708542713568,251.350334245018
"result_final_concave_5000",34.96,331189.940762132,0.00547137823818242,24.8024330983445,8762,156,22.4102564102564,182.76930536833
"result_final_concave_5000",28.5,126920.350423388,0.00464512992802536,25.1028225905933,7968,229,12.4454148471616,215.279231258252
"result_final_concave_5000",12.53,16615.5921729838,0.00400208231807456,25.1120853142053,4386,205,6.11219512195122,249.869922835847
"result_final_concave_5000",3.34,2499.25619425148,0.00392616449677546,24.2798515676621,1340,85,3.92941176470588,254.701503419252
"result_final_concave_5000",35.92,590048.676318505,0.00566745257987719,25.5941955901849,8880,137,26.2189781021898,176.446116823384
"result_final_concave_5000",42.4,1046867.96207907,0.00836574305678829,23.9279416813486,9784,96,44.1666666666667,119.535108024691
"result_final_concave_5000",21.7,66410.6574338826,0.00424090971393614,24.9054826809102,6442,220,9.86363636363636,235.798464823215
"result_final_concave_5000",2.79,2029.34866921095,0.00392473817329659,24.7449371633913,1082,68,4.10294117647059,254.794066723704
"result_final_concave_5000",13.47,23906.0516050272,0.00401700276271298,25.1751063294733,4468,204,6.60294117647059,248.941825303756
"result_final_concave_5000",36.54,555307.894286973,0.00581007540371689,25.4104494680193,9396,134,27.2686567164179,172.11480583544
"result_final_concave_5000",25.11,84937.4286574997,0.00440732771860796,24.8527588271431,7360,231,10.8701298701299,226.894858709496
"result_final_concave_5000",24.06,72753.935316952,0.00434962580674233,25.5614188752632,7208,238,10.109243697479,229.904834215832
"result_final_concave_5000",28.99,207062.675514463,0.00468751824736028,25.4247579979073,8016,180,16.1055555555556,213.332502878925
"result_final_concave_5000",21.22,55782.5077343627,0.00422187459579521,25.0013375106332,6560,256,8.2890625,236.861606689112
"result_final_concave_5000",3.91,3577.71503562699,0.00392794483339628,24.5067704294162,1496,93,4.20430107526882,254.586060246512
"result_final_concave_5000",16.99,32331.3899732359,0.00408952586279705,25.8204213116824,5566,229,7.41921397379913,244.527124549359
"result_final_concave_5000",31.67,164355.95942406,0.00496782892467854,24.0854535652673,8498,187,16.9358288770053,201.295176456727
"result_final_concave_5000",28.21,104843.91388901,0.00462113087090811,24.6647474349312,7970,235,12.0042553191489,216.397247326494
"result_final_concave_5000",4.8,4124.71833057237,0.00393136695580717,25.1253887763001,1802,108,4.44444444444444,254.364451663018
"result_final_concave_5000",34.44,283843.76471799,0.0053760654247018,24.3875479581405,8734,175,19.68,186.009641066723
"result_final_concave_5000",26.89,119343.253731884,0.00452119560160628,23.9776967688248,7672,215,12.506976744186,221.180432813993
"result_final_concave_5000",8.91,17159.591847138,0.00395870219402257,25.8089499195638,3034,149,5.97986577181208,252.60803945039
"result_final_concave_5000",37.95,584890.936823305,0.00619251504636673,25.3914059969235,9206,153,24.8039215686275,161.485275774456
"result_final_concave_5000",8.62,7656.8564455261,0.00395608119334096,25.7236672420523,3078,170,5.07058823529412,252.775398463318
"result_final_concave_5000",2.04,1505.36808317556,0.00392323666997472,22.1649818857484,788,51,4,254.89158165073
"result_final_concave_5000",11.68,17580.7712314524,0.0039899815719483,23.9469238836931,3998,198,5.8989898989899,250.627723955051
"result_final_concave_5000",44.78,1953149.23265542,0.0110381534167621,26.1896865038818,10050,94,47.6382978723404,90.5948633112346
"result_final_concave_5000",5.17,4140.08242779383,0.00393302947179224,25.4778569788988,2054,127,4.07086614173228,254.256930229488
"result_final_concave_5000",14.6,26041.9542623883,0.00403725329314289,23.9231861695673,4688,206,7.0873786407767,247.693153585003
"result_final_concave_5000",29.14,168509.127468425,0.00470097632603398,25.0646000432208,8302,210,13.8761904761905,212.7217689785
"result_final_concave_5000",5.03,4721.37449439245,0.00393238343462081,25.376772953817,1800,105,4.79047619047619,254.298701188692
"result_final_concave_5000",22.37,53208.4770377878,0.00426911301193225,25.0308993882978,6986,244,9.16803278688525,234.240695246292
"result_final_concave_5000",28.55,144674.408087849,0.00464934779919333,24.7195850436543,8082,203,14.064039408867,215.083930734006
"result_final_concave_5000",6.9,6284.22333311046,0.00394280124478581,24.8532764977461,2560,152,4.53947368421053,253.626784084655
"result_final_concave_5000",42.01,854064.854664873,0.00807764927538185,24.4127614948724,9600,119,35.3025210084034,123.798393060675
"result_final_concave_5000",29.74,147493.059564231,0.00475720499349966,25.0915085547763,8102,190,15.6526315789474,210.20746454408
"result_final_concave_5000",3.71,3222.81510404871,0.00392728443543115,24.7930945315247,1404,85,4.36470588235294,254.628870518826
"result_final_concave_5000",6.2,6504.06465989254,0.00393843810197726,25.6033379251599,2222,123,5.04065040650407,253.907760921254
"result_final_concave_5000",19.46,46146.5691754232,0.00415964629123662,25.4580140677464,6532,261,7.45593869731801,240.405056099784
"result_final_concave_5000",20.54,47461.6152614206,0.00419647731543943,24.783574021833,6464,230,8.9304347826087,238.295104401222
"result_final_concave_5000",41.5,1186574.50953012,0.00774069874946634,26.2712888030053,9612,123,33.739837398374,129.187303674483
"result_final_concave_5000",20.01,55789.0826055668,0.00417788672608871,24.5654147983333,6218,221,9.05429864253394,239.355460203247
"result_final_concave_5000",15.45,22982.6769693038,0.00405429111142129,25.3705388013885,5190,234,6.6025641025641,246.652243886216
"result_final_concave_5000",44.62,1379525.58691706,0.0107863871792626,24.9346731256114,9322,99,45.0707070707071,92.7094478791335
"result_final_concave_5000",13.9,23369.2329879527,0.00402439966797065,25.0182722902757,4644,211,6.58767772511848,248.484266599759
"result_final_concave_5000",23.62,73047.701411759,0.00432727806466463,24.5586727409313,6976,228,10.359649122807,231.092151938589
"result_final_concave_5000",9.44,8532.84362797727,0.00396379484272127,24.8671100974194,3498,183,5.15846994535519,252.283490866411
"result_final_concave_5000",23.92,81765.6942517782,0.00434240309925475,25.2693965245407,7016,220,10.8727272727273,230.287234313098
"result_final_concave_5000",40.9,770727.731895188,0.00739275295125629,23.6265327226077,9454,118,34.6610169491525,135.267606883856
"result_final_concave_5000",25.77,94164.9332794238,0.00444702863835616,24.820262373861,7424,236,10.9194915254237,224.869251206273
"result_final_concave_5000",20.49,49925.3394685988,0.00419467952149895,25.060883102798,6360,223,9.18834080717489,238.397235086664
"result_final_concave_5000",10.87,17787.7253635996,0.00397959832984596,24.9042027043171,3768,192,5.66145833333333,251.281641290343
"result_final_concave_5000",22.2,59932.4965612196,0.00426177045087808,25.2996889906986,6810,241,9.21161825726141,234.644266162661
"result_final_concave_5000",5.11,4173.14901035675,0.00393275005053181,25.1256517569147,2096,136,3.75735294117647,254.274995143608
"result_final_concave_5000",26.62,91858.9147294235,0.00450248373072262,24.8918835716082,7778,235,11.3276595744681,222.09963651318
"result_final_concave_5000",10.57,11798.3058270405,0.00397602293276106,26.2660053094222,3862,224,4.71875,251.507603681142
"result_final_concave_5000",36.98,682528.420245087,0.00592006468758775,24.9332026921014,9252,139,26.6043165467626,168.917073169258
"result_final_concave_5000",33.41,228002.025451826,0.00520650270877648,24.2106795010722,8870,184,18.1576086956522,192.067507871325
"result_final_concave_5000",31.63,160811.727865196,0.00496294134239386,24.9821749918369,8518,211,14.9905213270142,201.493415095987
"result_final_concave_5000",5.43,5506.18378392706,0.00393428486145233,25.2875207474608,2048,123,4.41463414634146,254.175799469399
"result_final_concave_5000",41.27,829735.650928991,0.00760163706058987,25.9773755157891,9648,145,28.4620689655172,131.550611010413
"result_final_concave_5000",38.2,403672.769633902,0.006270339562125,25.7438787752349,9480,165,23.1515151515152,159.480996219143
"result_final_concave_5000",33.22,254848.34541799,0.00517773084122043,25.3898362690729,8844,207,16.048309178744,193.134797977311
"result_final_concave_5000",25.43,105514.710191358,0.00442622760676873,24.8581022571737,7548,223,11.4035874439462,225.926022979651
"result_final_concave_5000",32.08,236075.803415914,0.0050193655810644,24.5202914158849,8454,180,17.8222222222222,199.22836538795
"result_final_concave_5000",21.35,53201.4783770914,0.0042269368889571,25.2291836306827,6624,242,8.82231404958678,236.577934866382
"result_final_concave_5000",29.37,200529.886594425,0.00472206922019652,23.6518119622507,8306,209,14.0526315789474,211.77156737198
"result_final_concave_5000",8.02,6316.75099451396,0.00395101763903691,24.7039053771323,3124,185,4.33513513513514,253.099350941839
"result_final_concave_5000",31.74,251513.580336746,0.00497644114340975,24.5384014780534,8634,179,17.731843575419,200.94681544145
"result_final_concave_5000",32.33,210839.200917234,0.00505212751376614,25.8381816961087,8462,185,17.4756756756757,197.93641337737
"result_final_concave_5000",25.74,100215.872331097,0.00444516265034997,24.6450181082739,7432,223,11.542600896861,224.963646700593
"result_final_concave_5000",27.84,165633.141385547,0.00459162556177439,25.6481130308733,7720,201,13.8507462686567,217.787793570336
"result_final_concave_5000",34.06,361388.970980267,0.00531069861021567,23.9140447954006,8644,172,19.8023255813953,188.299143558325
"result_final_concave_5000",2.33,1573.7668240939,0.00392375785796749,24.8895101602565,924,62,3.75806451612903,254.857724711382
"result_final_concave_5000",34.64,387855.134455776,0.00541189255217667,24.4819263201092,8868,169,20.4970414201183,184.778243536598
"result_final_concave_5000",40.92,763461.895769591,0.0074036056318851,24.8352091841828,9398,120,34.1,135.069322938178
"result_final_concave_5000",38.99,758042.428544495,0.00654041029375423,23.2910285182275,8992,131,29.763358778626,152.89560671063
"result_final_concave_5000",29.86,178407.339852004,0.00476893046772562,24.5382203938458,8430,222,13.4504504504505,209.69062282783
"result_final_concave_5000",7.82,8428.03302206967,0.0039494346419012,25.4673200761317,2910,160,4.8875,253.20079724591
"result_final_concave_5000",34.84,305132.114286714,0.00544875114062728,25.1794348881508,8608,169,20.6153846153846,183.528293766941
"result_final_concave_5000",2.9,2466.79979004784,0.00392500102148414,25.1239803713295,1128,78,3.71794871794872,254.777003757791
"result_final_concave_5000",22.12,63196.4116884151,0.00425835966629426,24.7711822173604,6490,233,9.49356223175966,234.83220732039
"result_final_concave_5000",10.95,12076.0442895476,0.00398057598099078,25.2013660736587,4070,218,5.02293577981651,251.219925150404
"result_final_concave_5000",13.64,20437.9858833827,0.00401988293100757,25.2217039767619,4692,210,6.4952380952381,248.763463305473
"result_final_concave_5000",39.86,702883.697539829,0.00688807681241187,24.6384554238931,9414,130,30.6615384615385,145.178404253284
"result_final_concave_5000",12.25,18188.802247954,0.00399795495879495,25.0302297177424,4126,203,6.03448275862069,250.127880455516
"result_final_concave_5000",26.98,112121.792643309,0.0045275565120387,24.1940340446424,7890,220,12.2636363636364,220.869689277432
"result_final_concave_5000",1.46,1204.770442843,0.00392241280485241,24.565570625851,504,27,5.40740740740741,254.945119178405
"result_final_concave_5000",11.49,14842.7522337398,0.00398744812068259,25.8494041387234,4112,221,5.19909502262443,250.7869619201
"result_final_concave_5000",3.13,2807.27600490111,0.00392558666946949,25.2727222356264,1164,75,4.17333333333333,254.73899424443
"result_final_concave_5000",7.19,10091.5170596757,0.00394477946394775,24.7029372903116,2486,137,5.24817518248175,253.499595893568
"result_final_concave_5000",20.41,42320.4151623236,0.0041918223582579,25.1572166676817,6490,239,8.53974895397489,238.559727615842
"result_final_convex_5000",3.68,3476.13514187427,0.00569468058389141,26.2115393618511,1388,81,4.54320987654321,175.602474145558
"result_final_convex_5000",16.55,22538.4380595778,0.02538397991359,24.3540707199368,5588,236,7.01271186440678,39.3949255949664
"result_final_convex_5000",10.21,10527.3343324484,0.0117404071782184,25.1209751047959,3564,179,5.70391061452514,85.1759214838194
"result_final_convex_5000",18.95,26172.2714368622,0.0343438548019486,24.6487822457833,6096,246,7.70325203252033,29.1172905827468
"result_final_convex_5000",25.94,31335.7517813547,0.0798807248127574,25.2603646417481,7516,217,11.9539170506912,12.5186645757663
"result_final_convex_5000",19.32,21807.4930732606,0.0359842494265523,25.0874911769656,6102,249,7.75903614457831,27.7899363175855
"result_final_convex_5000",29.37,48150.8452577745,0.112394598454651,24.1852782475291,8110,201,14.6119402985075,8.89722472208912
"result_final_convex_5000",8.18,6617.74193866218,0.00929686729004267,25.4732128572436,3036,169,4.84023668639053,107.563114412856
"result_final_convex_5000",12.27,11719.6722294741,0.014987161075118,25.0622599259696,4432,216,5.68055555555556,66.7237774377578
"result_final_convex_5000",24.58,34875.2806315792,0.0685186151173793,24.4459418206822,7102,221,11.1221719457014,14.5945740188546
"result_final_convex_5000",41.33,399849.855015526,0.192060171847714,25.490101283755,9530,131,31.5496183206107,5.20670157888283
"result_final_convex_5000",10.19,13267.3596999209,0.0117130246434139,24.917199871124,3670,204,4.99509803921569,85.3750444862496
"result_final_convex_5000",12.68,14240.7184709613,0.0157464119265024,24.4758664575216,4064,190,6.67368421052632,63.5065311810448
"result_final_convex_5000",10.38,9444.43104958418,0.0119760968446498,25.3709974293383,3790,208,4.99038461538461,83.4996587762848
"result_final_convex_5000",7.01,8034.49345862373,0.00815478841760489,25.6842428873626,2464,132,5.31060606060606,122.627338539055
"result_final_convex_5000",0.74,376.682836130443,0.00421889509728131,22.748750330235,316,25,2.96,237.028884800764
"result_final_convex_5000",33.83,156036.866183259,0.153993713483381,25.1200786600957,8750,173,19.5549132947977,6.49377157923995
"result_final_convex_5000",18.98,19167.710690124,0.0344740691298287,25.0790078805072,6170,252,7.53174603174603,29.0073097038246
"result_final_convex_5000",37.76,386186.232250702,0.179588862123496,25.4801959693378,9392,148,25.5135135135135,5.5682740464848
"result_final_convex_5000",9.27,9739.73063489321,0.010528171850496,24.1689427061347,3330,164,5.65243902439024,94.9832520023776
"result_final_convex_5000",42.75,947753.32919879,0.194873850525731,27.0788637767366,9372,111,38.5135135135135,5.13152481619365
"result_final_convex_5000",21.64,20412.9543091531,0.0481090413563374,24.5675629618925,6872,259,8.35521235521236,20.7861136245291
"result_final_convex_5000",10.8,11923.2157524504,0.0125815796797547,25.5197175860655,3760,183,5.9016393442623,79.4812754402472
"result_final_convex_5000",33.84,55656.1867915321,0.154075194181805,24.1413929710015,8956,183,18.4918032786885,6.49033743108592
"result_final_convex_5000",12.22,14413.2613939783,0.0148973771735783,25.1318081071521,4240,214,5.71028037383178,67.1259100409689
"result_final_convex_5000",27.23,38159.1744582521,0.0916107065324156,24.9658042814976,7600,208,13.0913461538462,10.9157546956169
"result_final_convex_5000",21.87,26407.522871204,0.049496013277219,24.5767014241147,6658,234,9.34615384615385,20.2036474008354
"result_final_convex_5000",27.36,23503.4953518975,0.0928352879352027,24.649519636728,7854,234,11.6923076923077,10.7717660195979
"result_final_convex_5000",20.69,31528.2541576269,0.0427436286745597,25.8153953053778,6404,219,9.44748858447489,23.3952996273146
"result_final_convex_5000",1.09,738.905538674924,0.0043686727116335,25.4937293671851,416,30,3.63333333333333,228.902475879473
"result_final_convex_5000",29.6,39189.1952310396,0.114671689756286,24.8854230453791,8516,201,14.726368159204,8.72054822009966
"result_final_convex_5000",26.09,47446.9009141808,0.0812010064787541,25.5902204578615,7578,214,12.1915887850467,12.3151182893484
"result_final_convex_5000",13.3,13725.8754668575,0.0169764359970336,24.0740542157254,4610,222,5.99099099099099,58.9051789300614
"result_final_convex_5000",4.05,3914.80902413433,0.00592042242220605,26.1477638754723,1536,90,4.5,168.906866552165
"result_final_convex_5000",13.53,16308.3345797393,0.0174592643960364,25.7458949586309,4622,214,6.32242990654206,57.2761817059727
"result_final_convex_5000",8.85,8854.70482502371,0.010032934097609,26.1202830305844,3170,169,5.23668639053254,99.6717401182088
"result_final_convex_5000",19.81,25977.8470823107,0.0382748699049085,24.4583880237135,6110,230,8.61304347826087,26.126803369533
"result_final_convex_5000",1.67,1146.08678183219,0.00463092205210667,26.442116926958,624,42,3.97619047619048,215.939717565552
"result_final_convex_5000",28.09,42121.2545601986,0.0998253354493136,24.0495503744523,8110,219,12.8264840182648,10.0174970161533
"result_final_convex_5000",2.4,1627.86213489745,0.00498781135454024,25.2749585634788,956,62,3.87096774193548,200.488737227348
"result_final_convex_5000",39.01,345809.540750292,0.18499161473081,24.573834436969,9186,139,28.0647482014388,5.40565042072392
"result_final_convex_5000",31.82,58172.4165299629,0.136265309125805,24.9644246468537,8586,204,15.5980392156863,7.33862496929988
"result_final_convex_5000",6.21,5689.88001643538,0.00746667818349571,24.9973742748898,2322,138,4.5,133.928364853114
"result_final_convex_5000",11.68,11877.0973816172,0.0139648730773226,24.5747201523794,4280,217,5.38248847926267,71.6082412251844
"result_final_convex_5000",32.1,109495.346002362,0.138875289980189,25.1072916738177,8670,184,17.445652173913,7.20070503645863
"result_final_convex_5000",36.58,221158.248842105,0.173303231061663,23.3969852790616,9114,139,26.3165467625899,5.77023286798496
"result_final_convex_5000",37.16,179243.235125589,0.176541970839937,25.4526073192147,9298,153,24.2875816993464,5.66437541873064
"result_final_convex_5000",32.21,76249.3687702862,0.139890103339208,24.6515413216933,8718,193,16.6891191709845,7.14846852014386
"result_final_convex_5000",17.67,25024.0764160407,0.0292231769759781,25.7208638998122,5578,235,7.51914893617021,34.219414296468
"result_final_convex_5000",12.37,19123.2038512075,0.0151685341777915,24.256521859863,4290,201,6.15422885572139,65.9259483005363
"result_final_convex_5000",25.92,37843.2712593658,0.0797056337509099,25.0067355460187,7514,236,10.9830508474576,12.546164592645
"result_final_convex_5000",26.73,53154.0779721823,0.0869680930992129,24.8678195035212,7556,224,11.9330357142857,11.4984698912416
"result_final_convex_5000",14,14810.5913130038,0.0184932621594991,25.1112324609406,5022,227,6.16740088105727,54.0737481237916
"result_final_convex_5000",30.37,64560.3700381762,0.122278351460553,25.2166154677864,8436,210,14.4619047619048,8.17806249475485
"result_final_convex_5000",11.77,11931.7539314688,0.0141156733668475,25.2952319261213,4014,192,6.13020833333333,70.8432374433253
"result_final_convex_5000",36.28,168442.660044359,0.171512963549177,24.7633368663974,9108,165,21.9878787878788,5.83046307000156
"result_final_convex_5000",26.97,34430.0447816389,0.089182666057587,24.7184423100898,7712,213,12.6619718309859,11.212941305817
"result_final_convex_5000",40.4,304966.968428301,0.189640367539435,23.9456890281688,9244,120,33.6666666666667,5.27313890483815
"result_final_convex_5000",8.18,7240.17542114681,0.00929686729004267,25.8251434866633,3062,165,4.95757575757576,107.563114412856
"result_final_convex_5000",29.17,43837.049102622,0.110416126056879,24.3359447217425,8046,206,14.1601941747573,9.05664811573689
"result_final_convex_5000",2.93,2024.44126620797,0.00526725295951903,25.3791967945068,1180,72,4.06944444444444,189.85228309432
"result_final_convex_5000",4.6,3416.62866223404,0.00627557997681053,24.510285839422,1804,105,4.38095238095238,159.347821826061
"result_final_convex_5000",24.96,54833.1092507416,0.0715779922848451,25.2811785399478,7374,231,10.8051948051948,13.9707746484491
"result_final_convex_5000",14.16,15407.7992121252,0.0188603300795348,25.2429258405646,4788,225,6.29333333333333,53.0213413966223
"result_final_convex_5000",23.45,31003.2978219536,0.0599833100542663,24.8225332478769,7134,220,10.6590909090909,16.6713040526658
"result_final_convex_5000",33.04,72790.2516111124,0.147328644058194,24.7026927640054,8740,185,17.8594594594595,6.78754634845486
"result_final_convex_5000",43.53,300659.849540584,0.19604395869655,22.8309140029581,9654,102,42.6764705882353,5.10089679196831
"result_final_convex_5000",9.41,9681.15765749258,0.0106993828054432,26.1946556513351,3278,182,5.17032967032967,93.4633350524911
"result_final_convex_5000",2.07,1690.31151732996,0.00482261267975868,24.6568518782877,800,49,4.22448979591837,207.356482140307
"result_final_convex_5000",35.25,119912.169731342,0.164767040388639,23.4566120908063,8624,158,22.3101265822785,6.06917498573308
"result_final_convex_5000",25.12,27979.6934821656,0.0728936442335626,24.2074184140618,7350,213,11.7934272300469,13.7186171786918
"result_final_convex_5000",14.76,15912.0329936223,0.0203087803043901,25.7655699586333,5260,255,5.78823529411765,49.239786191583
"result_final_convex_5000",21.43,24342.0644189315,0.0468730009906038,24.8385251461438,6700,242,8.85537190082645,21.3342431435201
"result_final_convex_5000",5.64,3890.98976813243,0.00701723837775606,25.7026756378011,2226,137,4.11678832116788,142.506203461735
"result_final_convex_5000",14.22,16398.5665818449,0.0190000143246417,24.8764904511108,5000,236,6.02542372881356,52.6315392669504
"result_final_convex_5000",38.84,191145.6677803,0.184328577369521,24.8193558041828,9326,139,27.9424460431655,5.42509476430946
"result_final_convex_5000",3.15,2096.44035532055,0.00538861396408127,25.8508355539559,1316,88,3.57954545454545,185.576477859737
"result_final_convex_5000",35.7,137718.809351383,0.167828107373165,25.9421893923974,8658,168,21.25,5.95847749016501
"result_final_convex_5000",1.81,996.014074776279,0.00469697578673244,25.7906943680457,778,53,3.41509433962264,212.902949771362
"result_final_convex_5000",19.27,23541.8280027916,0.0357581579877891,25.4646662256114,6134,230,8.37826086956522,27.965646338424
"result_final_convex_5000",4.1,3002.07216095801,0.00595172280301036,25.2447217285127,1662,100,4.1,168.018577661951
"result_final_convex_5000",9.66,8902.6055357083,0.0110130347196897,25.1863897460395,3426,172,5.61627906976744,90.801493453221
"result_final_convex_5000",34.2,105267.376744353,0.156957513972227,24.9924509545277,8850,176,19.4318181818182,6.37115085918694
"result_final_convex_5000",27.2,34748.2014631853,0.0913290851031608,24.8245359161409,7698,215,12.6511627906977,10.949414404737
"result_final_convex_5000",37.3,242446.266813295,0.177280231869309,23.8001446810061,9224,147,25.3741496598639,5.64078684608897
"result_final_convex_5000",36.6,154156.307466013,0.17341978183575,23.2490708890277,9008,144,25.4166666666667,5.7663548495703
"result_final_convex_5000",33.5,107119.079158279,0.151263315017326,24.4058431492904,8760,178,18.8202247191011,6.61098826166449
"result_final_convex_5000",25.04,26934.6075319317,0.0722338083170965,24.322183915479,7598,232,10.7931034482759,13.8439329629436
"result_final_convex_5000",21.9,37792.8530613773,0.0496794999630374,25.7548950058344,6858,244,8.97540983606557,20.1290270784533
"result_final_convex_5000",17.58,19663.5743272136,0.0288936394283915,25.2840085066157,5658,221,7.95475113122172,34.6096933367757
"result_final_convex_5000",9.58,9306.39060169816,0.0109115456255983,25.8524047673735,3552,190,5.04210526315789,91.6460448695753
"result_final_convex_5000",2.01,1350.08690980824,0.00479327213934062,24.6974654796448,838,56,3.58928571428571,208.625751038113
"result_final_convex_5000",3.62,2224.19335803524,0.00565902910159652,26.741881222277,1492,101,3.58415841584158,176.708757288045
"result_final_convex_5000",38.27,176163.600011811,0.181943154176739,25.1204329165501,9280,142,26.9507042253521,5.49622218282862
"result_final_convex_5000",11.78,10179.3958327119,0.014132540667889,24.9306227628927,4172,198,5.94949494949495,70.7586854692116
"result_final_convex_5000",2.59,2110.91732450204,0.00508594005116961,23.7393843086014,944,56,4.625,196.620485090073
"result_final_convex_5000",29.59,50743.4574572284,0.114572675392482,25.337015597464,8068,207,14.2946859903382,8.72808456793371
"result_final_convex_5000",36.37,207422.910955404,0.172058321813938,26.2765604422345,9136,157,23.1656050955414,5.81198275943543
"result_final_convex_5000",7.86,8873.40505227716,0.00896722886198678,24.2449503720695,2850,148,5.31081081081081,111.517171624684
"result_final_convex_5000",35.55,125886.571782793,0.166827261773966,24.2015100221252,8802,153,23.2352941176471,5.99422414158484
"result_final_convex_5000",1.46,777.828875501812,0.0045338811603699,26.9997914788474,628,42,3.47619047619048,220.561581706393
"result_final_convex_5000",39.58,320828.044570765,0.187059604957225,25.4084192725588,9508,140,28.2714285714286,5.34588961752951
"result_final_convex_5000",17.98,21860.0635422772,0.0303878968920256,25.1960559786002,5894,249,7.22088353413655,32.9078383921469
"result_final_convex_5000",37.61,208900.905858571,0.178855615429336,25.2062563137331,9268,141,26.6737588652482,5.59110206072948
"result_final_convex_5000",13.99,19606.2784199503,0.0184705797118612,25.4403035225702,4600,208,6.72596153846154,54.1401523720359
"result_final_convex_5000",13.09,12034.0521356276,0.0165483611203412,24.5093894032642,4638,226,5.79203539823009,60.4289447594181
"result_final_convex_5000",39.54,355307.579362587,0.186922076912174,24.7045462330235,9392,132,29.9545454545455,5.34982285944669
"result_final_convex_5000",10.78,10274.7021582136,0.012551978475481,25.7022409394854,3928,199,5.41708542713568,79.6687153306865
"result_final_convex_5000",34.96,130729.333011988,0.16270206517106,24.8024330983445,8762,156,22.4102564102564,6.14620348517783
"result_final_convex_5000",28.5,36781.6521161371,0.10381997787306,25.1028225905933,7968,229,12.4454148471616,9.6320575334999
"result_final_convex_5000",12.53,13119.2148118095,0.0154638090299498,25.1120853142053,4386,205,6.11219512195122,64.6671203752732
"result_final_convex_5000",3.34,2408.48593694021,0.0054960685964831,24.2798515676621,1340,85,3.92941176470588,181.948238535431
"result_final_convex_5000",35.92,313328.929557847,0.169260497501211,25.5941955901849,8880,137,26.2189781021898,5.9080530588234
"result_final_convex_5000",42.4,676879.114285536,0.194268185679606,23.9279416813486,9784,96,44.1666666666667,5.14752323702264
"result_final_convex_5000",21.7,36592.8957542805,0.0484674991139633,24.9054826809102,6442,220,9.86363636363636,20.6323829015536
"result_final_convex_5000",2.79,1973.1659453481,0.00519169116467408,24.7449371633913,1082,68,4.10294117647059,192.61546349373
"result_final_convex_5000",13.47,18533.4449183385,0.0173318756106562,25.1751063294733,4468,204,6.60294117647059,57.6971599879916
"result_final_convex_5000",36.54,265202.404596581,0.173069080700038,25.4104494680193,9396,134,27.2686567164179,5.77803958948157
"result_final_convex_5000",25.11,32940.6344660083,0.0728109459369135,24.8527588271431,7360,231,10.8701298701299,13.7341987132875
"result_final_convex_5000",24.06,30037.7334857159,0.0644848031538634,25.5614188752632,7208,238,10.109243697479,15.5075296983377
"result_final_convex_5000",28.99,75741.4990804032,0.108638150546679,25.4247579979073,8016,180,16.1055555555556,9.20486951377478
"result_final_convex_5000",21.22,27916.8333465129,0.0456656117772778,25.0013375106332,6560,256,8.2890625,21.8983160649909
"result_final_convex_5000",3.91,3432.6808845214,0.00583379853215032,24.5067704294162,1496,93,4.20430107526882,171.414901369829
"result_final_convex_5000",16.99,21833.4323724781,0.0268258532815039,25.8204213116824,5566,229,7.41921397379913,37.277472202142
"result_final_convex_5000",31.67,39939.6259313347,0.13485231563675,24.0854535652673,8498,187,16.9358288770053,7.41551967630788
"result_final_convex_5000",28.21,29595.7963867899,0.100990208730476,24.6647474349312,7970,235,12.0042553191489,9.9019500263517
"result_final_convex_5000",4.8,3891.28661767871,0.00641084106689714,25.1253887763001,1802,108,4.44444444444444,155.985773093577
"result_final_convex_5000",34.44,94391.8017443841,0.15882252363298,24.3875479581405,8734,175,19.68,6.29633616898622
"result_final_convex_5000",26.89,40115.8469550954,0.0884415329688519,23.9776967688248,7672,215,12.506976744186,11.3069048718569
"result_final_convex_5000",8.91,15191.7553599696,0.0101020319807368,25.8089499195638,3034,149,5.97986577181208,98.9899855699194
"result_final_convex_5000",37.95,302740.351036242,0.180490814996277,25.3914059969235,9206,153,24.8039215686275,5.54044813870793
"result_final_convex_5000",8.62,6649.45589678046,0.00977300290862475,25.7236672420523,3078,170,5.07058823529412,102.322695424299
"result_final_convex_5000",2.04,1481.7738423548,0.00480791608539887,22.1649818857484,788,51,4,207.990318931916
"result_final_convex_5000",11.68,14123.5816684467,0.0139648730773226,23.9469238836931,3998,198,5.8989898989899,71.6082412251844
"result_final_convex_5000",44.78,1562894.12040864,0.197479124475181,26.1896865038818,10050,94,47.6382978723404,5.06382637991531
"result_final_convex_5000",5.17,3887.54467575439,0.00667011991384442,25.4778569788988,2054,127,4.07086614173228,149.922342164256
"result_final_convex_5000",14.6,19338.2290596946,0.0199111272472637,23.9231861695673,4688,206,7.0873786407767,50.2231735843798
"result_final_convex_5000",29.14,77883.0175909896,0.110119588784143,25.0646000432208,8302,210,13.8761904761905,9.08103645356146
"result_final_convex_5000",5.03,4438.45349155819,0.00657060590296311,25.376772953817,1800,105,4.79047619047619,152.19296587991
"result_final_convex_5000",22.37,22866.4404894361,0.0526324786951022,25.0308993882978,6986,244,9.16803278688525,18.9996751966207
"result_final_convex_5000",28.55,48475.7652763576,0.104309734993746,24.7195850436543,8082,203,14.064039408867,9.58683290739791
"result_final_convex_5000",6.9,5741.82647808481,0.00805596740282675,24.8532764977461,2560,152,4.53947368421053,124.13158469945
"result_final_convex_5000",42.01,364245.093665491,0.19352843273857,24.4127614948724,9600,119,35.3025210084034,5.16719939209584
"result_final_convex_5000",29.74,43117.9292778293,0.116057729466766,25.0915085547763,8102,190,15.6526315789474,8.61640154942336
"result_final_convex_5000",3.71,3104.05035924908,0.00571260475817837,24.7930945315247,1404,85,4.36470588235294,175.051494428765
"result_final_convex_5000",6.2,6014.43518601128,0.00745851134868554,25.6033379251599,2222,123,5.04065040650407,134.075012190769
"result_final_convex_5000",19.46,29731.3577172606,0.0366247610818018,25.4580140677464,6532,261,7.45593869731801,27.303932379695
"result_final_convex_5000",20.54,24578.9296245128,0.0419486460508385,24.783574021833,6464,230,8.9304347826087,23.8386716650658
"result_final_convex_5000",41.5,893372.615828448,0.192449646780284,26.2712888030053,9612,123,33.739837398374,5.19616438237312
"result_final_convex_5000",20.01,28526.9429937387,0.0392497212671461,24.5654147983333,6218,221,9.05429864253394,25.4778879369278
"result_final_convex_5000",15.45,15848.1635221125,0.0221240500996328,25.3705388013885,5190,234,6.6025641025641,45.199680686702
"result_final_convex_5000",44.62,654040.056111309,0.197321777281119,24.9346731256114,9322,99,45.0707070707071,5.06786434715377
"result_final_convex_5000",13.9,17651.2858352661,0.0182677948346018,25.0182722902757,4644,211,6.58767772511848,54.7411446786044
"result_final_convex_5000",23.62,29735.9456917283,0.0612125543376465,24.5586727409313,6976,228,10.359649122807,16.3365180692188
"result_final_convex_5000",9.44,7307.01482107254,0.0107364808019776,24.8671100974194,3498,183,5.15846994535519,93.1403891502144
"result_final_convex_5000",23.92,34245.2808587601,0.063429499123464,25.2693965245407,7016,220,10.8727272727273,15.76553518188
"result_final_convex_5000",40.9,259360.573167979,0.191004056823248,23.6265327226077,9454,118,34.6610169491525,5.23549089287346
"result_final_convex_5000",25.77,30679.8200827034,0.0783996737434045,24.820262373861,7424,236,10.9194915254237,12.7551551205802
"result_final_convex_5000",20.49,25821.5782039846,0.0416867390744515,25.060883102798,6360,223,9.18834080717489,23.9884438601452
"result_final_convex_5000",10.87,14957.5786994604,0.0126858030727497,24.9042027043171,3768,192,5.66145833333333,78.8282771114502
"result_final_convex_5000",22.2,28525.5241432702,0.0515473131499368,25.2996889906986,6810,241,9.21161825726141,19.3996532290884
"result_final_convex_5000",5.11,3907.21711467931,0.00662725809050642,25.1256517569147,2096,136,3.75735294117647,150.891965627913
"result_final_convex_5000",26.62,28996.9529928478,0.0859621458906132,24.8918835716082,7778,235,11.3276595744681,11.633027417353
"result_final_convex_5000",10.57,9763.04599535476,0.0122458475114916,26.2660053094222,3862,224,4.71875,81.6603341713664
"result_final_convex_5000",36.98,358723.20349266,0.175568038279945,24.9332026921014,9252,139,26.6043165467626,5.6957975369383
"result_final_convex_5000",33.41,56811.9442774587,0.150504984454586,24.2106795010722,8870,184,18.1576086956522,6.64429821792211
"result_final_convex_5000",31.63,41415.7434899269,0.134473884919772,24.9821749918369,8518,211,14.9905213270142,7.43638811800973
"result_final_convex_5000",5.43,5174.65723509745,0.00685961442965836,25.2875207474608,2048,123,4.41463414634146,145.78078844729
"result_final_convex_5000",41.27,339495.930352245,0.191918990817472,25.9773755157891,9648,145,28.4620689655172,5.21053177562333
"result_final_convex_5000",38.2,110168.367119463,0.181632533046756,25.7438787752349,9480,165,23.1515151515152,5.50562161538858
"result_final_convex_5000",33.22,75927.9451055598,0.148885486223212,25.3898362690729,8844,207,16.048309178744,6.71657140912164
"result_final_convex_5000",25.43,44364.268867409,0.0754878925320653,24.8581022571737,7548,223,11.4035874439462,13.2471574772766
"result_final_convex_5000",32.08,111016.950203439,0.138690119810732,24.5202914158849,8454,180,17.8222222222222,7.21031895685635
"result_final_convex_5000",21.35,25114.7157277071,0.0464096813068177,25.2291836306827,6624,242,8.82231404958678,21.5472283334361
"result_final_convex_5000",29.37,58160.3526363471,0.112394598454651,23.6518119622507,8306,209,14.0526315789474,8.89722472208912
"result_final_convex_5000",8.02,5631.32488564788,0.00913034489056896,24.7039053771323,3124,185,4.33513513513514,109.524887831229
"result_final_convex_5000",31.74,100431.473669336,0.135512934694447,24.5384014780534,8634,179,17.731843575419,7.37936937351987
"result_final_convex_5000",32.33,64806.7095036809,0.14098998000021,25.8381816961087,8462,185,17.4756756756757,7.09270261616117
"result_final_convex_5000",25.74,31855.5763353092,0.0781400271531551,24.6450181082739,7432,223,11.542600896861,12.7975384247051
"result_final_convex_5000",27.84,57731.2202459256,0.0974116636784465,25.6481130308733,7720,201,13.8507462686567,10.2657111298394
"result_final_convex_5000",34.06,153827.093503639,0.155848520861754,23.9140447954006,8644,172,19.8023255813953,6.4164869481633
"result_final_convex_5000",2.33,1529.25652233641,0.00495222041007008,24.8895101602565,924,62,3.75806451612903,201.929622915521
"result_final_convex_5000",34.64,189431.635723592,0.160341124884594,24.4819263201092,8868,169,20.4970414201183,6.23670315846763
"result_final_convex_5000",40.92,410521.471303638,0.191055505956585,24.8352091841828,9398,120,34.1,5.23408103311735
"result_final_convex_5000",38.99,387962.291775931,0.184914737440706,23.2910285182275,8992,131,29.763358778626,5.40789779030271
"result_final_convex_5000",29.86,56962.3077842033,0.117245239411648,24.5382203938458,8430,222,13.4504504504505,8.5291309482426
"result_final_convex_5000",7.82,7654.25459561641,0.00892697324164208,25.4673200761317,2910,160,4.8875,112.020051245953
"result_final_convex_5000",34.84,77314.7815410582,0.1618267445829,25.1794348881508,8608,169,20.6153846153846,6.17944828944961
"result_final_convex_5000",2.9,2376.09759910214,0.00525095316493421,25.1239803713295,1128,78,3.71794871794872,190.441614805858
"result_final_convex_5000",22.12,26930.6208897514,0.0510433553877261,24.7711822173604,6490,233,9.49356223175966,19.5911885573349
"result_final_convex_5000",10.95,9857.55497279414,0.0128061042247574,25.2013660736587,4070,218,5.02293577981651,78.0877605280418
"result_final_convex_5000",13.64,15441.893150749,0.0176954787322738,25.2217039767619,4692,210,6.4952380952381,56.511610402275
"result_final_convex_5000",39.86,263597.536583949,0.187991283056164,24.6384554238931,9414,130,30.6615384615385,5.31939557910907
"result_final_convex_5000",12.25,14571.7857145623,0.0149511756966126,25.0302297177424,4126,203,6.03448275862069,66.8843721919852
"result_final_convex_5000",26.98,38941.2639904202,0.0892755097557606,24.1940340446424,7890,220,12.2636363636364,11.2012802025527
"result_final_convex_5000",1.46,1189.89012935454,0.0045338811603699,24.565570625851,504,27,5.40740740740741,220.561581706393
"result_final_convex_5000",11.49,12275.7515711927,0.013652381648256,25.8494041387234,4112,221,5.19909502262443,73.2472930924652
"result_final_convex_5000",3.13,2723.03850134863,0.00537744672729202,25.2727222356264,1164,75,4.17333333333333,185.961860844613
"result_final_convex_5000",7.19,9257.87108000908,0.00831952181711092,24.7029372903116,2486,137,5.24817518248175,120.199216010622
"result_final_convex_5000",20.41,21952.5947986884,0.0412708779925653,25.1572166676817,6490,239,8.53974895397489,24.2301605548625
"result_final_none_0",3.68,400.405168958718,0.2,26.2115393618511,1388,81,4.54320987654321,5
"result_final_none_0",16.55,7867.9640007546,0.2,24.3540707199368,5588,236,7.01271186440678,5
"result_final_none_0",10.21,1406.11985971207,0.2,25.1209751047959,3564,179,5.70391061452514,5
"result_final_none_0",18.95,6468.93627731622,0.2,24.6487822457833,6096,246,7.70325203252033,5
"result_final_none_0",25.94,13205.4270723361,0.2,25.2603646417481,7516,217,11.9539170506912,5
"result_final_none_0",19.32,4995.36178441189,0.2,25.0874911769656,6102,249,7.75903614457831,5
"result_final_none_0",29.37,31110.5692304118,0.2,24.1852782475291,8110,201,14.6119402985075,5
"result_final_none_0",8.18,783.016308738676,0.2,25.4732128572436,3036,169,4.84023668639053,5
"result_final_none_0",12.27,1330.08906738829,0.2,25.0622599259696,4432,216,5.68055555555556,5
"result_final_none_0",24.58,13692.1617210167,0.2,24.4459418206822,7102,221,11.1221719457014,5
"result_final_none_0",41.33,393589.175963448,0.2,25.490101283755,9530,131,31.5496183206107,5
"result_final_none_0",10.19,1174.60736752594,0.2,24.917199871124,3670,204,4.99509803921569,5
"result_final_none_0",12.68,1634.01730680703,0.2,24.4758664575216,4064,190,6.67368421052632,5
"result_final_none_0",10.38,1279.80510724108,0.2,25.3709974293383,3790,208,4.99038461538461,5
"result_final_none_0",7.01,1628.29470763648,0.2,25.6842428873626,2464,132,5.31060606060606,5
"result_final_none_0",0.74,40.328950919289,0.2,22.748750330235,316,25,2.96,5
"result_final_none_0",33.83,147069.545814559,0.2,25.1200786600957,8750,173,19.5549132947977,5
"result_final_none_0",18.98,3984.91747978124,0.2,25.0790078805072,6170,252,7.53174603174603,5
"result_final_none_0",37.76,371823.015722357,0.2,25.4801959693378,9392,148,25.5135135135135,5
"result_final_none_0",9.27,1490.44381462163,0.2,24.1689427061347,3330,164,5.65243902439024,5
"result_final_none_0",42.75,937972.513571679,0.2,27.0788637767366,9372,111,38.5135135135135,5
"result_final_none_0",21.64,5202.95358783996,0.2,24.5675629618925,6872,259,8.35521235521236,5
"result_final_none_0",10.8,1283.38947082882,0.2,25.5197175860655,3760,183,5.9016393442623,5
"result_final_none_0",33.84,46268.3963861489,0.2,24.1413929710015,8956,183,18.4918032786885,5
"result_final_none_0",12.22,1873.9301562526,0.2,25.1318081071521,4240,214,5.71028037383178,5
"result_final_none_0",27.23,18830.8929636692,0.2,24.9658042814976,7600,208,13.0913461538462,5
"result_final_none_0",21.87,7691.50354995869,0.2,24.5767014241147,6658,234,9.34615384615385,5
"result_final_none_0",27.36,11765.3937224505,0.2,24.649519636728,7854,234,11.6923076923077,5
"result_final_none_0",20.69,8576.70236808123,0.2,25.8153953053778,6404,219,9.44748858447489,5
"result_final_none_0",1.09,136.195457863031,0.2,25.4937293671851,416,30,3.63333333333333,5
"result_final_none_0",29.6,25190.0486431224,0.2,24.8854230453791,8516,201,14.726368159204,5
"result_final_none_0",26.09,22583.3845372076,0.2,25.5902204578615,7578,214,12.1915887850467,5
"result_final_none_0",13.3,2622.72889282335,0.2,24.0740542157254,4610,222,5.99099099099099,5
"result_final_none_0",4.05,383.883404124012,0.2,26.1477638754723,1536,90,4.5,5
"result_final_none_0",13.53,2794.88646133979,0.2,25.7458949586309,4622,214,6.32242990654206,5
"result_final_none_0",8.85,1095.7086003277,0.2,26.1202830305844,3170,169,5.23668639053254,5
"result_final_none_0",19.81,5787.57423061452,0.2,24.4583880237135,6110,230,8.61304347826087,5
"result_final_none_0",1.67,93.8038239362327,0.2,26.442116926958,624,42,3.97619047619048,5
"result_final_none_0",28.09,27531.6930031701,0.2,24.0495503744523,8110,219,12.8264840182648,5
"result_final_none_0",2.4,386.003397895403,0.2,25.2749585634788,956,62,3.87096774193548,5
"result_final_none_0",39.01,328445.237727066,0.2,24.573834436969,9186,139,28.0647482014388,5
"result_final_none_0",31.82,45894.157404468,0.2,24.9644246468537,8586,204,15.5980392156863,5
"result_final_none_0",6.21,517.993298489229,0.2,24.9973742748898,2322,138,4.5,5
"result_final_none_0",11.68,1727.76580536417,0.2,24.5747201523794,4280,217,5.38248847926267,5
"result_final_none_0",32.1,86723.0689535305,0.2,25.1072916738177,8670,184,17.445652173913,5
"result_final_none_0",36.58,211108.750816154,0.2,23.3969852790616,9114,139,26.3165467625899,5
"result_final_none_0",37.16,165918.058631146,0.2,25.4526073192147,9298,153,24.2875816993464,5
"result_final_none_0",32.21,62889.1541772885,0.2,24.6515413216933,8718,193,16.6891191709845,5
"result_final_none_0",17.67,6425.45942510672,0.2,25.7208638998122,5578,235,7.51914893617021,5
"result_final_none_0",12.37,3868.19652487711,0.2,24.256521859863,4290,201,6.15422885572139,5
"result_final_none_0",25.92,19284.6178271835,0.2,25.0067355460187,7514,236,10.9830508474576,5
"result_final_none_0",26.73,30452.6896080924,0.2,24.8678195035212,7556,224,11.9330357142857,5
"result_final_none_0",14,2934.78647709901,0.2,25.1112324609406,5022,227,6.16740088105727,5
"result_final_none_0",30.37,49009.5902208979,0.2,25.2166154677864,8436,210,14.4619047619048,5
"result_final_none_0",11.77,1633.88981792786,0.2,25.2952319261213,4014,192,6.13020833333333,5
"result_final_none_0",36.28,159409.040167559,0.2,24.7633368663974,9108,165,21.9878787878788,5
"result_final_none_0",26.97,17289.5467407245,0.2,24.7184423100898,7712,213,12.6619718309859,5
"result_final_none_0",40.4,296327.056564858,0.2,23.9456890281688,9244,120,33.6666666666667,5
"result_final_none_0",8.18,1159.99469530197,0.2,25.8251434866633,3062,165,4.95757575757576,5
"result_final_none_0",29.17,27667.1943593234,0.2,24.3359447217425,8046,206,14.1601941747573,5
"result_final_none_0",2.93,314.205133943605,0.2,25.3791967945068,1180,72,4.06944444444444,5
"result_final_none_0",4.6,381.407896201215,0.2,24.510285839422,1804,105,4.38095238095238,5
"result_final_none_0",24.96,23810.6661916356,0.2,25.2811785399478,7374,231,10.8051948051948,5
"result_final_none_0",14.16,2798.23377517572,0.2,25.2429258405646,4788,225,6.29333333333333,5
"result_final_none_0",23.45,10198.9805628399,0.2,24.8225332478769,7134,220,10.6590909090909,5
"result_final_none_0",33.04,58889.3828483124,0.2,24.7026927640054,8740,185,17.8594594594595,5
"result_final_none_0",43.53,297376.173741653,0.2,22.8309140029581,9654,102,42.6764705882353,5
"result_final_none_0",9.41,1311.74223560006,0.2,26.1946556513351,3278,182,5.17032967032967,5
"result_final_none_0",2.07,127.616080733525,0.2,24.6568518782877,800,49,4.22448979591837,5
"result_final_none_0",35.25,110253.39692844,0.2,23.4566120908063,8624,158,22.3101265822785,5
"result_final_none_0",25.12,12403.2381769824,0.2,24.2074184140618,7350,213,11.7934272300469,5
"result_final_none_0",14.76,2765.79960173886,0.2,25.7655699586333,5260,255,5.78823529411765,5
"result_final_none_0",21.43,6457.97919334772,0.2,24.8385251461438,6700,242,8.85537190082645,5
"result_final_none_0",5.64,404.882125395366,0.2,25.7026756378011,2226,137,4.11678832116788,5
"result_final_none_0",14.22,3879.40043224582,0.2,24.8764904511108,5000,236,6.02542372881356,5
"result_final_none_0",38.84,182893.526337447,0.2,24.8193558041828,9326,139,27.9424460431655,5
"result_final_none_0",3.15,274.862732722381,0.2,25.8508355539559,1316,88,3.57954545454545,5
"result_final_none_0",35.7,124645.213209479,0.2,25.9421893923974,8658,168,21.25,5
"result_final_none_0",1.81,128.057255318521,0.2,25.7906943680457,778,53,3.41509433962264,5
"result_final_none_0",19.27,5559.67619251749,0.2,25.4646662256114,6134,230,8.37826086956522,5
"result_final_none_0",4.1,308.062199126782,0.2,25.2447217285127,1662,100,4.1,5
"result_final_none_0",9.66,1006.84954283041,0.2,25.1863897460395,3426,172,5.61627906976744,5
"result_final_none_0",34.2,93047.0147708762,0.2,24.9924509545277,8850,176,19.4318181818182,5
"result_final_none_0",27.2,17419.1627601087,0.2,24.8245359161409,7698,215,12.6511627906977,5
"result_final_none_0",37.3,234789.446002338,0.2,23.8001446810061,9224,147,25.3741496598639,5
"result_final_none_0",36.6,148454.341575609,0.2,23.2490708890277,9008,144,25.4166666666667,5
"result_final_none_0",33.5,90139.3696088855,0.2,24.4058431492904,8760,178,18.8202247191011,5
"result_final_none_0",25.04,11689.3790880262,0.2,24.322183915479,7598,232,10.7931034482759,5
"result_final_none_0",21.9,13371.6859562032,0.2,25.7548950058344,6858,244,8.97540983606557,5
"result_final_none_0",17.58,3737.59182475872,0.2,25.2840085066157,5658,221,7.95475113122172,5
"result_final_none_0",9.58,1620.76686202102,0.2,25.8524047673735,3552,190,5.04210526315789,5
"result_final_none_0",2.01,203.242629693744,0.2,24.6974654796448,838,56,3.58928571428571,5
"result_final_none_0",3.62,201.179367400127,0.2,26.741881222277,1492,101,3.58415841584158,5
"result_final_none_0",38.27,166875.247916825,0.2,25.1204329165501,9280,142,26.9507042253521,5
"result_final_none_0",11.78,1217.46736297424,0.2,24.9306227628927,4172,198,5.94949494949495,5
"result_final_none_0",2.59,139.20837433723,0.2,23.7393843086014,944,56,4.625,5
"result_final_none_0",29.59,32734.0252827929,0.2,25.337015597464,8068,207,14.2946859903382,5
"result_final_none_0",36.37,195627.88082089,0.2,26.2765604422345,9136,157,23.1656050955414,5
"result_final_none_0",7.86,1354.45600024592,0.2,24.2449503720695,2850,148,5.31081081081081,5
"result_final_none_0",35.55,116344.932415962,0.2,24.2015100221252,8802,153,23.2352941176471,5
"result_final_none_0",1.46,47.058914825494,0.2,26.9997914788474,628,42,3.47619047619048,5
"result_final_none_0",39.58,314082.183384824,0.2,25.4084192725588,9508,140,28.2714285714286,5
"result_final_none_0",17.98,4973.95786014737,0.2,25.1960559786002,5894,249,7.22088353413655,5
"result_final_none_0",37.61,200592.17532912,0.2,25.2062563137331,9268,141,26.6737588652482,5
"result_final_none_0",13.99,3386.06474035684,0.2,25.4403035225702,4600,208,6.72596153846154,5
"result_final_none_0",13.09,1828.50613546474,0.2,24.5093894032642,4638,226,5.79203539823009,5
"result_final_none_0",39.54,336874.462964039,0.2,24.7045462330235,9392,132,29.9545454545455,5
"result_final_none_0",10.78,1300.93032067499,0.2,25.7022409394854,3928,199,5.41708542713568,5
"result_final_none_0",34.96,119149.814683366,0.2,24.8024330983445,8762,156,22.4102564102564,5
"result_final_none_0",28.5,21286.2491669391,0.2,25.1028225905933,7968,229,12.4454148471616,5
"result_final_none_0",12.53,1969.29950788917,0.2,25.1120853142053,4386,205,6.11219512195122,5
"result_final_none_0",3.34,386.475144638291,0.2,24.2798515676621,1340,85,3.92941176470588,5
"result_final_none_0",35.92,297486.205614969,0.2,25.5941955901849,8880,137,26.2189781021898,5
"result_final_none_0",42.4,672225.473225695,0.2,23.9279416813486,9784,96,44.1666666666667,5
"result_final_none_0",21.7,17089.2084011919,0.2,24.9054826809102,6442,220,9.86363636363636,5
"result_final_none_0",2.79,173.738639847512,0.2,24.7449371633913,1082,68,4.10294117647059,5
"result_final_none_0",13.47,4458.33191049452,0.2,25.1751063294733,4468,204,6.60294117647059,5
"result_final_none_0",36.54,252419.872719062,0.2,25.4104494680193,9396,134,27.2686567164179,5
"result_final_none_0",25.11,16621.2870569807,0.2,24.8527588271431,7360,231,10.8701298701299,5
"result_final_none_0",24.06,11125.2463770486,0.2,25.5614188752632,7208,238,10.109243697479,5
"result_final_none_0",28.99,48587.1049027454,0.2,25.4247579979073,8016,180,16.1055555555556,5
"result_final_none_0",21.22,7059.15832269066,0.2,25.0013375106332,6560,256,8.2890625,5
"result_final_none_0",3.91,298.465840825343,0.2,24.5067704294162,1496,93,4.20430107526882,5
"result_final_none_0",16.99,5501.07729225413,0.2,25.8204213116824,5566,229,7.41921397379913,5
"result_final_none_0",31.67,30841.0027195996,0.2,24.0854535652673,8498,187,16.9358288770053,5
"result_final_none_0",28.21,15445.0984408083,0.2,24.6647474349312,7970,235,12.0042553191489,5
"result_final_none_0",4.8,379.15473881248,0.2,25.1253887763001,1802,108,4.44444444444444,5
"result_final_none_0",34.44,82856.9665050044,0.2,24.3875479581405,8734,175,19.68,5
"result_final_none_0",26.89,19053.4165184259,0.2,23.9776967688248,7672,215,12.506976744186,5
"result_final_none_0",8.91,2072.6869883043,0.2,25.8089499195638,3034,149,5.97986577181208,5
"result_final_none_0",37.95,295726.595970662,0.2,25.3914059969235,9206,153,24.8039215686275,5
"result_final_none_0",8.62,813.832926997763,0.2,25.7236672420523,3078,170,5.07058823529412,5
"result_final_none_0",2.04,201.953254509184,0.2,22.1649818857484,788,51,4,5
"result_final_none_0",11.68,1847.64825252549,0.2,23.9469238836931,3998,198,5.8989898989899,5
"result_final_none_0",44.78,1559758.89497662,0.2,26.1896865038818,10050,94,47.6382978723404,5
"result_final_none_0",5.17,475.633302302508,0.2,25.4778569788988,2054,127,4.07086614173228,5
"result_final_none_0",14.6,4513.74821589162,0.2,23.9231861695673,4688,206,7.0873786407767,5
"result_final_none_0",29.14,57657.1599883508,0.2,25.0646000432208,8302,210,13.8761904761905,5
"result_final_none_0",5.03,393.529619752456,0.2,25.376772953817,1800,105,4.79047619047619,5
"result_final_none_0",22.37,6523.33852482704,0.2,25.0308993882978,6986,244,9.16803278688525,5
"result_final_none_0",28.55,30553.6501443019,0.2,24.7195850436543,8082,203,14.064039408867,5
"result_final_none_0",6.9,648.480988452666,0.2,24.8532764977461,2560,152,4.53947368421053,5
"result_final_none_0",42.01,359600.683142274,0.2,24.4127614948724,9600,119,35.3025210084034,5
"result_final_none_0",29.74,27196.3408905907,0.2,25.0915085547763,8102,190,15.6526315789474,5
"result_final_none_0",3.71,355.990264347916,0.2,24.7930945315247,1404,85,4.36470588235294,5
"result_final_none_0",6.2,816.465875830695,0.2,25.6033379251599,2222,123,5.04065040650407,5
"result_final_none_0",19.46,11608.1055464927,0.2,25.4580140677464,6532,261,7.45593869731801,5
"result_final_none_0",20.54,6934.30761375198,0.2,24.783574021833,6464,230,8.9304347826087,5
"result_final_none_0",41.5,886831.811111885,0.2,26.2712888030053,9612,123,33.739837398374,5
"result_final_none_0",20.01,5785.93300607284,0.2,24.5654147983333,6218,221,9.05429864253394,5
"result_final_none_0",15.45,2715.29826777991,0.2,25.3705388013885,5190,234,6.6025641025641,5
"result_final_none_0",44.62,650534.572804293,0.2,24.9346731256114,9322,99,45.0707070707071,5
"result_final_none_0",13.9,2641.49073230904,0.2,25.0182722902757,4644,211,6.58767772511848,5
"result_final_none_0",23.62,9728.18411768731,0.2,24.5586727409313,6976,228,10.359649122807,5
"result_final_none_0",9.44,870.07224749857,0.2,24.8671100974194,3498,183,5.15846994535519,5
"result_final_none_0",23.92,15610.5674168347,0.2,25.2693965245407,7016,220,10.8727272727273,5
"result_final_none_0",40.9,254631.748929105,0.2,23.6265327226077,9454,118,34.6610169491525,5
"result_final_none_0",25.77,12474.9366954444,0.2,24.820262373861,7424,236,10.9194915254237,5
"result_final_none_0",20.49,7337.01018215285,0.2,25.060883102798,6360,223,9.18834080717489,5
"result_final_none_0",10.87,2643.52049149034,0.2,24.9042027043171,3768,192,5.66145833333333,5
"result_final_none_0",22.2,8255.54242530951,0.2,25.2996889906986,6810,241,9.21161825726141,5
"result_final_none_0",5.11,399.043494686282,0.2,25.1256517569147,2096,136,3.75735294117647,5
"result_final_none_0",26.62,13781.4503353589,0.2,24.8918835716082,7778,235,11.3276595744681,5
"result_final_none_0",10.57,1394.30586159323,0.2,26.2660053094222,3862,224,4.71875,5
"result_final_none_0",36.98,343542.867753053,0.2,24.9332026921014,9252,139,26.6043165467626,5
"result_final_none_0",33.41,44967.162200951,0.2,24.2106795010722,8870,184,18.1576086956522,5
"result_final_none_0",31.63,30335.5806238273,0.2,24.9821749918369,8518,211,14.9905213270142,5
"result_final_none_0",5.43,530.797922346835,0.2,25.2875207474608,2048,123,4.41463414634146,5
"result_final_none_0",41.27,331764.792533631,0.2,25.9773755157891,9648,145,28.4620689655172,5
"result_final_none_0",38.2,103840.800191718,0.2,25.7438787752349,9480,165,23.1515151515152,5
"result_final_none_0",33.22,63844.0671992244,0.2,25.3898362690729,8844,207,16.048309178744,5
"result_final_none_0",25.43,19763.4057520426,0.2,24.8581022571737,7548,223,11.4035874439462,5
"result_final_none_0",32.08,100690.642743475,0.2,24.5202914158849,8454,180,17.8222222222222,5
"result_final_none_0",21.35,6659.12442860328,0.2,25.2291836306827,6624,242,8.82231404958678,5
"result_final_none_0",29.37,35150.1139330653,0.2,23.6518119622507,8306,209,14.0526315789474,5
"result_final_none_0",8.02,609.749753224731,0.2,24.7039053771323,3124,185,4.33513513513514,5
"result_final_none_0",31.74,86694.1072855724,0.2,24.5384014780534,8634,179,17.731843575419,5
"result_final_none_0",32.33,50783.7381632302,0.2,25.8381816961087,8462,185,17.4756756756757,5
"result_final_none_0",25.74,14725.2404416805,0.2,24.6450181082739,7432,223,11.542600896861,5
"result_final_none_0",27.84,33920.7452133131,0.2,25.6481130308733,7720,201,13.8507462686567,5
"result_final_none_0",34.06,140942.196952419,0.2,23.9140447954006,8644,172,19.8023255813953,5
"result_final_none_0",2.33,145.005794339105,0.2,24.8895101602565,924,62,3.75806451612903,5
"result_final_none_0",34.64,175307.15400277,0.2,24.4819263201092,8868,169,20.4970414201183,5
"result_final_none_0",40.92,406056.821082574,0.2,24.8352091841828,9398,120,34.1,5
"result_final_none_0",38.99,375350.723257282,0.2,23.2910285182275,8992,131,29.763358778626,5
"result_final_none_0",29.86,41592.7156280666,0.2,24.5382203938458,8430,222,13.4504504504505,5
"result_final_none_0",7.82,933.104149726404,0.2,25.4673200761317,2910,160,4.8875,5
"result_final_none_0",34.84,64965.1017250397,0.2,25.1794348881508,8608,169,20.6153846153846,5
"result_final_none_0",2.9,344.912864335475,0.2,25.1239803713295,1128,78,3.71794871794872,5
"result_final_none_0",22.12,7038.12143891222,0.2,24.7711822173604,6490,233,9.49356223175966,5
"result_final_none_0",10.95,1523.39451184649,0.2,25.2013660736587,4070,218,5.02293577981651,5
"result_final_none_0",13.64,2220.6176522869,0.2,25.2217039767619,4692,210,6.4952380952381,5
"result_final_none_0",39.86,256442.466033902,0.2,24.6384554238931,9414,130,30.6615384615385,5
"result_final_none_0",12.25,3072.69861147762,0.2,25.0302297177424,4126,203,6.03448275862069,5
"result_final_none_0",26.98,19006.6553025069,0.2,24.1940340446424,7890,220,12.2636363636364,5
"result_final_none_0",1.46,138.963256415008,0.2,24.565570625851,504,27,5.40740740740741,5
"result_final_none_0",11.49,1706.60762686668,0.2,25.8494041387234,4112,221,5.19909502262443,5
"result_final_none_0",3.13,342.612540656436,0.2,25.2727222356264,1164,75,4.17333333333333,5
"result_final_none_0",7.19,1427.54639436871,0.2,24.7029372903116,2486,137,5.24817518248175,5
"result_final_none_0",20.41,4982.37119320413,0.2,25.1572166676817,6490,239,8.53974895397489,5
