"movement","habitat_cover","metapop_cap","alpha","mean_distance","edge_density","num_patches","mean_patch_size","mean_dispersal"
"result_final_linear_10",3.68,0.679224943304042,9.12259433247462,26.2115393618511,1388,81,4.54320987654321,0.109617940199336
"result_final_linear_10",16.55,6.83582742763315,9.25782116707344,24.3540707199368,5588,236,7.01271186440678,0.108016776512882
"result_final_linear_10",10.21,4.46117785284544,9.1858656954618,25.1209751047959,3564,179,5.70391061452514,0.108862902327653
"result_final_linear_10",18.95,46.4116361628074,9.28833371533349,24.6487822457833,6096,246,7.70325203252033,0.107661937075879
"result_final_linear_10",25.94,63.054510872103,9.38989755553301,25.2603646417481,7516,217,11.9539170506912,0.106497434512557
"result_final_linear_10",19.32,19.5259017323346,9.29321784002949,25.0874911769656,6102,249,7.75903614457831,0.107605354486862
"result_final_linear_10",29.37,137.356080199252,9.44807105784151,24.1852782475291,8110,201,14.6119402985075,0.105841710321393
"result_final_linear_10",8.18,5.85075619765923,9.16513614948495,25.4732128572436,3036,169,4.84023668639053,0.109109126551949
"result_final_linear_10",12.27,2.20486882385136,9.20798522188169,25.0622599259696,4432,216,5.68055555555556,0.108601390630343
"result_final_linear_10",24.58,70.9951491091711,9.36847858491504,24.4459418206822,7102,221,11.1221719457014,0.106740917528507
"result_final_linear_10",41.33,2375.02733012298,9.71293291834978,25.490101283755,9530,131,31.5496183206107,0.102955513891256
"result_final_linear_10",10.19,2.48421816460467,9.18565642515239,24.917199871124,3670,204,4.99509803921569,0.108865382474112
"result_final_linear_10",12.68,8.82918386471505,9.21252532072924,24.4758664575216,4064,190,6.67368421052632,0.108547869903802
"result_final_linear_10",10.38,6.58010172022531,9.18764865086525,25.3709974293383,3790,208,4.99038461538461,0.108841776389199
"result_final_linear_10",7.01,2.21352644926615,9.15364019372367,25.6842428873626,2464,132,5.31060606060606,0.109246155500591
"result_final_linear_10",0.74,0.201070777985375,9.09707456558399,22.748750330235,316,25,2.96,0.10992544831755
"result_final_linear_10",33.83,1231.99593322251,9.53403262059824,25.1200786600957,8750,173,19.5549132947977,0.104887411213541
"result_final_linear_10",18.98,13.6822561746144,9.28872787306246,25.0790078805072,6170,252,7.53174603174603,0.107657368550975
"result_final_linear_10",37.76,1629.60539470667,9.62156814246846,25.4801959693378,9392,148,25.5135135135135,0.103933161953728
"result_final_linear_10",9.27,3.18598431871375,9.17613981148105,24.1689427061347,3330,164,5.65243902439024,0.108978287225835
"result_final_linear_10",42.75,4227.46755378782,9.75298126064736,27.0788637767366,9372,111,38.5135135135135,0.102532751091703
"result_final_linear_10",21.64,16.0953644941127,9.32501904036558,24.5675629618925,6872,259,8.35521235521236,0.107238386932108
"result_final_linear_10",10.8,3.84062482483501,9.19208573784007,25.5197175860655,3760,183,5.9016393442623,0.108789237668161
"result_final_linear_10",33.84,196.108506888413,9.53424025824303,24.1413929710015,8956,183,18.4918032786885,0.104885126964933
"result_final_linear_10",12.22,8.22218692723226,9.20743475706973,25.1318081071521,4240,214,5.71028037383178,0.108607883344725
"result_final_linear_10",27.23,69.6826562544207,9.41104960943562,24.9658042814976,7600,208,13.0913461538462,0.106258073381888
"result_final_linear_10",21.87,37.8288781723777,9.32828692869765,24.5767014241147,6658,234,9.34615384615385,0.107200819147574
"result_final_linear_10",27.36,34.1831923313347,9.41322828115281,24.649519636728,7854,234,11.6923076923077,0.106233480176211
"result_final_linear_10",20.69,45.6904629160218,9.31174564410839,25.8153953053778,6404,219,9.44748858447489,0.107391249527172
"result_final_linear_10",1.09,0.116237769136737,9.10002576086556,25.4937293671851,416,30,3.63333333333333,0.109889798806996
"result_final_linear_10",29.6,67.9693691498384,9.45220193340494,24.8854230453791,8516,201,14.726368159204,0.105795454545455
"result_final_linear_10",26.09,43.8254318844748,9.39231433945001,25.5902204578615,7578,214,12.1915887850467,0.106470031118928
"result_final_linear_10",13.3,9.43539540990984,9.2194810718843,24.0740542157254,4610,222,5.99099099099099,0.108465974625144
"result_final_linear_10",4.05,1.16875162252204,9.12592733498193,26.1477638754723,1536,90,4.5,0.109577905158937
"result_final_linear_10",13.53,7.16825206205896,9.22208950130114,25.7458949586309,4622,214,6.32242990654206,0.108435295478201
"result_final_linear_10",8.85,2.4590225369326,9.17186556651238,26.1202830305844,3170,169,5.23668639053254,0.109029072956665
"result_final_linear_10",19.81,17.8569817467059,9.29976341791529,24.4583880237135,6110,230,8.61304347826087,0.107529617159247
"result_final_linear_10",1.67,0.087963733201778,9.1049668506241,26.442116926958,624,42,3.97619047619048,0.109830163734364
"result_final_linear_10",28.09,144.547423290338,9.42562785088869,24.0495503744523,8110,219,12.8264840182648,0.10609372827145
"result_final_linear_10",2.4,0.693514040099009,9.11127707244212,25.2749585634788,956,62,3.87096774193548,0.109754098360656
"result_final_linear_10",39.01,1002.19157323467,9.6521491422422,24.573834436969,9186,139,28.0647482014388,0.103603869486801
"result_final_linear_10",31.82,216.191952733846,9.49370613790799,24.9644246468537,8586,204,15.5980392156863,0.105332942211792
"result_final_linear_10",6.21,1.96383973287609,9.14596091586379,24.9973742748898,2322,138,4.5,0.109337882503465
"result_final_linear_10",11.68,3.33938514233678,9.20153358893149,24.5747201523794,4280,217,5.38248847926267,0.108677536231884
"result_final_linear_10",32.1,406.186267443457,9.49916060436486,25.1072916738177,8670,184,17.445652173913,0.105272459499264
"result_final_linear_10",36.58,1583.53635140811,9.59397313324458,23.3969852790616,9114,139,26.3165467625899,0.104232103437401
"result_final_linear_10",37.16,734.383467649058,9.60738747553816,25.4526073192147,9298,153,24.2875816993464,0.10408656906429
"result_final_linear_10",32.21,220.41780693293,9.50131748612435,24.6515413216933,8718,193,16.6891191709845,0.105248561734769
"result_final_linear_10",17.67,18.7739287062966,9.27181404567773,25.7208638998122,5578,235,7.51914893617021,0.107853759261509
"result_final_linear_10",12.37,8.98633547245336,9.20908823405776,24.256521859863,4290,201,6.15422885572139,0.108588382973867
"result_final_linear_10",25.92,37.7370251354429,9.38957615088217,25.0067355460187,7514,236,10.9830508474576,0.106501079913607
"result_final_linear_10",26.73,150.129265169168,9.40275139879883,24.8678195035212,7556,224,11.9330357142857,0.106351849324417
"result_final_linear_10",14,2.87568510914966,9.2274678111588,25.1112324609406,5022,227,6.16740088105727,0.108372093023256
"result_final_linear_10",30.37,120.785100946467,9.46625700146827,25.2166154677864,8436,210,14.4619047619048,0.105638374263967
"result_final_linear_10",11.77,11.8592462991338,9.20251157745421,25.2952319261213,4014,192,6.13020833333333,0.108665986625864
"result_final_linear_10",36.28,896.513361287231,9.5871449205585,24.7633368663974,9108,165,21.9878787878788,0.104306340238544
"result_final_linear_10",26.97,82.24426672594,9.4067185326395,24.7184423100898,7712,213,12.6619718309859,0.106306997124469
"result_final_linear_10",40.4,1454.3958576028,9.68790637191157,23.9456890281688,9244,120,33.6666666666667,0.103221476510067
"result_final_linear_10",8.18,6.89256004629251,9.16513614948495,25.8251434866633,3062,165,4.95757575757576,0.109109126551949
"result_final_linear_10",29.17,150.155589248846,9.44450370686437,24.3359447217425,8046,206,14.1601941747573,0.105881688550049
"result_final_linear_10",2.93,1.36320651437732,9.11592351902633,25.3791967945068,1180,72,4.06944444444444,0.109698155969919
"result_final_linear_10",4.6,0.582681016305414,9.13093415007657,24.510285839422,1804,105,4.38095238095238,0.109517819706499
"result_final_linear_10",24.96,50.7735273469658,9.37437537477513,25.2811785399478,7374,231,10.8051948051948,0.106673773987207
"result_final_linear_10",14.16,8.47520436761874,9.22931360743162,25.2429258405646,4788,225,6.29333333333333,0.108350419384902
"result_final_linear_10",23.45,36.5518651654614,9.35133154165649,24.8225332478769,7134,220,10.6590909090909,0.106936642717178
"result_final_linear_10",33.04,372.188304100398,9.51785308164658,24.7026927640054,8740,185,17.8594594594595,0.105065710872162
"result_final_linear_10",43.53,1242.59539706356,9.77598504258708,22.8309140029581,9654,102,42.6764705882353,0.10229148220294
"result_final_linear_10",9.41,6.53034367235466,9.17757425943186,26.1946556513351,3278,182,5.17032967032967,0.108961254001545
"result_final_linear_10",2.07,0.268286138346491,9.10841177127125,24.6568518782877,800,49,4.22448979591837,0.109788624527724
"result_final_linear_10",35.25,550.334478029931,9.5642540620384,23.4566120908063,8624,158,22.3101265822785,0.104555984555985
"result_final_linear_10",25.12,71.1497076892982,9.37687838108596,24.2074184140618,7350,213,11.7934272300469,0.106645299145299
"result_final_linear_10",14.76,6.87244933033179,9.23630374479889,25.7655699586333,5260,255,5.78823529411765,0.108268418582825
"result_final_linear_10",21.43,19.7772556278021,9.32205400787813,24.8385251461438,6700,242,8.85537190082645,0.107272495863561
"result_final_linear_10",5.64,1.15975710232224,9.14057656540607,25.7026756378011,2226,137,4.11678832116788,0.109402289105553
"result_final_linear_10",14.22,13.9844895144589,9.23000774726694,24.8764904511108,5000,236,6.02542372881356,0.108342270925624
"result_final_linear_10",38.84,783.815609606723,9.64790509843513,24.8193558041828,9326,139,27.9424460431655,0.103649444081099
"result_final_linear_10",3.15,0.0942589299211528,9.11786857465637,25.8508355539559,1316,88,3.57954545454545,0.109674754775426
"result_final_linear_10",35.7,627.45891896538,9.57415128052412,25.9421893923974,8658,168,21.25,0.104447900466563
"result_final_linear_10",1.81,0.136950575011274,9.1061690840969,25.7906943680457,778,53,3.41509433962264,0.109815663509522
"result_final_linear_10",19.27,23.2451622493427,9.29255490584281,25.4646662256114,6134,230,8.37826086956522,0.107613031091292
"result_final_linear_10",4.1,0.878247063118214,9.12637990102779,25.2447217285127,1662,100,4.1,0.109572471324296
"result_final_linear_10",9.66,2.55788020343216,9.18014795545078,25.1863897460395,3426,172,5.61627906976744,0.108930706220943
"result_final_linear_10",34.2,563.811665148769,9.54176334106728,24.9924509545277,8850,176,19.4318181818182,0.104802431610942
"result_final_linear_10",27.2,76.0281157548242,9.4105480868666,24.8245359161409,7698,215,12.6511627906977,0.106263736263736
"result_final_linear_10",37.3,965.283498218344,9.61066830165542,23.8001446810061,9224,147,25.3741496598639,0.104051036682616
"result_final_linear_10",36.6,1233.72829124304,9.59443099273608,23.2490708890277,9008,144,25.4166666666667,0.104227129337539
"result_final_linear_10",33.5,356.985015258931,9.52722063037249,24.4058431492904,8760,178,18.8202247191011,0.104962406015038
"result_final_linear_10",25.04,65.4426011641581,9.37562537522513,24.322183915479,7598,232,10.7931034482759,0.106659551760939
"result_final_linear_10",21.9,27.6643560554674,9.32871476349737,25.7548950058344,6858,244,8.97540983606557,0.10719590268886
"result_final_linear_10",17.58,17.4757305122833,9.27067398542248,25.2840085066157,5658,221,7.95475113122172,0.107867022567338
"result_final_linear_10",9.58,1.40156903956884,9.17932266709981,25.8524047673735,3552,190,5.04210526315789,0.108940499889405
"result_final_linear_10",2.01,0.147358157908643,9.10789307357698,24.6974654796448,838,56,3.58928571428571,0.109794877028268
"result_final_linear_10",3.62,0.155699055093511,9.12205648519724,26.741881222277,1492,101,3.58415841584158,0.109624403403196
"result_final_linear_10",38.27,408.802661680867,9.63387227667145,25.1204329165501,9280,142,26.9507042253521,0.103800421189049
"result_final_linear_10",11.78,4.00545360442368,9.20262037887007,24.9306227628927,4172,198,5.94949494949495,0.108664701881659
"result_final_linear_10",2.59,0.115489814609716,9.11293642180893,23.7393843086014,944,56,4.625,0.109734113540704
"result_final_linear_10",29.59,120.177512532747,9.45202169360468,25.337015597464,8068,207,14.2946859903382,0.105797471950007
"result_final_linear_10",36.37,1434.73995614216,9.58918560491892,26.2765604422345,9136,157,23.1656050955414,0.104284142699984
"result_final_linear_10",7.86,5.69511765551998,9.16196006682046,24.2449503720695,2850,148,5.31081081081081,0.109146950293032
"result_final_linear_10",35.55,606.542738754309,9.57083457083457,24.2015100221252,8802,153,23.2352941176471,0.104484096198604
"result_final_linear_10",1.46,0.010550466007715,9.10317049737639,26.9997914788474,628,42,3.47619047619048,0.109851836817536
"result_final_linear_10",39.58,1956.93311070265,9.66658133879432,25.4084192725588,9508,140,28.2714285714286,0.103449189010261
"result_final_linear_10",17.98,14.8730002765345,9.27576223649688,25.1960559786002,5894,249,7.22088353413655,0.107807851743477
"result_final_linear_10",37.61,1317.14843025874,9.61799346364926,25.2062563137331,9268,141,26.6737588652482,0.103971790351018
"result_final_linear_10",13.99,13.4248924170043,9.22735270136892,25.4403035225702,4600,208,6.72596153846154,0.108373444948262
"result_final_linear_10",13.09,3.96288897884832,9.2171127985407,24.5093894032642,4638,226,5.79203539823009,0.108493844206651
"result_final_linear_10",39.54,812.796480389066,9.6655582555314,24.7045462330235,9392,132,29.9545454545455,0.103460138934833
"result_final_linear_10",10.78,4.66203968179261,9.19187340311547,25.7022409394854,3928,199,5.41708542713568,0.108791750728536
"result_final_linear_10",34.96,658.365026852222,9.5579590877028,24.8024330983445,8762,156,22.4102564102564,0.104624846248462
"result_final_linear_10",28.5,73.0391922529165,9.43271767810026,25.1028225905933,7968,229,12.4454148471616,0.106013986013986
"result_final_linear_10",12.53,6.15897956036154,9.21085885177541,25.1120853142053,4386,205,6.11219512195122,0.108567508860181
"result_final_linear_10",3.34,2.31946030051145,9.11955619292022,24.2798515676621,1340,85,3.92941176470588,0.109654458928202
"result_final_linear_10",35.92,1509.56424890336,9.57904807462329,25.5941955901849,8880,137,26.2189781021898,0.104394506866417
"result_final_linear_10",42.4,2951.72134296149,9.74289580514208,23.9279416813486,9784,96,44.1666666666667,0.102638888888889
"result_final_linear_10",21.7,78.0264010651938,9.3258694616484,24.9054826809102,6442,220,9.86363636363636,0.107228607918263
"result_final_linear_10",2.79,0.0889477020207335,9.11469076998087,24.7449371633913,1082,68,4.10294117647059,0.109712992490485
"result_final_linear_10",13.47,22.990344035882,9.22140756212967,25.1751063294733,4468,204,6.60294117647059,0.108443314457414
"result_final_linear_10",36.54,1956.14801039292,9.5930584109324,25.4104494680193,9396,134,27.2686567164179,0.104242042231327
"result_final_linear_10",25.11,66.9095390608997,9.37672159062453,24.8527588271431,7360,231,10.8701298701299,0.106647082387502
"result_final_linear_10",24.06,48.8522239155622,9.36051671432798,25.5614188752632,7208,238,10.109243697479,0.10683170924414
"result_final_linear_10",28.99,107.229863878116,9.44131255650694,25.4247579979073,8016,180,16.1055555555556,0.105917476411773
"result_final_linear_10",21.22,24.2115932557435,9.31910665278698,25.0013375106332,6560,256,8.2890625,0.107306422949987
"result_final_linear_10",3.91,2.65133906608872,9.12466289360732,24.5067704294162,1496,93,4.20430107526882,0.109593089811635
"result_final_linear_10",16.99,15.5926793724123,9.2632683122796,25.8204213116824,5566,229,7.41921397379913,0.107953258643537
"result_final_linear_10",31.67,237.632463159312,9.49080504472471,24.0854535652673,8498,187,16.9358288770053,0.105365139762915
"result_final_linear_10",28.21,76.5362610750451,9.42769343909229,24.6647474349312,7970,235,12.0042553191489,0.106070483354228
"result_final_linear_10",4.8,0.873234968931229,9.1327705295472,25.1253887763001,1802,108,4.44444444444444,0.109495798319328
"result_final_linear_10",34.44,422.883672521472,9.54683131407269,24.3875479581405,8734,175,19.68,0.104746796827334
"result_final_linear_10",26.89,61.6658868196868,9.40539288838574,23.9776967688248,7672,215,12.506976744186,0.106321980577212
"result_final_linear_10",8.91,3.8399847686837,9.17247351673581,25.8089499195638,3034,149,5.97986577181208,0.109021846525414
"result_final_linear_10",37.95,1981.79609084395,9.62612472851381,25.3914059969235,9206,153,24.8039215686275,0.103883964544722
"result_final_linear_10",8.62,1.92894926718143,9.16954322870675,25.7236672420523,3078,170,5.07058823529412,0.109056686364631
"result_final_linear_10",2.04,1.23133354743958,9.1081523356144,22.1649818857484,788,51,4,0.109791751735402
"result_final_linear_10",11.68,4.99003586378514,9.20153358893149,23.9469238836931,3998,198,5.8989898989899,0.108677536231884
"result_final_linear_10",44.78,11829.3087997363,9.81444618228352,26.1896865038818,10050,94,47.6382978723404,0.101890619340819
"result_final_linear_10",5.17,0.747195069576288,9.13619021927627,25.4778569788988,2054,127,4.07086614173228,0.109454813877465
"result_final_linear_10",14.6,37.0572090225109,9.23442906574394,23.9231861695673,4688,206,7.0873786407767,0.108290398126464
"result_final_linear_10",29.14,159.780310190072,9.44397057255571,25.0646000432208,8302,210,13.8761904761905,0.105887665819927
"result_final_linear_10",5.03,2.16634521963434,9.13489284752414,25.376772953817,1800,105,4.79047619047619,0.109470359060756
"result_final_linear_10",22.37,24.0798603942293,9.33546587137429,25.0308993882978,6986,244,9.16803278688525,0.107118382068788
"result_final_linear_10",28.55,35.1506897409501,9.43358859255347,24.7195850436543,8082,203,14.064039408867,0.106004198740378
"result_final_linear_10",6.9,2.7791193880327,9.15257569799449,24.8532764977461,2560,152,4.53947368421053,0.109258861439313
"result_final_linear_10",42.01,2044.20087526366,9.73182519970464,24.4127614948724,9600,119,35.3025210084034,0.102755647525435
"result_final_linear_10",29.74,105.592578490457,9.45473140273442,25.0915085547763,8102,190,15.6526315789474,0.105767150583547
"result_final_linear_10",3.71,0.37609525602479,9.12286353128435,24.7930945315247,1404,85,4.36470588235294,0.109614705576903
"result_final_linear_10",6.2,4.02752260615613,9.14586583463339,25.6033379251599,2222,123,5.04065040650407,0.109339019189765
"result_final_linear_10",19.46,17.633134505333,9.2950789400794,25.4580140677464,6532,261,7.45593869731801,0.107583809287311
"result_final_linear_10",20.54,26.687214335589,9.30968225700628,24.783574021833,6464,230,8.9304347826087,0.107415051598288
"result_final_linear_10",41.5,6896.39852068542,9.71760797342193,26.2712888030053,9612,123,33.739837398374,0.102905982905983
"result_final_linear_10",20.01,17.4924132039885,9.3024608084849,24.5654147983333,6218,221,9.05429864253394,0.107498437304663
"result_final_linear_10",15.45,9.18486791154064,9.24447846052919,25.3705388013885,5190,234,6.6025641025641,0.108172678888232
"result_final_linear_10",44.62,3642.25793891482,9.80940909735015,24.9346731256114,9322,99,45.0707070707071,0.101942939689419
"result_final_linear_10",13.9,15.5902914233927,9.22631804543506,25.0182722902757,4644,211,6.58767772511848,0.108385598141696
"result_final_linear_10",23.62,23.2359390063937,9.35387479180954,24.5586727409313,6976,228,10.359649122807,0.106907567426028
"result_final_linear_10",9.44,2.324032102356,9.17788227663369,24.8671100974194,3498,183,5.15846994535519,0.108957597173145
"result_final_linear_10",23.92,100.894347645048,9.3583940169258,25.2693965245407,7016,220,10.8727272727273,0.106855941114616
"result_final_linear_10",40.9,1562.13714192965,9.70124753775443,23.6265327226077,9454,118,34.6610169491525,0.103079526226734
"result_final_linear_10",25.77,53.3272208360513,9.38717183469068,24.820262373861,7424,236,10.9194915254237,0.106528357806817
"result_final_linear_10",20.49,15.9794091660887,9.30899639394933,25.060883102798,6360,223,9.18834080717489,0.107422965664696
"result_final_linear_10",10.87,13.3160782840041,9.19282973720038,24.9042027043171,3768,192,5.66145833333333,0.108780433075283
"result_final_linear_10",22.2,16.2080855280885,9.33301343570058,25.2996889906986,6810,241,9.21161825726141,0.107146529562982
"result_final_linear_10",5.11,0.281859862406931,9.13563368891285,25.1256517569147,2096,136,3.75735294117647,0.109461481715671
"result_final_linear_10",26.62,26.918784819551,9.40094291278057,24.8918835716082,7778,235,11.3276595744681,0.106372308530935
"result_final_linear_10",10.57,1.82284854258799,9.18965021168153,26.2660053094222,3862,224,4.71875,0.108818069998882
"result_final_linear_10",36.98,2545.66282813327,9.60319395343167,24.9332026921014,9252,139,26.6043165467626,0.104132021580451
"result_final_linear_10",33.41,172.292285428913,9.52537620873148,24.2106795010722,8870,184,18.1576086956522,0.104982730139661
"result_final_linear_10",31.63,96.9925958670918,9.49003386819166,24.9821749918369,8518,211,14.9905213270142,0.105373701916045
"result_final_linear_10",5.43,1.14016786675563,9.13861079973716,25.2875207474608,2048,123,4.41463414634146,0.109425822142328
"result_final_linear_10",41.27,1522.21091615721,9.7112904292612,25.9773755157891,9648,145,28.4620689655172,0.102972926953857
"result_final_linear_10",38.2,525.39673756052,9.63216957605985,25.7438787752349,9480,165,23.1515151515152,0.103818770226537
"result_final_linear_10",33.22,230.761204213598,9.52150108360899,25.3898362690729,8844,207,16.048309178744,0.10502545672357
"result_final_linear_10",25.43,33.2007002253357,9.38176236726888,24.8581022571737,7548,223,11.4035874439462,0.106589781413437
"result_final_linear_10",32.08,795.731432081418,9.4987692996196,24.5202914158849,8454,180,17.8222222222222,0.10527679623086
"result_final_linear_10",21.35,17.2083534085206,9.32092913012562,25.2291836306827,6624,242,8.82231404958678,0.107285441830896
"result_final_linear_10",29.37,142.602493433959,9.44807105784151,23.6518119622507,8306,209,14.0526315789474,0.105841710321393
"result_final_linear_10",8.02,1.3922483986554,9.16354507053479,24.7039053771323,3124,185,4.33513513513514,0.109128071319852
"result_final_linear_10",31.74,441.284205496631,9.49215708087663,24.5384014780534,8634,179,17.731843575419,0.105350131848813
"result_final_linear_10",32.33,186.547956231921,9.50367956856356,25.8381816961087,8462,185,17.4756756756757,0.105222402837299
"result_final_linear_10",25.74,85.0665560142233,9.38669228435636,24.6450181082739,7432,223,11.542600896861,0.106533800161594
"result_final_linear_10",27.84,101.362097570119,9.4213494881972,25.6481130308733,7720,201,13.8507462686567,0.106141906873614
"result_final_linear_10",34.06,391.02796262431,9.53882652470779,23.9140447954006,8644,172,19.8023255813953,0.104834698210494
"result_final_linear_10",2.33,0.46248362767558,9.11066751240625,24.8895101602565,924,62,3.75806451612903,0.109761441589024
"result_final_linear_10",34.64,916.352132925813,9.55108721066168,24.4819263201092,8868,169,20.4970414201183,0.104700122399021
"result_final_linear_10",40.92,3040.03154715215,9.7017866526537,24.8352091841828,9398,120,34.1,0.103073798239675
"result_final_linear_10",38.99,591.59541225847,9.65164842118585,23.2910285182275,8992,131,29.763358778626,0.103609244386166
"result_final_linear_10",29.86,162.823484960568,9.45690863984468,24.5382203938458,8430,222,13.4504504504505,0.105742800114058
"result_final_linear_10",7.82,2.74616282241431,9.1615647610718,25.4673200761317,2910,160,4.8875,0.109151659796051
"result_final_linear_10",34.84,116.343147295303,9.55537306428907,25.1794348881508,8608,169,20.6153846153846,0.104653161448742
"result_final_linear_10",2.9,0.545209149708914,9.11565903116785,25.1239803713295,1128,78,3.71794871794872,0.109701338825953
"result_final_linear_10",22.12,16.9708380280993,9.33186349693251,24.7711822173604,6490,233,9.49356223175966,0.107159732922445
"result_final_linear_10",10.95,4.32737052761004,9.19368160231261,25.2013660736587,4070,218,5.02293577981651,0.108770353733857
"result_final_linear_10",13.64,5.56598271197946,9.22334244702666,25.2217039767619,4692,210,6.4952380952381,0.108420565076424
"result_final_linear_10",39.86,1466.71525650647,9.67378715738,24.6384554238931,9414,130,30.6615384615385,0.103372131692717
"result_final_linear_10",12.25,20.5172097438881,9.20776495278069,25.0302297177424,4126,203,6.03448275862069,0.108603988603989
"result_final_linear_10",26.98,62.6743290340193,9.40688446872101,24.1940340446424,7890,220,12.2636363636364,0.106305121884415
"result_final_linear_10",1.46,0.0527528246286437,9.10317049737639,24.565570625851,504,27,5.40740740740741,0.109851836817536
"result_final_linear_10",11.49,4.18867425398418,9.19947615682035,25.8494041387234,4112,221,5.19909502262443,0.108701841599819
"result_final_linear_10",3.13,1.6130179484016,9.11769135198223,25.2727222356264,1164,75,4.17333333333333,0.109676886548983
"result_final_linear_10",7.19,6.03050866529071,9.15538807560273,24.7029372903116,2486,137,5.24817518248175,0.109225298997953
"result_final_linear_10",20.41,12.6111156159222,9.3079010151097,25.1572166676817,6490,239,8.53974895397489,0.107435607488378
"result_final_concave_10",3.68,0.689657452986816,9.0921156120991,26.2115393618511,1388,81,4.54320987654321,0.109985403030872
"result_final_concave_10",16.55,7.31058694213145,9.12353131721517,24.3540707199368,5588,236,7.01271186440678,0.109606682460014
"result_final_concave_10",10.21,4.65313843067979,9.10160754336276,25.1209751047959,3564,179,5.70391061452514,0.109870700888354
"result_final_concave_10",18.95,50.0802991569589,9.13631272989502,24.6487822457833,6096,246,7.70325203252033,0.109453346176285
"result_final_concave_10",25.94,69.5640690108423,9.19344073556059,25.2603646417481,7516,217,11.9539170506912,0.108773203500618
"result_final_concave_10",19.32,21.0958617265671,9.13854857002432,25.0874911769656,6102,249,7.75903614457831,0.109426567286641
"result_final_concave_10",29.37,152.716146860779,9.23609524400045,24.1852782475291,8110,201,14.6119402985075,0.108270862694879
"result_final_concave_10",8.18,6.05208300259408,9.09747296314301,25.4732128572436,3036,169,4.84023668639053,0.109920634449956
"result_final_concave_10",12.27,2.31893631613113,9.10710407333892,25.0622599259696,4432,216,5.68055555555556,0.109804389183111
"result_final_concave_10",24.58,78.0328254294063,9.17954695111965,24.4459418206822,7102,221,11.1221719457014,0.108937838144401
"result_final_concave_10",41.33,2615.23800611918,9.52040742467942,25.490101283755,9530,131,31.5496183206107,0.105037521546372
"result_final_concave_10",10.19,2.59128397696236,9.10156087041893,24.917199871124,3670,204,4.99509803921569,0.109871264306995
"result_final_concave_10",12.68,9.30117188411323,9.10836968502801,24.4758664575216,4064,190,6.67368421052632,0.109789131818372
"result_final_concave_10",10.38,6.86966153285462,9.10200925542424,25.3709974293383,3790,208,4.99038461538461,0.109865851806738
"result_final_concave_10",7.01,2.28000977777134,9.09560806005289,25.6842428873626,2464,132,5.31060606060606,0.109943171847071
"result_final_concave_10",0.74,0.201686950607306,9.09095502463999,22.748750330235,316,25,2.96,0.109999444204664
"result_final_concave_10",33.83,1376.52290218789,9.31218839385335,25.1200786600957,8750,173,19.5549132947977,0.107386143590057
"result_final_concave_10",18.98,14.7644187928211,9.1364912292618,25.0790078805072,6170,252,7.53174603174603,0.109451207789404
"result_final_concave_10",37.76,1819.44110235006,9.40562580998051,25.4801959693378,9392,148,25.5135135135135,0.10631934761203
"result_final_concave_10",9.27,3.31041458486732,9.09954453379593,24.1689427061347,3330,164,5.65243902439024,0.109895610300711
"result_final_concave_10",42.75,4619.81947590105,9.57634082650061,27.0788637767366,9372,111,38.5135135135135,0.104424019374154
"result_final_concave_10",21.64,17.528985598826,9.15437811487624,24.5675629618925,6872,259,8.35521235521236,0.109237349326325
"result_final_concave_10",10.8,4.01552416234649,9.10304050961943,25.5197175860655,3760,183,5.9016393442623,0.10985340545758
"result_final_concave_10",33.84,219.114347952643,9.31239098673936,24.1413929710015,8956,183,18.4918032786885,0.107383807383515
"result_final_concave_10",12.22,8.65586080798759,9.10695379481051,25.1318081071521,4240,214,5.71028037383178,0.109806201121811
"result_final_concave_10",27.23,77.1341896384537,9.20812021423739,24.9658042814976,7600,208,13.0913461538462,0.108599798518467
"result_final_concave_10",21.87,41.2294133847202,9.15612914308004,24.5767014241147,6658,234,9.34615384615385,0.109216458655542
"result_final_concave_10",27.36,37.8496667765277,9.209686175596,24.649519636728,7854,234,11.6923076923077,0.108581332841701
"result_final_concave_10",20.69,49.6013470597507,9.14750369026049,25.8153953053778,6404,219,9.44748858447489,0.109319442097052
"result_final_concave_10",1.09,0.116762969876198,9.09100945815717,25.4937293671851,416,30,3.63333333333333,0.109998785569706
"result_final_concave_10",29.6,75.7099143106411,9.239396289447,24.8854230453791,8516,201,14.726368159204,0.108232179752066
"result_final_concave_10",26.09,48.3688916247988,9.1950698414939,25.5902204578615,7578,214,12.1915887850467,0.108753931969867
"result_final_concave_10",13.3,9.96495650613474,9.11039899938067,24.0740542157254,4610,222,5.99099099099099,0.10976467661493
"result_final_concave_10",4.05,1.18852683431825,9.09238175963869,26.1477638754723,1536,90,4.5,0.109982183594515
"result_final_concave_10",13.53,7.57696703627537,9.111188112771,25.7458949586309,4622,214,6.32242990654206,0.109755169975946
"result_final_concave_10",8.85,2.55064893261735,9.09870667693535,26.1202830305844,3170,169,5.23668639053254,0.109905730067652
"result_final_concave_10",19.81,19.3265256616085,9.14162676456083,24.4583880237135,6110,230,8.61304347826087,0.109389720862011
"result_final_concave_10",1.67,0.0888275224450412,9.09114748027691,26.442116926958,624,42,3.97619047619048,0.109997115564287
"result_final_concave_10",28.09,160.311516564351,9.21879012625596,24.0495503744523,8110,219,12.8264840182648,0.108474104118273
"result_final_concave_10",2.4,0.700437819303787,9.09140885074672,25.2749585634788,956,62,3.87096774193548,0.109993953238377
"result_final_concave_10",39.01,1113.32501160387,9.44207251935301,24.573834436969,9186,139,28.0647482014388,0.105908951445813
"result_final_concave_10",31.82,241.25775447327,9.27455737026169,24.9644246468537,8586,204,15.5980392156863,0.107821857160153
"result_final_concave_10",6.21,2.01499200159689,9.09453367248654,24.9973742748898,2322,138,4.5,0.109956160042078
"result_final_concave_10",11.68,3.50386673778914,9.10538591298449,24.5747201523794,4280,217,5.38248847926267,0.109825108958202
"result_final_concave_10",32.1,453.353633535706,9.27944754961849,25.1072916738177,8670,184,17.445652173913,0.10776503608139
"result_final_concave_10",36.58,1767.28800006061,9.37443135950423,23.3969852790616,9114,139,26.3165467625899,0.106673136924316
"result_final_concave_10",37.16,819.003290194339,9.38939510549769,25.4526073192147,9298,153,24.2875816993464,0.106503133456859
"result_final_concave_10",32.21,246.043451262449,9.28139853659377,24.6515413216933,8718,193,16.6891191709845,0.10774238344117
"result_final_concave_10",17.67,20.1621497602547,9.12913818121789,25.7208638998122,5578,235,7.51914893617021,0.109539365069244
"result_final_concave_10",12.37,9.45506963528531,9.10740726372423,24.256521859863,4290,201,6.15422885572139,0.109800733737153
"result_final_concave_10",25.92,41.6302481567882,9.19322501999515,25.0067355460187,7514,236,10.9830508474576,0.108775755822904
"result_final_concave_10",26.73,165.988224045159,9.20224795350631,24.8678195035212,7556,224,11.9330357142857,0.108669099664824
"result_final_concave_10",14,3.04530974881828,9.11286347954657,25.1112324609406,5022,227,6.16740088105727,0.109734991887507
"result_final_concave_10",30.37,134.554192083417,9.25089729662649,25.2166154677864,8436,210,14.4619047619048,0.108097622093877
"result_final_concave_10",11.77,12.4478404881893,9.10564029247925,25.2952319261213,4014,192,6.13020833333333,0.109822040831763
"result_final_concave_10",36.28,1000.86317488066,9.36695988297432,24.7633368663974,9108,165,21.9878787878788,0.106758223852077
"result_final_concave_10",26.97,90.9877872253932,9.20503707563137,24.7184423100898,7712,213,12.6619718309859,0.108636172976132
"result_final_concave_10",40.4,1607.93318075713,9.4872014016495,23.9456890281688,9244,120,33.6666666666667,0.105405161929643
"result_final_concave_10",8.18,7.12974108052325,9.09747296314301,25.8251434866633,3062,165,4.95757575757576,0.109920634449956
"result_final_concave_10",29.17,166.88491482466,9.2332734865806,24.3359447217425,8046,206,14.1601941747573,0.108303951080121
"result_final_concave_10",2.93,1.37985292807142,9.09166212698747,25.3791967945068,1180,72,4.06944444444444,0.10999088901815
"result_final_concave_10",4.6,0.593888437697414,9.09283096683438,24.510285839422,1804,105,4.38095238095238,0.109976750216456
"result_final_concave_10",24.96,55.8643142272031,9.18327429250157,25.2811785399478,7374,231,10.8051948051948,0.108893622051182
"result_final_concave_10",14.16,8.98067645847716,9.11345342345501,25.2429258405646,4788,225,6.29333333333333,0.109727888379429
"result_final_concave_10",23.45,40.0383889725036,9.16913143331478,24.8225332478769,7134,220,10.6590909090909,0.109061584215778
"result_final_concave_10",33.04,415.723913087139,9.29668019783192,24.7026927640054,8740,185,17.8594594594595,0.10756527908029
"result_final_concave_10",43.53,1350.09952231997,9.61003669120773,22.8309140029581,9654,102,42.6764705882353,0.10405787533724
"result_final_concave_10",9.41,6.78917533397959,9.09983514608401,26.1946556513351,3278,182,5.17032967032967,0.10989210067507
"result_final_concave_10",2.07,0.270594426553718,9.09127835872017,24.6568518782877,800,49,4.22448979591837,0.109995532040972
"result_final_concave_10",35.25,614.833792810005,9.34262754000641,23.4566120908063,8624,158,22.3101265822785,0.107036269584532
"result_final_concave_10",25.12,78.3291512776175,9.18487890078692,24.2074184140618,7350,213,11.7934272300469,0.108874598217547
"result_final_concave_10",14.76,7.29941390583087,9.11575677269088,25.7655699586333,5260,255,5.78823529411765,0.109700162579569
"result_final_concave_10",21.43,21.5266398741871,9.15280936435957,24.8385251461438,6700,242,8.85537190082645,0.109256072118571
"result_final_concave_10",5.64,1.18716435939331,9.09386259819416,25.7026756378011,2226,137,4.11678832116788,0.109964274168666
"result_final_concave_10",14.22,14.8303480436234,9.11367725793443,24.8764904511108,5000,236,6.02542372881356,0.109725193431597
"result_final_concave_10",38.84,871.057697740227,9.43689625287758,24.8193558041828,9326,139,27.9424460431655,0.105967043952091
"result_final_concave_10",3.15,0.0954963610905064,9.09178342669532,25.8508355539559,1316,88,3.57954545454545,0.109989421554389
"result_final_concave_10",35.7,700.85381724942,9.3530129012847,25.9421893923974,8658,168,21.25,0.106917419077081
"result_final_concave_10",1.81,0.137980127845598,9.09118992554895,25.7906943680457,778,53,3.41509433962264,0.109996602005828
"result_final_concave_10",19.27,25.109730144817,9.13824203253511,25.4646662256114,6134,230,8.37826086956522,0.109430237942886
"result_final_concave_10",4.1,0.893287054315565,9.09241992682018,25.2447217285127,1662,100,4.1,0.109981721923145
"result_final_concave_10",9.66,2.66515025989827,9.10036842076389,25.1863897460395,3426,172,5.61627906976744,0.109885661081407
"result_final_concave_10",34.2,630.000456894456,9.31979232140243,24.9924509545277,8850,176,19.4318181818182,0.107298528284107
"result_final_concave_10",27.2,84.1796939901613,9.20776116083838,24.8245359161409,7698,215,12.6511627906977,0.108604033329308
"result_final_concave_10",37.3,1077.06781453467,9.39311254417257,23.8001446810061,9224,147,25.3741496598639,0.106460983544841
"result_final_concave_10",36.6,1376.84331188049,9.37493586095588,23.2490708890277,9008,144,25.4166666666667,0.10666739643145
"result_final_concave_10",33.5,398.858095528647,9.30559208795833,24.4058431492904,8760,178,18.8202247191011,0.107462264684267
"result_final_concave_10",25.04,72.0204813465321,9.1840739605573,24.322183915479,7598,232,10.7931034482759,0.108884140556216
"result_final_concave_10",21.9,30.1673100513971,9.15636009913519,25.7548950058344,6858,244,8.97540983606557,0.109213703826966
"result_final_concave_10",17.58,18.7618069498551,9.12866518978731,25.2840085066157,5658,221,7.95475113122172,0.109545040727175
"result_final_concave_10",9.58,1.45813147464724,9.10019576196211,25.8524047673735,3552,190,5.04210526315789,0.109887745951565
"result_final_concave_10",2.01,0.148589012741022,9.09125683506608,24.6974654796448,838,56,3.58928571428571,0.109995792456647
"result_final_concave_10",3.62,0.158128793825524,9.09207513138973,26.741881222277,1492,101,3.58415841584158,0.109985892719647
"result_final_concave_10",38.27,455.039409194933,9.42005237871351,25.1204329165501,9280,142,26.9507042253521,0.106156522256681
"result_final_concave_10",11.78,4.20440687285447,9.10566872649894,24.9306227628927,4172,198,5.94949494949495,0.109821697893516
"result_final_concave_10",2.59,0.116734702127191,9.0914933896946,23.7393843086014,944,56,4.625,0.109992930439076
"result_final_concave_10",29.59,133.671355948383,9.2392515062289,25.337015597464,8068,207,14.2946859903382,0.108233875798902
"result_final_concave_10",36.37,1601.59342768043,9.36918253994462,26.2765604422345,9136,157,23.1656050955414,0.106732897532586
"result_final_concave_10",7.86,5.88334747846182,9.09692707041041,24.2449503720695,2850,148,5.31081081081081,0.109927230619744
"result_final_concave_10",35.55,678.039254230787,9.34950968448406,24.2015100221252,8802,153,23.2352941176471,0.106957480525374
"result_final_concave_10",1.46,0.0106143835460458,9.0910905187334,26.9997914788474,628,42,3.47619047619048,0.109997804767136
"result_final_concave_10",39.58,2169.93067674377,9.45996041851927,25.4084192725588,9508,140,28.2714285714286,0.105708687537672
"result_final_concave_10",17.98,15.9910798442647,9.13079834461875,25.1960559786002,5894,249,7.22088353413655,0.109519448602142
"result_final_concave_10",37.61,1467.74672664473,9.40149439458924,25.2062563137331,9268,141,26.6737588652482,0.106366068842792
"result_final_concave_10",13.99,14.2160769892443,9.1128269419651,25.4403035225702,4600,208,6.72596153846154,0.109735431866366
"result_final_concave_10",13.09,4.18154938604837,9.10969581181106,24.5093894032642,4638,226,5.79203539823009,0.109773149472616
"result_final_concave_10",39.54,901.393647211309,9.45867781383257,24.7045462330235,9392,132,29.9545454545455,0.105723021724831
"result_final_concave_10",10.78,4.87392611063724,9.10299013504138,25.7022409394854,3928,199,5.41708542713568,0.109854013369801
"result_final_concave_10",34.96,735.620700964979,9.33612912429781,24.8024330983445,8762,156,22.4102564102564,0.107110772214733
"result_final_concave_10",28.5,81.0929277067845,9.22414181965808,25.1028225905933,7968,229,12.4454148471616,0.10841116925033
"result_final_concave_10",12.53,6.4844101772483,9.10789971940506,25.1120853142053,4386,205,6.11219512195122,0.109794796913434
"result_final_concave_10",3.34,2.3517615528515,9.0918959635846,24.2798515676621,1340,85,3.92941176470588,0.10998806013677
"result_final_concave_10",35.92,1685.81103775875,9.35822730713636,25.5941955901849,8880,137,26.2189781021898,0.106857844672935
"result_final_concave_10",42.4,3237.04572985771,9.56192935534446,23.9279416813486,9784,96,44.1666666666667,0.104581404320988
"result_final_concave_10",21.7,84.9927847037217,9.15483157107254,24.9054826809102,6442,220,9.86363636363636,0.109231938592929
"result_final_concave_10",2.79,0.090412577896953,9.09158991305365,24.7449371633913,1082,68,4.10294117647059,0.109991762668948
"result_final_concave_10",13.47,24.2954694292738,9.11098033109083,25.1751063294733,4468,204,6.60294117647059,0.10975767301215
"result_final_concave_10",36.54,2183.20635819204,9.37342477545471,25.4104494680193,9396,134,27.2686567164179,0.106684592233418
"result_final_concave_10",25.11,73.6492478965995,9.18477799390568,24.8527588271431,7360,231,10.8701298701299,0.10887579434838
"result_final_concave_10",24.06,53.6112201378126,9.17463233434149,25.5614188752632,7208,238,10.109243697479,0.108996193368633
"result_final_concave_10",28.99,119.140609857077,9.23077206119459,25.4247579979073,8016,180,16.1055555555556,0.108333300115157
"result_final_concave_10",21.22,26.3311960792574,9.15126884128615,25.0013375106332,6560,256,8.2890625,0.109274464267565
"result_final_concave_10",3.91,2.69462061483999,9.0922776927952,24.5067704294162,1496,93,4.20430107526882,0.10998344240986
"result_final_concave_10",16.99,16.7084298908161,9.12566251889636,25.8204213116824,5566,229,7.41921397379913,0.109581084981974
"result_final_concave_10",31.67,265.108029398545,9.27198187286496,24.0854535652673,8498,187,16.9358288770053,0.107851807058269
"result_final_concave_10",28.21,84.9036874289188,9.22033834203034,24.6647474349312,7970,235,12.0042553191489,0.10845588989306
"result_final_concave_10",4.8,0.890769221201842,9.09301056281504,25.1253887763001,1802,108,4.44444444444444,0.109974578066521
"result_final_concave_10",34.44,472.823602757483,9.32484524376905,24.3875479581405,8734,175,19.68,0.107240385642669
"result_final_concave_10",26.89,68.196145665338,9.20410135423136,23.9776967688248,7672,215,12.506976744186,0.10864721731256
"result_final_concave_10",8.91,3.98404417240231,9.09882328230514,25.8089499195638,3034,149,5.97986577181208,0.109904321578016
"result_final_concave_10",37.95,2209.06246077343,9.4109311382167,25.3914059969235,9206,153,24.8039215686275,0.106259411030978
"result_final_concave_10",8.62,1.99893092706969,9.09826909942535,25.7236672420523,3078,170,5.07058823529412,0.109911015938533
"result_final_concave_10",2.04,1.2417729767964,9.091267512806,22.1649818857484,788,51,4,0.109995663266029
"result_final_concave_10",11.68,5.23636248939192,9.10538591298449,23.9469238836931,3998,198,5.8989898989899,0.109825108958202
"result_final_concave_10",44.78,12721.938454978,9.66895485241792,26.1896865038818,10050,94,47.6382978723404,0.103423794532449
"result_final_concave_10",5.17,0.763366537685061,9.09336618382669,25.4778569788988,2054,127,4.07086614173228,0.10997027720918
"result_final_concave_10",14.6,39.33724400617,9.11512830639557,23.9231861695673,4688,206,7.0873786407767,0.1097077261434
"result_final_concave_10",29.14,177.569989510107,9.23285408656716,25.0646000432208,8302,210,13.8761904761905,0.10830887075914
"result_final_concave_10",5.03,2.21194878048729,9.09322802545644,25.376772953817,1800,105,4.79047619047619,0.109971948047548
"result_final_concave_10",22.37,26.2875024487261,9.16005687719087,25.0308993882978,6986,244,9.16803278688525,0.109169627809852
"result_final_concave_10",28.55,39.0327524607255,9.22480655173987,24.7195850436543,8082,203,14.064039408867,0.10840335722936
"result_final_concave_10",6.9,2.85964217077256,9.09545091561984,24.8532764977461,2560,152,4.53947368421053,0.109945071363386
"result_final_concave_10",42.01,2243.05384176851,9.54636296793419,24.4127614948724,9600,119,35.3025210084034,0.104751935722427
"result_final_concave_10",29.74,117.527009733522,9.24143538995201,25.0915085547763,8102,190,15.6526315789474,0.108208298581763
"result_final_concave_10",3.71,0.381918086370157,9.09213613082363,24.7930945315247,1404,85,4.36470588235294,0.109985154820753
"result_final_concave_10",6.2,4.13226325016063,9.09452123327035,25.6033379251599,2222,123,5.04065040650407,0.10995631043685
"result_final_concave_10",19.46,19.060559641119,9.13941426855651,25.4580140677464,6532,261,7.45593869731801,0.109416202243991
"result_final_concave_10",20.54,28.974452563616,9.14646938771608,24.783574021833,6464,230,8.9304347826087,0.109331804176049
"result_final_concave_10",41.5,7586.90929594437,9.52675899505881,26.2712888030053,9612,123,33.739837398374,0.104967492146979
"result_final_concave_10",20.01,18.944954077799,9.14292247802403,24.5654147983333,6218,221,9.05429864253394,0.10937421840813
"result_final_concave_10",15.45,9.78159069640105,9.11858900258014,25.3705388013885,5190,234,6.6025641025641,0.109666089755449
"result_final_concave_10",44.62,3922.74477522366,9.66105372474866,24.9346731256114,9322,99,45.0707070707071,0.103508377915165
"result_final_concave_10",13.9,16.5032694429438,9.11249986171224,25.0182722902757,4644,211,6.58767772511848,0.10973937066399
"result_final_concave_10",23.62,25.4654154078624,9.17063642996144,24.5586727409313,6976,228,10.359649122807,0.109043686077544
"result_final_concave_10",9.44,2.41781924643055,9.09989816599369,24.8671100974194,3498,183,5.15846994535519,0.109891339634656
"result_final_concave_10",23.92,110.706939695015,9.17334499102851,25.2693965245407,7016,220,10.8727272727273,0.109011489372524
"result_final_concave_10",40.9,1723.44372712301,9.50473629929166,23.6265327226077,9454,118,34.6610169491525,0.105210704275354
"result_final_concave_10",25.77,58.8057579811862,9.19161830625218,24.820262373861,7424,236,10.9194915254237,0.108794770048251
"result_final_concave_10",20.49,17.337242420096,9.14612763892964,25.060883102798,6360,223,9.18834080717489,0.109335889403467
"result_final_concave_10",10.87,13.9262863542703,9.10321782883628,24.9042027043171,3768,192,5.66145833333333,0.109851265651614
"result_final_concave_10",22.2,17.6900556670325,9.15870258623299,25.2996889906986,6810,241,9.21161825726141,0.109185770646506
"result_final_concave_10",5.11,0.287902514994805,9.093306433209,25.1256517569147,2096,136,3.75735294117647,0.109970999805744
"result_final_concave_10",26.62,29.7493412777683,9.20098757662129,24.8918835716082,7778,235,11.3276595744681,0.108683985460527
"result_final_concave_10",10.57,1.90408177133938,9.10246888320736,26.2660053094222,3862,224,4.71875,0.109860304147246
"result_final_concave_10",36.98,2839.72222025172,9.38467651707249,24.9332026921014,9252,139,26.6043165467626,0.10655668292677
"result_final_concave_10",33.41,192.535658837512,9.30382282051589,24.2106795010722,8870,184,18.1576086956522,0.107482700314853
"result_final_concave_10",31.63,108.204411724197,9.27130022274135,24.9821749918369,8518,211,14.9905213270142,0.107859736603839
"result_final_concave_10",5.43,1.16609861390488,9.09363453760399,25.2875207474608,2048,123,4.41463414634146,0.109967031978776
"result_final_concave_10",41.27,1676.55608305064,9.51818704547357,25.9773755157891,9648,145,28.4620689655172,0.105062024440416
"result_final_concave_10",38.2,584.774093866527,9.41803691026918,25.7438787752349,9480,165,23.1515151515152,0.106179239848766
"result_final_concave_10",33.22,257.784538368192,9.300128854703,25.3898362690729,8844,207,16.048309178744,0.107525391919092
"result_final_concave_10",25.43,36.5800006276792,9.18804840295615,24.8581022571737,7548,223,11.4035874439462,0.108837040919186
"result_final_concave_10",32.08,888.197721689814,9.27909464586168,24.5202914158849,8454,180,17.8222222222222,0.107769134615518
"result_final_concave_10",21.35,18.7229955483339,9.15221919202642,25.2291836306827,6624,242,8.82231404958678,0.109263117394655
"result_final_concave_10",29.37,158.553201766211,9.23609524400045,23.6518119622507,8306,209,14.0526315789474,0.108270862694879
"result_final_concave_10",8.02,1.43921447139494,9.09719657385455,24.7039053771323,3124,185,4.33513513513514,0.109923974037674
"result_final_concave_10",31.74,492.345447429075,9.27317996661086,24.5384014780534,8634,179,17.731843575419,0.107837872617658
"result_final_concave_10",32.33,208.256094000877,9.2835463458441,25.8381816961087,8462,185,17.4756756756757,0.107717456535095
"result_final_concave_10",25.74,93.797619283757,9.19129931399114,24.6450181082739,7432,223,11.542600896861,0.108798545868024
"result_final_concave_10",27.84,112.393458162753,9.21561209441199,25.6481130308733,7720,201,13.8507462686567,0.108511511742813
"result_final_concave_10",34.06,437.990413611416,9.31688889776467,23.9140447954006,8644,172,19.8023255813953,0.107331965742333
"result_final_concave_10",2.33,0.466965411455911,9.09137944677626,24.8895101602565,924,62,3.75806451612903,0.109994308988455
"result_final_concave_10",34.64,1023.97684366585,9.32913014735377,24.4819263201092,8868,169,20.4970414201183,0.107191129741464
"result_final_concave_10",40.92,3353.61591994803,9.50545287227307,24.8352091841828,9398,120,34.1,0.105202772917527
"result_final_concave_10",38.99,665.852203441973,9.4414598281903,23.2910285182275,8992,131,29.763358778626,0.105915824268425
"result_final_concave_10",29.86,181.201693501369,9.24320134399024,24.5382203938458,8430,222,13.4504504504505,0.108187624913113
"result_final_concave_10",7.82,2.83645944252819,9.09686076252273,25.4673200761317,2910,160,4.8875,0.109928031889836
"result_final_concave_10",34.84,130.001662179934,9.33348363658362,25.1794348881508,8608,169,20.6153846153846,0.107141131750678
"result_final_concave_10",2.9,0.551794576718077,9.09164632835153,25.1239803713295,1128,78,3.71794871794872,0.109991080150312
"result_final_concave_10",22.12,18.5117063867569,9.15807203569485,24.7711822173604,6490,233,9.49356223175966,0.109193288292816
"result_final_concave_10",10.95,4.52757986716668,9.10342240657613,25.2013660736587,4070,218,5.02293577981651,0.109848797006016
"result_final_concave_10",13.64,5.88589304986969,9.11157260250194,25.2217039767619,4692,210,6.4952380952381,0.109750538532219
"result_final_concave_10",39.86,1624.85589594489,9.46905707573602,24.6384554238931,9414,130,30.6615384615385,0.105607136170131
"result_final_concave_10",12.25,21.5770102698078,9.1070438568609,25.0302297177424,4126,203,6.03448275862069,0.109805115218221
"result_final_concave_10",26.98,69.330040250557,9.2051544662481,24.1940340446424,7890,220,12.2636363636364,0.108634787571097
"result_final_concave_10",1.46,0.0530724228197723,9.0910905187334,24.565570625851,504,27,5.40740740740741,0.109997804767136
"result_final_concave_10",11.49,4.391599129927,9.10485785922654,25.8494041387234,4112,221,5.19909502262443,0.109831478476804
"result_final_concave_10",3.13,1.63405817976802,9.09177200175301,25.2727222356264,1164,75,4.17333333333333,0.109989559769777
"result_final_concave_10",7.19,6.21266217089915,9.09587181215219,24.7029372903116,2486,137,5.24817518248175,0.109939983835743
"result_final_concave_10",20.41,13.6774589815742,9.14558396051749,25.1572166676817,6490,239,8.53974895397489,0.109342389104634
"result_final_convex_10",3.68,0.602829880854508,9.36118356888686,26.2115393618511,1388,81,4.54320987654321,0.106824098965822
"result_final_convex_10",16.55,5.04774119036608,9.86428742715821,24.3540707199368,5588,236,7.01271186440678,0.101375797023799
"result_final_convex_10",10.21,3.46847382702346,9.6892618025917,25.1209751047959,3564,179,5.70391061452514,0.103207036859353
"result_final_convex_10",18.95,34.0986747909917,9.90445257566783,24.6487822457833,6096,246,7.70325203252033,0.10096469162331
"result_final_convex_10",25.94,47.176171593674,9.97001551899898,25.2603646417481,7516,217,11.9539170506912,0.100300746583031
"result_final_convex_10",19.32,14.3466704982585,9.90966375761412,25.0874911769656,6102,249,7.75903614457831,0.100911597452703
"result_final_convex_10",29.37,105.042451481332,9.98443536466429,24.1852782475291,8110,201,14.6119402985075,0.100155888988884
"result_final_convex_10",8.18,4.69351375333975,9.60591497725889,25.4732128572436,3036,169,4.84023668639053,0.104102524576514
"result_final_convex_10",12.27,1.6738623491319,9.75905373568616,25.0622599259696,4432,216,5.68055555555556,0.10246895109751
"result_final_convex_10",24.58,52.7639094498657,9.9617684301752,24.4459418206822,7102,221,11.1221719457014,0.100383782960754
"result_final_convex_10",41.33,2058.07516576492,9.99917326203968,25.490101283755,9530,131,31.5496183206107,0.100008268063155
"result_final_convex_10",10.19,1.93046775125212,9.68851409930508,24.917199871124,3670,204,4.99509803921569,0.10321500177945
"result_final_convex_10",12.68,6.67695812089741,9.77132545698823,24.4758664575216,4064,190,6.67368421052632,0.102340261247242
"result_final_convex_10",10.38,5.09738503656418,9.69556071683353,25.3709974293383,3790,208,4.99038461538461,0.103139986351051
"result_final_convex_10",7.01,1.80846886062256,9.55063374832911,25.6842428873626,2464,132,5.31060606060606,0.104705093541562
"result_final_convex_10",0.74,0.195750325337261,9.15070852255032,22.748750330235,316,25,2.96,0.109281155392031
"result_final_convex_10",33.83,978.858897818219,9.99402848171676,25.1200786600957,8750,173,19.5549132947977,0.10005975086317
"result_final_convex_10",18.98,10.0544620185099,9.90488415143836,25.0790078805072,6170,252,7.53174603174603,0.100960292388153
"result_final_convex_10",37.76,1345.5277631582,9.99772742039326,25.4801959693378,9392,148,25.5135135135135,0.100022730961859
"result_final_convex_10",9.27,2.51046271481193,9.65257206998227,24.1689427061347,3330,164,5.65243902439024,0.103599330080095
"result_final_convex_10",42.75,3735.20742105569,9.99947392841181,27.0788637767366,9372,111,38.5135135135135,0.100005260992648
"result_final_convex_10",21.64,11.8509136465236,9.93725176580379,24.5675629618925,6872,259,8.35521235521236,0.100631444544981
"result_final_convex_10",10.8,2.96322757653787,9.71069404873605,25.5197175860655,3760,183,5.9016393442623,0.10297925101761
"result_final_convex_10",33.84,155.829984942713,9.99404220192745,24.1413929710015,8956,183,18.4918032786885,0.100059613497243
"result_final_convex_10",12.22,6.21020362044132,9.7575220257619,25.1318081071521,4240,214,5.71028037383178,0.102485036401639
"result_final_convex_10",27.23,52.5075664600657,9.97639284287777,24.9658042814976,7600,208,13.0913461538462,0.100236630187825
"result_final_convex_10",21.87,27.8668849587815,9.93955301624762,24.5767014241147,6658,234,9.34615384615385,0.100608145896033
"result_final_convex_10",27.36,25.7797510437279,9.97696611440089,24.649519636728,7854,234,11.6923076923077,0.100230870640784
"result_final_convex_10",20.69,33.591079900082,9.92695626603958,25.8153953053778,6404,219,9.44748858447489,0.100735811985093
"result_final_convex_10",1.09,0.111792720771914,9.17800847180778,25.4937293671851,416,30,3.63333333333333,0.108956099035179
"result_final_convex_10",29.6,51.8956481749129,9.98513992217404,24.8854230453791,8516,201,14.726368159204,0.100148821928804
"result_final_convex_10",26.09,32.8158080022669,9.9708248945815,25.5902204578615,7578,214,12.1915887850467,0.100292604731574
"result_final_convex_10",13.3,7.095393722918,9.78893038247941,24.0740542157254,4610,222,5.99099099099099,0.102156207157202
"result_final_convex_10",4.05,1.02685720047845,9.38471247396008,26.1477638754723,1536,90,4.5,0.106556274662087
"result_final_convex_10",13.53,5.38229807219784,9.79517819395615,25.7458949586309,4622,214,6.32242990654206,0.102091047268239
"result_final_convex_10",8.85,1.95054555876422,9.63513018369755,26.1202830305844,3170,169,5.23668639053254,0.103786869604728
"result_final_convex_10",19.81,13.1198238983961,9.91620094895149,24.4583880237135,6110,230,8.61304347826087,0.100845072134781
"result_final_convex_10",1.67,0.0809833008645527,9.22189447371785,26.442116926958,624,42,3.97619047619048,0.108437588702622
"result_final_convex_10",28.09,109.531437798971,9.9799702116966,24.0495503744523,8110,219,12.8264840182648,0.100200699880646
"result_final_convex_10",2.4,0.639081560425831,9.27475587440802,25.2749585634788,956,62,3.87096774193548,0.107819549489094
"result_final_convex_10",39.01,842.740715578778,9.99837766155801,24.573834436969,9186,139,28.0647482014388,0.100016226016829
"result_final_convex_10",31.82,168.587250778133,9.99065424261144,24.9644246468537,8586,204,15.5980392156863,0.100093544998772
"result_final_convex_10",6.21,1.63737268618879,9.50957825029851,24.9973742748898,2322,138,4.5,0.105157134594125
"result_final_convex_10",11.68,2.55048165410446,9.74048146438824,24.5747201523794,4280,217,5.38248847926267,0.102664329649007
"result_final_convex_10",32.1,317.596529293176,9.99120492200314,25.1072916738177,8670,184,17.445652173913,0.100088028201458
"result_final_convex_10",36.58,1294.54966087609,9.99692001744958,23.3969852790616,9114,139,26.3165467625899,0.100030809314719
"result_final_convex_10",37.16,604.231274325314,9.99734320436896,25.4526073192147,9298,153,24.2875816993464,0.100026575016749
"result_final_convex_10",32.21,172.506941635093,9.99141350504507,24.6515413216933,8718,193,16.6891191709845,0.100085938740806
"result_final_convex_10",17.67,13.8203182747991,9.88447259999941,25.7208638998122,5578,235,7.51914893617021,0.101168776571859
"result_final_convex_10",12.37,6.81537208733483,9.76209406468403,24.256521859863,4290,201,6.15422885572139,0.102437037932022
"result_final_convex_10",25.92,28.2320084849718,9.96990617880062,25.0067355460187,7514,236,10.9830508474576,0.100301846583706
"result_final_convex_10",26.73,112.776881551009,9.97407351343197,24.8678195035212,7556,224,11.9330357142857,0.10025993879565
"result_final_convex_10",14,2.15167002000168,9.80748400017884,25.1112324609406,5022,227,6.16740088105727,0.101962949924952
"result_final_convex_10",30.37,93.0377573993387,9.98730388963385,25.2166154677864,8436,210,14.4619047619048,0.10012712249979
"result_final_convex_10",11.77,9.04898740050901,9.7433855799042,25.2952319261213,4014,192,6.13020833333333,0.102633729497733
"result_final_convex_10",36.28,730.499925499371,9.99667925082382,24.7633368663974,9108,165,21.9878787878788,0.1000332185228
"result_final_convex_10",26.97,61.8679705050634,9.97520984269365,24.7184423100898,7712,213,12.6619718309859,0.100248517652233
"result_final_convex_10",40.4,1244.93148761036,9.99890756373538,23.9456890281688,9244,120,33.6666666666667,0.100010925556194
"result_final_convex_10",8.18,5.52923108541688,9.60591497725889,25.8251434866633,3062,165,4.95757575757576,0.104102524576514
"result_final_convex_10",29.17,114.661715861277,9.98379969511157,24.3359447217425,8046,206,14.1601941747573,0.100162265924629
"result_final_convex_10",2.93,1.23615319914794,9.31149924240422,25.3791967945068,1180,72,4.06944444444444,0.107394091323773
"result_final_convex_10",4.6,0.504643506846323,9.41850943362849,24.510285839422,1804,105,4.38095238095238,0.106173912873042
"result_final_convex_10",24.96,37.8049428596851,9.96424520070503,25.2811785399478,7374,231,10.8051948051948,0.100358830985938
"result_final_convex_10",14.16,6.33463975357953,9.81153477556706,25.2429258405646,4788,225,6.29333333333333,0.101920853655865
"result_final_convex_10",23.45,27.0481157306387,9.95353172195011,24.8225332478769,7134,220,10.6590909090909,0.100466852162107
"result_final_convex_10",33.04,293.485934657003,9.99285492346837,24.7026927640054,8740,185,17.8594594594595,0.100071501853938
"result_final_convex_10",43.53,1111.14884096388,9.99959642911973,22.8309140029581,9654,102,42.6764705882353,0.100004035871679
"result_final_convex_10",9.41,5.13523074622147,9.65823995320105,26.1946556513351,3278,182,5.17032967032967,0.1035385334021
"result_final_convex_10",2.07,0.249801089430314,9.25118509168695,24.6568518782877,800,49,4.22448979591837,0.108094259285612
"result_final_convex_10",35.25,443.533353562277,9.99572512829143,23.4566120908063,8624,158,22.3101265822785,0.100042766999429
"result_final_convex_10",25.12,52.9978974462727,9.96524673146287,24.2074184140618,7350,213,11.7934272300469,0.100348744687148
"result_final_convex_10",14.76,5.11723114915568,9.82611785873452,25.7655699586333,5260,255,5.78823529411765,0.101769591447663
"result_final_convex_10",21.43,14.5499197888647,9.93508714834674,24.8385251461438,6700,242,8.85537190082645,0.100653369725741
"result_final_convex_10",5.64,0.979388898707291,9.4786506917737,25.7026756378011,2226,137,4.11678832116788,0.105500248138469
"result_final_convex_10",14.22,10.4227086624533,9.81303599624671,24.8764904511108,5000,236,6.02542372881356,0.101905261570678
"result_final_convex_10",38.84,657.82065531869,9.9982999100225,24.8193558041828,9326,139,27.9424460431655,0.100017003790572
"result_final_convex_10",3.15,0.0849279982560353,9.3263520763119,25.8508355539559,1316,88,3.57954545454545,0.107223059114389
"result_final_convex_10",35.7,508.052143009277,9.99616755936257,25.9421893923974,8658,168,21.25,0.100038339099607
"result_final_convex_10",1.81,0.128584524947026,9.23223633332607,25.7906943680457,778,53,3.41509433962264,0.108316117990854
"result_final_convex_10",19.27,17.0795586609105,9.90897360662935,25.4646662256114,6134,230,8.37826086956522,0.100918625853537
"result_final_convex_10",4.1,0.770620597301894,9.38784288239898,25.2447217285127,1662,100,4.1,0.106520743106478
"result_final_convex_10",9.66,1.99097012047966,9.66818221092974,25.1863897460395,3426,172,5.61627906976744,0.103432059738129
"result_final_convex_10",34.2,449.581250377432,9.99451840300183,24.9924509545277,8850,176,19.4318181818182,0.100054846034367
"result_final_convex_10",27.2,57.2343559811223,9.97625884077891,24.8245359161409,7698,215,12.6511627906977,0.10023797657619
"result_final_convex_10",37.3,794.573943090353,9.99743750941975,23.8001446810061,9224,147,25.3741496598639,0.100025631473844
"result_final_convex_10",36.6,1008.81880882026,9.99693551999336,23.2490708890277,9008,144,25.4166666666667,0.100030654193983
"result_final_convex_10",33.5,282.689907861447,9.99356019673233,24.4058431492904,8760,178,18.8202247191011,0.100064439530467
"result_final_convex_10",25.04,48.7452982997138,9.96474897124231,24.322183915479,7598,232,10.7931034482759,0.100353757318518
"result_final_convex_10",21.9,20.3540007452909,9.93984790873323,25.7548950058344,6858,244,8.97540983606557,0.100605161083138
"result_final_convex_10",17.58,12.8669098223883,9.88294758114356,25.2840085066157,5658,221,7.95475113122172,0.101184387733471
"result_final_convex_10",9.58,1.09937400549285,9.66502550651864,25.8524047673735,3552,190,5.04210526315789,0.103465841794783
"result_final_convex_10",2.01,0.13746806502662,9.24684194563568,24.6974654796448,838,56,3.58928571428571,0.108145030041525
"result_final_convex_10",3.62,0.137919801452055,9.35730735313253,26.741881222277,1492,101,3.58415841584158,0.106868350291522
"result_final_convex_10",38.27,340.629536193927,9.99801550516883,25.1204329165501,9280,142,26.9507042253521,0.100019848887313
"result_final_convex_10",11.78,3.05601368243757,9.74370666328979,24.9306227628927,4172,198,5.94949494949495,0.102630347418768
"result_final_convex_10",2.59,0.105806084214222,9.28808505451815,23.7393843086014,944,56,4.625,0.107664819403603
"result_final_convex_10",29.59,92.0527402086192,9.98510986639918,25.337015597464,8068,207,14.2946859903382,0.100149123382717
"result_final_convex_10",36.37,1170.20290539141,9.99675312352534,26.2765604422345,9136,157,23.1656050955414,0.100032479310377
"result_final_convex_10",7.86,4.59476260087654,9.5913429123573,24.2449503720695,2850,148,5.31081081081081,0.104260686864987
"result_final_convex_10",35.55,489.745583516781,9.99602468437557,24.2015100221252,8802,153,23.2352941176471,0.100039768965663
"result_final_convex_10",1.46,0.0100207289000128,9.20619888291784,26.9997914788474,628,42,3.47619047619048,0.108622463268256
"result_final_convex_10",39.58,1657.56853483413,9.9986166329268,25.4084192725588,9508,140,28.2714285714286,0.100013835584701
"result_final_convex_10",17.98,10.9421658249022,9.88960104491033,25.1960559786002,5894,249,7.22088353413655,0.101116313535686
"result_final_convex_10",37.61,1089.40646441872,9.99763615066757,25.2062563137331,9268,141,26.6737588652482,0.100023644082429
"result_final_convex_10",13.99,10.0459816421356,9.80722851850139,25.4403035225702,4600,208,6.72596153846154,0.101965606094881
"result_final_convex_10",13.09,2.98614379353228,9.78309338292074,24.5093894032642,4638,226,5.79203539823009,0.102217157790377
"result_final_convex_10",39.54,688.097250147316,9.99860090433647,24.7045462330235,9392,132,29.9545454545455,0.100013992914378
"result_final_convex_10",10.78,3.59798506125036,9.70998709509275,25.7022409394854,3928,199,5.41708542713568,0.102986748613227
"result_final_convex_10",34.96,528.986177641483,9.99541728714787,24.8024330983445,8762,156,22.4102564102564,0.100045848139407
"result_final_convex_10",28.5,55.472217731859,9.98150603590828,25.1028225905933,7968,229,12.4454148471616,0.10018528230134
"result_final_convex_10",12.53,4.66390472198832,9.76689500013375,25.1120853142053,4386,205,6.11219512195122,0.102386684815011
"result_final_convex_10",3.34,2.07843724339833,9.33899267834839,24.2798515676621,1340,85,3.92941176470588,0.107077929541417
"result_final_convex_10",35.92,1225.2378778494,9.99636910658226,25.5941955901849,8880,137,26.2189781021898,0.100036322122353
"result_final_convex_10",42.4,2590.34479924166,9.99940994187082,23.9279416813486,9784,96,44.1666666666667,0.100005900929481
"result_final_convex_10",21.7,57.4578724152775,9.9378590329501,24.9054826809102,6442,220,9.86363636363636,0.100625295316062
"result_final_convex_10",2.79,0.0779176910465363,9.30192594125857,24.7449371633913,1082,68,4.10294117647059,0.107504618539749
"result_final_convex_10",13.47,17.2703182529911,9.7935628212622,25.1751063294733,4468,204,6.60294117647059,0.10210788639952
"result_final_convex_10",36.54,1598.49275875502,9.9968888098937,25.4104494680193,9396,134,27.2686567164179,0.100031121583579
"result_final_convex_10",25.11,49.8544967679222,9.96518483816354,24.8527588271431,7360,231,10.8701298701299,0.100349367948531
"result_final_convex_10",24.06,36.2319557742057,9.95814579492777,25.5614188752632,7208,238,10.109243697479,0.100420301187933
"result_final_convex_10",28.99,81.7689557039028,9.98320876392756,25.4247579979073,8016,180,16.1055555555556,0.100168194780551
"result_final_convex_10",21.22,17.813248651571,9.93286055317717,25.0013375106332,6560,256,8.2890625,0.1006759326426
"result_final_convex_10",3.91,2.33836897980377,9.3758851959448,24.5067704294162,1496,93,4.20430107526882,0.106656596054793
"result_final_convex_10",16.99,11.4850945613322,9.87253580005957,25.8204213116824,5566,229,7.41921397379913,0.101291098888086
"result_final_convex_10",31.67,185.110512346097,9.99034724785986,24.0854535652673,8498,187,16.9358288770053,0.100096620787052
"result_final_convex_10",28.21,58.0452647889105,9.98043057123932,24.6647474349312,7970,235,12.0042553191489,0.100196078001054
"result_final_convex_10",4.8,0.752467796465514,9.4304542309279,25.1253887763001,1802,108,4.44444444444444,0.106039430923743
"result_final_convex_10",34.44,337.643730467472,9.99481734271049,24.3875479581405,8734,175,19.68,0.100051853446759
"result_final_convex_10",26.89,46.3852545390645,9.97483586363826,23.9776967688248,7672,215,12.506976744186,0.100252276194874
"result_final_convex_10",8.91,3.04302777239053,9.63766249641373,25.8089499195638,3034,149,5.97986577181208,0.103759599422797
"result_final_convex_10",37.95,1643.08899297433,9.99783867467887,25.3914059969235,9206,153,24.8039215686275,0.100021617925548
"result_final_convex_10",8.62,1.53587305649434,9.62529609587691,25.7236672420523,3078,170,5.07058823529412,0.103892907816972
"result_final_convex_10",2.04,1.14759226586002,9.24901573819869,22.1649818857484,788,51,4,0.108119612757277
"result_final_convex_10",11.68,3.80923491721086,9.74048146438824,23.9469238836931,3998,198,5.8989898989899,0.102664329649007
"result_final_convex_10",44.78,10782.544844678,9.99974470099826,26.1896865038818,10050,94,47.6382978723404,0.100002553055197
"result_final_convex_10",5.17,0.63802962715937,9.45207335635544,25.4778569788988,2054,127,4.07086614173228,0.10579689368657
"result_final_convex_10",14.6,27.6124671817371,9.8223213820551,23.9231861695673,4688,206,7.0873786407767,0.101808926943375
"result_final_convex_10",29.14,121.987608738334,9.98370245853009,25.0646000432208,8302,210,13.8761904761905,0.100163241458142
"result_final_convex_10",5.03,1.85615103890853,9.44396586203914,25.376772953817,1800,105,4.79047619047619,0.105887718635196
"result_final_convex_10",22.37,17.7594542975806,9.94431313840355,25.0308993882978,6986,244,9.16803278688525,0.100559987007865
"result_final_convex_10",28.55,26.702951422393,9.98168626917968,24.7195850436543,8082,203,14.064039408867,0.100183473316296
"result_final_convex_10",6.9,2.28381592077335,9.5451485316912,24.8532764977461,2560,152,4.53947368421053,0.104765263387978
"result_final_convex_10",42.01,1788.0483706011,9.99933124715764,24.4127614948724,9600,119,35.3025210084034,0.100006687975684
"result_final_convex_10",29.74,80.9030334802683,9.98555528895247,25.0915085547763,8102,190,15.6526315789474,0.100144656061977
"result_final_convex_10",3.71,0.333524580504991,9.36311530027196,24.7930945315247,1404,85,4.36470588235294,0.106802059777151
"result_final_convex_10",6.2,3.35869240350836,9.50904781494533,25.6033379251599,2222,123,5.04065040650407,0.105163000487631
"result_final_convex_10",19.46,12.955288954187,9.91157317683499,25.4580140677464,6532,261,7.45593869731801,0.100892157295188
"result_final_convex_10",20.54,19.578097083943,9.92520889933529,24.783574021833,6464,230,8.9304347826087,0.100753546866603
"result_final_convex_10",41.5,5990.62038688567,9.99921540403442,26.2712888030053,9612,123,33.739837398374,0.100007846575295
"result_final_convex_10",20.01,12.8535085002758,9.91875394727748,24.5654147983333,6218,221,9.05429864253394,0.100819115517477
"result_final_convex_10",15.45,6.8136190294362,9.84174598165513,25.3705388013885,5190,234,6.6025641025641,0.101607987227468
"result_final_convex_10",44.62,3311.60266027351,9.9997285499801,24.9346731256114,9322,99,45.0707070707071,0.100002714573886
"result_final_convex_10",13.9,11.6737783650909,9.80491688427895,25.0182722902757,4644,211,6.58767772511848,0.101989645787144
"result_final_convex_10",23.62,17.2050673180881,9.95485862612337,24.5586727409313,6976,228,10.359649122807,0.100453460722769
"result_final_convex_10",9.44,1.82106019275053,9.65944509996556,24.8671100974194,3498,183,5.15846994535519,0.103525615566009
"result_final_convex_10",23.92,74.7324424884872,9.95712249897082,25.2693965245407,7016,220,10.8727272727273,0.100430621407275
"result_final_convex_10",40.9,1345.99225780913,9.99905812514969,23.6265327226077,9454,118,34.6610169491525,0.100009419635715
"result_final_convex_10",25.77,39.863318259403,9.96907530982542,24.820262373861,7424,236,10.9194915254237,0.100310206204823
"result_final_convex_10",20.49,11.7413332679366,9.92461877343491,25.060883102798,6360,223,9.18834080717489,0.100759537754406
"result_final_convex_10",10.87,10.2656994010198,9.71315772008572,24.9042027043171,3768,192,5.66145833333333,0.102953131084458
"result_final_convex_10",22.2,11.9371218738503,9.94273124715637,25.2996889906986,6810,241,9.21161825726141,0.100575986129164
"result_final_convex_10",5.11,0.240953679434807,9.4486095142086,25.1256517569147,2096,136,3.75735294117647,0.105835678625117
"result_final_convex_10",26.62,20.2168410965691,9.97353809933564,24.8918835716082,7778,235,11.3276595744681,0.100265321096694
"result_final_convex_10",10.57,1.41049421433419,9.70248180113341,26.2660053094222,3862,224,4.71875,0.103066413366855
"result_final_convex_10",36.98,2090.26225209386,9.99721758425146,24.9332026921014,9252,139,26.6043165467626,0.100027831901477
"result_final_convex_10",33.41,136.263976321917,9.99342713023153,24.2106795010722,8870,184,18.1576086956522,0.100065771928717
"result_final_convex_10",31.63,75.5265046338098,9.99026393586036,24.9821749918369,8518,211,14.9905213270142,0.10009745552472
"result_final_convex_10",5.43,0.967569715175207,9.46689710458677,25.2875207474608,2048,123,4.41463414634146,0.105631231537892
"result_final_convex_10",41.27,1318.10504089899,9.99915794380934,25.9773755157891,9648,145,28.4620689655172,0.100008421271025
"result_final_convex_10",38.2,437.571932662784,9.99797792250088,25.7438787752349,9480,165,23.1515151515152,0.100020224864616
"result_final_convex_10",33.22,182.267869930893,9.99313842571641,25.3898362690729,8844,207,16.048309178744,0.100068662856365
"result_final_convex_10",25.43,24.7722868266883,9.96711983724295,24.8581022571737,7548,223,11.4035874439462,0.100329886299091
"result_final_convex_10",32.08,621.961667661277,9.99116653408344,24.5202914158849,8454,180,17.8222222222222,0.100088412758274
"result_final_convex_10",21.35,12.6635611858106,9.93424630323988,25.2291836306827,6624,242,8.82231404958678,0.100661889133337
"result_final_convex_10",29.37,109.048477286251,9.98443536466429,23.6518119622507,8306,209,14.0526315789474,0.100155888988884
"result_final_convex_10",8.02,1.12000937062059,9.59867963512429,24.7039053771323,3124,185,4.33513513513514,0.104180995513249
"result_final_convex_10",31.74,343.957033836741,9.99049157213075,24.5384014780534,8634,179,17.731843575419,0.100095174774941
"result_final_convex_10",32.33,146.157437528798,9.99163619072158,25.8381816961087,8462,185,17.4756756756757,0.100083708104646
"result_final_convex_10",25.74,63.5803494319083,9.96890682638758,24.6450181082739,7432,223,11.542600896861,0.100311901536988
"result_final_convex_10",27.84,76.6210098402515,9.97898142657505,25.6481130308733,7720,201,13.8507462686567,0.100210628445194
"result_final_convex_10",34.06,310.015285668914,9.99433726068588,23.9140447954006,8644,172,19.8023255813953,0.100056659477927
"result_final_convex_10",2.33,0.42711127762852,9.26980066056514,24.8895101602565,924,62,3.75806451612903,0.107877184916621
"result_final_convex_10",34.64,733.843310966858,9.99505563325172,24.4819263201092,8868,169,20.4970414201183,0.100049468126339
"result_final_convex_10",40.92,2620.12855739576,9.99906376352961,24.8352091841828,9398,120,34.1,0.100009363241325
"result_final_convex_10",38.99,487.361351194683,9.99836867500433,23.2910285182275,8992,131,29.763358778626,0.100016315911612
"result_final_convex_10",29.86,124.956592698918,9.98590337574021,24.5382203938458,8430,222,13.4504504504505,0.10014116523793
"result_final_convex_10",7.82,2.21718989854349,9.58949279582715,25.4673200761317,2910,160,4.8875,0.104280802049838
"result_final_convex_10",34.84,93.3636015696815,9.99528443154986,25.1794348881508,8608,169,20.6153846153846,0.100047177931578
"result_final_convex_10",2.9,0.494858122680999,9.30945579384989,25.1239803713295,1128,78,3.71794871794872,0.107417664592234
"result_final_convex_10",22.12,12.5085708822801,9.94197391359784,24.7711822173604,6490,233,9.49356223175966,0.100583647542293
"result_final_convex_10",10.95,3.33123649273286,9.71595309864968,25.2013660736587,4070,218,5.02293577981651,0.102923510421122
"result_final_convex_10",13.64,4.17572543521186,9.79811336075342,25.2217039767619,4692,210,6.4952380952381,0.102060464416091
"result_final_convex_10",39.86,1246.72042987034,9.99872258088437,24.6384554238931,9414,130,30.6615384615385,0.100012775823164
"result_final_convex_10",12.25,15.5787847609666,9.7584419778515,25.0302297177424,4126,203,6.03448275862069,0.102475374887679
"result_final_convex_10",26.98,47.1634288963387,9.97525625634486,24.1940340446424,7890,220,12.2636363636364,0.100248051208102
"result_final_convex_10",1.46,0.0501040579691938,9.20619888291784,24.565570625851,504,27,5.40740740740741,0.108622463268256
"result_final_convex_10",11.49,3.20589017556871,9.73426510260121,25.8494041387234,4112,221,5.19909502262443,0.102729891723699
"result_final_convex_10",3.13,1.45418686193084,9.32501143157776,25.2727222356264,1164,75,4.17333333333333,0.107238474433785
"result_final_convex_10",7.19,4.92721937297472,9.55950118329282,24.7029372903116,2486,137,5.24817518248175,0.104607968640425
"result_final_convex_10",20.41,9.26884281778472,9.92366651981244,25.1572166676817,6490,239,8.53974895397489,0.100769206422194
"result_final_linear_50",3.68,2.22375753137546,6.75266404935502,26.2115393618511,1388,81,4.54320987654321,0.148089700996678
"result_final_linear_50",16.55,19.7243787500753,7.13857998289136,24.3540707199368,5588,236,7.01271186440678,0.14008388256441
"result_final_linear_50",10.21,13.7865803345964,6.92931007871585,25.1209751047959,3564,179,5.70391061452514,0.144314511638267
"result_final_linear_50",18.95,130.064032160569,7.23015165031222,24.6487822457833,6096,246,7.70325203252033,0.138309685379395
"result_final_linear_50",25.94,158.421808958461,7.54790052996331,25.2603646417481,7516,217,11.9539170506912,0.132487172562787
"result_final_linear_50",19.32,54.3738168175875,7.24497126436782,25.0874911769656,6102,249,7.75903614457831,0.138026772434308
"result_final_linear_50",29.37,322.850141900108,7.73942581634889,24.1852782475291,8110,201,14.6119402985075,0.129208551606966
"result_final_linear_50",8.18,18.4265097135692,6.87069739598922,25.4732128572436,3036,169,4.84023668639053,0.145545632759747
"result_final_linear_50",12.27,6.67472206420944,6.99266698549338,25.0622599259696,4432,216,5.68055555555556,0.143006953151716
"result_final_linear_50",24.58,182.735049764777,7.4791749305831,24.4459418206822,7102,221,11.1221719457014,0.133704587642535
"result_final_linear_50",41.33,3918.46120006867,8.71250371250371,25.490101283755,9530,131,31.5496183206107,0.114777569456281
"result_final_linear_50",10.19,7.73398241419483,6.92871470452091,24.917199871124,3670,204,4.99509803921569,0.14432691237056
"result_final_linear_50",12.68,26.6139913081046,7.00577663671374,24.4758664575216,4064,190,6.67368421052632,0.14273934951901
"result_final_linear_50",10.38,20.4672920038952,6.93438563912101,25.3709974293383,3790,208,4.99038461538461,0.144208881945994
"result_final_linear_50",7.01,7.30786462903283,6.83850566259744,25.6842428873626,2464,132,5.31060606060606,0.146230777502957
"result_final_linear_50",0.74,0.672200573358153,6.6832749798007,22.748750330235,316,25,2.96,0.149627241587749
"result_final_linear_50",33.83,2605.3921052731,8.03619140150595,25.1200786600957,8750,173,19.5549132947977,0.124437056067704
"result_final_linear_50",18.98,38.2790966158025,7.23134594787576,25.0790078805072,6170,252,7.53174603174603,0.138286842754875
"result_final_linear_50",37.76,3116.26247108698,8.35660580021482,25.4801959693378,9392,148,25.5135135135135,0.119665809768638
"result_final_linear_50",9.27,9.9426394679051,6.90171915411532,24.1689427061347,3330,164,5.65243902439024,0.144891436129174
"result_final_linear_50",42.75,6570.54984294862,8.87596899224806,27.0788637767366,9372,111,38.5135135135135,0.112663755458515
"result_final_linear_50",21.64,43.3752085735396,7.34257871064468,24.5675629618925,6872,259,8.35521235521236,0.136191934660541
"result_final_linear_50",10.8,11.8061037165915,6.94704049844237,25.5197175860655,3760,183,5.9016393442623,0.143946188340807
"result_final_linear_50",33.84,414.60889623285,8.03692905733722,24.1413929710015,8956,183,18.4918032786885,0.124425634824667
"result_final_linear_50",12.22,25.9072215581222,6.99107996177126,25.1318081071521,4240,214,5.71028037383178,0.143039416723627
"result_final_linear_50",27.23,171.167500380995,7.61670504500733,24.9658042814976,7600,208,13.0913461538462,0.131290366909441
"result_final_linear_50",21.87,101.581558070295,7.35271974402409,24.5767014241147,6658,234,9.34615384615385,0.136004095737873
"result_final_linear_50",27.36,83.7565306861434,7.62384550797649,24.649519636728,7854,234,11.6923076923077,0.131167400881057
"result_final_linear_50",20.69,124.848232779035,7.30160191493279,25.8153953053778,6404,219,9.44748858447489,0.136956247635859
"result_final_linear_50",1.09,0.387628253246799,6.69124611013395,25.4937293671851,416,30,3.63333333333333,0.149448994034981
"result_final_linear_50",29.6,161.119977793941,7.75330396475771,24.8854230453791,8516,201,14.726368159204,0.128977272727273
"result_final_linear_50",26.09,109.818016763862,7.55571457779595,25.5902204578615,7578,214,12.1915887850467,0.132350155594642
"result_final_linear_50",13.3,28.3135213387527,7.0259319286872,24.0740542157254,4610,222,5.99099099099099,0.142329873125721
"result_final_linear_50",4.05,3.81394365884392,6.76180408738548,26.1477638754723,1536,90,4.5,0.147889525794685
"result_final_linear_50",13.53,21.4122852929103,7.03351228241419,25.7458949586309,4622,214,6.32242990654206,0.142176477391003
"result_final_linear_50",8.85,7.70073451138048,6.8896447467876,26.1202830305844,3170,169,5.23668639053254,0.145145364783324
"result_final_linear_50",19.81,49.4097782332609,7.26490306214894,24.4583880237135,6110,230,8.61304347826087,0.137648085796234
"result_final_linear_50",1.67,0.480239765432533,6.70462293740625,26.442116926958,624,42,3.97619047619048,0.149150818671819
"result_final_linear_50",28.09,348.997728323039,7.66467704114261,24.0495503744523,8110,219,12.8264840182648,0.130468641357252
"result_final_linear_50",2.4,2.29050703585553,6.72176308539945,25.2749585634788,956,62,3.87096774193548,0.148770491803279
"result_final_linear_50",39.01,1808.78248288084,8.47318699638789,24.573834436969,9186,139,28.0647482014388,0.118019347434006
"result_final_linear_50",31.82,481.503540189436,7.89485873089393,24.9644246468537,8586,204,15.5980392156863,0.126664711058962
"result_final_linear_50",6.21,6.29225693760638,6.81712458206135,24.9973742748898,2322,138,4.5,0.146689412517326
"result_final_linear_50",11.68,10.1738828632385,6.97409981048642,24.5747201523794,4280,217,5.38248847926267,0.14338768115942
"result_final_linear_50",32.1,897.449497044446,7.91375291375291,25.1072916738177,8670,184,17.445652173913,0.126362297496318
"result_final_linear_50",36.58,3095.66163047166,8.25351379489849,23.3969852790616,9114,139,26.3165467625899,0.121160517187007
"result_final_linear_50",37.16,1410.2012063505,8.30338266384778,25.4526073192147,9298,153,24.2875816993464,0.120432845321451
"result_final_linear_50",32.21,485.851004490298,7.92124328114045,24.6515413216933,8718,193,16.6891191709845,0.126242808673846
"result_final_linear_50",17.67,53.4206155820144,7.18035932321647,25.7208638998122,5578,235,7.51914893617021,0.139268796307543
"result_final_linear_50",12.37,27.1870631520927,6.99584863483953,24.256521859863,4290,201,6.15422885572139,0.142941914869337
"result_final_linear_50",25.92,94.8432128460299,7.54686226568867,25.0067355460187,7514,236,10.9830508474576,0.132505399568035
"result_final_linear_50",26.73,372.452885296467,7.58960016573441,24.8678195035212,7556,224,11.9330357142857,0.131759246622083
"result_final_linear_50",14,8.54943207098118,7.04918032786885,25.1112324609406,5022,227,6.16740088105727,0.141860465116279
"result_final_linear_50",30.37,279.785198973328,7.80080663231011,25.2166154677864,8436,210,14.4619047619048,0.128191871319833
"result_final_linear_50",11.77,36.0910545476428,6.97690969476514,25.2952319261213,4014,192,6.13020833333333,0.143329933129321
"result_final_linear_50",36.28,1768.83709915085,8.22830578512397,24.7633368663974,9108,165,21.9878787878788,0.121531701192718
"result_final_linear_50",26.97,203.248590155546,7.60254007911722,24.7184423100898,7712,213,12.6619718309859,0.131534985622347
"result_final_linear_50",40.4,2489.85539688518,8.61271676300578,23.9456890281688,9244,120,33.6666666666667,0.116107382550336
"result_final_linear_50",8.18,21.7085432547709,6.87069739598922,25.8251434866633,3062,165,4.95757575757576,0.145545632759747
"result_final_linear_50",29.17,354.385755697465,7.72747108880646,24.3359447217425,8046,206,14.1601941747573,0.129408442750247
"result_final_linear_50",2.93,4.49618740917087,6.73442486471486,25.3791967945068,1180,72,4.06944444444444,0.148490779849593
"result_final_linear_50",4.6,1.89187350392273,6.77556818181818,24.510285839422,1804,105,4.38095238095238,0.147589098532495
"result_final_linear_50",24.96,129.744299649963,7.49800159872102,25.2811785399478,7374,231,10.8051948051948,0.133368869936034
"result_final_linear_50",14.16,25.1420458642515,7.05456936226167,25.2429258405646,4788,225,6.29333333333333,0.141752096924511
"result_final_linear_50",23.45,95.7908973419343,7.42483026188167,24.8225332478769,7134,220,10.6590909090909,0.134683213585892
"result_final_linear_50",33.04,803.59852768488,7.97902764537655,24.7026927640054,8740,185,17.8594594594595,0.125328554360812
"result_final_linear_50",43.53,1857.42151876788,8.97203686050207,22.8309140029581,9654,102,42.6764705882353,0.111457411014698
"result_final_linear_50",9.41,20.3356274255387,6.90577831986583,26.1946556513351,3278,182,5.17032967032967,0.144806270007727
"result_final_linear_50",2.07,0.888437672179316,6.7139723022076,24.6568518782877,800,49,4.22448979591837,0.148943122638619
"result_final_linear_50",35.25,1119.32697970758,8.14465408805031,23.4566120908063,8624,158,22.3101265822785,0.122779922779923
"result_final_linear_50",25.12,181.655506171355,7.50601443464314,24.2074184140618,7350,213,11.7934272300469,0.133226495726496
"result_final_linear_50",14.76,20.2500420572769,7.07503320053121,25.7655699586333,5260,255,5.78823529411765,0.141342092914125
"result_final_linear_50",21.43,53.5785124793733,7.33339555721486,24.8385251461438,6700,242,8.85537190082645,0.136362479317806
"result_final_linear_50",5.64,3.73371287266065,6.80219146482122,25.7026756378011,2226,137,4.11678832116788,0.147011445527766
"result_final_linear_50",14.22,42.1406251398782,7.05659756498848,24.8764904511108,5000,236,6.02542372881356,0.141711354628119
"result_final_linear_50",38.84,1422.12909732355,8.45685840707965,24.8193558041828,9326,139,27.9424460431655,0.118247220405494
"result_final_linear_50",3.15,0.309547670971091,6.73973556019485,25.8508355539559,1316,88,3.57954545454545,0.14837377387713
"result_final_linear_50",35.7,1259.98876706145,8.18066157760814,25.9421893923974,8658,168,21.25,0.122239502332815
"result_final_linear_50",1.81,0.454302302557733,6.70788359065446,25.7906943680457,778,53,3.41509433962264,0.149078317547612
"result_final_linear_50",19.27,64.7788263719678,7.24295711465997,25.4646662256114,6134,230,8.37826086956522,0.13806515545646
"result_final_linear_50",4.1,2.86294762807039,6.76304654442877,25.2447217285127,1662,100,4.1,0.147862356621481
"result_final_linear_50",9.66,8.37621348681138,6.91307009488828,25.1863897460395,3426,172,5.61627906976744,0.144653531104715
"result_final_linear_50",34.2,1180.70864466374,8.06372549019608,24.9924509545277,8850,176,19.4318181818182,0.124012158054711
"result_final_linear_50",27.2,187.644669213499,7.61506276150628,24.8245359161409,7698,215,12.6511627906977,0.131318681318681
"result_final_linear_50",37.3,1855.97792827974,8.315649867374,23.8001446810061,9224,147,25.3741496598639,0.120255183413078
"result_final_linear_50",36.6,2410.15796117956,8.25520833333333,23.2490708890277,9008,144,25.4166666666667,0.121135646687697
"result_final_linear_50",33.5,762.210632361177,8.01204819277108,24.4058431492904,8760,178,18.8202247191011,0.124812030075188
"result_final_linear_50",25.04,167.004996119284,7.50200160128103,24.322183915479,7598,232,10.7931034482759,0.133297758804696
"result_final_linear_50",21.9,74.8483158425257,7.35404896421846,25.7548950058344,6858,244,8.97540983606557,0.135979513444302
"result_final_linear_50",17.58,49.7967463172485,7.17694183211425,25.2840085066157,5658,221,7.95475113122172,0.13933511283669
"result_final_linear_50",9.58,4.35745579357116,6.91073066340569,25.8524047673735,3552,190,5.04210526315789,0.144702499447025
"result_final_linear_50",2.01,0.48810518525151,6.7125633648445,24.6974654796448,838,56,3.58928571428571,0.148974385141341
"result_final_linear_50",3.62,0.54931778920983,6.75119080975063,26.741881222277,1492,101,3.58415841584158,0.148122017015978
"result_final_linear_50",38.27,757.704261129904,8.40321263272529,25.1204329165501,9280,142,26.9507042253521,0.119002105945245
"result_final_linear_50",11.78,12.187394325491,6.97722239797532,24.9306227628927,4172,198,5.94949494949495,0.143323509408298
"result_final_linear_50",2.59,0.380889802712893,6.72628090042812,23.7393843086014,944,56,4.625,0.148670567703521
"result_final_linear_50",29.59,281.170396000511,7.75269764369082,25.337015597464,8068,207,14.2946859903382,0.128987359750035
"result_final_linear_50",36.37,2822.91981847955,8.23582707740098,26.2765604422345,9136,157,23.1656050955414,0.121420713499921
"result_final_linear_50",7.86,17.9882979469717,6.86178135239797,24.2449503720695,2850,148,5.31081081081081,0.145734751465162
"result_final_linear_50",35.55,1230.48934586511,8.16856780735108,24.2015100221252,8802,153,23.2352941176471,0.122420480993018
"result_final_linear_50",1.46,0.0350886480702414,6.69975523524612,26.9997914788474,628,42,3.47619047619048,0.14925918408768
"result_final_linear_50",39.58,3456.20566517393,8.52907961603614,25.4084192725588,9508,140,28.2714285714286,0.117245945051307
"result_final_linear_50",17.98,42.1578433404547,7.19221325850579,25.1960559786002,5894,249,7.22088353413655,0.139039258717386
"result_final_linear_50",37.61,2491.71598040284,8.34313987697245,25.2062563137331,9268,141,26.6737588652482,0.119858951755089
"result_final_linear_50",13.99,39.8995391038124,7.04884445172922,25.4403035225702,4600,208,6.72596153846154,0.141867224741309
"result_final_linear_50",13.09,11.8937461933543,7.01905992569859,24.5093894032642,4638,226,5.79203539823009,0.142469221033253
"result_final_linear_50",39.54,1437.7934208375,8.52509870276368,24.7045462330235,9392,132,29.9545454545455,0.117300694674165
"result_final_linear_50",10.78,14.3340394201012,6.94643413266895,25.7022409394854,3928,199,5.41708542713568,0.143958753642681
"result_final_linear_50",34.96,1350.39580857206,8.12187812187812,24.8024330983445,8762,156,22.4102564102564,0.123124231242312
"result_final_linear_50",28.5,175.343455177672,7.68817204301075,25.1028225905933,7968,229,12.4454148471616,0.13006993006993
"result_final_linear_50",12.53,18.6086955265532,7.00096046102129,25.1120853142053,4386,205,6.11219512195122,0.142837544300903
"result_final_linear_50",3.34,7.60600859032588,6.74434831147083,24.2798515676621,1340,85,3.92941176470588,0.14827229464101
"result_final_linear_50",35.92,3010.76060757679,8.1985670419652,25.5941955901849,8880,137,26.2189781021898,0.121972534332085
"result_final_linear_50",42.4,4697.22090866237,8.83435582822086,23.9279416813486,9784,96,44.1666666666667,0.113194444444444
"result_final_linear_50",21.7,210.057260607043,7.34521575984991,24.9054826809102,6442,220,9.86363636363636,0.136143039591315
"result_final_linear_50",2.79,0.479893389072815,6.7310621797535,24.7449371633913,1082,68,4.10294117647059,0.148564962452423
"result_final_linear_50",13.47,68.7273848765322,7.0315293352836,25.1751063294733,4468,204,6.60294117647059,0.142216572287068
"result_final_linear_50",36.54,3828.39569377799,8.25013000520021,25.4104494680193,9396,134,27.2686567164179,0.121210211156634
"result_final_linear_50",25.11,170.538803898122,7.50551212667869,24.8527588271431,7360,231,10.8701298701299,0.133235411937508
"result_final_linear_50",24.06,126.771294192645,7.4538672948567,25.5614188752632,7208,238,10.109243697479,0.1341585462207
"result_final_linear_50",28.99,254.165077535109,7.71680069550098,25.4247579979073,8016,180,16.1055555555556,0.129587382058865
"result_final_linear_50",21.22,65.648518443358,7.32428412049089,25.0013375106332,6560,256,8.2890625,0.136532114749937
"result_final_linear_50",3.91,8.655794788171,6.75833450555634,24.5067704294162,1496,93,4.20430107526882,0.147965449058175
"result_final_linear_50",16.99,45.1138699583035,7.15480089639717,25.8204213116824,5566,229,7.41921397379913,0.139766293217685
"result_final_linear_50",31.67,530.445330847766,7.88483729517655,24.0854535652673,8498,187,16.9358288770053,0.126825698814576
"result_final_linear_50",28.21,184.333050197667,7.67151100662535,24.6647474349312,7970,235,12.0042553191489,0.130352416771138
"result_final_linear_50",4.8,2.8311871985628,6.78062678062678,25.1253887763001,1802,108,4.44444444444444,0.147478991596639
"result_final_linear_50",34.44,884.522834467839,8.08185404339251,24.3875479581405,8734,175,19.68,0.123733984136669
"result_final_linear_50",26.89,152.240945945643,7.59821242984826,23.9776967688248,7672,215,12.506976744186,0.131609902886062
"result_final_linear_50",8.91,12.016648611495,6.89136026630353,25.8089499195638,3034,149,5.97986577181208,0.145109232627072
"result_final_linear_50",37.95,3730.28960619041,8.37381916329285,25.3914059969235,9206,153,24.8039215686275,0.11941982272361
"result_final_linear_50",8.62,6.05085092796488,6.88309731846942,25.7236672420523,3078,170,5.07058823529412,0.145283431823156
"result_final_linear_50",2.04,4.07772878415784,6.71326754385965,22.1649818857484,788,51,4,0.148958758677011
"result_final_linear_50",11.68,15.2613564606111,6.97409981048642,23.9469238836931,3998,198,5.8989898989899,0.14338768115942
"result_final_linear_50",44.78,16604.0623031777,9.13633355393779,26.1896865038818,10050,94,47.6382978723404,0.109453096704093
"result_final_linear_50",5.17,2.41484554843688,6.79006157811829,25.4778569788988,2054,127,4.07086614173228,0.147274069387325
"result_final_linear_50",14.6,109.5728035905,7.06953642384106,23.9231861695673,4688,206,7.0873786407767,0.141451990632318
"result_final_linear_50",29.14,377.295601996522,7.72568687309202,25.0646000432208,8302,210,13.8761904761905,0.129438329099633
"result_final_linear_50",5.03,7.00937113173055,6.7864799199657,25.376772953817,1800,105,4.79047619047619,0.14735179530378
"result_final_linear_50",22.37,64.19425815418,7.37507125213756,25.0308993882978,6986,244,9.16803278688525,0.135591910343939
"result_final_linear_50",28.55,84.4056977841758,7.69106566200215,24.7195850436543,8082,203,14.064039408867,0.130020993701889
"result_final_linear_50",6.9,8.85209395386543,6.83553597650514,24.8532764977461,2560,152,4.53947368421053,0.146294307196563
"result_final_linear_50",42.01,3277.3221399127,8.78902697787208,24.4127614948724,9600,119,35.3025210084034,0.113778237627177
"result_final_linear_50",29.74,247.342104113757,7.76182059213433,25.0915085547763,8102,190,15.6526315789474,0.128835752917734
"result_final_linear_50",3.71,1.5391215178662,6.75340159910226,24.7930945315247,1404,85,4.36470588235294,0.148073527884515
"result_final_linear_50",6.2,12.9089350571791,6.81686046511628,25.6033379251599,2222,123,5.04065040650407,0.146695095948827
"result_final_linear_50",19.46,49.0206845964906,7.25063017644941,25.4580140677464,6532,261,7.45593869731801,0.137919046436553
"result_final_linear_50",20.54,73.9157733244257,7.29526257803893,24.783574021833,6464,230,8.9304347826087,0.137075257991442
"result_final_linear_50",41.5,11292.4565730509,8.73134328358209,26.2712888030053,9612,123,33.739837398374,0.114529914529915
"result_final_linear_50",20.01,48.2527564496174,7.27314057101291,24.5654147983333,6218,221,9.05429864253394,0.137492186523315
"result_final_linear_50",15.45,26.8498960516101,7.09907640638119,25.3705388013885,5190,234,6.6025641025641,0.140863394441159
"result_final_linear_50",44.62,5155.63156420453,9.11454904542462,24.9346731256114,9322,99,45.0707070707071,0.109714698447093
"result_final_linear_50",13.9,46.3843470083534,7.04582651391162,25.0182722902757,4644,211,6.58767772511848,0.141927990708479
"result_final_linear_50",23.62,60.7195977921374,7.43285325029194,24.5586727409313,6976,228,10.359649122807,0.134537837130139
"result_final_linear_50",9.44,7.44774976969066,6.90665039658328,24.8671100974194,3498,183,5.15846994535519,0.144787985865724
"result_final_linear_50",23.92,263.49839209507,7.44714173844949,25.2693965245407,7016,220,10.8727272727273,0.134279705573081
"result_final_linear_50",40.9,2621.99111786678,8.66568914956012,23.6265327226077,9454,118,34.6610169491525,0.115397631133672
"result_final_linear_50",25.77,134.390062361617,7.53910217347146,24.820262373861,7424,236,10.9194915254237,0.132641789034083
"result_final_linear_50",20.49,45.3414287360152,7.29315721885893,25.060883102798,6360,223,9.18834080717489,0.137114828323481
"result_final_linear_50",10.87,40.8867056877429,6.94916575705598,24.9042027043171,3768,192,5.66145833333333,0.143902165376416
"result_final_linear_50",22.2,43.5584743910227,7.36742424242424,25.2996889906986,6810,241,9.21161825726141,0.13573264781491
"result_final_linear_50",5.11,0.917633544477091,6.78852482472457,25.1256517569147,2096,136,3.75735294117647,0.147307408578354
"result_final_linear_50",26.62,69.442293902536,7.58371227780074,24.8918835716082,7778,235,11.3276595744681,0.131861542654674
"result_final_linear_50",10.57,5.61594864499862,6.94009002017694,26.2660053094222,3862,224,4.71875,0.144090349994409
"result_final_linear_50",36.98,4916.26273493491,8.28774329300368,24.9332026921014,9252,139,26.6043165467626,0.120660107902253
"result_final_linear_50",33.41,369.430117114897,8.00553017552296,24.2106795010722,8870,184,18.1576086956522,0.124913650698303
"result_final_linear_50",31.63,216.773971761378,7.88217661978326,24.9821749918369,8518,211,14.9905213270142,0.126868509580225
"result_final_linear_50",5.43,3.67704785209317,6.79675147333621,25.2875207474608,2048,123,4.41463414634146,0.147129110711642
"result_final_linear_50",41.27,2516.89650246349,8.70589979246961,25.9773755157891,9648,145,28.4620689655172,0.114864634769283
"result_final_linear_50",38.2,974.486813533371,8.39673913043478,25.7438787752349,9480,165,23.1515151515152,0.119093851132686
"result_final_linear_50",33.22,496.171939945006,7.99186213499282,25.3898362690729,8844,207,16.048309178744,0.12512728361785
"result_final_linear_50",25.43,84.2816096368988,7.52168650393383,24.8581022571737,7548,223,11.4035874439462,0.132948907067185
"result_final_linear_50",32.08,1760.54644336665,7.91239515377446,24.5202914158849,8454,180,17.8222222222222,0.126383981154299
"result_final_linear_50",21.35,46.5700019199723,7.32991612301957,25.2291836306827,6624,242,8.82231404958678,0.136427209154482
"result_final_linear_50",29.37,335.261575570655,7.73942581634889,23.6518119622507,8306,209,14.0526315789474,0.129208551606966
"result_final_linear_50",8.02,4.39375487817551,6.86622872499254,24.7039053771323,3124,185,4.33513513513514,0.145640356599261
"result_final_linear_50",31.74,983.438844399076,7.88950531668978,24.5384014780534,8634,179,17.731843575419,0.126750659244067
"result_final_linear_50",32.33,409.909254217188,7.92945863604406,25.8381816961087,8462,185,17.4756756756757,0.126112014186493
"result_final_linear_50",25.74,214.463918128524,7.53755582622818,24.6450181082739,7432,223,11.542600896861,0.132669000807972
"result_final_linear_50",27.84,247.043458558988,7.65055131467345,25.6481130308733,7720,201,13.8507462686567,0.130709534368071
"result_final_linear_50",34.06,839.511060551767,8.05324865657059,23.9140447954006,8644,172,19.8023255813953,0.124173491052472
"result_final_linear_50",2.33,1.52827149279848,6.72010458235861,24.8895101602565,924,62,3.75806451612903,0.148807207945121
"result_final_linear_50",34.64,1896.93485204192,8.09712586719524,24.4819263201092,8868,169,20.4970414201183,0.123500611995104
"result_final_linear_50",40.92,5098.1036750714,8.66784037558686,24.8352091841828,9398,120,34.1,0.115368991198375
"result_final_linear_50",38.99,1158.33909993572,8.47125798389336,23.2910285182275,8992,131,29.763358778626,0.118046221930831
"result_final_linear_50",29.86,378.961427741892,7.76916260522818,24.5382203938458,8430,222,13.4504504504505,0.128714000570288
"result_final_linear_50",7.82,8.67678069627987,6.86067281929146,25.4673200761317,2910,160,4.8875,0.145758298980256
"result_final_linear_50",34.84,239.528718393845,8.11254980079681,25.1794348881508,8608,169,20.6153846153846,0.123265807243708
"result_final_linear_50",2.9,1.79390018450547,6.73370319001387,25.1239803713295,1128,78,3.71794871794872,0.148506694129763
"result_final_linear_50",22.12,45.4156169495393,7.36384266263238,24.7711822173604,6490,233,9.49356223175966,0.135798664612224
"result_final_linear_50",10.95,13.3398842259849,6.95160031225605,25.2013660736587,4070,218,5.02293577981651,0.143851768669287
"result_final_linear_50",13.64,16.6060305495682,7.03715775749674,25.2217039767619,4692,210,6.4952380952381,0.142102825382121
"result_final_linear_50",39.86,2563.84574318512,8.55719977233922,24.6384554238931,9414,130,30.6615384615385,0.116860658463585
"result_final_linear_50",12.25,62.1416022265692,6.99203187250996,25.0302297177424,4126,203,6.03448275862069,0.143019943019943
"result_final_linear_50",26.98,154.569269781049,7.60308204914619,24.1940340446424,7890,220,12.2636363636364,0.131525609422076
"result_final_linear_50",1.46,0.175476094658691,6.69975523524612,24.565570625851,504,27,5.40740740740741,0.14925918408768
"result_final_linear_50",11.49,12.7818453470485,6.96819398519918,25.8494041387234,4112,221,5.19909502262443,0.143509207999096
"result_final_linear_50",3.13,5.29798674691417,6.73925142618617,25.2727222356264,1164,75,4.17333333333333,0.148384432744916
"result_final_linear_50",7.19,19.1601489689355,6.84338593127857,24.7029372903116,2486,137,5.24817518248175,0.146126494989764
"result_final_linear_50",20.41,34.6011854528098,7.28979666605605,25.1572166676817,6490,239,8.53974895397489,0.13717803744189
"result_final_concave_50",3.68,2.31792608945093,6.66991201665987,26.2115393618511,1388,81,4.54320987654321,0.149927015154358
"result_final_concave_50",16.55,23.8923920459641,6.75523170385984,24.3540707199368,5588,236,7.01271186440678,0.148033412300072
"result_final_concave_50",10.21,15.4961382466709,6.69552417760554,25.1209751047959,3564,179,5.70391061452514,0.149353504441772
"result_final_concave_50",18.95,162.127763112634,6.79039993632484,24.6487822457833,6096,246,7.70325203252033,0.147266730881426
"result_final_concave_50",25.94,213.553917419301,6.95091180916672,25.2603646417481,7516,217,11.9539170506912,0.143866017503088
"result_final_concave_50",19.32,68.0397233474547,6.79657936489241,25.0874911769656,6102,249,7.75903614457831,0.147132836433203
"result_final_concave_50",29.37,450.340607713791,7.07442153989262,24.1852782475291,8110,201,14.6119402985075,0.141354313474396
"result_final_concave_50",8.18,20.2259005417486,6.68435023777696,25.4732128572436,3036,169,4.84023668639053,0.149603172249779
"result_final_concave_50",12.27,7.68638607196911,6.71042103132024,25.0622599259696,4432,216,5.68055555555556,0.149021945915554
"result_final_concave_50",24.58,242.822528529585,6.9113663225979,24.4459418206822,7102,221,11.1221719457014,0.144689190722004
"result_final_concave_50",41.33,5631.43167849885,7.98801109884553,25.490101283755,9530,131,31.5496183206107,0.125187607731858
"result_final_concave_50",10.19,8.70252892254472,6.69539788957534,24.917199871124,3670,204,4.99509803921569,0.149356321534974
"result_final_concave_50",12.68,30.7963598661544,6.71385796737639,24.4758664575216,4064,190,6.67368421052632,0.148945659091858
"result_final_concave_50",10.38,23.0766068430605,6.69661127679192,25.3709974293383,3790,208,4.99038461538461,0.149329259033691
"result_final_concave_50",7.01,7.94430114173589,6.67931911226575,25.6842428873626,2464,132,5.31060606060606,0.149715859235356
"result_final_concave_50",0.74,0.677764016187859,6.6667901790295,22.748750330235,316,25,2.96,0.149997221023322
"result_final_concave_50",33.83,3759.24557837348,7.30296324279157,25.1200786600957,8750,173,19.5549132947977,0.136930717950286
"result_final_concave_50",18.98,47.7137301821438,6.79089297220458,25.0790078805072,6170,252,7.53174603174603,0.14725603894702
"result_final_concave_50",37.76,4612.71793320149,7.59897254856666,25.4801959693378,9392,148,25.5135135135135,0.13159673806015
"result_final_concave_50",9.27,11.0549505970321,6.68994537954774,24.1689427061347,3330,164,5.65243902439024,0.149478051503554
"result_final_concave_50",42.75,9289.89193037372,8.18866038943801,27.0788637767366,9372,111,38.5135135135135,0.122120096870769
"result_final_concave_50",21.64,55.7567264025981,6.84056539352295,24.5675629618925,6872,259,8.35521235521236,0.146186746631625
"result_final_concave_50",10.8,13.3635067696783,6.69940319821094,25.5197175860655,3760,183,5.9016393442623,0.1492670272879
"result_final_concave_50",33.84,598.25782656198,7.30358628363709,24.1413929710015,8956,183,18.4918032786885,0.136919036917575
"result_final_concave_50",12.22,30.0482405346131,6.71001310038299,25.1318081071521,4240,214,5.71028037383178,0.149031005609054
"result_final_concave_50",27.23,233.984725381338,6.99305625775168,24.9658042814976,7600,208,13.0913461538462,0.142998992592333
"result_final_concave_50",21.87,130.908285421095,6.84545660916595,24.5767014241147,6658,234,9.34615384615385,0.146082293277707
"result_final_concave_50",27.36,114.654416639754,6.99757429465275,24.649519636728,7854,234,11.6923076923077,0.142906664208504
"result_final_concave_50",20.69,158.736793740793,6.82141219938527,25.8153953053778,6404,219,9.44748858447489,0.14659721048526
"result_final_concave_50",1.09,0.392368916176636,6.66693655099051,25.4937293671851,416,30,3.63333333333333,0.14999392784853
"result_final_concave_50",29.6,226.706060230893,7.08411471435759,24.8854230453791,8516,201,14.726368159204,0.141160898760331
"result_final_concave_50",26.09,148.278598168193,6.95557046631378,25.5902204578615,7578,214,12.1915887850467,0.143769659849333
"result_final_concave_50",13.3,33.0193498364175,6.71937419604555,24.0740542157254,4610,222,5.99099099099099,0.148823383074649
"result_final_concave_50",4.05,3.99200131552104,6.67062822057396,26.1477638754723,1536,90,4.5,0.149910917972574
"result_final_concave_50",13.53,25.0272143228401,6.7215210049776,25.7458949586309,4622,214,6.32242990654206,0.14877584987973
"result_final_concave_50",8.85,8.51986907965595,6.6876815763255,26.1202830305844,3170,169,5.23668639053254,0.14952865033826
"result_final_concave_50",19.81,62.1890637348344,6.80510035937488,24.4583880237135,6110,230,8.61304347826087,0.146948604310056
"result_final_concave_50",1.67,0.493080839921523,6.66730771401589,26.442116926958,624,42,3.97619047619048,0.149985577821437
"result_final_concave_50",28.09,481.038743986111,7.02392599146425,24.0495503744523,8110,219,12.8264840182648,0.142370520591367
"result_final_concave_50",2.4,2.35290190241848,6.66801066236588,25.2749585634788,956,62,3.87096774193548,0.149969766191884
"result_final_concave_50",39.01,2640.06805108497,7.71933979722378,24.573834436969,9186,139,28.0647482014388,0.129544757229063
"result_final_concave_50",31.82,686.159708599891,7.18859272580997,24.9644246468537,8586,204,15.5980392156863,0.139109285800765
"result_final_concave_50",6.21,6.75086440598393,6.67642313697977,24.9973742748898,2322,138,4.5,0.149780800210391
"result_final_concave_50",11.68,11.6356287302933,6.70575924065481,24.5747201523794,4280,217,5.38248847926267,0.14912554479101
"result_final_concave_50",32.1,1280.25283562897,7.20330416332704,25.1072916738177,8670,184,17.445652173913,0.138825180406949
"result_final_concave_50",36.58,4516.6039778295,7.49818068146575,23.3969852790616,9114,139,26.3165467625899,0.133365684621582
"result_final_concave_50",37.16,2059.95127417268,7.54627751188565,25.4526073192147,9298,153,24.2875816993464,0.132515667284295
"result_final_concave_50",32.21,693.910264432917,7.20918591670815,24.6515413216933,8718,193,16.6891191709845,0.13871191720585
"result_final_concave_50",17.67,65.5664066173671,6.7706262315109,25.7208638998122,5578,235,7.51914893617021,0.14769682534622
"result_final_concave_50",12.37,31.3494896237394,6.71124415136985,24.256521859863,4290,201,6.15422885572139,0.149003668685766
"result_final_concave_50",25.92,127.832636818693,6.95029528436622,25.0067355460187,7514,236,10.9830508474576,0.143878779114518
"result_final_concave_50",26.73,506.68691007303,6.97615210586446,24.8678195035212,7556,224,11.9330357142857,0.14334549832412
"result_final_concave_50",14,10.0499579411831,6.72608221171335,25.1112324609406,5022,227,6.16740088105727,0.148674959437534
"result_final_concave_50",30.37,401.920507565536,7.11804007228008,25.2166154677864,8436,210,14.4619047619048,0.140488110469386
"result_final_concave_50",11.77,41.3181699718275,6.70644913700826,25.2952319261213,4014,192,6.13020833333333,0.149110204158813
"result_final_concave_50",36.28,2579.31943264036,7.47433765057145,24.7633368663974,9108,165,21.9878787878788,0.133791119260386
"result_final_concave_50",26.97,277.341453814632,6.98417348458875,24.7184423100898,7712,213,12.6619718309859,0.143180864880661
"result_final_concave_50",40.4,3605.31546846812,7.8724158717776,23.9456890281688,9244,120,33.6666666666667,0.127025809648214
"result_final_concave_50",8.18,23.8285833139047,6.68435023777696,25.8251434866633,3062,165,4.95757575757576,0.149603172249779
"result_final_concave_50",29.17,493.325960373628,7.06615127456431,24.3359447217425,8046,206,14.1601941747573,0.141519755400603
"result_final_concave_50",2.93,4.64733787502746,6.66869194437552,25.3791967945068,1180,72,4.06944444444444,0.149954445090752
"result_final_concave_50",4.6,1.99258553061759,6.67183729242968,24.510285839422,1804,105,4.38095238095238,0.14988375108228
"result_final_concave_50",24.96,173.05311706588,6.92194283034929,25.2811785399478,7374,231,10.8051948051948,0.144468110255909
"result_final_concave_50",14.16,29.6064813225585,6.72768941565298,25.2429258405646,4788,225,6.29333333333333,0.148639441897147
"result_final_concave_50",23.45,125.683685900576,6.88193728583504,24.8225332478769,7134,220,10.6590909090909,0.145307921078892
"result_final_concave_50",33.04,1154.05786569285,7.25550426743195,24.7026927640054,8740,185,17.8594594594595,0.137826395401452
"result_final_concave_50",43.53,2582.05813911116,8.31328607353828,22.8309140029581,9654,102,42.6764705882353,0.120289376686202
"result_final_concave_50",9.41,22.6441311451795,6.69073084471455,26.1946556513351,3278,182,5.17032967032967,0.149460503375347
"result_final_concave_50",2.07,0.909259937074089,6.66765969434423,24.6568518782877,800,49,4.22448979591837,0.14997766020486
"result_final_concave_50",35.25,1626.69073176623,7.39747025286444,23.4566120908063,8624,158,22.3101265822785,0.135181347922661
"result_final_concave_50",25.12,242.941739106746,6.92650330554075,24.2074184140618,7350,213,11.7934272300469,0.144372991087735
"result_final_concave_50",14.76,24.0152623215665,6.73396987185447,25.7655699586333,5260,255,5.78823529411765,0.148500812897847
"result_final_concave_50",21.43,68.7617583111795,6.83618768744577,24.8385251461438,6700,242,8.85537190082645,0.146280360592855
"result_final_concave_50",5.64,3.97963966495753,6.67461520590219,25.7026756378011,2226,137,4.11678832116788,0.14982137084333
"result_final_concave_50",14.22,49.8539926989534,6.72829936196168,24.8764904511108,5000,236,6.02542372881356,0.148625967157984
"result_final_concave_50",38.84,2074.5809395639,7.70207037693623,24.8193558041828,9326,139,27.9424460431655,0.129835219760454
"result_final_concave_50",3.15,0.320688665275794,6.66901826156525,25.8508355539559,1316,88,3.57954545454545,0.149947107771946
"result_final_concave_50",35.7,1834.4634572999,7.43013286033401,25.9421893923974,8658,168,21.25,0.134587095385404
"result_final_concave_50",1.81,0.463586831150403,6.66742186202102,25.7906943680457,778,53,3.41509433962264,0.149983010029139
"result_final_concave_50",19.27,81.0160544618515,6.79573166850131,25.4646662256114,6134,230,8.37826086956522,0.147151189714431
"result_final_concave_50",4.1,2.99819625875114,6.67073093775863,25.2447217285127,1662,100,4.1,0.149908609615725
"result_final_concave_50",9.66,9.42812676874311,6.69217252565403,25.1863897460395,3426,172,5.61627906976744,0.149428305407035
"result_final_concave_50",34.2,1707.24600202011,7.32640228507997,24.9924509545277,8850,176,19.4318181818182,0.136492641420534
"result_final_concave_50",27.2,257.040139297684,6.99202093975598,24.8245359161409,7698,215,12.6511627906977,0.14302016664654
"result_final_concave_50",37.3,2726.45980426494,7.55829803760221,23.8001446810061,9224,147,25.3741496598639,0.132304917724208
"result_final_concave_50",36.6,3516.38880005025,7.49979475927128,23.2490708890277,9008,144,25.4166666666667,0.133336982157251
"result_final_concave_50",33.5,1098.46458289898,7.28272057309893,24.4058431492904,8760,178,18.8202247191011,0.137311323421335
"result_final_concave_50",25.04,222.951533941466,6.92421502418435,24.322183915479,7598,232,10.7931034482759,0.144420702781078
"result_final_concave_50",21.9,96.8492616431219,6.8461021301718,25.7548950058344,6858,244,8.97540983606557,0.14606851913483
"result_final_concave_50",17.58,61.0635740123308,6.76932558146858,25.2840085066157,5658,221,7.95475113122172,0.147725203635877
"result_final_concave_50",9.58,4.86176156524923,6.69170570186569,25.8524047673735,3552,190,5.04210526315789,0.149438729757824
"result_final_concave_50",2.01,0.499202440002913,6.66760180745556,24.6974654796448,838,56,3.58928571428571,0.149978962283234
"result_final_concave_50",3.62,0.574741303473418,6.66980309273764,26.741881222277,1492,101,3.58415841584158,0.149929463598235
"result_final_concave_50",38.27,1108.04319134949,7.64627644445035,25.1204329165501,9280,142,26.9507042253521,0.130782611283404
"result_final_concave_50",11.78,13.954002818591,6.70652625863692,24.9306227628927,4172,198,5.94949494949495,0.149108489467578
"result_final_concave_50",2.59,0.392105731457652,6.66823805050505,23.7393843086014,944,56,4.625,0.149964652195382
"result_final_concave_50",29.59,392.957001735318,7.08368916207302,25.337015597464,8068,207,14.2946859903382,0.141169378994512
"result_final_concave_50",36.37,4116.77243411929,7.48141871849891,26.2765604422345,9136,157,23.1656050955414,0.133664487662929
"result_final_concave_50",7.86,19.6716660126813,6.68287696049135,24.2449503720695,2850,148,5.31081081081081,0.149636153098721
"result_final_concave_50",35.55,1799.05811869921,7.41909095739669,24.2015100221252,8802,153,23.2352941176471,0.13478740262687
"result_final_concave_50",1.46,0.0356652923581363,6.66715453189121,26.9997914788474,628,42,3.47619047619048,0.149989023835681
"result_final_concave_50",39.58,5027.97533386705,7.77947142213817,25.4084192725588,9508,140,28.2714285714286,0.128543437688361
"result_final_concave_50",17.98,51.9354801650695,6.77519430310378,25.1960559786002,5894,249,7.22088353413655,0.147597243010712
"result_final_concave_50",37.61,3639.55812911976,7.58550700874309,25.2062563137331,9268,141,26.6737588652482,0.131830344213959
"result_final_concave_50",13.99,46.8895892283407,6.72598268956767,25.4403035225702,4600,208,6.72596153846154,0.148677159331833
"result_final_concave_50",13.09,13.8297412291464,6.71746199319461,24.5093894032642,4638,226,5.79203539823009,0.14886574736308
"result_final_concave_50",39.54,2092.30435062389,7.77513630161631,24.7045462330235,9392,132,29.9545454545455,0.128615108624156
"result_final_concave_50",10.78,16.2219698282225,6.69926677939768,25.7022409394854,3928,199,5.41708542713568,0.149270066849003
"result_final_concave_50",34.96,1960.25835460389,7.37714139663314,24.8024330983445,8762,156,22.4102564102564,0.135553861073666
"result_final_concave_50",28.5,242.99836586941,7.03948500808978,25.1028225905933,7968,229,12.4454148471616,0.14205584625165
"result_final_concave_50",12.53,21.5012033365625,6.71258141416711,25.1120853142053,4386,205,6.11219512195122,0.14897398456717
"result_final_concave_50",3.34,7.89675716585549,6.66932102602958,24.2798515676621,1340,85,3.92941176470588,0.14994030068385
"result_final_concave_50",35.92,4385.51593728356,7.44661391990028,25.5941955901849,8880,137,26.2189781021898,0.134289223364677
"result_final_concave_50",42.4,6730.39276367326,8.13623165659578,23.9279416813486,9784,96,44.1666666666667,0.122907021604938
"result_final_concave_50",21.7,270.17692835673,6.841831559142,24.9054826809102,6442,220,9.86363636363636,0.146159692964643
"result_final_concave_50",2.79,0.501602085236288,6.66849768743566,24.7449371633913,1082,68,4.10294117647059,0.149958813344741
"result_final_concave_50",13.47,80.2775423618495,6.72095563111869,25.1751063294733,4468,204,6.60294117647059,0.148788365060751
"result_final_concave_50",36.54,5584.71872788997,7.49496182105928,25.4104494680193,9396,134,27.2686567164179,0.133422961167088
"result_final_concave_50",25.11,227.836489911446,6.92621638688258,24.8527588271431,7360,231,10.8701298701299,0.144378971741899
"result_final_concave_50",24.06,167.456662352079,6.89745710608864,25.5614188752632,7208,238,10.109243697479,0.144980966843166
"result_final_concave_50",28.99,353.380404271047,7.0588318052301,25.4247579979073,8016,180,16.1055555555556,0.141666500575785
"result_final_concave_50",21.22,83.9769011242419,6.83189274351968,25.0013375106332,6560,256,8.2890625,0.146372321337822
"result_final_concave_50",3.91,9.04509105440658,6.67034816303238,24.5067704294162,1496,93,4.20430107526882,0.149917212049302
"result_final_concave_50",16.99,55.0771843315565,6.76107722627053,25.8204213116824,5566,229,7.41921397379913,0.147905424909872
"result_final_concave_50",31.67,754.241295063864,7.18086261266918,24.0854535652673,8498,187,16.9358288770053,0.139259035291345
"result_final_concave_50",28.21,254.374369042956,7.0284219102485,24.6647474349312,7970,235,12.0042553191489,0.142279449465299
"result_final_concave_50",4.8,2.9887989909503,6.67232077649775,25.1253887763001,1802,108,4.44444444444444,0.149872890332604
"result_final_concave_50",34.44,1285.92714043867,7.3420399631466,24.3875479581405,8734,175,19.68,0.136201928213345
"result_final_concave_50",26.89,207.246331896051,6.98148088234435,23.9776967688248,7672,215,12.506976744186,0.143236086562799
"result_final_concave_50",8.91,13.3034600932317,6.68799656525335,25.8089499195638,3034,149,5.97986577181208,0.149521607890078
"result_final_concave_50",37.95,5473.99137666561,7.6163170515919,25.3914059969235,9206,153,24.8039215686275,0.131297055154891
"result_final_concave_50",8.62,6.67585882610754,6.68649973009947,25.7236672420523,3078,170,5.07058823529412,0.149555079692664
"result_final_concave_50",2.04,4.17184620342839,6.66763052466003,22.1649818857484,788,51,4,0.149978316330146
"result_final_concave_50",11.68,17.4670730774784,6.70575924065481,23.9469238836931,3998,198,5.8989898989899,0.14912554479101
"result_final_concave_50",44.78,22391.1120562875,8.53832626148324,26.1896865038818,10050,94,47.6382978723404,0.117118972662247
"result_final_concave_50",5.17,2.56005048273142,6.67327828181524,25.4778569788988,2054,127,4.07086614173228,0.149851386045898
"result_final_concave_50",14.6,129.756191788315,6.73225540839423,23.9231861695673,4688,206,7.0873786407767,0.148538630717001
"result_final_concave_50",29.14,525.043034958092,7.06492327799499,25.0646000432208,8302,210,13.8761904761905,0.1415443537957
"result_final_concave_50",5.03,7.41892979451168,6.67290626831192,25.376772953817,1800,105,4.79047619047619,0.149859740237738
"result_final_concave_50",22.37,83.2172236961105,6.85644675700842,25.0308993882978,6986,244,9.16803278688525,0.145848139049258
"result_final_concave_50",28.55,117.228039061676,7.04142113852873,24.7195850436543,8082,203,14.064039408867,0.142016786146801
"result_final_concave_50",6.9,9.5732651961847,6.67889542065141,24.8532764977461,2560,152,4.53947368421053,0.149725356816931
"result_final_concave_50",42.01,4674.6511327063,8.08017612209561,24.4127614948724,9600,119,35.3025210084034,0.123759678612135
"result_final_concave_50",29.74,347.098618378974,7.09011213208375,25.0915085547763,8102,190,15.6526315789474,0.141041492908816
"result_final_concave_50",3.71,1.63295550884491,6.66996722863601,24.7930945315247,1404,85,4.36470588235294,0.149925774103765
"result_final_concave_50",6.2,13.8488128439849,6.67638961819457,25.6033379251599,2222,123,5.04065040650407,0.149781552184251
"result_final_concave_50",19.46,61.4475044666067,6.79897419595871,25.4580140677464,6532,261,7.45593869731801,0.147081011219957
"result_final_concave_50",20.54,94.2254259924708,6.81853727099786,24.783574021833,6464,230,8.9304347826087,0.146659020880244
"result_final_concave_50",41.5,16193.38220917,8.01041605711276,26.2712888030053,9612,123,33.739837398374,0.124837460734897
"result_final_concave_50",20.01,60.8668359810588,6.80869179976704,24.5654147983333,6218,221,9.05429864253394,0.146871092040649
"result_final_concave_50",15.45,32.103022730472,6.74170413589027,25.3705388013885,5190,234,6.6025641025641,0.148330448777243
"result_final_concave_50",44.62,6984.08152173495,8.50760527679705,24.9346731256114,9322,99,45.0707070707071,0.117541889575827
"result_final_concave_50",13.9,54.4541111826357,6.72509187432699,25.0182722902757,4644,211,6.58767772511848,0.148696853319952
"result_final_concave_50",23.62,79.8102042800553,6.88617827179447,24.5586727409313,6976,228,10.359649122807,0.145218430387718
"result_final_concave_50",9.44,8.33531630141661,6.69090119226765,24.8671100974194,3498,183,5.15846994535519,0.149456698173282
"result_final_concave_50",23.92,348.188617640649,6.89382049407692,25.2693965245407,7016,220,10.8727272727273,0.145057446862619
"result_final_concave_50",40.9,3782.33325999618,7.93313815495104,23.6265327226077,9454,118,34.6610169491525,0.126053521376771
"result_final_concave_50",25.77,180.842061681265,6.945705753679,24.820262373861,7424,236,10.9194915254237,0.143973850241254
"result_final_concave_50",20.49,58.6767050820958,6.81758774207699,25.060883102798,6360,223,9.18834080717489,0.146679447017333
"result_final_concave_50",10.87,46.3140990981591,6.6998834265236,24.9042027043171,3768,192,5.66145833333333,0.149256328258069
"result_final_concave_50",22.2,56.4896584238393,6.85265441239737,25.2996889906986,6810,241,9.21161825726141,0.145928853232532
"result_final_concave_50",5.11,0.972872615178757,6.67311739002005,25.1256517569147,2096,136,3.75735294117647,0.149854999028722
"result_final_concave_50",26.62,96.8333086309301,6.97253177300711,24.8918835716082,7778,235,11.3276595744681,0.143419927302636
"result_final_concave_50",10.57,6.3395939420907,6.69785542082123,26.2660053094222,3862,224,4.71875,0.149301520736228
"result_final_concave_50",36.98,7179.78622237618,7.53106103467429,24.9332026921014,9252,139,26.6043165467626,0.132783414633852
"result_final_concave_50",33.41,532.837217023358,7.27730527599976,24.2106795010722,8870,184,18.1576086956522,0.137413501574265
"result_final_concave_50",31.63,308.236008108801,7.17881876788588,24.9821749918369,8518,211,14.9905213270142,0.139298683019197
"result_final_concave_50",5.43,3.90979993719133,6.67400095350281,25.2875207474608,2048,123,4.41463414634146,0.14983515989388
"result_final_concave_50",41.27,3618.50520364849,7.98020129920023,25.9773755157891,9648,145,28.4620689655172,0.125310122202083
"result_final_concave_50",38.2,1422.97230141753,7.63964122546627,25.7438787752349,9480,165,23.1515151515152,0.130896199243829
"result_final_concave_50",33.22,713.897284778376,7.26601824918155,25.3898362690729,8844,207,16.048309178744,0.137626959595462
"result_final_concave_50",25.43,113.131019782202,6.93552436813774,24.8581022571737,7548,223,11.4035874439462,0.14418520459593
"result_final_concave_50",32.08,2512.71836627077,7.20224100495503,24.5202914158849,8454,180,17.8222222222222,0.13884567307759
"result_final_concave_50",21.35,59.6606803959955,6.8345418330765,25.2291836306827,6624,242,8.82231404958678,0.146315586973276
"result_final_concave_50",29.37,467.699045372299,7.07442153989262,23.6518119622507,8306,209,14.0526315789474,0.141354313474396
"result_final_concave_50",8.02,4.8146304792462,6.68360424815918,24.7039053771323,3124,185,4.33513513513514,0.149619870188368
"result_final_concave_50",31.74,1399.15960730085,7.18445704335671,24.5384014780534,8634,179,17.731843575419,0.13918936308829
"result_final_concave_50",32.33,585.77628921877,7.21566929298753,25.8381816961087,8462,185,17.4756756756757,0.138587282675474
"result_final_concave_50",25.74,288.475526654704,6.9447950919657,24.6450181082739,7432,223,11.542600896861,0.143992729340118
"result_final_concave_50",27.84,340.651224163991,7.01471047218012,25.6481130308733,7720,201,13.8507462686567,0.142557558714067
"result_final_concave_50",34.06,1232.32528178517,7.31743929015068,23.9140447954006,8644,172,19.8023255813953,0.136659828711665
"result_final_concave_50",2.33,1.56866330491211,6.66793157585259,24.8895101602565,924,62,3.75806451612903,0.149971544942276
"result_final_concave_50",34.64,2750.10835925328,7.35533984433971,24.4819263201092,8868,169,20.4970414201183,0.13595564870732
"result_final_concave_50",40.92,7352.20162226594,7.93563472775296,24.8352091841828,9398,120,34.1,0.126013864587636
"result_final_concave_50",38.99,1798.50646545627,7.71729264438917,23.2910285182275,8992,131,29.763358778626,0.129579121342126
"result_final_concave_50",29.86,531.064559396353,7.09531223778126,24.5382203938458,8430,222,13.4504504504505,0.140938124565566
"result_final_concave_50",7.82,9.48430155196326,6.68269803828698,25.4673200761317,2910,160,4.8875,0.149640159449182
"result_final_concave_50",34.84,347.751873980368,7.36888947142031,25.1794348881508,8608,169,20.6153846153846,0.135705658753388
"result_final_concave_50",2.9,1.85320949120634,6.66864944502246,25.1239803713295,1128,78,3.71794871794872,0.149955400751558
"result_final_concave_50",22.12,58.7094007702099,6.85088976596102,24.7711822173604,6490,233,9.49356223175966,0.145966441464078
"result_final_concave_50",10.95,15.1404759080542,6.7004375405712,25.2013660736587,4070,218,5.02293577981651,0.149243985030081
"result_final_concave_50",13.64,19.4347191939479,6.72256738423091,25.2217039767619,4692,210,6.4952380952381,0.148752692661095
"result_final_concave_50",39.86,3725.25165807418,7.81032282060826,24.6384554238931,9414,130,30.6615384615385,0.128035680850657
"result_final_concave_50",12.25,71.5506614757307,6.71025756940322,25.0302297177424,4126,203,6.03448275862069,0.149025576091103
"result_final_concave_50",26.98,210.686692868785,6.98451139207582,24.1940340446424,7890,220,12.2636363636364,0.143173937855486
"result_final_concave_50",1.46,0.178361256203861,6.66715453189121,24.565570625851,504,27,5.40740740740741,0.149989023835681
"result_final_concave_50",11.49,14.5845010400907,6.70432744912437,25.8494041387234,4112,221,5.19909502262443,0.14915739238402
"result_final_concave_50",3.13,5.48742351169926,6.66898752550398,25.2727222356264,1164,75,4.17333333333333,0.149947798848886
"result_final_concave_50",7.19,20.7907958830558,6.68003032657745,24.7029372903116,2486,137,5.24817518248175,0.149699919178714
"result_final_concave_50",20.41,43.8538225530682,6.81607756228741,25.1572166676817,6490,239,8.53974895397489,0.146711945523168
"result_final_convex_50",3.68,1.56365419212865,7.45585584426417,26.2115393618511,1388,81,4.54320987654321,0.134122764829112
"result_final_convex_50",16.55,6.50778139443398,9.35617755317972,24.3540707199368,5588,236,7.01271186440678,0.106881255118993
"result_final_convex_50",10.21,5.92625430447843,8.61790708922756,25.1209751047959,3564,179,5.70391061452514,0.116037454296764
"result_final_convex_50",18.95,40.9271537641332,9.53964277632454,24.6487822457833,6096,246,7.70325203252033,0.104825728116549
"result_final_convex_50",25.94,50.0533436048324,9.85163410321534,25.2603646417481,7516,217,11.9539170506912,0.101506002915153
"result_final_convex_50",19.32,17.0545776066506,9.56386323227724,25.0874911769656,6102,249,7.75903614457831,0.104560257263517
"result_final_convex_50",29.37,108.350096328235,9.92243484397453,24.1852782475291,8110,201,14.6119402985075,0.100781714944418
"result_final_convex_50",8.18,9.02748823305104,8.29772965051209,25.4732128572436,3036,169,4.84023668639053,0.120514892882571
"result_final_convex_50",12.27,2.57066477809924,8.90099222173714,25.0622599259696,4432,216,5.68055555555556,0.112347025487551
"result_final_convex_50",24.58,56.8827547029654,9.81150289731524,24.4459418206822,7102,221,11.1221719457014,0.101921184803771
"result_final_convex_50",41.33,2061.716242123,9.99564086945294,25.490101283755,9530,131,31.5496183206107,0.100043610315777
"result_final_convex_50",10.19,3.30833525330901,8.61495039770174,24.917199871124,3670,204,4.99509803921569,0.11607727889725
"result_final_convex_50",12.68,10.0562347590235,8.95226485753146,24.4758664575216,4064,190,6.67368421052632,0.111703576236209
"result_final_convex_50",10.38,8.65442363006186,8.64287787811751,25.3709974293383,3790,208,4.99038461538461,0.115702201755257
"result_final_convex_50",7.01,3.80614357975389,8.09534780249414,25.6842428873626,2464,132,5.31060606060606,0.123527737707811
"result_final_convex_50",0.74,0.624581250096406,6.83022566561635,22.748750330235,316,25,2.96,0.146408046960153
"result_final_convex_50",33.83,990.696316345098,9.96998791209748,25.1200786600957,8750,173,19.5549132947977,0.100301024315848
"result_final_convex_50",18.98,12.056918954524,9.54164495368543,25.0790078805072,6170,252,7.53174603174603,0.104803731940765
"result_final_convex_50",37.76,1351.91184429474,9.98842094207112,25.4801959693378,9392,148,25.5135135135135,0.100115924809297
"result_final_convex_50",9.27,4.52520389829485,8.47465380705271,24.1689427061347,3330,164,5.65243902439024,0.117998920400476
"result_final_convex_50",42.75,3739.58122022138,9.99714331997139,27.0788637767366,9372,111,38.5135135135135,0.100028574963239
"result_final_convex_50",21.64,13.3854783407326,9.69372738839156,24.5675629618925,6872,259,8.35521235521236,0.103159492724906
"result_final_convex_50",10.8,4.90410994724477,8.70333191164705,25.5197175860655,3760,183,5.9016393442623,0.114898525088049
"result_final_convex_50",33.84,157.710117855716,9.97005618388288,24.1413929710015,8956,183,18.4918032786885,0.100300337486217
"result_final_convex_50",12.22,9.65047495575925,8.89462477480251,25.1318081071521,4240,214,5.71028037383178,0.112427452008194
"result_final_convex_50",27.23,55.0245752704245,9.88284666623697,24.9658042814976,7600,208,13.0913461538462,0.101185420939123
"result_final_convex_50",21.87,31.3392899911179,9.70468644201756,24.5767014241147,6658,234,9.34615384615385,0.103042999480167
"result_final_convex_50",27.36,26.9850396805665,9.88566016072047,24.649519636728,7854,234,11.6923076923077,0.10115662320392
"result_final_convex_50",20.69,38.6783420585258,9.64493801071905,25.8153953053778,6404,219,9.44748858447489,0.103681329925463
"result_final_convex_50",1.09,0.348003783574591,6.9068994419682,25.4937293671851,416,30,3.63333333333333,0.144782765175895
"result_final_convex_50",29.6,53.4743191258986,9.92591499102427,24.8854230453791,8516,201,14.726368159204,0.10074637964402
"result_final_convex_50",26.09,34.7624569271708,9.85558671294931,25.5902204578615,7578,214,12.1915887850467,0.10146529365787
"result_final_convex_50",13.3,10.3917373935468,9.0266307987919,24.0740542157254,4610,222,5.99099099099099,0.110783305786012
"result_final_convex_50",4.05,2.59542649376712,7.53104806487434,26.1477638754723,1536,90,4.5,0.132783643310433
"result_final_convex_50",13.53,7.79965629519188,9.05325525737543,25.7458949586309,4622,214,6.32242990654206,0.110457506341195
"result_final_convex_50",8.85,3.60326612901494,8.40783954190815,26.1202830305844,3170,169,5.23668639053254,0.118936618023642
"result_final_convex_50",19.81,15.4106296267434,9.59438484338827,24.4583880237135,6110,230,8.61304347826087,0.104227630673907
"result_final_convex_50",1.67,0.380768594387725,7.0328328180462,26.442116926958,624,42,3.97619047619048,0.142190213513111
"result_final_convex_50",28.09,113.979066986126,9.90042455899569,24.0495503744523,8110,219,12.8264840182648,0.101005769403231
"result_final_convex_50",2.4,1.81324650990957,7.18907170800337,25.2749585634788,956,62,3.87096774193548,0.13910001744547
"result_final_convex_50",39.01,845.575677510466,9.99166694136344,24.573834436969,9186,139,28.0647482014388,0.100083400084145
"result_final_convex_50",31.82,171.77517674559,9.95322036256808,24.9644246468537,8586,204,15.5980392156863,0.10046999499386
"result_final_convex_50",6.21,3.57133080153752,7.9498875359902,24.9973742748898,2322,138,4.5,0.125787942970623
"result_final_convex_50",11.68,4.0327582738662,8.82426248126834,24.5747201523794,4280,217,5.38248847926267,0.113323918245037
"result_final_convex_50",32.1,323.244140582378,9.95595376466425,25.1072916738177,8670,184,17.445652173913,0.100442411007292
"result_final_convex_50",36.58,1302.6846148187,9.98439273937534,23.3969852790616,9114,139,26.3165467625899,0.100156316573597
"result_final_convex_50",37.16,607.516451738822,9.9865037311692,25.4526073192147,9298,153,24.2875816993464,0.100135145083746
"result_final_convex_50",32.21,175.502236467522,9.95698941969294,24.6515413216933,8718,193,16.6891191709845,0.100431963704029
"result_final_convex_50",17.67,17.1936288926667,9.44767450669037,25.7208638998122,5578,235,7.51914893617021,0.105846152859294
"result_final_convex_50",12.37,10.4170159455275,8.91365223020189,24.256521859863,4290,201,6.15422885572139,0.112187459660107
"result_final_convex_50",25.92,29.9599843473406,9.85110033098987,25.0067355460187,7514,236,10.9830508474576,0.101511502918529
"result_final_convex_50",26.73,118.721483396728,9.8714769262985,24.8678195035212,7556,224,11.9330357142857,0.101301963978248
"result_final_convex_50",14,3.05569368131366,9.10605663327026,25.1112324609406,5022,227,6.16740088105727,0.109817019624758
"result_final_convex_50",30.37,95.4295248555076,9.93661606513257,25.2166154677864,8436,210,14.4619047619048,0.100637882498951
"result_final_convex_50",11.77,14.2432359217091,8.83619239103684,25.2952319261213,4014,192,6.13020833333333,0.113170917488665
"result_final_convex_50",36.28,735.443111483359,9.98319203692596,24.7633368663974,9108,165,21.9878787878788,0.100168362614
"result_final_convex_50",26.97,64.9847967947157,9.87704479194862,24.7184423100898,7712,213,12.6619718309859,0.101244858261163
"result_final_convex_50",40.4,1247.79461693771,9.99431345741978,23.9456890281688,9244,120,33.6666666666667,0.100056897780968
"result_final_convex_50",8.18,10.635072982846,8.29772965051209,25.8251434866633,3062,165,4.95757575757576,0.120514892882571
"result_final_convex_50",29.17,118.420495066748,9.91929663991875,24.3359447217425,8046,206,14.1601941747573,0.100813599623147
"result_final_convex_50",2.93,3.38319313481286,7.30072347017351,25.3791967945068,1180,72,4.06944444444444,0.136972726618864
"result_final_convex_50",4.6,1.22730404455474,7.6410635248635,24.510285839422,1804,105,4.38095238095238,0.130871834365212
"result_final_convex_50",24.96,40.5606617600018,9.82352769943241,25.2811785399478,7374,231,10.8051948051948,0.10179642492969
"result_final_convex_50",14.16,8.93548322255021,9.12354331866199,25.2429258405646,4788,225,6.29333333333333,0.109606538279324
"result_final_convex_50",23.45,29.6228487933873,9.77168164759669,24.8225332478769,7134,220,10.6590909090909,0.102336530810533
"result_final_convex_50",33.04,297.729579513543,9.96415105012097,24.7026927640054,8740,185,17.8594594594595,0.100359779269691
"result_final_convex_50",43.53,1112.17206423406,9.99775556802121,22.8309140029581,9654,102,42.6764705882353,0.100022449358394
"result_final_convex_50",9.41,9.17955851256646,8.49654220819033,26.1946556513351,3278,182,5.17032967032967,0.117694937010498
"result_final_convex_50",2.07,0.725594349924669,7.11877704416449,24.6568518782877,800,49,4.22448979591837,0.140473566428062
"result_final_convex_50",35.25,447.384360400985,9.97843610094877,23.4566120908063,8624,158,22.3101265822785,0.100216104997147
"result_final_convex_50",25.12,56.7554174098734,9.82839683639817,24.2074184140618,7350,213,11.7934272300469,0.101745993435738
"result_final_convex_50",14.76,7.04420131045242,9.1869353456709,25.7655699586333,5260,255,5.78823529411765,0.108850227238317
"result_final_convex_50",21.43,16.5035597743712,9.68343695849116,24.8385251461438,6700,242,8.85537190082645,0.103269118628704
"result_final_convex_50",5.64,2.21895912090519,7.8429213013036,25.7026756378011,2226,137,4.11678832116788,0.127503510692347
"result_final_convex_50",14.22,14.7083451268175,9.13003728888504,24.8764904511108,5000,236,6.02542372881356,0.10952857785339
"result_final_convex_50",38.84,660.1345966366,9.99127871743004,24.8193558041828,9326,139,27.9424460431655,0.100087288952862
"result_final_convex_50",3.15,0.228533923949482,7.34659039631025,25.8508355539559,1316,88,3.57954545454545,0.136117565571947
"result_final_convex_50",35.7,512.013121433053,9.98064099997751,25.9421893923974,8658,168,21.25,0.100193965498033
"result_final_convex_50",1.81,0.380392539317363,7.0630018373903,25.7906943680457,778,53,3.41509433962264,0.141582859954272
"result_final_convex_50",19.27,20.3289660681542,9.56064996167527,25.4646662256114,6134,230,8.37826086956522,0.104595399267685
"result_final_convex_50",4.1,1.94021491148502,7.54113772455423,25.2447217285127,1662,100,4.1,0.13260598553239
"result_final_convex_50",9.66,3.56957042992025,8.53514916219017,25.1863897460395,3426,172,5.61627906976744,0.117162568690644
"result_final_convex_50",34.2,454.575423110175,9.97242622435331,24.9924509545277,8850,176,19.4318181818182,0.100276500171837
"result_final_convex_50",27.2,60.0005721915058,9.8821891967898,24.8245359161409,7698,215,12.6511627906977,0.101192152880947
"result_final_convex_50",37.3,798.766069937533,9.98697425221837,23.8001446810061,9224,147,25.3741496598639,0.100130427369218
"result_final_convex_50",36.6,1015.12638110265,9.98447005843034,23.2490708890277,9008,144,25.4166666666667,0.100155540969914
"result_final_convex_50",33.5,286.377306433194,9.96765817353177,24.4058431492904,8760,178,18.8202247191011,0.100324467652333
"result_final_convex_50",25.04,52.2476840866608,9.82597639723063,24.322183915479,7598,232,10.7931034482759,0.101771056592589
"result_final_convex_50",21.9,22.8879651169233,9.70609220802454,25.7548950058344,6858,244,8.97540983606557,0.103028075415691
"result_final_convex_50",17.58,16.0512690198366,9.4407124922727,25.2840085066157,5658,221,7.95475113122172,0.105924208667355
"result_final_convex_50",9.58,1.94609091247913,8.5228619697389,25.8524047673735,3552,190,5.04210526315789,0.117331478973915
"result_final_convex_50",2.01,0.400953217468672,7.10593570552666,24.6974654796448,838,56,3.58928571428571,0.140727420207623
"result_final_convex_50",3.62,0.376359255932893,7.44357649227838,26.741881222277,1492,101,3.58415841584158,0.134344021457609
"result_final_convex_50",38.27,342.024171096842,9.98985885107362,25.1204329165501,9280,142,26.9507042253521,0.100101514436566
"result_final_convex_50",11.78,4.80767227454621,8.83751292316734,24.9306227628927,4172,198,5.94949494949495,0.113154007093842
"result_final_convex_50",2.59,0.296192828881272,7.22927972126794,23.7393843086014,944,56,4.625,0.138326367018015
"result_final_convex_50",29.59,94.8256504676114,9.9257664913381,25.337015597464,8068,207,14.2946859903382,0.100747886913587
"result_final_convex_50",36.37,1177.94829277809,9.98356041530855,26.2765604422345,9136,157,23.1656050955414,0.100164666551887
"result_final_convex_50",7.86,9.01396408946925,8.24363541323118,24.2449503720695,2850,148,5.31081081081081,0.121305704324937
"result_final_convex_50",35.55,493.725136612121,9.97992888316048,24.2015100221252,8802,153,23.2352941176471,0.100201114828317
"result_final_convex_50",1.46,0.0303881064985341,6.9874079614453,26.9997914788474,628,42,3.47619047619048,0.143114586341278
"result_final_convex_50",39.58,1662.34640361958,9.99286030881051,25.4084192725588,9508,140,28.2714285714286,0.100071447923506
"result_final_convex_50",17.98,13.4887175020675,9.4711465503427,25.1960559786002,5894,249,7.22088353413655,0.105583837678429
"result_final_convex_50",37.61,1094.68725263452,9.98796545925316,25.2062563137331,9268,141,26.6737588652482,0.100120490412146
"result_final_convex_50",13.99,14.2721376433825,9.104955514831,25.4403035225702,4600,208,6.72596153846154,0.109830300474407
"result_final_convex_50",13.09,4.41318215868166,9.00186761236991,24.5093894032642,4638,226,5.79203539823009,0.111088058951884
"result_final_convex_50",39.54,690.102556869998,9.99278175687808,24.7045462330235,9392,132,29.9545454545455,0.100072234571889
"result_final_convex_50",10.78,5.96064104423632,8.7004931989817,25.7022409394854,3928,199,5.41708542713568,0.114936013066137
"result_final_convex_50",34.96,533.907371345945,9.97690240370263,24.8024330983445,8762,156,22.4102564102564,0.100231510697036
"result_final_convex_50",28.5,57.554413799721,9.90798636296083,25.1028225905933,7968,229,12.4454148471616,0.1009286815067
"result_final_convex_50",12.53,7.0746653946692,8.93370080261873,25.1120853142053,4386,205,6.11219512195122,0.111935694075055
"result_final_convex_50",3.34,5.51863211655109,7.38596525505644,24.2798515676621,1340,85,3.92941176470588,0.135391917707086
"result_final_convex_50",35.92,1234.29203191114,9.98164568884317,25.5941955901849,8880,137,26.2189781021898,0.100183880611765
"result_final_convex_50",42.4,2593.75518295135,9.99682354456706,23.9279416813486,9784,96,44.1666666666667,0.100031774647405
"result_final_convex_50",21.7,64.8238100441619,9.69661741424597,24.9054826809102,6442,220,9.86363636363636,0.103128746580311
"result_final_convex_50",2.79,0.327496610273958,7.27138602201352,24.7449371633913,1082,68,4.10294117647059,0.137525362698746
"result_final_convex_50",13.47,25.0933144805679,9.04635971700279,25.1751063294733,4468,204,6.60294117647059,0.110541701997598
"result_final_convex_50",36.54,1608.6366879634,9.9842370943576,25.4104494680193,9396,134,27.2686567164179,0.100157877917896
"result_final_convex_50",25.11,53.3916000130383,9.82809581852054,24.8527588271431,7360,231,10.8701298701299,0.101749109742658
"result_final_convex_50",24.06,39.3323262618739,9.79395708725692,25.5614188752632,7208,238,10.109243697479,0.102103775939668
"result_final_convex_50",28.99,84.5485559067317,9.91638072416947,25.4247579979073,8016,180,16.1055555555556,0.100843243902755
"result_final_convex_50",21.22,20.2862339092459,9.67286999692389,25.0013375106332,6560,256,8.2890625,0.103381933212998
"result_final_convex_50",3.91,5.96580167638249,7.5027056478081,24.5067704294162,1496,93,4.20430107526882,0.133285250273966
"result_final_convex_50",16.99,14.6064853240791,9.39339657615654,25.8204213116824,5566,229,7.41921397379913,0.106457764440428
"result_final_convex_50",31.67,188.722593799126,9.95169705637218,24.0854535652673,8498,187,16.9358288770053,0.100485373935262
"result_final_convex_50",28.21,60.3472509051023,9.90269022372563,24.6647474349312,7970,235,12.0042553191489,0.10098266000527
"result_final_convex_50",4.8,1.8051276916889,7.68052549332277,25.1253887763001,1802,108,4.44444444444444,0.130199424618715
"result_final_convex_50",34.44,341.207295223483,9.97391449991562,24.3875479581405,8734,175,19.68,0.100261537233797
"result_final_convex_50",26.89,48.7545284317562,9.8752117899945,23.9776967688248,7672,215,12.506976744186,0.101263650974371
"result_final_convex_50",8.91,5.60136665491434,8.4174894913371,25.8089499195638,3034,149,5.97986577181208,0.118800267113984
"result_final_convex_50",37.95,1650.44538243851,9.98897620304712,25.3914059969235,9206,153,24.8039215686275,0.100110359627742
"result_final_convex_50",8.62,2.87624100594634,8.37052573564326,25.7236672420523,3078,170,5.07058823529412,0.11946680908486
"result_final_convex_50",2.04,3.34007950468615,7.11235864858841,22.1649818857484,788,51,4,0.140600333786383
"result_final_convex_50",11.68,6.02873874220049,8.82426248126834,23.9469238836931,3998,198,5.8989898989899,0.113323918245037
"result_final_convex_50",44.78,10789.2754314981,9.99849669842723,26.1896865038818,10050,94,47.6382978723404,0.100015035275983
"result_final_convex_50",5.17,1.49227026055096,7.75273498771804,25.4778569788988,2054,127,4.07086614173228,0.128986738432851
"result_final_convex_50",14.6,38.2646159121735,9.17036574854051,23.9231861695673,4688,206,7.0873786407767,0.109046904716876
"result_final_convex_50",29.14,126.010327431155,9.91881673749622,25.0646000432208,8302,210,13.8761904761905,0.100818477290712
"result_final_convex_50",5.03,4.38294173704472,7.72553562656983,25.376772953817,1800,105,4.79047619047619,0.129440863175982
"result_final_convex_50",22.37,19.7939438294448,9.72741780798843,25.0308993882978,6986,244,9.16803278688525,0.102802205039324
"result_final_convex_50",28.55,27.6957572934317,9.9088743665127,24.7195850436543,8082,203,14.064039408867,0.10091963658148
"result_final_convex_50",6.9,4.76159234207944,8.07567965291753,24.8532764977461,2560,152,4.53947368421053,0.12382858693989
"result_final_convex_50",42.01,1790.64612853151,9.99643028689829,24.4127614948724,9600,119,35.3025210084034,0.100035709878419
"result_final_convex_50",29.74,83.2739722122443,9.92796760031069,25.0915085547763,8102,190,15.6526315789474,0.100725550309885
"result_final_convex_50",3.71,0.931488534933946,7.46198665031568,24.7930945315247,1404,85,4.36470588235294,0.134012568885753
"result_final_convex_50",6.2,7.33115796706572,7.94803432487027,25.6033379251599,2222,123,5.04065040650407,0.125817272438154
"result_final_convex_50",19.46,15.3470596277854,9.57276221599289,25.4580140677464,6532,261,7.45593869731801,0.104463056475939
"result_final_convex_50",20.54,22.6361237577448,9.6366961380367,24.783574021833,6464,230,8.9304347826087,0.103770004333013
"result_final_convex_50",41.5,6000.70504048634,9.99585143412671,26.2712888030053,9612,123,33.739837398374,0.100041502876475
"result_final_convex_50",20.01,15.0266055061684,9.60634655928447,24.5654147983333,6218,221,9.05429864253394,0.104097847587386
"result_final_convex_50",15.45,9.13374206399823,9.25564217680659,25.3705388013885,5190,234,6.6025641025641,0.10804220613734
"result_final_convex_50",44.62,3313.77701148521,9.99841596401368,24.9346731256114,9322,99,45.0707070707071,0.100015842869431
"result_final_convex_50",13.9,16.6482922936587,9.09500192977404,25.0182722902757,4644,211,6.58767772511848,0.109950498935721
"result_final_convex_50",23.62,18.7950705259859,9.7780792924381,24.5586727409313,6976,228,10.359649122807,0.102269573613844
"result_final_convex_50",9.44,3.27836990909988,8.50120754080265,24.8671100974194,3498,183,5.15846994535519,0.117630347830043
"result_final_convex_50",23.92,81.3023175461505,9.78900992792494,25.2693965245407,7016,220,10.8727272727273,0.102155377036376
"result_final_convex_50",40.9,1348.68218028257,9.99506561815697,23.6265327226077,9454,118,34.6610169491525,0.100049368178575
"result_final_convex_50",25.77,42.371604885195,9.84704573771096,24.820262373861,7424,236,10.9194915254237,0.101553301024116
"result_final_convex_50",20.49,13.5804162953942,9.63391519447761,25.060883102798,6360,223,9.18834080717489,0.103799958772029
"result_final_convex_50",10.87,16.924617074916,8.71323583065989,24.9042027043171,3768,192,5.66145833333333,0.11476792542229
"result_final_convex_50",22.2,13.3487999765759,9.71985429668831,25.2996889906986,6810,241,9.21161825726141,0.102882200645818
"result_final_convex_50",5.11,0.567548829095771,7.74109666109899,25.1256517569147,2096,136,3.75735294117647,0.129180663125582
"result_final_convex_50",26.62,21.3032381237965,9.86885520271195,24.8918835716082,7778,235,11.3276595744681,0.101328875483471
"result_final_convex_50",10.57,2.36330726583108,8.67044479075581,26.2660053094222,3862,224,4.71875,0.115334336834273
"result_final_convex_50",36.98,2102.15329912904,9.98587702331758,24.9332026921014,9252,139,26.6043165467626,0.100141429507388
"result_final_convex_50",33.41,138.080782866803,9.9669963206075,24.2106795010722,8870,184,18.1576086956522,0.100331129643584
"result_final_convex_50",31.63,77.0131429872628,9.9512837269966,24.9821749918369,8518,211,14.9905213270142,0.100489547623602
"result_final_convex_50",5.43,2.22345270737542,7.80284229471909,25.2875207474608,2048,123,4.41463414634146,0.128158427689458
"result_final_convex_50",41.27,1320.47608708197,9.99556433287493,25.9773755157891,9648,145,28.4620689655172,0.100044376355125
"result_final_convex_50",38.2,439.393173044879,9.98967124703644,25.7438787752349,9480,165,23.1515151515152,0.100103394323078
"result_final_convex_50",33.22,184.799334857278,9.9655605890087,25.3898362690729,8844,207,16.048309178744,0.100345584281824
"result_final_convex_50",25.43,26.4315816199967,9.83751364009099,24.8581022571737,7548,223,11.4035874439462,0.101651701495455
"result_final_convex_50",32.08,633.07709002118,9.95576318000235,24.5202914158849,8454,180,17.8222222222222,0.100444333791371
"result_final_convex_50",21.35,14.3842312926933,9.67944432581376,25.2291836306827,6624,242,8.82231404958678,0.103311715666687
"result_final_convex_50",29.37,112.482944957901,9.92243484397453,23.6518119622507,8306,209,14.0526315789474,0.100781714944418
"result_final_convex_50",8.02,2.17573592777725,8.27080278584701,24.7039053771323,3124,185,4.33513513513514,0.120907247566246
"result_final_convex_50",31.74,350.568559735116,9.95241314615642,24.5384014780534,8634,179,17.731843575419,0.100478143874704
"result_final_convex_50",32.33,148.629468315529,9.95809528711831,25.8381816961087,8462,185,17.4756756756757,0.100420810523232
"result_final_convex_50",25.74,67.6028474179304,9.84622387274612,24.6450181082739,7432,223,11.542600896861,0.101561777684941
"result_final_convex_50",27.84,79.8954022823456,9.89556103896663,25.6481130308733,7720,201,13.8507462686567,0.101055412225968
"result_final_convex_50",34.06,313.635041997897,9.97152457755729,23.9140447954006,8644,172,19.8023255813953,0.100285567389633
"result_final_convex_50",2.33,1.21784789485041,7.17420871251613,24.8895101602565,924,62,3.75806451612903,0.139388194583104
"result_final_convex_50",34.64,741.205379501487,9.97510108716426,24.4819263201092,8868,169,20.4970414201183,0.100249610631694
"result_final_convex_50",40.92,2625.33484245538,9.9950937876112,24.8352091841828,9398,120,34.1,0.100049086206624
"result_final_convex_50",38.99,489.1958508908,9.99162206905202,23.2910285182275,8992,131,29.763358778626,0.100083849558061
"result_final_convex_50",29.86,128.521248026648,9.92968825581659,24.5382203938458,8430,222,13.4504504504505,0.100708096189648
"result_final_convex_50",7.82,4.36048761019899,8.23680618455211,25.4673200761317,2910,160,4.8875,0.121406280249191
"result_final_convex_50",34.84,94.2571390359344,9.97624061947039,25.1794348881508,8608,169,20.6153846153846,0.10023815965789
"result_final_convex_50",2.9,1.35529677707855,7.29444652911548,25.1239803713295,1128,78,3.71794871794872,0.137090592961171
"result_final_convex_50",22.12,14.0032721398766,9.71623656194405,24.7711822173604,6490,233,9.49356223175966,0.102920507711467
"result_final_convex_50",10.95,5.47460280597681,8.72449443411821,25.2013660736587,4070,218,5.02293577981651,0.114619822105608
"result_final_convex_50",13.64,6.02213548972311,9.06580570345259,25.2217039767619,4692,210,6.4952380952381,0.110304592080455
"result_final_convex_50",39.86,1250.05011702312,9.99338946123076,24.6384554238931,9414,130,30.6615384615385,0.100066149115822
"result_final_convex_50",12.25,23.9492122046583,8.89844823963908,25.0302297177424,4126,203,6.03448275862069,0.112379144438397
"result_final_convex_50",26.98,49.5327312809735,9.87727231934006,24.1940340446424,7890,220,12.2636363636364,0.101242526040511
"result_final_convex_50",1.46,0.151960353009506,6.9874079614453,24.565570625851,504,27,5.40740740740741,0.143114586341278
"result_final_convex_50",11.49,5.11776191019294,8.79881029664588,25.8494041387234,4112,221,5.19909502262443,0.113651728618493
"result_final_convex_50",3.13,3.91860699102813,7.34243274239597,25.2727222356264,1164,75,4.17333333333333,0.136194642168923
"result_final_convex_50",7.19,10.0832546406652,8.12729864576752,24.7029372903116,2486,137,5.24817518248175,0.123042113202124
"result_final_convex_50",20.41,10.7380438835426,9.62943042565489,25.1572166676817,6490,239,8.53974895397489,0.103848302110973
"result_final_linear_100",3.68,5.11232680228529,5.09737510584251,26.2115393618511,1388,81,4.54320987654321,0.196179401993355
"result_final_linear_100",16.55,43.6503848385706,5.55038244097107,24.3540707199368,5588,236,7.01271186440678,0.18016776512882
"result_final_linear_100",10.21,31.1153723586451,5.30141111176714,25.1209751047959,3564,179,5.70391061452514,0.188629023276534
"result_final_linear_100",18.95,285.533893937688,5.66189311910583,24.6487822457833,6096,246,7.70325203252033,0.176619370758791
"result_final_linear_100",25.94,333.232383633314,6.06154853494844,25.2603646417481,7516,217,11.9539170506912,0.164974345125574
"result_final_linear_100",19.32,118.91695061158,5.68009011546043,25.0874911769656,6102,249,7.75903614457831,0.176053544868617
"result_final_linear_100",29.37,659.648759142892,6.31244972741085,24.1852782475291,8110,201,14.6119402985075,0.158417103213932
"result_final_linear_100",8.18,41.7872102285716,5.23310156160948,25.4732128572436,3036,169,4.84023668639053,0.191091265519495
"result_final_linear_100",12.27,14.9796561430586,5.37594215331822,25.0622599259696,4432,216,5.68055555555556,0.186013906303431
"result_final_linear_100",24.58,388.476964489666,5.97338824647553,24.4459418206822,7102,221,11.1221719457014,0.16740917528507
"result_final_linear_100",41.33,6444.21579232118,7.71872122089199,25.490101283755,9530,131,31.5496183206107,0.129555138912562
"result_final_linear_100",10.19,17.6993190818134,5.3007141592398,24.917199871124,3670,204,4.99509803921569,0.18865382474112
"result_final_linear_100",12.68,59.6563316902473,5.39145468016794,24.4758664575216,4064,190,6.67368421052632,0.185478699038021
"result_final_linear_100",10.38,46.5778720416907,5.30735520549568,25.3709974293383,3790,208,4.99038461538461,0.188417763891988
"result_final_linear_100",7.01,17.52764886053,5.19584287869475,25.6842428873626,2464,132,5.31060606060606,0.192461555005915
"result_final_linear_100",0.74,1.54509462096859,5.01870765497017,22.748750330235,316,25,2.96,0.199254483175499
"result_final_linear_100",33.83,5038.86078781024,6.71708455994315,25.1200786600957,8750,173,19.5549132947977,0.148874112135409
"result_final_linear_100",18.98,83.9000289218663,5.66335803159513,25.0790078805072,6170,252,7.53174603174603,0.176573685509751
"result_final_linear_100",37.76,5747.49836787802,7.17712177121771,25.4801959693378,9392,148,25.5135135135135,0.139331619537275
"result_final_linear_100",9.27,22.5396976992399,5.26917939485452,24.1689427061347,3330,164,5.65243902439024,0.189782872258349
"result_final_linear_100",42.75,10326.2128482836,7.97909407665505,27.0788637767366,9372,111,38.5135135135135,0.125327510917031
"result_final_linear_100",21.64,93.808624094326,5.8010068107788,24.5675629618925,6872,259,8.35521235521236,0.172383869321082
"result_final_linear_100",10.8,26.6288419803199,5.32219570405728,25.5197175860655,3760,183,5.9016393442623,0.187892376681614
"result_final_linear_100",33.84,801.735688451069,6.71811535337124,24.1413929710015,8956,183,18.4918032786885,0.148851269649335
"result_final_linear_100",12.22,61.5598314682619,5.37406636463818,25.1318081071521,4240,214,5.71028037383178,0.186078833447254
"result_final_linear_100",27.23,357.019976215748,6.15079029667822,24.9658042814976,7600,208,13.0913461538462,0.162580733818881
"result_final_linear_100",21.87,219.29117087959,5.81367661284322,24.5767014241147,6658,234,9.34615384615385,0.172008191475745
"result_final_linear_100",27.36,174.567218480706,6.16010854816825,24.649519636728,7854,234,11.6923076923077,0.162334801762115
"result_final_linear_100",20.69,271.269243037955,5.75001812513594,25.8153953053778,6404,219,9.44748858447489,0.173912495271719
"result_final_linear_100",1.09,0.890992230860919,5.02770294312001,25.4937293671851,416,30,3.63333333333333,0.198897988069963
"result_final_linear_100",29.6,333.399613553855,6.33093525179856,24.8854230453791,8516,201,14.726368159204,0.157954545454545
"result_final_linear_100",26.09,230.793468949633,6.07163394397437,25.5902204578615,7578,214,12.1915887850467,0.164700311189284
"result_final_linear_100",13.3,63.557951677393,5.41536539662711,24.0740542157254,4610,222,5.99099099099099,0.184659746251442
"result_final_linear_100",4.05,8.7295549540177,5.10779877561884,26.1477638754723,1536,90,4.5,0.19577905158937
"result_final_linear_100",13.53,47.8731677046941,5.42437739163164,25.7458949586309,4622,214,6.32242990654206,0.184352954782005
"result_final_linear_100",8.85,17.4692508089263,5.25511674834246,26.1202830305844,3170,169,5.23668639053254,0.190290729566648
"result_final_linear_100",19.81,107.866024196264,5.70463114462545,24.4583880237135,6110,230,8.61304347826087,0.175296171592468
"result_final_linear_100",1.67,1.55540260197499,5.04282270885686,26.442116926958,624,42,3.97619047619048,0.198301637343639
"result_final_linear_100",28.09,721.938072989358,6.21360062213773,24.0495503744523,8110,219,12.8264840182648,0.160937282714504
"result_final_linear_100",2.4,5.25160978306653,5.06224066390041,25.2749585634788,956,62,3.87096774193548,0.197540983606558
"result_final_linear_100",39.01,3177.05606319986,7.35084970471255,24.573834436969,9186,139,28.0647482014388,0.136038694868011
"result_final_linear_100",31.82,959.076777864214,6.52190549072126,24.9644246468537,8586,204,15.5980392156863,0.153329422117923
"result_final_linear_100",6.21,14.3289869706373,5.1711970006065,24.9973742748898,2322,138,4.5,0.193378825034652
"result_final_linear_100",11.68,22.8878880384422,5.35402521823472,24.5747201523794,4280,217,5.38248847926267,0.186775362318841
"result_final_linear_100",32.1,1776.92728605545,6.54773384763742,25.1072916738177,8670,184,17.445652173913,0.152724594992636
"result_final_linear_100",36.58,5718.68773363104,7.02636826944383,23.3969852790616,9114,139,26.3165467625899,0.142321034374014
"result_final_linear_100",37.16,2577.04344966472,7.09896068685043,25.4526073192147,9298,153,24.2875816993464,0.140865690642903
"result_final_linear_100",32.21,961.656181654521,6.55799554996614,24.6515413216933,8718,193,16.6891191709845,0.152485617347691
"result_final_linear_100",17.67,117.66578561897,5.60106129668685,25.7208638998122,5578,235,7.51914893617021,0.178537592615086
"result_final_linear_100",12.37,61.1123791838274,5.37970409478789,24.256521859863,4290,201,6.15422885572139,0.185883829738674
"result_final_linear_100",25.92,199.625270019091,6.06020942408377,25.0067355460187,7514,236,10.9830508474576,0.165010799136069
"result_final_linear_100",26.73,780.737196954633,6.11551623403723,24.8678195035212,7556,224,11.9330357142857,0.163518493244165
"result_final_linear_100",14,19.1135983901861,5.44303797468354,25.1112324609406,5022,227,6.16740088105727,0.183720930232558
"result_final_linear_100",30.37,601.029087518118,6.3945265864634,25.2166154677864,8436,210,14.4619047619048,0.156383742639667
"result_final_linear_100",11.77,81.1300820602186,5.35733802902423,25.2952319261213,4014,192,6.13020833333333,0.186659866258642
"result_final_linear_100",36.28,3287.07675186189,6.98990785432207,24.7633368663974,9108,165,21.9878787878788,0.143063402385436
"result_final_linear_100",26.97,426.027134684898,6.13233688806785,24.7184423100898,7712,213,12.6619718309859,0.163069971244694
"result_final_linear_100",40.4,4207.66461285397,7.56345177664975,23.9456890281688,9244,120,33.6666666666667,0.132214765100671
"result_final_linear_100",8.18,49.2353871215706,5.23310156160948,25.8251434866633,3062,165,4.95757575757576,0.191091265519495
"result_final_linear_100",29.17,724.994276804465,6.29655969419504,24.3359447217425,8046,206,14.1601941747573,0.158816885500494
"result_final_linear_100",2.93,10.4285610603025,5.07661733172951,25.3791967945068,1180,72,4.06944444444444,0.196981559699186
"result_final_linear_100",4.6,4.32144752378526,5.12352309344791,24.510285839422,1804,105,4.38095238095238,0.195178197064989
"result_final_linear_100",24.96,274.750756326962,5.99744245524297,25.2811785399478,7374,231,10.8051948051948,0.166737739872068
"result_final_linear_100",14.16,56.1052012965096,5.44946673438294,25.2429258405646,4788,225,6.29333333333333,0.183504193849021
"result_final_linear_100",23.45,205.032025022239,5.90435788661782,24.8225332478769,7134,220,10.6590909090909,0.169366427171783
"result_final_linear_100",33.04,1572.11737047891,6.6375892149088,24.7026927640054,8740,185,17.8594594594595,0.150657108721625
"result_final_linear_100",43.53,2821.81770654943,8.13571531479614,22.8309140029581,9654,102,42.6764705882353,0.122914822029396
"result_final_linear_100",9.41,45.9858621866601,5.2739127903592,26.1946556513351,3278,182,5.17032967032967,0.189612540015454
"result_final_linear_100",2.07,2.04009696860073,5.05340832860313,24.6568518782877,800,49,4.22448979591837,0.197886245277239
"result_final_linear_100",35.25,2118.20720934704,6.87002652519894,23.4566120908063,8624,158,22.3101265822785,0.145559845559846
"result_final_linear_100",25.12,385.406176208736,6.00770218228498,24.2074184140618,7350,213,11.7934272300469,0.166452991452991
"result_final_linear_100",14.76,45.0933447667983,5.47392756229129,25.7655699586333,5260,255,5.78823529411765,0.18268418582825
"result_final_linear_100",21.43,116.344447246132,5.78955124898681,24.8385251461438,6700,242,8.85537190082645,0.172724958635612
"result_final_linear_100",5.64,8.51205707546633,5.15403102468866,25.7026756378011,2226,137,4.11678832116788,0.194022891055532
"result_final_linear_100",14.22,96.3876846837714,5.45188763188,24.8764904511108,5000,236,6.02542372881356,0.183422709256237
"result_final_linear_100",38.84,2503.7219135544,7.32630570196454,24.8193558041828,9326,139,27.9424460431655,0.136494440810988
"result_final_linear_100",3.15,0.71499906991441,5.08265547100499,25.8508355539559,1316,88,3.57954545454545,0.196747547754259
"result_final_linear_100",35.7,2366.62668310903,6.92142088266954,25.9421893923974,8658,168,21.25,0.14447900466563
"result_final_linear_100",1.81,1.04257430287012,5.04651282314848,25.7906943680457,778,53,3.41509433962264,0.198156635095224
"result_final_linear_100",19.27,141.746564563612,5.67761445952599,25.4646662256114,6134,230,8.37826086956522,0.17613031091292
"result_final_linear_100",4.1,6.54580765144063,5.1092168353756,25.2447217285127,1662,100,4.1,0.195724713242961
"result_final_linear_100",9.66,20.3976620085635,5.28242310840837,25.1863897460395,3426,172,5.61627906976744,0.189307062209431
"result_final_linear_100",34.2,2271.33979663233,6.75564681724846,24.9924509545277,8850,176,19.4318181818182,0.148024316109422
"result_final_linear_100",27.2,394.126249172572,6.14864864864865,24.8245359161409,7698,215,12.6511627906977,0.162637362637363
"result_final_linear_100",37.3,3415.41477969021,7.11691259931896,23.8001446810061,9224,147,25.3741496598639,0.140510366826156
"result_final_linear_100",36.6,4450.19861089012,7.02882483370288,23.2490708890277,9008,144,25.4166666666667,0.142271293375394
"result_final_linear_100",33.5,1483.58625583615,6.68341708542713,24.4058431492904,8760,178,18.8202247191011,0.149624060150376
"result_final_linear_100",25.04,353.511589951396,6.00256245996156,24.322183915479,7598,232,10.7931034482759,0.166595517609392
"result_final_linear_100",21.9,164.079751500201,5.81533879374535,25.7548950058344,6858,244,8.97540983606557,0.171959026888604
"result_final_linear_100",17.58,109.860063120817,5.59690343609942,25.2840085066157,5658,221,7.95475113122172,0.17867022567338
"result_final_linear_100",9.58,9.84937337827699,5.27969169683522,25.8524047673735,3552,190,5.04210526315789,0.18940499889405
"result_final_linear_100",2.01,1.11980130315898,5.0518121358973,24.6974654796448,838,56,3.58928571428571,0.197948770282682
"result_final_linear_100",3.62,1.44789249136711,5.09569630961193,26.741881222277,1492,101,3.58415841584158,0.196244034031957
"result_final_linear_100",38.27,1354.88631263986,7.24615565207184,25.1204329165501,9280,142,26.9507042253521,0.138004211890491
"result_final_linear_100",11.78,27.3953021226231,5.35770678974857,24.9306227628927,4172,198,5.94949494949495,0.186647018816595
"result_final_linear_100",2.59,0.873027401947325,5.06736721635541,23.7393843086014,944,56,4.625,0.197341135407042
"result_final_linear_100",29.59,573.012646764919,6.33012676436213,25.337015597464,8068,207,14.2946859903382,0.157974719500071
"result_final_linear_100",36.37,5235.54867600508,7.00077016173396,26.2765604422345,9136,157,23.1656050955414,0.142841426999843
"result_final_linear_100",7.86,40.8287953820746,5.22276385897291,24.2449503720695,2850,148,5.31081081081081,0.191469502930323
"result_final_linear_100",35.55,2337.9204125512,6.90412426352437,24.2015100221252,8802,153,23.2352941176471,0.144840961986036
"result_final_linear_100",1.46,0.100290191051234,5.03731724772518,26.9997914788474,628,42,3.47619047619048,0.19851836817536
"result_final_linear_100",39.58,5972.00100371201,7.43539256706867,25.4084192725588,9508,140,28.2714285714286,0.134491890102615
"result_final_linear_100",17.98,92.7974760017031,5.6155004792551,25.1960559786002,5894,249,7.22088353413655,0.178078517434772
"result_final_linear_100",37.61,4508.8091802877,7.15727888034874,25.2062563137331,9268,141,26.6737588652482,0.139717903510178
"result_final_linear_100",13.99,89.0741176817545,5.44263747389736,25.4403035225702,4600,208,6.72596153846154,0.183734449482618
"result_final_linear_100",13.09,26.6337459476274,5.40720462888073,24.5093894032642,4638,226,5.79203539823009,0.184938442066506
"result_final_linear_100",39.54,2487.49137181628,7.42934381912018,24.7045462330235,9392,132,29.9545454545455,0.134601389348329
"result_final_linear_100",10.78,32.3700649222232,5.32148395562448,25.7022409394854,3928,199,5.41708542713568,0.187917507285362
"result_final_linear_100",34.96,2567.99020018542,6.8376787216148,24.8024330983445,8762,156,22.4102564102564,0.146248462484625
"result_final_linear_100",28.5,362.73604882223,6.24454148471616,25.1028225905933,7968,229,12.4454148471616,0.16013986013986
"result_final_linear_100",12.53,41.8779905773812,5.38575210886029,25.1120853142053,4386,205,6.11219512195122,0.185675088601806
"result_final_linear_100",3.34,17.4120336721708,5.08790398989367,24.2798515676621,1340,85,3.92941176470588,0.19654458928202
"result_final_linear_100",35.92,5630.61592130244,6.94709453599306,25.5941955901849,8880,137,26.2189781021898,0.14394506866417
"result_final_linear_100",42.4,7558.81765615289,7.91208791208791,23.9279416813486,9784,96,44.1666666666667,0.126388888888889
"result_final_linear_100",21.7,453.89543005969,5.80429948109711,24.9054826809102,6442,220,9.86363636363636,0.172286079182631
"result_final_linear_100",2.79,1.55073024518592,5.0727965349893,24.7449371633913,1082,68,4.10294117647059,0.197129924904845
"result_final_linear_100",13.47,153.779356591394,5.42201892349145,25.1751063294733,4468,204,6.60294117647059,0.184433144574136
"result_final_linear_100",36.54,7076.54773419969,7.02146492586855,25.4104494680193,9396,134,27.2686567164179,0.142420422313268
"result_final_linear_100",25.11,360.784534229516,6.00705863479586,24.8527588271431,7360,231,10.8701298701299,0.166470823875017
"result_final_linear_100",24.06,270.214844588998,5.94116726646847,25.5614188752632,7208,238,10.109243697479,0.168317092441401
"result_final_linear_100",28.99,521.606558649297,6.28240290188446,25.4247579979073,8016,180,16.1055555555556,0.15917476411773
"result_final_linear_100",21.22,142.23647876948,5.77820155493619,25.0013375106332,6560,256,8.2890625,0.173064229499873
"result_final_linear_100",3.91,19.7959258727973,5.10384022945769,24.5067704294162,1496,93,4.20430107526882,0.195930898116349
"result_final_linear_100",16.99,101.116555811688,5.57001945916929,25.8204213116824,5566,229,7.41921397379913,0.179532586435369
"result_final_linear_100",31.67,1055.78320135867,6.50823887989332,24.0854535652673,8498,187,16.9358288770053,0.153651397629153
"result_final_linear_100",28.21,380.92321058972,6.22258819450464,24.6647474349312,7970,235,12.0042553191489,0.160704833542276
"result_final_linear_100",4.8,6.47025669343251,5.12931034482759,25.1253887763001,1802,108,4.44444444444444,0.194957983193277
"result_final_linear_100",34.44,1709.41733445867,6.78113363673976,24.3875479581405,8734,175,19.68,0.147467968273337
"result_final_linear_100",26.89,317.805977084968,6.12670744992877,23.9776967688248,7672,215,12.506976744186,0.163219805772124
"result_final_linear_100",8.91,27.2240397704118,5.25711317596814,25.8089499195638,3034,149,5.97986577181208,0.190218465254144
"result_final_linear_100",37.95,6752.13421375585,7.20255368543238,25.3914059969235,9206,153,24.8039215686275,0.13883964544722
"result_final_linear_100",8.62,13.7082838935143,5.24750200987711,25.7236672420523,3078,170,5.07058823529412,0.190566863646312
"result_final_linear_100",2.04,9.35460751169661,5.05260986177017,22.1649818857484,788,51,4,0.197917517354022
"result_final_linear_100",11.68,34.541231908844,5.35402521823472,23.9469238836931,3998,198,5.8989898989899,0.186775362318841
"result_final_linear_100",44.78,23875.0777899923,8.40999086201645,26.1896865038818,10050,94,47.6382978723404,0.118906193408185
"result_final_linear_100",5.17,5.51023968436874,5.14011599544691,25.4778569788988,2054,127,4.07086614173228,0.194548138774649
"result_final_linear_100",14.6,244.787486289825,5.46734955185659,23.9231861695673,4688,206,7.0873786407767,0.182903981264637
"result_final_linear_100",29.14,772.007655016158,6.294190797655,25.0646000432208,8302,210,13.8761904761905,0.158876658199266
"result_final_linear_100",5.03,15.9982933126964,5.13601211400141,25.376772953817,1800,105,4.79047619047619,0.19470359060756
"result_final_linear_100",22.37,138.340980333972,5.8416735646023,25.0308993882978,6986,244,9.16803278688525,0.171183820687878
"result_final_linear_100",28.55,175.705235933955,6.24836029733275,24.7195850436543,8082,203,14.064039408867,0.160041987403779
"result_final_linear_100",6.9,20.1301018022238,5.19241494701617,24.8532764977461,2560,152,4.53947368421053,0.192588614393126
"result_final_linear_100",42.01,5273.59022670013,7.83966472894416,24.4127614948724,9600,119,35.3025210084034,0.127556475254354
"result_final_linear_100",29.74,506.708320858901,6.3423000541614,25.0915085547763,8102,190,15.6526315789474,0.157671505835468
"result_final_linear_100",3.71,4.99789455465347,5.09821570392333,24.7930945315247,1404,85,4.36470588235294,0.196147055769031
"result_final_linear_100",6.2,29.4335586002394,5.17089305402425,25.6033379251599,2222,123,5.04065040650407,0.193390191897655
"result_final_linear_100",19.46,107.195075495898,5.68704985171586,25.4580140677464,6532,261,7.45593869731801,0.175838092873107
"result_final_linear_100",20.54,163.614799919889,5.74215927157104,24.783574021833,6464,230,8.9304347826087,0.174150515982884
"result_final_linear_100",41.5,18460.6336302099,7.74834437086093,26.2712888030053,9612,123,33.739837398374,0.129059829059829
"result_final_linear_100",20.01,105.180762420683,5.71479602772023,24.5654147983333,6218,221,9.05429864253394,0.174984373046631
"result_final_linear_100",15.45,59.6469473074115,5.50276602668402,25.3705388013885,5190,234,6.6025641025641,0.181726788882318
"result_final_linear_100",44.62,7469.9048552196,8.37314786815845,24.9346731256114,9322,99,45.0707070707071,0.119429396894186
"result_final_linear_100",13.9,103.6128404134,5.43903979785218,25.0182722902757,4644,211,6.58767772511848,0.183855981416957
"result_final_linear_100",23.62,129.757804921414,5.9145113829952,24.5586727409313,6976,228,10.359649122807,0.169075674260278
"result_final_linear_100",9.44,17.718718550719,5.27493010251631,24.8671100974194,3498,183,5.15846994535519,0.189575971731449
"result_final_linear_100",23.92,565.769338578471,5.93262632563943,25.2693965245407,7016,220,10.8727272727273,0.168559411146162
"result_final_linear_100",40.9,4367.61465393946,7.64553686934023,23.6265327226077,9454,118,34.6610169491525,0.130795262267344
"result_final_linear_100",25.77,283.112262036338,6.05020784089983,24.820262373861,7424,236,10.9194915254237,0.165283578068166
"result_final_linear_100",20.49,106.243793123512,5.73955099978344,25.060883102798,6360,223,9.18834080717489,0.174229656646963
"result_final_linear_100",10.87,92.115922656634,5.32469084174682,24.9042027043171,3768,192,5.66145833333333,0.187804330752833
"result_final_linear_100",22.2,94.7925960062808,5.83208395802099,25.2996889906986,6810,241,9.21161825726141,0.17146529562982
"result_final_linear_100",5.11,2.14111922086201,5.13835490334109,25.1256517569147,2096,136,3.75735294117647,0.194614817156708
"result_final_linear_100",26.62,156.624282150199,6.1078741468287,24.8918835716082,7778,235,11.3276595744681,0.163723085309349
"result_final_linear_100",10.57,12.6741625640886,5.31404123833858,26.2660053094222,3862,224,4.71875,0.188180699988818
"result_final_linear_100",36.98,9016.2582728651,7.0761284527285,24.9332026921014,9252,139,26.6043165467626,0.141320215804506
"result_final_linear_100",33.41,722.000017353747,6.67435100731683,24.2106795010722,8870,184,18.1576086956522,0.149827301396606
"result_final_linear_100",31.63,432.062216588305,6.50461421368091,24.9821749918369,8518,211,14.9905213270142,0.15373701916045
"result_final_linear_100",5.43,8.38643730110837,5.14778727342006,25.2875207474608,2048,123,4.41463414634146,0.194258221423284
"result_final_linear_100",41.27,4145.69740115793,7.70836067725423,25.9773755157891,9648,145,28.4620689655172,0.129729269538566
"result_final_linear_100",38.2,1740.78097296183,7.23653395784543,25.7438787752349,9480,165,23.1515151515152,0.138187702265372
"result_final_linear_100",33.22,970.160393738578,6.65537173609727,25.3898362690729,8844,207,16.048309178744,0.150254567235699
"result_final_linear_100",25.43,178.841054088064,6.02780696790882,24.8581022571737,7548,223,11.4035874439462,0.16589781413437
"result_final_linear_100",32.08,3491.62657560824,6.54587509637625,24.5202914158849,8454,180,17.8222222222222,0.152767962308598
"result_final_linear_100",21.35,100.831860523327,5.78521515262964,25.2291836306827,6624,242,8.82231404958678,0.172854418308964
"result_final_linear_100",29.37,685.118152990964,6.31244972741085,23.6518119622507,8306,209,14.0526315789474,0.158417103213932
"result_final_linear_100",8.02,10.0096724609823,5.22791860861657,24.7039053771323,3124,185,4.33513513513514,0.191280713198522
"result_final_linear_100",31.74,1955.97641639839,6.51460202328689,24.5384014780534,8634,179,17.731843575419,0.153501318488134
"result_final_linear_100",32.33,809.389612547416,6.56926511989127,25.8381816961087,8462,185,17.4756756756757,0.152224028372987
"result_final_linear_100",25.74,451.747977572517,6.04821632187653,24.6450181082739,7432,223,11.542600896861,0.165338001615944
"result_final_linear_100",27.84,516.502692598363,6.19505494505494,25.6481130308733,7720,201,13.8507462686567,0.161419068736142
"result_final_linear_100",34.06,1670.39469833105,6.7409527703946,23.9140447954006,8644,172,19.8023255813953,0.148346982104944
"result_final_linear_100",2.33,3.50437229150256,5.06035956686182,24.8895101602565,924,62,3.75806451612903,0.197614415890243
"result_final_linear_100",34.64,3627.30345206795,6.80266444629475,24.4819263201092,8868,169,20.4970414201183,0.147001223990208
"result_final_linear_100",40.92,8485.7445825215,7.64888658726049,24.8352091841828,9398,120,34.1,0.13073798239675
"result_final_linear_100",38.99,2238.54045457054,7.34794652535228,23.2910285182275,8992,131,29.763358778626,0.136092443861662
"result_final_linear_100",29.86,770.670482379853,6.35211012497736,24.5382203938458,8430,222,13.4504504504505,0.157428001140576
"result_final_linear_100",7.82,19.692685273162,5.22147955137646,25.4673200761317,2910,160,4.8875,0.191516597960512
"result_final_linear_100",34.84,457.161476606144,6.82446585672392,25.1794348881508,8608,169,20.6153846153846,0.146531614487416
"result_final_linear_100",2.9,4.10967984950737,5.07579717720857,25.1239803713295,1128,78,3.71794871794872,0.197013388259526
"result_final_linear_100",22.12,98.0446396433315,5.82759652798563,24.7711822173604,6490,233,9.49356223175966,0.171597329224448
"result_final_linear_100",10.95,30.3747344895114,5.32755010469638,25.2013660736587,4070,218,5.02293577981651,0.187703537338574
"result_final_linear_100",13.64,37.1137563810572,5.42871511189339,25.2217039767619,4692,210,6.4952380952381,0.184205650764243
"result_final_linear_100",39.86,4398.58697827707,7.47823924396916,24.6384554238931,9414,130,30.6615384615385,0.13372131692717
"result_final_linear_100",12.25,139.645370813683,5.37519142419602,25.0302297177424,4126,203,6.03448275862069,0.186039886039886
"result_final_linear_100",26.98,322.773916252653,6.13304216361498,24.1940340446424,7890,220,12.2636363636364,0.163051218844152
"result_final_linear_100",1.46,0.403480076351903,5.03731724772518,24.565570625851,504,27,5.40740740740741,0.19851836817536
"result_final_linear_100",11.49,28.7488632299465,5.34706699691899,25.8494041387234,4112,221,5.19909502262443,0.187018415998192
"result_final_linear_100",3.13,12.132650315759,5.08210482136299,25.2727222356264,1164,75,4.17333333333333,0.196768865489832
"result_final_linear_100",7.19,43.5446708024294,5.20147957182088,24.7029372903116,2486,137,5.24817518248175,0.192252989979528
"result_final_linear_100",20.41,75.3108159276162,5.73538949340636,25.1572166676817,6490,239,8.53974895397489,0.174356074883779
"result_final_concave_100",3.68,5.36071597408546,5.00365190762123,26.2115393618511,1388,81,4.54320987654321,0.199854030308716
"result_final_concave_100",16.55,54.67686808656,5.1003019100217,24.3540707199368,5588,236,7.01271186440678,0.196066824600143
"result_final_concave_100",10.21,35.5938050323546,5.03253511599115,25.1209751047959,3564,179,5.70391061452514,0.198707008883544
"result_final_concave_100",18.95,370.986852923337,5.14050380298616,24.6487822457833,6096,246,7.70325203252033,0.194533461762851
"result_final_concave_100",25.94,481.330981531949,5.32674138416016,25.2603646417481,7516,217,11.9539170506912,0.187732035006176
"result_final_concave_100",19.32,155.211472433378,5.14758981988385,25.0874911769656,6102,249,7.75903614457831,0.194265672866406
"result_final_concave_100",29.37,1005.32189431454,5.47319530938335,24.1852782475291,8110,201,14.6119402985075,0.182708626948792
"result_final_concave_100",8.18,46.4874321430585,5.01992043733434,25.4732128572436,3036,169,4.84023668639053,0.199206344499559
"result_final_concave_100",12.27,17.6365480894488,5.04938572330623,25.0622599259696,4432,216,5.68055555555556,0.198043891831108
"result_final_concave_100",24.58,549.884457597631,5.28043376638355,24.4459418206822,7102,221,11.1221719457014,0.189378381444007
"result_final_concave_100",41.33,11004.9100223556,6.65003203431016,25.490101283755,9530,131,31.5496183206107,0.150375215463715
"result_final_concave_100",10.19,20.316185971632,5.03239242632385,24.917199871124,3670,204,4.99509803921569,0.198712643069948
"result_final_concave_100",12.68,70.6466116352097,5.05327878543732,24.4758664575216,4064,190,6.67368421052632,0.197891318183716
"result_final_concave_100",10.38,53.5019624582981,5.03376351403573,25.3709974293383,3790,208,4.99038461538461,0.198658518067383
"result_final_concave_100",7.01,19.3490579839379,5.01424752124803,25.6842428873626,2464,132,5.31060606060606,0.199431718470711
"result_final_concave_100",0.74,1.5595066215001,5.00013895269537,22.748750330235,316,25,2.96,0.199994442046644
"result_final_concave_100",33.83,8165.52957671766,5.75170678201391,25.1200786600957,8750,173,19.5549132947977,0.173861435900573
"result_final_concave_100",18.98,109.020967777009,5.14106892912198,25.0790078805072,6170,252,7.53174603174603,0.194512077894039
"result_final_concave_100",37.76,9992.51562322248,6.12769593352393,25.4801959693378,9392,148,25.5135135135135,0.1631934761203
"result_final_concave_100",9.27,25.4672057800531,5.02623435464191,24.1689427061347,3330,164,5.65243902439024,0.198956103007108
"result_final_concave_100",42.75,17533.5111939689,6.93288031623061,27.0788637767366,9372,111,38.5135135135135,0.144240193741538
"result_final_concave_100",21.64,126.882951740217,5.1982213507532,24.5675629618925,6872,259,8.35521235521236,0.192373493263249
"result_final_concave_100",10.8,30.7205584125557,5.03691924358598,25.5197175860655,3760,183,5.9016393442623,0.198534054575801
"result_final_concave_100",33.84,1299.42273056831,5.75247975278591,24.1413929710015,8956,183,18.4918032786885,0.17383807383515
"result_final_concave_100",12.22,73.5712758659029,5.0489237883119,25.1318081071521,4240,214,5.71028037383178,0.198062011218107
"result_final_concave_100",27.23,526.774498309663,5.37640232504219,24.9658042814976,7600,208,13.0913461538462,0.185997985184666
"result_final_concave_100",21.87,297.471507413268,5.20387246123327,24.5767014241147,6658,234,9.34615384615385,0.192164586555415
"result_final_concave_100",27.36,258.218821243654,5.38174526294352,24.649519636728,7854,234,11.6923076923077,0.185813328417008
"result_final_concave_100",20.69,361.470679690884,5.17613290785761,25.8153953053778,6404,219,9.44748858447489,0.193194420970519
"result_final_concave_100",1.09,0.903309803099105,5.00030362601012,25.4937293671851,416,30,3.63333333333333,0.19998785569706
"result_final_concave_100",29.6,515.246102468284,5.48480770592818,24.8854230453791,8516,201,14.726368159204,0.182321797520661
"result_final_concave_100",26.09,334.253664383344,5.33221514083967,25.5902204578615,7578,214,12.1915887850467,0.187539319698666
"result_final_concave_100",13.3,76.0168296009115,5.0595313016385,24.0740542157254,4610,222,5.99099099099099,0.197646766149298
"result_final_concave_100",4.05,9.19331995940099,5.00445807271286,26.1477638754723,1536,90,4.5,0.199821835945148
"result_final_concave_100",13.53,57.3841697803987,5.06196606365627,25.7458949586309,4622,214,6.32242990654206,0.19755169975946
"result_final_concave_100",8.85,19.6241447456845,5.02367909441843,26.1202830305844,3170,169,5.23668639053254,0.199057300676521
"result_final_concave_100",19.81,141.867845296849,5.15737182147487,24.4583880237135,6110,230,8.61304347826087,0.193897208620112
"result_final_concave_100",1.67,1.60241208970187,5.00072121294275,26.442116926958,624,42,3.97619047619048,0.199971155642875
"result_final_concave_100",28.09,1078.57191540362,5.41298237575083,24.0495503744523,8110,219,12.8264840182648,0.184741041182734
"result_final_concave_100",2.4,5.41351685606054,5.0015121475856,25.2749585634788,956,62,3.87096774193548,0.199939532383768
"result_final_concave_100",39.01,5436.77717260353,6.2857693884232,24.573834436969,9186,139,28.0647482014388,0.159089514458126
"result_final_concave_100",31.82,1517.6183845356,5.61108750347214,24.9644246468537,8586,204,15.5980392156863,0.17821857160153
"result_final_concave_100",6.21,15.5240642218588,5.01098406653116,24.9973742748898,2322,138,4.5,0.199561600420783
"result_final_concave_100",11.68,26.730861157735,5.0441084692565,24.5747201523794,4280,217,5.38248847926267,0.198251089582021
"result_final_concave_100",32.1,2813.24460026107,5.62903444394115,25.1072916738177,8670,184,17.445652173913,0.177650360813897
"result_final_concave_100",36.58,9566.84289214115,5.99767161116264,23.3969852790616,9114,139,26.3165467625899,0.166731369243164
"result_final_concave_100",37.16,4337.85636404436,6.05945533079583,25.4526073192147,9298,153,24.2875816993464,0.165031334568591
"result_final_concave_100",32.21,1528.07813486958,5.63622133021637,24.6515413216933,8718,193,16.6891191709845,0.1774238344117
"result_final_concave_100",17.67,149.821682368891,5.11787356680312,25.7208638998122,5578,235,7.51914893617021,0.19539365069244
"result_final_concave_100",12.37,72.1203403025372,5.05031789869303,24.256521859863,4290,201,6.15422885572139,0.198007337371533
"result_final_concave_100",25.92,288.52894518905,5.3260172822452,25.0067355460187,7514,236,10.9830508474576,0.187757558229035
"result_final_concave_100",26.73,1144.13389888914,5.35644470249512,24.8678195035212,7556,224,11.9330357142857,0.18669099664824
"result_final_concave_100",14,23.0837108412209,5.06714168265278,25.1112324609406,5022,227,6.16740088105727,0.197349918875068
"result_final_concave_100",30.37,991.066799532439,5.52558780823654,25.2166154677864,8436,210,14.4619047619048,0.180976220938772
"result_final_concave_100",11.77,94.8545572000957,5.0448892144224,25.2952319261213,4014,192,6.13020833333333,0.198220408317627
"result_final_concave_100",36.28,5487.88056701726,5.96721949072213,24.7633368663974,9108,165,21.9878787878788,0.167582238520773
"result_final_concave_100",26.97,627.892086572598,5.36590855472698,24.7184423100898,7712,213,12.6619718309859,0.186361729761323
"result_final_concave_100",40.4,7192.49639951115,6.49133066284612,23.9456890281688,9244,120,33.6666666666667,0.154051619296428
"result_final_concave_100",8.18,54.7751673901005,5.01992043733434,25.8251434866633,3062,165,4.95757575757576,0.199206344499559
"result_final_concave_100",29.17,1100.03825252716,5.46330131468758,24.3359447217425,8046,206,14.1601941747573,0.183039510801206
"result_final_concave_100",2.93,10.8362647750221,5.00227878356018,25.3791967945068,1180,72,4.06944444444444,0.199908890181504
"result_final_concave_100",4.6,4.58340621157919,5.00581921065543,24.510285839422,1804,105,4.38095238095238,0.199767502164559
"result_final_concave_100",24.96,390.811865024479,5.29279138373285,25.2811785399478,7374,231,10.8051948051948,0.188936220511818
"result_final_concave_100",14.16,67.8682156469084,5.06896623078383,25.2429258405646,4788,225,6.29333333333333,0.197278883794293
"result_final_concave_100",23.45,285.196090828281,5.24615367054457,24.8225332478769,7134,220,10.6590909090909,0.190615842157783
"result_final_concave_100",33.04,2521.97181315771,5.6930493129601,24.7026927640054,8740,185,17.8594594594595,0.175652790802905
"result_final_concave_100",43.53,4704.95601311322,7.11345047534265,22.8309140029581,9654,102,42.6764705882353,0.140578753372403
"result_final_concave_100",9.41,52.025594247235,5.0271211489156,26.1946556513351,3278,182,5.17032967032967,0.198921006750695
"result_final_concave_100",2.07,2.09429159323532,5.00111723934598,24.6568518782877,800,49,4.22448979591837,0.19995532040972
"result_final_concave_100",35.25,3497.07036111604,5.86982963047226,23.4566120908063,8624,158,22.3101265822785,0.170362695845321
"result_final_concave_100",25.12,550.781660204678,5.29812602352691,24.2074184140618,7350,213,11.7934272300469,0.188745982175469
"result_final_concave_100",14.76,55.0191024243125,5.07610024009181,25.7655699586333,5260,255,5.78823529411765,0.197001625795694
"result_final_concave_100",21.43,157.091923321074,5.1931670895415,24.8385251461438,6700,242,8.85537190082645,0.192560721185709
"result_final_concave_100",5.64,9.15248596665813,5.00894744057114,25.7026756378011,2226,137,4.11678832116788,0.19964274168666
"result_final_concave_100",14.22,117.691244963271,5.06965877656821,24.8764904511108,5000,236,6.02542372881356,0.197251934315967
"result_final_concave_100",38.84,4263.33005637059,6.26290002708393,24.8193558041828,9326,139,27.9424460431655,0.159670439520908
"result_final_concave_100",3.15,0.781906007497078,5.00264601093685,25.8508355539559,1316,88,3.57954545454545,0.199894215543892
"result_final_concave_100",35.7,3926.42747996826,5.91106713999162,25.9421893923974,8658,168,21.25,0.169174190770809
"result_final_concave_100",1.81,1.06665174930474,5.00084964289712,25.7906943680457,778,53,3.41509433962264,0.199966020058278
"result_final_concave_100",19.27,184.916854635475,5.14661736484871,25.4646662256114,6134,230,8.37826086956522,0.194302379428861
"result_final_concave_100",4.1,6.89746776157504,5.00457369913494,25.2447217285127,1662,100,4.1,0.199817219231451
"result_final_concave_100",9.66,23.5222815989778,5.02874908662199,25.1863897460395,3426,172,5.61627906976744,0.19885661081407
"result_final_concave_100",34.2,3698.99187471026,5.7808385983839,24.9924509545277,8850,176,19.4318181818182,0.172985282841068
"result_final_concave_100",27.2,584.456508034899,5.37517850188238,24.8245359161409,7698,215,12.6511627906977,0.186040333293081
"result_final_concave_100",37.3,5842.0369193852,6.07497114176617,23.8001446810061,9224,147,25.3741496598639,0.164609835448415
"result_final_concave_100",36.6,7445.31805933341,5.99973729618064,23.2490708890277,9008,144,25.4166666666667,0.166673964314502
"result_final_concave_100",33.5,2398.8711746516,5.72663407685584,24.4058431492904,8760,178,18.8202247191011,0.174622646842671
"result_final_concave_100",25.04,503.567647743432,5.29544882926038,24.322183915479,7598,232,10.7931034482759,0.188841405562155
"result_final_concave_100",21.9,225.246565083573,5.2046185837242,25.7548950058344,6858,244,8.97540983606557,0.19213703826966
"result_final_concave_100",17.58,139.834550597332,5.11638739442276,25.2840085066157,5658,221,7.95475113122172,0.195450407271755
"result_final_concave_100",9.58,11.1690072034596,5.02822191330995,25.8524047673735,3552,190,5.04210526315789,0.198877459515649
"result_final_concave_100",2.01,1.14858560421379,5.00105210717763,24.6974654796448,838,56,3.58928571428571,0.199957924566468
"result_final_concave_100",3.62,1.53415627314213,5.00352930953623,26.741881222277,1492,101,3.58415841584158,0.199858927196469
"result_final_concave_100",38.27,2306.81979320405,6.189450824335,25.1204329165501,9280,142,26.9507042253521,0.161565222566808
"result_final_concave_100",11.78,32.0351636255343,5.04497649682742,24.9306227628927,4172,198,5.94949494949495,0.198216978935156
"result_final_concave_100",2.59,0.902137136184637,5.00176801518547,23.7393843086014,944,56,4.625,0.199929304390763
"result_final_concave_100",29.59,875.425210964346,5.48429752965742,25.337015597464,8068,207,14.2946859903382,0.182338757989023
"result_final_concave_100",36.37,8740.50516942057,5.97625126223714,26.2765604422345,9136,157,23.1656050955414,0.167328975325857
"result_final_concave_100",7.86,45.2270705101014,5.01825877906578,24.2449503720695,2850,148,5.31081081081081,0.199272306197442
"result_final_concave_100",35.55,3914.83168018064,5.89710245282999,24.2015100221252,8802,153,23.2352941176471,0.16957480525374
"result_final_concave_100",1.46,0.104498863089101,5.00054886846065,26.9997914788474,628,42,3.47619047619048,0.199978047671362
"result_final_concave_100",39.58,10195.4961129476,6.36590420174714,25.4084192725588,9508,140,28.2714285714286,0.157086875376721
"result_final_concave_100",17.98,118.77729408913,5.1230955360606,25.1960559786002,5894,249,7.22088353413655,0.195194486021424
"result_final_concave_100",37.61,7612.40648744311,6.11020282027249,25.2062563137331,9268,141,26.6737588652482,0.163660688427918
"result_final_concave_100",13.99,107.476679191369,5.06702871652998,25.4403035225702,4600,208,6.72596153846154,0.197354318663665
"result_final_concave_100",13.09,31.731979717996,5.05736327632029,24.5093894032642,4638,226,5.79203539823009,0.19773149472616
"result_final_concave_100",39.54,4248.04365229997,6.36010060598409,24.7045462330235,9392,132,29.9545454545455,0.157230217248312
"result_final_concave_100",10.78,37.3549316707556,5.03676501760126,25.7022409394854,3928,199,5.41708542713568,0.198540133698007
"result_final_concave_100",34.96,4223.83565961914,5.84427159365111,24.8024330983445,8762,156,22.4102564102564,0.171107722147332
"result_final_concave_100",28.5,547.066282089939,5.4314855640256,25.1028225905933,7968,229,12.4454148471616,0.184111692503301
"result_final_concave_100",12.53,49.5745763707544,5.05183258193138,25.1120853142053,4386,205,6.11219512195122,0.197947969134339
"result_final_concave_100",3.34,18.167246269525,5.00298674887614,24.2798515676621,1340,85,3.92941176470588,0.199880601367701
"result_final_concave_100",35.92,9360.05608134221,5.93195642385686,25.5941955901849,8880,137,26.2189781021898,0.168578446729353
"result_final_concave_100",42.4,13111.6777534829,6.85805000661463,23.9279416813486,9784,96,44.1666666666667,0.145814043209877
"result_final_concave_100",21.7,614.131928671311,5.19968382369779,24.9054826809102,6442,220,9.86363636363636,0.192319385929286
"result_final_concave_100",2.79,1.63033318650788,5.00206018128272,24.7449371633913,1082,68,4.10294117647059,0.199917626689482
"result_final_concave_100",13.47,184.234281635084,5.06132477941626,25.1751063294733,4468,204,6.60294117647059,0.197576730121503
"result_final_concave_100",36.54,11831.3738235387,5.99355372915316,25.4104494680193,9396,134,27.2686567164179,0.166845922334176
"result_final_concave_100",25.11,514.44526305648,5.2977902892115,24.8527588271431,7360,231,10.8701298701299,0.188757943483798
"result_final_concave_100",24.06,379.206557356817,5.26421257456355,25.5614188752632,7208,238,10.109243697479,0.189961933686333
"result_final_concave_100",28.99,790.914736120933,5.45455533765714,25.4247579979073,8016,180,16.1055555555556,0.18333300115157
"result_final_concave_100",21.22,191.059582443138,5.18821164686182,25.0013375106332,6560,256,8.2890625,0.192744642675645
"result_final_concave_100",3.91,20.807736271134,5.0041428272967,24.5067704294162,1496,93,4.20430107526882,0.199834424098605
"result_final_concave_100",16.99,128.338690563164,5.10696930696416,25.8204213116824,5566,229,7.41921397379913,0.195810849819744
"result_final_concave_100",31.67,1661.306161276,5.60167380666818,24.0854535652673,8498,187,16.9358288770053,0.178518070582691
"result_final_concave_100",28.21,570.175500050289,5.41832447958006,24.6647474349312,7970,235,12.0042553191489,0.184558898930598
"result_final_concave_100",4.8,6.8814775312312,5.00636357208513,25.1253887763001,1802,108,4.44444444444444,0.199745780665207
"result_final_concave_100",34.44,2819.82495776317,5.80033428907217,24.3875479581405,8734,175,19.68,0.172403856426689
"result_final_concave_100",26.89,465.733416676932,5.36273044518259,23.9776967688248,7672,215,12.506976744186,0.186472173125597
"result_final_concave_100",8.91,30.5945067273982,5.02403458505465,25.8089499195638,3034,149,5.97986577181208,0.199043215780156
"result_final_concave_100",37.95,11529.8296951938,6.15028427594794,25.3914059969235,9206,153,24.8039215686275,0.162594110309782
"result_final_concave_100",8.62,15.341783298975,5.02234543474375,25.7236672420523,3078,170,5.07058823529412,0.199110159385328
"result_final_concave_100",2.04,9.59873890222613,5.00108441863446,22.1649818857484,788,51,4,0.199956632660292
"result_final_concave_100",11.68,40.4091691433552,5.0441084692565,23.9469238836931,3998,198,5.8989898989899,0.198251089582021
"result_final_concave_100",44.78,38595.4572430874,7.44945847899189,26.1896865038818,10050,94,47.6382978723404,0.134237945324494
"result_final_concave_100",5.17,5.8881699315694,5.00744175719474,25.4778569788988,2054,127,4.07086614173228,0.199702772091795
"result_final_concave_100",14.6,298.268199140976,5.07415210016447,23.9231861695673,4688,206,7.0873786407767,0.197077261434001
"result_final_concave_100",29.14,1170.92241815822,5.46183330012741,25.0646000432208,8302,210,13.8761904761905,0.1830887075914
"result_final_concave_100",5.03,17.0640981827104,5.00702283832943,25.376772953817,1800,105,4.79047619047619,0.199719480475477
"result_final_concave_100",22.37,189.303656738756,5.21658537097982,25.0308993882978,6986,244,9.16803278688525,0.191696278098516
"result_final_concave_100",28.55,268.840352366796,5.43379116938852,24.7195850436543,8082,203,14.064039408867,0.184033572293602
"result_final_concave_100",6.9,22.0109394787715,5.01376997745784,24.8532764977461,2560,152,4.53947368421053,0.199450713633862
"result_final_concave_100",42.01,8980.23280937894,6.77877140204539,24.4127614948724,9600,119,35.3025210084034,0.14751935722427
"result_final_concave_100",29.74,780.555625468421,5.49200132845781,25.0915085547763,8102,190,15.6526315789474,0.182082985817632
"result_final_concave_100",3.71,5.34755168028161,5.00371405159983,24.7930945315247,1404,85,4.36470588235294,0.19985154820753
"result_final_concave_100",6.2,31.8925890722421,5.01094630274671,25.6033379251599,2222,123,5.04065040650407,0.199563104368502
"result_final_concave_100",19.46,140.257067687239,5.15033778199063,25.4580140677464,6532,261,7.45593869731801,0.194162022439914
"result_final_concave_100",20.54,219.667538944524,5.17282293413125,24.783574021833,6464,230,8.9304347826087,0.193318041760489
"result_final_concave_100",41.5,31476.8883001814,6.68114598077017,26.2712888030053,9612,123,33.739837398374,0.149674921469793
"result_final_concave_100",20.01,138.707671985912,5.16149853859589,24.5654147983333,6218,221,9.05429864253394,0.193742184081299
"result_final_concave_100",15.45,73.5085822136512,5.08489492540297,25.3705388013885,5190,234,6.6025641025641,0.196660897554486
"result_final_concave_100",44.62,12137.0708954994,7.40281332281456,24.9346731256114,9322,99,45.0707070707071,0.135083779151653
"result_final_concave_100",13.9,124.87903163855,5.06601764069538,25.0182722902757,4644,211,6.58767772511848,0.197393706639904
"result_final_concave_100",23.62,180.849216589009,5.25108424875375,24.5586727409313,6976,228,10.359649122807,0.190436860775435
"result_final_concave_100",9.44,20.2885626364518,5.02731348600429,24.8671100974194,3498,183,5.15846994535519,0.198913396346564
"result_final_concave_100",23.92,795.715918205313,5.25997716646669,25.2693965245407,7016,220,10.8727272727273,0.190114893725239
"result_final_concave_100",40.9,7465.74777421291,6.57431754570557,23.6265327226077,9454,118,34.6610169491525,0.152107042753542
"result_final_concave_100",25.77,408.035294905112,5.32062907624168,24.820262373861,7424,236,10.9194915254237,0.187947700482509
"result_final_concave_100",20.49,146.094551269401,5.17173003596472,25.060883102798,6360,223,9.18834080717489,0.193358894034666
"result_final_concave_100",10.87,106.342479008499,5.0374621827637,24.9042027043171,3768,192,5.66145833333333,0.198512656516137
"result_final_concave_100",22.2,130.094241877392,5.21219615529018,25.2996889906986,6810,241,9.21161825726141,0.191857706465064
"result_final_concave_100",5.11,2.29431567474077,5.00726057647032,25.1256517569147,2096,136,3.75735294117647,0.199709998057443
"result_final_concave_100",26.62,241.328773923082,5.35217714717587,24.8918835716082,7778,235,11.3276595744681,0.186839854605272
"result_final_concave_100",10.57,14.5747151940895,5.03516961566112,26.2660053094222,3862,224,4.71875,0.198603041472457
"result_final_concave_100",36.98,15151.3005963395,6.03985716476524,24.9332026921014,9252,139,26.6043165467626,0.165566829267703
"result_final_concave_100",33.41,1169.51877452928,5.71994018081073,24.2106795010722,8870,184,18.1576086956522,0.17482700314853
"result_final_concave_100",31.63,680.633355432974,5.59918671916483,24.9821749918369,8518,211,14.9905213270142,0.178597366038395
"result_final_concave_100",5.43,8.99245576205962,5.00825561386867,25.2875207474608,2048,123,4.41463414634146,0.19967031978776
"result_final_concave_100",41.27,7079.2441513078,6.63921376542625,25.9773755157891,9648,145,28.4620689655172,0.150620244404165
"result_final_concave_100",38.2,2951.65213813385,6.18076009347428,25.7438787752349,9480,165,23.1515151515152,0.161792398487657
"result_final_concave_100",33.22,1566.80765428824,5.70600648828049,25.3898362690729,8844,207,16.048309178744,0.175253919190925
"result_final_concave_100",25.43,257.999180339807,5.30868942892974,24.8581022571737,7548,223,11.4035874439462,0.188370409191861
"result_final_concave_100",32.08,5534.79951130362,5.6277360807807,24.5202914158849,8454,180,17.8222222222222,0.17769134615518
"result_final_concave_100",21.35,135.71573101022,5.19126774505075,25.2291836306827,6624,242,8.82231404958678,0.192631173946553
"result_final_concave_100",29.37,1043.99515208951,5.47319530938335,23.6518119622507,8306,209,14.0526315789474,0.182708626948792
"result_final_concave_100",8.02,11.1272051061581,5.0190790156077,24.7039053771323,3124,185,4.33513513513514,0.199239740376736
"result_final_concave_100",31.74,3081.63529197103,5.60604967550942,24.5384014780534,8634,179,17.731843575419,0.17837872617658
"result_final_concave_100",32.33,1285.83037856025,5.6441509988705,25.8381816961087,8462,185,17.4756756756757,0.177174565350948
"result_final_concave_100",25.74,650.531871080372,5.31956039057786,24.6450181082739,7432,223,11.542600896861,0.187985458680237
"result_final_concave_100",27.84,775.460019216793,5.40204394915623,25.6481130308733,7720,201,13.8507462686567,0.185115117428135
"result_final_concave_100",34.06,2813.08586346287,5.76968599446004,23.9140447954006,8644,172,19.8023255813953,0.17331965742333
"result_final_concave_100",2.33,3.60917755473052,5.00142315784657,24.8895101602565,924,62,3.75806451612903,0.199943089884553
"result_final_concave_100",34.64,5945.81502065695,5.8169533651303,24.4819263201092,8868,169,20.4970414201183,0.171911297414639
"result_final_concave_100",40.92,14498.2390557974,6.57774739795732,24.8352091841828,9398,120,34.1,0.152027729175271
"result_final_concave_100",38.99,4262.81652535349,6.28305504719516,23.2910285182275,8992,131,29.763358778626,0.159158242684252
"result_final_concave_100",29.86,1182.67202077975,5.49824402458951,24.5382203938458,8430,222,13.4504504504505,0.181876249131132
"result_final_concave_100",7.82,21.8010594553613,5.01805700396342,25.4673200761317,2910,160,4.8875,0.199280318898364
"result_final_concave_100",34.84,754.180155483075,5.83392050504755,25.1794348881508,8608,169,20.6153846153846,0.171411317506777
"result_final_concave_100",2.9,4.26366125149844,5.00223095741232,25.1239803713295,1128,78,3.71794871794872,0.199910801503117
"result_final_concave_100",22.12,133.713602834075,5.21015463709946,24.7711822173604,6490,233,9.49356223175966,0.191932882928156
"result_final_concave_100",10.95,35.2287736663211,5.03808870480614,25.2013660736587,4070,218,5.02293577981651,0.198487970060162
"result_final_concave_100",13.64,44.5570010467326,5.06315307994618,25.2217039767619,4692,210,6.4952380952381,0.197505385322189
"result_final_concave_100",39.86,7517.62645698199,6.40732539973465,24.6384554238931,9414,130,30.6615384615385,0.156071361701314
"result_final_concave_100",12.25,164.467113855026,5.04920061803025,25.0302297177424,4126,203,6.03448275862069,0.198051152182206
"result_final_concave_100",26.98,474.097463220341,5.36630748370327,24.1940340446424,7890,220,12.2636363636364,0.186347875710973
"result_final_concave_100",1.46,0.410999212809324,5.00054886846065,24.565570625851,504,27,5.40740740740741,0.199978047671362
"result_final_concave_100",11.49,33.4782081517192,5.04248839121932,25.8494041387234,4112,221,5.19909502262443,0.19831478476804
"result_final_concave_100",3.13,12.6245949571029,5.00261142074739,25.2727222356264,1164,75,4.17333333333333,0.199895597697772
"result_final_concave_100",7.19,47.7989263622445,5.01504920082977,24.7029372903116,2486,137,5.24817518248175,0.199399838357427
"result_final_concave_100",20.41,99.9512792818896,5.16999215862346,25.1572166676817,6490,239,8.53974895397489,0.193423891046337
"result_final_convex_100",3.68,3.33710412816022,5.94369432597358,26.2115393618511,1388,81,4.54320987654321,0.168245529658223
"result_final_convex_100",16.55,8.63627818716787,8.79024203938574,24.3540707199368,5588,236,7.01271186440678,0.113762510237987
"result_final_convex_100",10.21,10.0003195728337,7.57146085239846,25.1209751047959,3564,179,5.70391061452514,0.132074908593528
"result_final_convex_100",18.95,50.4957228001329,9.11980592281588,24.6487822457833,6096,246,7.70325203252033,0.109651456233099
"result_final_convex_100",25.94,53.7915044671887,9.70760633131751,25.2603646417481,7516,217,11.9539170506912,0.103012005830307
"result_final_convex_100",19.32,20.8272303217575,9.16417966258997,25.0874911769656,6102,249,7.75903614457831,0.109120514527034
"result_final_convex_100",29.37,112.567927349582,9.84606369728288,24.1852782475291,8110,201,14.6119402985075,0.101563429888836
"result_final_convex_100",8.18,16.5070686957399,7.09070069542121,25.4732128572436,3036,169,4.84023668639053,0.141029785765142
"result_final_convex_100",12.27,3.99421214196903,8.01962878084428,25.0622599259696,4432,216,5.68055555555556,0.124694050975103
"result_final_convex_100",24.58,62.2896253540303,9.62998055398162,24.4459418206822,7102,221,11.1221719457014,0.103842369607542
"result_final_convex_100",41.33,2066.21444956945,9.99128553765378,25.490101283755,9530,131,31.5496183206107,0.100087220631553
"result_final_convex_100",10.19,5.60475520058891,7.56689755305298,24.917199871124,3670,204,4.99509803921569,0.1321545577945
"result_final_convex_100",12.68,15.3742839992009,8.1032580362269,24.4758664575216,4064,190,6.67368421052632,0.123407152472418
"result_final_convex_100",10.38,14.5576800177669,7.6100950446458,25.3709974293383,3790,208,4.99038461538461,0.131404403510514
"result_final_convex_100",7.01,7.45621411754476,6.80015482030646,25.6842428873626,2464,132,5.31060606060606,0.147055475415622
"result_final_convex_100",0.74,1.42090564333919,5.18628906782708,22.748750330235,316,25,2.96,0.192816093920305
"result_final_convex_100",33.83,1005.58486860972,9.94015543024376,25.1200786600957,8750,173,19.5549132947977,0.100602048631696
"result_final_convex_100",18.98,14.8608883434216,9.12346627307113,25.0790078805072,6170,252,7.53174603174603,0.10960746388153
"result_final_convex_100",37.76,1359.87917964412,9.97686866804552,25.4801959693378,9392,148,25.5135135135135,0.100231849618594
"result_final_convex_100",9.27,7.93187412025602,7.35305791702692,24.1689427061347,3330,164,5.65243902439024,0.135997840800951
"result_final_convex_100",42.75,3744.94622846176,9.99428827160084,27.0788637767366,9372,111,38.5135135135135,0.100057149926477
"result_final_convex_100",21.64,15.4592915494408,9.4056578490589,24.5675629618925,6872,259,8.35521235521236,0.106318985449812
"result_final_convex_100",10.8,8.08292394514475,7.70433533461103,25.5197175860655,3760,183,5.9016393442623,0.129797050176099
"result_final_convex_100",33.84,160.074807143967,9.94029115882185,24.1413929710015,8956,183,18.4918032786885,0.100600674972434
"result_final_convex_100",12.22,15.2284229875622,8.00929693453409,25.1318081071521,4240,214,5.71028037383178,0.124854904016387
"result_final_convex_100",27.23,58.2685537238134,9.76840652721539,24.9658042814976,7600,208,13.0913461538462,0.102370841878247
"result_final_convex_100",21.87,36.0194411904652,9.42631459193689,24.5767014241147,6658,234,9.34615384615385,0.106085998960334
"result_final_convex_100",27.36,28.5372849676013,9.77390548252001,24.649519636728,7854,234,11.6923076923077,0.102313246407839
"result_final_convex_100",20.69,45.6338453287113,9.31422527523545,25.8153953053778,6404,219,9.44748858447489,0.107362659850926
"result_final_convex_100",1.09,0.787109516736925,5.27522064873416,25.4937293671851,416,30,3.63333333333333,0.189565530351789
"result_final_convex_100",29.6,55.4866164543872,9.85291962712302,24.8854230453791,8516,201,14.726368159204,0.10149275928804
"result_final_convex_100",26.09,37.2890574393467,9.71528508753673,25.5902204578615,7578,214,12.1915887850467,0.102930587315739
"result_final_convex_100",13.3,15.5173425463498,8.2259428560903,24.0740542157254,4610,222,5.99099099099099,0.121566611572025
"result_final_convex_100",4.05,5.47404007246602,6.03984048062532,26.1477638754723,1536,90,4.5,0.165567286620866
"result_final_convex_100",13.53,11.5371871387773,8.27027163803661,25.7458949586309,4622,214,6.32242990654206,0.120915012682389
"result_final_convex_100",8.85,6.42036687966011,7.25303930385047,26.1202830305844,3170,169,5.23668639053254,0.137873236047283
"result_final_convex_100",19.81,18.580043965521,9.22039177788734,24.4583880237135,6110,230,8.61304347826087,0.108455261347813
"result_final_convex_100",1.67,1.18822781362699,5.42356917232755,26.442116926958,624,42,3.97619047619048,0.184380427026221
"result_final_convex_100",28.09,119.684472009422,9.80281262002354,24.0495503744523,8110,219,12.8264840182648,0.102011538806461
"result_final_convex_100",2.4,3.99011170546721,5.61167117959328,25.2749585634788,956,62,3.87096774193548,0.178200034890939
"result_final_convex_100",39.01,849.103396095607,9.98334775913683,24.573834436969,9186,139,28.0647482014388,0.10016680016829
"result_final_convex_100",31.82,175.805609787576,9.90687635417496,24.9644246468537,8586,204,15.5980392156863,0.10093998998772
"result_final_convex_100",6.21,7.02309778699076,6.59735546845244,24.9973742748898,2322,138,4.5,0.151575885941246
"result_final_convex_100",11.68,6.41559766716189,7.89591064256653,24.5747201523794,4280,217,5.38248847926267,0.126647836490074
"result_final_convex_100",32.1,330.378344343963,9.91229384193634,25.1072916738177,8670,184,17.445652173913,0.100884822014584
"result_final_convex_100",36.58,1312.85927212172,9.96883412015162,23.3969852790616,9114,139,26.3165467625899,0.100312633147194
"result_final_convex_100",37.16,611.620692247868,9.97304384309243,25.4526073192147,9298,153,24.2875816993464,0.100270290167492
"result_final_convex_100",32.21,179.284831232181,9.91434723689051,24.6515413216933,8718,193,16.6891191709845,0.100863927408058
"result_final_convex_100",17.67,22.016497692838,8.95316820228903,25.7208638998122,5578,235,7.51914893617021,0.111692305718587
"result_final_convex_100",12.37,16.1231987538536,8.0402062205597,24.256521859863,4290,201,6.15422885572139,0.124374919320215
"result_final_convex_100",25.92,32.2053456432339,9.70656982753549,25.0067355460187,7514,236,10.9830508474576,0.103023005837058
"result_final_convex_100",26.73,126.406174997679,9.74621556812126,24.8678195035212,7556,224,11.9330357142857,0.102603927956497
"result_final_convex_100",14,4.44023567409689,8.35882501563234,25.1112324609406,5022,227,6.16740088105727,0.119634039249517
"result_final_convex_100",30.37,98.4679060917914,9.87403057405408,25.2166154677864,8436,210,14.4619047619048,0.101275764997902
"result_final_convex_100",11.77,22.5765000584556,7.91503463741391,25.2952319261213,4014,192,6.13020833333333,0.12634183497733
"result_final_convex_100",36.28,741.629313708338,9.96644048056826,24.7633368663974,9108,165,21.9878787878788,0.100336725228001
"result_final_convex_100",26.97,69.0082124692199,9.757076455394,24.7184423100898,7712,213,12.6619718309859,0.102489716522327
"result_final_convex_100",40.4,1251.34364919552,9.98863337851726,23.9456890281688,9244,120,33.6666666666667,0.100113795561935
"result_final_convex_100",8.18,19.447092175426,7.09070069542121,25.8251434866633,3062,165,4.95757575757576,0.141029785765142
"result_final_convex_100",29.17,123.217684697171,9.8398854579913,24.3359447217425,8046,206,14.1601941747573,0.101627199246295
"result_final_convex_100",2.93,7.39561028841811,5.74892865197988,25.3791967945068,1180,72,4.06944444444444,0.173945453237728
"result_final_convex_100",4.6,2.54477087068062,6.18262221853446,24.510285839422,1804,105,4.38095238095238,0.161743668730425
"result_final_convex_100",24.96,44.1668572973421,9.65317588383207,25.2811785399478,7374,231,10.8051948051948,0.10359284985938
"result_final_convex_100",14.16,12.9052559069431,8.38834152147758,25.2429258405646,4788,225,6.29333333333333,0.119213076558649
"result_final_convex_100",23.45,33.0365271191222,9.55355642142354,24.8225332478769,7134,220,10.6590909090909,0.104673061621066
"result_final_convex_100",33.04,303.077031928009,9.92855821155128,24.7026927640054,8740,185,17.8594594594595,0.100719558539382
"result_final_convex_100",43.53,1113.42032224612,9.99551214331133,22.8309140029581,9654,102,42.6764705882353,0.100044898716787
"result_final_convex_100",9.41,15.9941046233662,7.3860767448895,26.1946556513351,3278,182,5.17032967032967,0.135389874020996
"result_final_convex_100",2.07,1.60958154427921,5.52647607185428,24.6568518782877,800,49,4.22448979591837,0.180947132856123
"result_final_convex_100",35.25,452.213479295207,9.9569650021325,23.4566120908063,8624,158,22.3101265822785,0.100432209994293
"result_final_convex_100",25.12,61.6672489970031,9.66258384083269,24.2074184140618,7350,213,11.7934272300469,0.103491986871477
"result_final_convex_100",14.76,9.95027839897867,8.49614391419812,25.7655699586333,5260,255,5.78823529411765,0.117700454476633
"result_final_convex_100",21.43,19.1510830138332,9.38630134816189,24.8385251461438,6700,242,8.85537190082645,0.106538237257408
"result_final_convex_100",5.64,4.44970835829195,6.45132066319896,25.7026756378011,2226,137,4.11678832116788,0.155007021384694
"result_final_convex_100",14.22,21.2837189370902,8.39932714723044,24.8764904511108,5000,236,6.02542372881356,0.11905715570678
"result_final_convex_100",38.84,663.015128771913,9.98257263375863,24.8193558041828,9326,139,27.9424460431655,0.100174577905724
"result_final_convex_100",3.15,0.493721767835468,5.80601642277349,25.8508355539559,1316,88,3.57954545454545,0.172235131143895
"result_final_convex_100",35.7,516.975746233003,9.96135680930796,25.9421893923974,8658,168,21.25,0.100387930996066
"result_final_convex_100",1.81,0.848047123669048,5.45953686366261,25.7906943680457,778,53,3.41509433962264,0.183165719908545
"result_final_convex_100",19.27,24.8593948188227,9.15828085711889,25.4646662256114,6134,230,8.37826086956522,0.10919079853537
"result_final_convex_100",4.1,4.08358022799555,6.05283015241005,25.2447217285127,1662,100,4.1,0.16521197106478
"result_final_convex_100",9.66,6.31590081256465,7.44462294619846,25.1863897460395,3426,172,5.61627906976744,0.134325137381288
"result_final_convex_100",34.2,460.8517334122,9.94500409318621,24.9924509545277,8850,176,19.4318181818182,0.100553000343675
"result_final_convex_100",27.2,63.5672369337236,9.76712194860805,24.8245359161409,7698,215,12.6511627906977,0.102384305761895
"result_final_convex_100",37.3,804.002247687686,9.9739823943137,23.8001446810061,9224,147,25.3741496598639,0.100260854738436
"result_final_convex_100",36.6,1023.01515854664,9.96898827788392,23.2490708890277,9008,144,25.4166666666667,0.100311081939828
"result_final_convex_100",33.5,291.018748236135,9.9355248714056,24.4058431492904,8760,178,18.8202247191011,0.100648935304666
"result_final_convex_100",25.04,56.8281329632088,9.65790603685646,24.322183915479,7598,232,10.7931034482759,0.103542113185177
"result_final_convex_100",21.9,26.3055447046978,9.42896750599501,25.7548950058344,6858,244,8.97540983606557,0.106056150831381
"result_final_convex_100",17.58,20.6110824319593,8.94067188279889,25.2840085066157,5658,221,7.95475113122172,0.11184841733471
"result_final_convex_100",9.58,3.36786880679384,7.42594708477599,25.8524047673735,3552,190,5.04210526315789,0.13466295794783
"result_final_convex_100",2.01,0.890075299855386,5.51101308574397,24.6974654796448,838,56,3.58928571428571,0.181454840415245
"result_final_convex_100",3.62,0.876673161466555,5.92810244708688,26.741881222277,1492,101,3.58415841584158,0.168688042915218
"result_final_convex_100",38.27,343.762556785312,9.97973824988978,25.1204329165501,9280,142,26.9507042253521,0.100203028873131
"result_final_convex_100",11.78,7.61716837344942,7.91715400191528,24.9306227628927,4172,198,5.94949494949495,0.126308014187685
"result_final_convex_100",2.59,0.648874066226728,5.66082379339821,23.7393843086014,944,56,4.625,0.176652734036029
"result_final_convex_100",29.59,98.3584042401378,9.8526269842801,25.337015597464,8068,207,14.2946859903382,0.101495773827174
"result_final_convex_100",36.37,1187.63964883712,9.96717479389268,26.2765604422345,9136,157,23.1656050955414,0.100329333103774
"result_final_convex_100",7.86,16.6861215146076,7.0120617240035,24.2449503720695,2850,148,5.31081081081081,0.142611408649874
"result_final_convex_100",35.55,498.712929352216,9.95993817487823,24.2015100221252,8802,153,23.2352941176471,0.100402229656634
"result_final_convex_100",1.46,0.0691599122936393,5.36972798404996,26.9997914788474,628,42,3.47619047619048,0.186229172682557
"result_final_convex_100",39.58,1668.28313675344,9.98573080538533,25.4084192725588,9508,140,28.2714285714286,0.100142895847012
"result_final_convex_100",17.98,17.1110028060403,8.99542062735328,25.1960559786002,5894,249,7.22088353413655,0.111167675356859
"result_final_convex_100",37.61,1101.27868004669,9.97595984972312,25.2062563137331,9268,141,26.6737588652482,0.100240980824292
"result_final_convex_100",13.99,20.7449365949021,8.35696956283679,25.4403035225702,4600,208,6.72596153846154,0.119660600948814
"result_final_convex_100",13.09,6.63977579201055,8.18490566861567,24.5093894032642,4638,226,5.79203539823009,0.122176117903767
"result_final_convex_100",39.54,692.594516080818,9.9855739268465,24.7045462330235,9392,132,29.9545454545455,0.100144469143779
"result_final_convex_100",10.78,9.83193157398044,7.69988757225902,25.7022409394854,3928,199,5.41708542713568,0.129872026132275
"result_final_convex_100",34.96,540.082126819402,9.95391126131326,24.8024330983445,8762,156,22.4102564102564,0.100463021394071
"result_final_convex_100",28.5,60.2203777316401,9.81765058917188,25.1028225905933,7968,229,12.4454148471616,0.1018573630134
"result_final_convex_100",12.53,10.8818442913658,8.07288926792508,25.1120853142053,4386,205,6.11219512195122,0.123871388150109
"result_final_convex_100",3.34,11.8631309383837,5.85535509010483,24.2798515676621,1340,85,3.92941176470588,0.170783835414172
"result_final_convex_100",35.92,1245.63086609225,9.96335863039624,25.5941955901849,8880,137,26.2189781021898,0.100367761223529
"result_final_convex_100",42.4,2597.94716249029,9.99364910646715,23.9279416813486,9784,96,44.1666666666667,0.100063549294809
"result_final_convex_100",21.7,74.7710964055012,9.4111009986691,24.9054826809102,6442,220,9.86363636363636,0.106257493160621
"result_final_convex_100",2.79,0.986163994654698,5.71262985474225,24.7449371633913,1082,68,4.10294117647059,0.175050725397492
"result_final_convex_100",13.47,37.2041516198844,8.25877012872606,25.1751063294733,4468,204,6.60294117647059,0.121083403995197
"result_final_convex_100",36.54,1621.32500507301,9.9685238043454,25.4104494680193,9396,134,27.2686567164179,0.100315755835793
"result_final_convex_100",25.11,58.0149463100216,9.66200196460275,24.8527588271431,7360,231,10.8701298701299,0.103498219485315
"result_final_convex_100",24.06,43.4201130014118,9.59623349714547,25.5614188752632,7208,238,10.109243697479,0.104207551879335
"result_final_convex_100",28.99,88.0989309389372,9.83414828834136,25.4247579979073,8016,180,16.1055555555556,0.10168648780551
"result_final_convex_100",21.22,23.6449943130304,9.36646483005702,25.0013375106332,6560,256,8.2890625,0.106763866425996
"result_final_convex_100",3.91,12.6248144452641,6.00346397897894,24.5067704294162,1496,93,4.20430107526882,0.166570500547932
"result_final_convex_100",16.99,19.1313794350003,8.85617779867243,25.8204213116824,5566,229,7.41921397379913,0.112915528880857
"result_final_convex_100",31.67,193.291139594771,9.90385850446825,24.0854535652673,8498,187,16.9358288770053,0.100970747870523
"result_final_convex_100",28.21,63.2984315854163,9.80725603466576,24.6647474349312,7970,235,12.0042553191489,0.101965320010541
"result_final_convex_100",4.8,3.72074603972902,6.23445869315277,25.1253887763001,1802,108,4.44444444444444,0.160398849237431
"result_final_convex_100",34.44,345.683840984002,9.94796473641849,24.3875479581405,8734,175,19.68,0.100523074467595
"result_final_convex_100",26.89,51.8139708042662,9.75349961418021,23.9776967688248,7672,215,12.506976744186,0.102527301948743
"result_final_convex_100",8.91,9.95615724663218,7.26741364494461,25.8089499195638,3034,149,5.97986577181208,0.137600534227968
"result_final_convex_100",37.95,1659.62163348439,9.97797668415046,25.3914059969235,9206,153,24.8039215686275,0.100220719255483
"result_final_convex_100",8.62,5.17017429613076,7.19768198060178,25.7236672420523,3078,170,5.07058823529412,0.13893361816972
"result_final_convex_100",2.04,7.40979076714623,5.51874346488498,22.1649818857484,788,51,4,0.181200667572766
"result_final_convex_100",11.68,9.60431444867346,7.89591064256653,23.9469238836931,3998,198,5.8989898989899,0.126647836490074
"result_final_convex_100",44.78,10797.3860070664,9.99699384876966,26.1896865038818,10050,94,47.6382978723404,0.100030070551966
"result_final_convex_100",5.17,3.03914990610456,6.33017655774031,25.4778569788988,2054,127,4.07086614173228,0.157973476865702
"result_final_convex_100",14.6,54.3903530906257,8.46784437554263,23.9231861695673,4688,206,7.0873786407767,0.118093809433752
"result_final_convex_100",29.14,131.14501443016,9.83894100446377,25.0646000432208,8302,210,13.8761904761905,0.101636954581425
"result_final_convex_100",5.03,8.96647791270016,6.29399001987643,25.376772953817,1800,105,4.79047619047619,0.158881726351964
"result_final_convex_100",22.37,22.5210183626382,9.46930151170065,25.0308993882978,6986,244,9.16803278688525,0.105604410078648
"result_final_convex_100",28.55,28.9666413126151,9.81939451197614,24.7195850436543,8082,203,14.064039408867,0.101839273162959
"result_final_convex_100",6.9,9.1357915315194,6.77244439754876,24.8532764977461,2560,152,4.53947368421053,0.14765717387978
"result_final_convex_100",42.01,1793.84564024404,9.99286312145747,24.4127614948724,9600,119,35.3025210084034,0.100071419756838
"result_final_convex_100",29.74,86.2933146370343,9.8569655123597,25.0915085547763,8102,190,15.6526315789474,0.101451100619769
"result_final_convex_100",3.71,2.72003835457037,5.95149043329385,24.7930945315247,1404,85,4.36470588235294,0.168025137771506
"result_final_convex_100",6.2,14.4258458663466,6.59480332015193,25.6033379251599,2222,123,5.04065040650407,0.151634544876308
"result_final_convex_100",19.46,18.6726213731931,9.1805350700597,25.4580140677464,6532,261,7.45593869731801,0.108926112951878
"result_final_convex_100",20.54,26.8330240188485,9.29886478906261,24.783574021833,6464,230,8.9304347826087,0.107540008666026
"result_final_convex_100",41.5,6013.154825644,9.99170630894578,26.2712888030053,9612,123,33.739837398374,0.100083005752949
"result_final_convex_100",20.01,18.0246839841503,9.24251189832161,24.5654147983333,6218,221,9.05429864253394,0.108195695174771
"result_final_convex_100",15.45,12.5860167291035,8.61442100971993,25.3705388013885,5190,234,6.6025641025641,0.116084412274681
"result_final_convex_100",44.62,3316.40209979233,9.99683242978188,24.9346731256114,9322,99,45.0707070707071,0.100031685738861
"result_final_convex_100",13.9,24.2814489744362,8.34021415795224,25.0182722902757,4644,211,6.58767772511848,0.119900997871442
"result_final_convex_100",23.62,20.8997772007858,9.5657945039669,24.5586727409313,6976,228,10.359649122807,0.104539147227688
"result_final_convex_100",9.44,5.78718572013021,7.39313068826017,24.8671100974194,3498,183,5.15846994535519,0.135260695660086
"result_final_convex_100",23.92,89.9788523589472,9.58673924744658,25.2693965245407,7016,220,10.8727272727273,0.104310754072752
"result_final_convex_100",40.9,1352.01082323949,9.9901361035371,23.6265327226077,9454,118,34.6610169491525,0.100098736357149
"result_final_convex_100",25.77,45.6343449813284,9.69869998753534,24.820262373861,7424,236,10.9194915254237,0.103106602048232
"result_final_convex_100",20.49,16.102369387392,9.29368741932853,25.060883102798,6360,223,9.18834080717489,0.107599917544058
"result_final_convex_100",10.87,27.8115683079298,7.71987054919508,24.9042027043171,3768,192,5.66145833333333,0.12953585084458
"result_final_convex_100",22.2,15.2458477651373,9.45497717367675,25.2996889906986,6810,241,9.21161825726141,0.105764401291635
"result_final_convex_100",5.11,1.16713969502971,6.31467305605899,25.1256517569147,2096,136,3.75735294117647,0.158361326251165
"result_final_convex_100",26.62,22.7084261553116,9.74110566986831,24.8918835716082,7778,235,11.3276595744681,0.102657750966941
"result_final_convex_100",10.57,3.9313690842199,7.65294367750755,26.2660053094222,3862,224,4.71875,0.130668673668546
"result_final_convex_100",36.98,2117.01429396835,9.97179388206975,24.9332026921014,9252,139,26.6043165467626,0.100282859014775
"result_final_convex_100",33.41,140.368231778909,9.93420977317034,24.2106795010722,8870,184,18.1576086956522,0.100662259287169
"result_final_convex_100",31.63,78.8936740690804,9.90303980791202,24.9821749918369,8518,211,14.9905213270142,0.100979095247204
"result_final_convex_100",5.43,4.49002068646324,6.39726277486824,25.2875207474608,2048,123,4.41463414634146,0.156316855378916
"result_final_convex_100",41.27,1323.40599775117,9.99113259903375,25.9773755157891,9648,145,28.4620689655172,0.100088752710249
"result_final_convex_100",38.2,441.663623906101,9.9793638086851,25.7438787752349,9480,165,23.1515151515152,0.100206788646155
"result_final_convex_100",33.22,187.98786968359,9.93135757847405,25.3898362690729,8844,207,16.048309178744,0.100691168563649
"result_final_convex_100",25.43,28.5954174480052,9.68022321673166,24.8581022571737,7548,223,11.4035874439462,0.103303402990911
"result_final_convex_100",32.08,647.119492492116,9.91191601554122,24.5202914158849,8454,180,17.8222222222222,0.100888667582743
"result_final_convex_100",21.35,16.7175305300179,9.37880152134053,25.2291836306827,6624,242,8.82231404958678,0.106623431333374
"result_final_convex_100",29.37,116.862546847579,9.84606369728288,23.6518119622507,8306,209,14.0526315789474,0.101563429888836
"result_final_convex_100",8.02,4.00456201458028,7.05146536019283,24.7039053771323,3124,185,4.33513513513514,0.141814495132492
"result_final_convex_100",31.74,358.929059993065,9.90527704903516,24.5384014780534,8634,179,17.731843575419,0.100956287749408
"result_final_convex_100",32.33,151.750224251001,9.91654030967266,25.8381816961087,8462,185,17.4756756756757,0.100841621046464
"result_final_convex_100",25.74,72.8363170428007,9.69710553920697,24.6450181082739,7432,223,11.542600896861,0.103123555369882
"result_final_convex_100",27.84,84.1021927588066,9.79328102938496,25.6481130308733,7720,201,13.8507462686567,0.102110824451936
"result_final_convex_100",34.06,318.187313392081,9.94321086457671,23.9140447954006,8644,172,19.8023255813953,0.100571134779265
"result_final_convex_100",2.33,2.68424647848645,5.59357980471515,24.8895101602565,924,62,3.75806451612903,0.178776389166208
"result_final_convex_100",34.64,750.448905811749,9.95032585754285,24.4819263201092,8868,169,20.4970414201183,0.100499221263387
"result_final_convex_100",40.92,2631.77688470991,9.99019238704562,24.8352091841828,9398,120,34.1,0.100098172413247
"result_final_convex_100",38.99,491.480087517374,9.98325816429838,23.2910285182275,8992,131,29.763358778626,0.100167699116121
"result_final_convex_100",29.86,133.057929557594,9.86035835638549,24.5382203938458,8430,222,13.4504504504505,0.101416192379297
"result_final_convex_100",7.82,8.08406122273416,7.00218521753438,25.4673200761317,2910,160,4.8875,0.142812560498381
"result_final_convex_100",34.84,95.3785645335619,9.95259387296196,25.1794348881508,8608,169,20.6153846153846,0.10047631931578
"result_final_convex_100",2.9,2.94665204072488,5.74114818833442,25.1239803713295,1128,78,3.71794871794872,0.174181185922343
"result_final_convex_100",22.12,16.0122683150353,9.44813308908709,24.7711822173604,6490,233,9.49356223175966,0.105841015422934
"result_final_convex_100",10.95,8.98350698654654,7.73756385746232,25.2013660736587,4070,218,5.02293577981651,0.129239644211217
"result_final_convex_100",13.64,8.87043205543285,8.29124255302031,25.2217039767619,4692,210,6.4952380952381,0.12060918416091
"result_final_convex_100",39.86,1254.1842191541,9.9867876565324,24.6384554238931,9414,130,30.6615384615385,0.100132298231644
"result_final_convex_100",12.25,37.2435224593016,8.01549948306487,25.0302297177424,4126,203,6.03448275862069,0.124758288876794
"result_final_convex_100",26.98,52.5906808623219,9.75752053294011,24.1940340446424,7890,220,12.2636363636364,0.102485052081021
"result_final_convex_100",1.46,0.341502918247244,5.36972798404996,24.565570625851,504,27,5.40740740740741,0.186229172682557
"result_final_convex_100",11.49,8.20299506772175,7.85524621015135,25.8494041387234,4112,221,5.19909502262443,0.127303457236986
"result_final_convex_100",3.13,8.47008298695951,5.80082459209134,25.2727222356264,1164,75,4.17333333333333,0.172389284337845
"result_final_convex_100",7.19,19.141188918236,6.84536602352104,24.7029372903116,2486,137,5.24817518248175,0.146084226404249
"result_final_convex_100",20.41,12.7541768608425,9.28534383441807,25.1572166676817,6490,239,8.53974895397489,0.107696604221945
"result_final_linear_500",3.68,31.9784247039657,1.72147555047183,26.2115393618511,1388,81,4.54320987654321,0.580897009966778
"result_final_linear_500",16.55,1020.53745457748,1.99665031702357,24.3540707199368,5588,236,7.01271186440678,0.500838825644098
"result_final_linear_500",10.21,192.713133009796,1.84112858578195,25.1209751047959,3564,179,5.70391061452514,0.543145116382671
"result_final_linear_500",18.95,1749.9245621807,2.06997829140595,24.6487822457833,6096,246,7.70325203252033,0.483096853793955
"result_final_linear_500",25.94,2138.37642019659,2.35365156041442,25.2603646417481,7516,217,11.9539170506912,0.424871725627869
"result_final_linear_500",19.32,731.346550571867,2.08217198307009,25.0874911769656,6102,249,7.75903614457831,0.480267724343085
"result_final_linear_500",29.37,4561.14769249758,2.55046401617737,24.1852782475291,8110,201,14.6119402985075,0.392085516069659
"result_final_linear_500",8.18,232.996838452202,1.80032155601741,25.4732128572436,3036,169,4.84023668639053,0.555456327597474
"result_final_linear_500",12.27,94.8432327047414,1.88654495408898,25.0622599259696,4432,216,5.68055555555556,0.530069531517156
"result_final_linear_500",24.58,2490.43210024075,2.28808931496875,24.4459418206822,7102,221,11.1221719457014,0.437045876425352
"result_final_linear_500",41.33,40804.6833038101,4.03590837174108,25.490101283755,9530,131,31.5496183206107,0.247775694562809
"result_final_linear_500",10.19,181.792497865501,1.84070832735545,24.917199871124,3670,204,4.99509803921569,0.543269123705602
"result_final_linear_500",12.68,342.862932931056,1.89611743246765,24.4758664575216,4064,190,6.67368421052632,0.527393495190104
"result_final_linear_500",10.38,272.786904629355,1.84471615001441,25.3709974293383,3790,208,4.99038461538461,0.542088819459942
"result_final_linear_500",7.01,143.343963050268,1.77838551129301,25.6842428873626,2464,132,5.31060606060606,0.562307775029572
"result_final_linear_500",0.74,8.21731090653779,1.67708579731693,22.748750330235,316,25,2.96,0.596272415877495
"result_final_linear_500",33.83,33933.9792208705,2.9038486856541,25.1200786600957,8750,173,19.5549132947977,0.344370560677044
"result_final_linear_500",18.98,540.948184694844,2.07095751750933,25.0790078805072,6170,252,7.53174603174603,0.482868427548753
"result_final_linear_500",37.76,45153.3250261886,3.37088388214904,25.4801959693378,9392,148,25.5135135135135,0.296658097686376
"result_final_linear_500",9.27,138.391519640533,1.82177780454993,24.1689427061347,3330,164,5.65243902439024,0.548914361291744
"result_final_linear_500",42.75,63855.0857610082,4.41233140655106,27.0788637767366,9372,111,38.5135135135135,0.226637554585153
"result_final_linear_500",21.64,596.026298684683,2.16488009724831,24.5675629618925,6872,259,8.35521235521236,0.461919346605412
"result_final_linear_500",10.8,153.584241477226,1.85369908561928,25.5197175860655,3760,183,5.9016393442623,0.539461883408073
"result_final_linear_500",33.84,5409.72637784756,2.90481208289428,24.1413929710015,8956,183,18.4918032786885,0.344256348246674
"result_final_linear_500",12.22,466.88590689648,1.88539026590489,25.1318081071521,4240,214,5.71028037383178,0.530394167236273
"result_final_linear_500",27.23,2356.4897043055,2.42187239990681,24.9658042814976,7600,208,13.0913461538462,0.412903669094408
"result_final_linear_500",21.87,1354.71081765215,2.17371950031995,24.5767014241147,6658,234,9.34615384615385,0.460040957378728
"result_final_linear_500",27.36,1174.38049356187,2.42910647405029,24.649519636728,7854,234,11.6923076923077,0.411674008810573
"result_final_linear_500",20.69,1661.68422151872,2.12964206116914,25.8153953053778,6404,219,9.44748858447489,0.469562476358593
"result_final_linear_500",1.09,6.48479867159846,1.68211424975766,25.4937293671851,416,30,3.63333333333333,0.594489940349812
"result_final_linear_500",29.6,2377.89701182354,2.56559766763848,24.8854230453791,8516,201,14.726368159204,0.389772727272728
"result_final_linear_500",26.09,1511.87776112657,2.36126641321364,25.5902204578615,7578,214,12.1915887850467,0.423501555946421
"result_final_linear_500",13.3,375.358064068795,1.91095437513776,24.0740542157254,4610,222,5.99099099099099,0.523298731257208
"result_final_linear_500",4.05,47.7413128733363,1.72742821136016,26.1477638754723,1536,90,4.5,0.578895257946847
"result_final_linear_500",13.53,294.777005818496,1.91657246714099,25.7458949586309,4622,214,6.32242990654206,0.521764773910026
"result_final_linear_500",8.85,108.057230586581,1.81338903809808,26.1202830305844,3170,169,5.23668639053254,0.551453647833242
"result_final_linear_500",19.81,663.097138347732,2.09872019681227,24.4583880237135,6110,230,8.61304347826087,0.476480857962339
"result_final_linear_500",1.67,16.6809985939218,1.69059367639221,26.442116926958,624,42,3.97619047619048,0.591508186718193
"result_final_linear_500",28.09,4782.08301853903,2.47104910484176,24.0495503744523,8110,219,12.8264840182648,0.404686413572521
"result_final_linear_500",2.4,49.3413329746527,1.70153417015342,25.2749585634788,956,62,3.87096774193548,0.587704918032786
"result_final_linear_500",39.01,22374.7884224077,3.56896249049096,24.573834436969,9186,139,28.0647482014388,0.280193474340056
"result_final_linear_500",31.82,6799.27169961046,2.72741819345548,24.9644246468537,8586,204,15.5980392156863,0.366647110589615
"result_final_linear_500",6.21,78.7964500064487,1.76399781827757,24.9973742748898,2322,138,4.5,0.566894125173259
"result_final_linear_500",11.68,132.211236528617,1.87309127926705,24.5747201523794,4280,217,5.38248847926267,0.533876811594203
"result_final_linear_500",32.1,11905.5262791398,2.75010125556906,25.1072916738177,8670,184,17.445652173913,0.363622974963181
"result_final_linear_500",36.58,38631.1307310549,3.20918935330432,23.3969852790616,9114,139,26.3165467625899,0.311605171870073
"result_final_linear_500",37.16,17499.4777318891,3.28592344697762,25.4526073192147,9298,153,24.2875816993464,0.304328453214513
"result_final_linear_500",32.21,6844.8845682247,2.75916805730799,24.6515413216933,8718,193,16.6891191709845,0.362428086738457
"result_final_linear_500",17.67,703.694313628759,2.02968222271528,25.7208638998122,5578,235,7.51914893617021,0.492687963075429
"result_final_linear_500",12.37,378.912178802473,1.88886254391826,24.256521859863,4290,201,6.15422885572139,0.529419148693371
"result_final_linear_500",25.92,1361.83812935013,2.35264227642276,25.0067355460187,7514,236,10.9830508474576,0.425053995680346
"result_final_linear_500",26.73,5254.59984113203,2.39467921691669,24.8678195035212,7556,224,11.9330357142857,0.417592466220827
"result_final_linear_500",14,186.128087031844,1.92825112107623,25.1112324609406,5022,227,6.16740088105727,0.518604651162792
"result_final_linear_500",30.37,6174.07313795653,2.61835821456774,25.2166154677864,8436,210,14.4619047619048,0.381918713198335
"result_final_linear_500",11.77,465.602974700381,1.87511954604382,25.2952319261213,4014,192,6.13020833333333,0.533299331293212
"result_final_linear_500",36.28,22842.7992951828,3.17141150706749,24.7633368663974,9108,165,21.9878787878788,0.315317011927181
"result_final_linear_500",26.97,2933.33634482066,2.4076088748228,24.7184423100898,7712,213,12.6619718309859,0.41534985622347
"result_final_linear_500",40.4,27218.3158361667,3.83033419023137,23.9456890281688,9244,120,33.6666666666667,0.261073825503355
"result_final_linear_500",8.18,280.605396998204,1.80032155601741,25.8251434866633,3062,165,4.95757575757576,0.555456327597474
"result_final_linear_500",29.17,4764.94526556543,2.53752731702074,24.3359447217425,8046,206,14.1601941747573,0.394084427502471
"result_final_linear_500",2.93,77.9217183039834,1.70967116966377,25.3791967945068,1180,72,4.06944444444444,0.584907798495932
"result_final_linear_500",4.6,24.6629585972269,1.73643975245723,24.510285839422,1804,105,4.38095238095238,0.575890985324946
"result_final_linear_500",24.96,1756.20231818869,2.30580137659784,25.2811785399478,7374,231,10.8051948051948,0.433688699360341
"result_final_linear_500",14.16,329.895370010419,1.93228885287232,25.2429258405646,4788,225,6.29333333333333,0.517520969245107
"result_final_linear_500",23.45,1334.69836105228,2.23797690396141,24.8225332478769,7134,220,10.6590909090909,0.446832135858916
"result_final_linear_500",33.04,10578.3173809576,2.83057152519445,24.7026927640054,8740,185,17.8594594594595,0.353285543608125
"result_final_linear_500",43.53,16072.8011510472,4.66039448708426,22.8309140029581,9654,102,42.6764705882353,0.214574110146981
"result_final_linear_500",9.41,258.610854978835,1.82460875344921,26.1946556513351,3278,182,5.17032967032967,0.548062700077272
"result_final_linear_500",2.07,12.1586657860623,1.69655076832458,24.6568518782877,800,49,4.22448979591837,0.589431226386196
"result_final_linear_500",35.25,14765.5802354856,3.05064782096584,23.4566120908063,8624,158,22.3101265822785,0.327799227799228
"result_final_linear_500",25.12,2511.82298991032,2.31339594661394,24.2074184140618,7350,213,11.7934272300469,0.432264957264957
"result_final_linear_500",14.76,273.63385597771,1.94771958687506,25.7655699586333,5260,255,5.78823529411765,0.513420929141247
"result_final_linear_500",21.43,743.934152134769,2.15691657287177,24.8385251461438,6700,242,8.85537190082645,0.463624793178058
"result_final_linear_500",5.64,78.4854885457341,1.75403375715667,25.7026756378011,2226,137,4.11678832116788,0.570114455277659
"result_final_linear_500",14.22,658.333430040604,1.93381126290635,24.8764904511108,5000,236,6.02542372881356,0.517113546281185
"result_final_linear_500",38.84,16739.5480021069,3.5401713359574,24.8193558041828,9326,139,27.9424460431655,0.282472204054938
"result_final_linear_500",3.15,30.9550419662221,1.71309808083488,25.8508355539559,1316,88,3.57954545454545,0.583737738771296
"result_final_linear_500",35.7,16207.2244539528,3.10178485287024,25.9421893923974,8658,168,21.25,0.322395023328149
"result_final_linear_500",1.81,6.50827318274511,1.69266837904463,25.7906943680457,778,53,3.41509433962264,0.590783175476118
"result_final_linear_500",19.27,880.298592141027,2.08050923897637,25.4646662256114,6134,230,8.37826086956522,0.480651554564598
"result_final_linear_500",4.1,35.6109512647605,1.72823932240043,25.2447217285127,1662,100,4.1,0.578623566214808
"result_final_linear_500",9.66,169.095011267529,1.82970794345202,25.1863897460395,3426,172,5.61627906976744,0.546535311047155
"result_final_linear_500",34.2,15388.856381888,2.94012511170688,24.9924509545277,8850,176,19.4318181818182,0.340121580547113
"result_final_linear_500",27.2,2723.7671827493,2.42021276595745,24.8245359161409,7698,215,12.6511627906977,0.413186813186813
"result_final_linear_500",37.3,26255.1916838471,3.30521876647338,23.8001446810061,9224,147,25.3741496598639,0.302551834130781
"result_final_linear_500",36.6,30037.2846408575,3.21175278622087,23.2490708890277,9008,144,25.4166666666667,0.311356466876972
"result_final_linear_500",33.5,10189.9203030049,2.87257019438445,24.4058431492904,8760,178,18.8202247191011,0.34812030075188
"result_final_linear_500",25.04,2268.92613582019,2.30958836578753,24.322183915479,7598,232,10.7931034482759,0.432977588046958
"result_final_linear_500",21.9,1321.57820065199,2.17488164856586,25.7548950058344,6858,244,8.97540983606557,0.459795134443022
"result_final_linear_500",17.58,698.660524655551,2.02695391274409,25.2840085066157,5658,221,7.95475113122172,0.4933511283669
"result_final_linear_500",9.58,84.4825272754797,1.82807003356112,25.8524047673735,3552,190,5.04210526315789,0.547024994470249
"result_final_linear_500",2.01,8.82444868957892,1.69565142155081,24.6974654796448,838,56,3.58928571428571,0.589743851413411
"result_final_linear_500",3.62,19.0636726318906,1.72051840479846,26.741881222277,1492,101,3.58415841584158,0.581220170159783
"result_final_linear_500",38.27,9292.40163030113,3.44802547059152,25.1204329165501,9280,142,26.9507042253521,0.290021059452454
"result_final_linear_500",11.78,157.807034677188,1.87534543599337,24.9306227628927,4172,198,5.94949494949495,0.533235094082974
"result_final_linear_500",2.59,10.1861218450029,1.70443211842312,23.7393843086014,944,56,4.625,0.586705677035214
"result_final_linear_500",29.59,3851.24904757642,2.56493388219008,25.337015597464,8068,207,14.2946859903382,0.389873597500356
"result_final_linear_500",36.37,35403.4253347655,3.18261391487021,26.2765604422345,9136,157,23.1656050955414,0.314207134999214
"result_final_linear_500",7.86,232.969467432826,1.79421271955447,24.2449503720695,2850,148,5.31081081081081,0.557347514651616
"result_final_linear_500",35.55,17198.9407116163,3.08446996889208,24.2015100221252,8802,153,23.2352941176471,0.324204809930178
"result_final_linear_500",1.46,4.24519903913993,1.68750214063089,26.9997914788474,628,42,3.47619047619048,0.5925918408768
"result_final_linear_500",39.58,39308.7989931951,3.67027092698335,25.4084192725588,9508,140,28.2714285714286,0.272459450513076
"result_final_linear_500",17.98,591.100335815315,2.03918253692009,25.1960559786002,5894,249,7.22088353413655,0.490392587173861
"result_final_linear_500",37.61,30337.5310791135,3.34907939234527,25.2062563137331,9268,141,26.6737588652482,0.298589517550889
"result_final_linear_500",13.99,517.425167724119,1.92799982067203,25.4403035225702,4600,208,6.72596153846154,0.518672247413092
"result_final_linear_500",13.09,170.68854153237,1.90587925703384,24.5093894032642,4638,226,5.79203539823009,0.524692210332527
"result_final_linear_500",39.54,16480.0120248771,3.66291045680359,24.7045462330235,9392,132,29.9545454545455,0.273006946741647
"result_final_linear_500",10.78,199.101667603612,1.85326741722405,25.7022409394854,3928,199,5.41708542713568,0.539587536426809
"result_final_linear_500",34.96,17546.0731255256,3.01893798737468,24.8024330983445,8762,156,22.4102564102564,0.331242312423124
"result_final_linear_500",28.5,2470.72067999956,2.4956369982548,25.1028225905933,7968,229,12.4454148471616,0.400699300699301
"result_final_linear_500",12.53,275.516905266823,1.89259363437696,25.1120853142053,4386,205,6.11219512195122,0.528375443009032
"result_final_linear_500",3.34,94.0233688455579,1.71608138337535,24.2798515676621,1340,85,3.92941176470588,0.582722946410097
"result_final_linear_500",35.92,38897.2894791888,3.12768449824287,25.5941955901849,8880,137,26.2189781021898,0.319725343320849
"result_final_linear_500",42.4,52134.235102376,4.31137724550898,23.9279416813486,9784,96,44.1666666666667,0.231944444444445
"result_final_linear_500",21.7,2829.94998488796,2.16717409355107,24.9054826809102,6442,220,9.86363636363636,0.461430395913154
"result_final_linear_500",2.79,17.5366176815321,1.70750557692645,24.7449371633913,1082,68,4.10294117647059,0.585649624524228
"result_final_linear_500",13.47,928.599435377353,1.9151008122524,25.1751063294733,4468,204,6.60294117647059,0.52216572287068
"result_final_linear_500",36.54,47736.030213025,3.20407957184691,25.4104494680193,9396,134,27.2686567164179,0.312102111566341
"result_final_linear_500",25.11,2382.01691964475,2.31291886716699,24.8527588271431,7360,231,10.8701298701299,0.432354119375084
"result_final_linear_500",24.06,1714.26027743307,2.26456730482495,25.5614188752632,7208,238,10.109243697479,0.441585462207006
"result_final_linear_500",28.99,3847.7079662214,2.5260574152467,25.4247579979073,8016,180,16.1055555555556,0.39587382058865
"result_final_linear_500",21.22,924.15782735343,2.1490534126248,25.0013375106332,6560,256,8.2890625,0.465321147499366
"result_final_linear_500",3.91,107.222401642011,1.72516562236306,24.5067704294162,1496,93,4.20430107526882,0.579654490581746
"result_final_linear_500",16.99,695.131796546129,2.00939217157658,25.8204213116824,5566,229,7.41921397379913,0.497662932176846
"result_final_linear_500",31.67,7040.77107426166,2.71549497277749,24.0854535652673,8498,187,16.9358288770053,0.368256988145763
"result_final_linear_500",28.21,2506.83961173889,2.4781663157168,24.6647474349312,7970,235,12.0042553191489,0.40352416771138
"result_final_linear_500",4.8,43.1217795610186,1.73976608187134,25.1253887763001,1802,108,4.44444444444444,0.574789915966388
"result_final_linear_500",34.44,12445.7054143495,2.96436968710436,24.3875479581405,8734,175,19.68,0.337339841366687
"result_final_linear_500",26.89,2051.17175152884,2.40327405410736,23.9776967688248,7672,215,12.506976744186,0.416099028860621
"result_final_linear_500",8.91,155.440485987433,1.81457797964103,25.8089499195638,3034,149,5.97986577181208,0.551092326270721
"result_final_linear_500",37.95,47407.4657825691,3.39906874828814,25.3914059969235,9206,153,24.8039215686275,0.2941982272361
"result_final_linear_500",8.62,86.6420443930511,1.80886020824261,25.7236672420523,3078,170,5.07058823529412,0.552834318231559
"result_final_linear_500",2.04,50.1059793786734,1.69610083800817,22.1649818857484,788,51,4,0.589587586770111
"result_final_linear_500",11.68,208.335862473864,1.87309127926705,23.9469238836931,3998,198,5.8989898989899,0.533876811594203
"result_final_linear_500",44.78,122458.872138438,5.14056972630795,26.1896865038818,10050,94,47.6382978723404,0.194530967040927
"result_final_linear_500",5.17,30.0924829242905,1.74599083092446,25.4778569788988,2054,127,4.07086614173228,0.572740693873246
"result_final_linear_500",14.6,1457.727303164,1.9435593991807,23.9231861695673,4688,206,7.0873786407767,0.514519906323185
"result_final_linear_500",29.14,5300.49822324939,2.53560437987547,25.0646000432208,8302,210,13.8761904761905,0.394383290996331
"result_final_linear_500",5.03,87.2545424656516,1.74362458002093,25.376772953817,1800,105,4.79047619047619,0.573517953037801
"result_final_linear_500",22.37,892.556487450037,2.19337157064956,25.0308993882978,6986,244,9.16803278688525,0.455919103439393
"result_final_linear_500",28.55,1831.69292251793,2.49868858191992,24.7195850436543,8082,203,14.064039408867,0.400209937018894
"result_final_linear_500",6.9,111.392376493718,1.77637855371112,24.8532764977461,2560,152,4.53947368421053,0.56294307196563
"result_final_linear_500",42.01,32917.036458471,4.20552614402785,24.4127614948724,9600,119,35.3025210084034,0.237782376271771
"result_final_linear_500",29.74,3544.37257008711,2.57494685919519,25.0915085547763,8102,190,15.6526315789474,0.388357529177342
"result_final_linear_500",3.71,62.5854548518852,1.72195497058245,24.7930945315247,1404,85,4.36470588235294,0.580735278845155
"result_final_linear_500",6.2,169.087052829955,1.76382098533283,25.6033379251599,2222,123,5.04065040650407,0.566950959488274
"result_final_linear_500",19.46,1139.04358622076,2.08685287868581,25.4580140677464,6532,261,7.45593869731801,0.479190464365532
"result_final_linear_500",20.54,1133.60540812212,2.12425814040528,24.783574021833,6464,230,8.9304347826087,0.470752579914423
"result_final_linear_500",41.5,115778.48433245,4.07665505226481,26.2712888030053,9612,123,33.739837398374,0.245299145299145
"result_final_linear_500",20.01,640.216337440724,2.10560951854484,24.5654147983333,6218,221,9.05429864253394,0.474921865233155
"result_final_linear_500",15.45,352.881135815397,1.96605045924892,25.3705388013885,5190,234,6.6025641025641,0.508633944411592
"result_final_linear_500",44.62,39002.0180981706,5.07235757464737,24.9346731256114,9322,99,45.0707070707071,0.197146984470928
"result_final_linear_500",13.9,607.850918710519,1.92574368150302,25.0182722902757,4644,211,6.58767772511848,0.519279907084785
"result_final_linear_500",23.62,837.259499344328,2.24528190957728,24.5586727409313,6976,228,10.359649122807,0.445378371301388
"result_final_linear_500",9.44,139.356893566864,1.8252176717188,24.8671100974194,3498,183,5.15846994535519,0.547879858657244
"result_final_linear_500",23.92,3757.57936927923,2.25837093327001,25.2693965245407,7016,220,10.8727272727273,0.442797055730809
"result_final_linear_500",40.9,28116.4252734071,3.93737508327781,23.6265327226077,9454,118,34.6610169491525,0.253976311336718
"result_final_linear_500",25.77,1845.42377032654,2.34511736644236,24.820262373861,7424,236,10.9194915254237,0.426417890340832
"result_final_linear_500",20.49,885.796365981672,2.12247403966792,25.060883102798,6360,223,9.18834080717489,0.471148283234814
"result_final_linear_500",10.87,522.880764624839,1.85521303831984,24.9042027043171,3768,192,5.66145833333333,0.539021653764164
"result_final_linear_500",22.2,653.288495266589,2.18662169758291,25.2996889906986,6810,241,9.21161825726141,0.457326478149101
"result_final_linear_500",5.11,23.1760346803868,1.7449750822928,25.1256517569147,2096,136,3.75735294117647,0.573074085783538
"result_final_linear_500",26.62,1536.67192388717,2.38882739761703,24.8918835716082,7778,235,11.3276595744681,0.418615426546743
"result_final_linear_500",10.57,93.1020742320708,1.84875860500693,26.2660053094222,3862,224,4.71875,0.540903499944089
"result_final_linear_500",36.98,61145.9077808714,3.26156712555636,24.9332026921014,9252,139,26.6043165467626,0.306601079022533
"result_final_linear_500",33.41,5058.27132397437,2.8642092132995,24.2106795010722,8870,184,18.1576086956522,0.34913650698303
"result_final_linear_500",31.63,3030.93699005966,2.71234180981473,24.9821749918369,8518,211,14.9905213270142,0.368685095802253
"result_final_linear_500",5.43,45.8946497125933,1.75042108575342,25.2875207474608,2048,123,4.41463414634146,0.571291107116422
"result_final_linear_500",41.27,26333.5232008133,4.02177634732589,25.9773755157891,9648,145,28.4620689655172,0.248646347692832
"result_final_linear_500",38.2,11674.60569574,3.43715239154616,25.7438787752349,9480,165,23.1515151515152,0.290938511326861
"result_final_linear_500",33.22,7258.92289576028,2.84679000767329,25.3898362690729,8844,207,16.048309178744,0.351272836178496
"result_final_linear_500",25.43,1398.14266335417,2.32834795641178,24.8581022571737,7548,223,11.4035874439462,0.429489070671851
"result_final_linear_500",32.08,23681.4293073758,2.7484622855293,24.5202914158849,8454,180,17.8222222222222,0.363839811542991
"result_final_linear_500",21.35,624.857423919608,2.15390935232096,25.2291836306827,6624,242,8.82231404958678,0.46427209154482
"result_final_linear_500",29.37,4668.76976583556,2.55046401617737,23.6518119622507,8306,209,14.0526315789474,0.392085516069659
"result_final_linear_500",8.02,71.9093121675957,1.7972566337098,24.7039053771323,3124,185,4.33513513513514,0.556403565992606
"result_final_linear_500",31.74,13245.0964869304,2.72103962369449,24.5384014780534,8634,179,17.731843575419,0.367506592440668
"result_final_linear_500",32.33,5443.3618902624,2.7691615173712,25.8381816961087,8462,185,17.4756756756757,0.361120141864933
"result_final_linear_500",25.74,2920.34935532979,2.34362178880263,24.6450181082739,7432,223,11.542600896861,0.426690008079719
"result_final_linear_500",27.84,3972.02420742923,2.45642701525054,25.6481130308733,7720,201,13.8507462686567,0.40709534368071
"result_final_linear_500",34.06,14424.6473204867,2.92624478565723,23.9140447954006,8644,172,19.8023255813953,0.341734910524719
"result_final_linear_500",2.33,19.5388508014392,1.70047182129986,24.8895101602565,924,62,3.75806451612903,0.588072079451213
"result_final_linear_500",34.64,24888.0831507267,2.98502009499452,24.4819263201092,8868,169,20.4970414201183,0.33500611995104
"result_final_linear_500",40.92,54190.2310648948,3.94182012276488,24.8352091841828,9398,120,34.1,0.253689911983751
"result_final_linear_500",38.99,24248.6616757255,3.56554263339372,23.2910285182275,8992,131,29.763358778626,0.28046221930831
"result_final_linear_500",29.86,5202.11771140118,2.58304485526994,24.5382203938458,8430,222,13.4504504504505,0.38714000570288
"result_final_linear_500",7.82,109.39369022759,1.79345499824896,25.4673200761317,2910,160,4.8875,0.55758298980256
"result_final_linear_500",34.84,4420.79733918806,3.00608968444362,25.1794348881508,8608,169,20.6153846153846,0.332658072437078
"result_final_linear_500",2.9,30.1206795824815,1.7092061256821,25.1239803713295,1128,78,3.71794871794872,0.585066941297631
"result_final_linear_500",22.12,647.877257930328,2.18346977683077,24.7711822173604,6490,233,9.49356223175966,0.45798664612224
"result_final_linear_500",10.95,213.243744767655,1.85694922323011,25.2013660736587,4070,218,5.02293577981651,0.53851768669287
"result_final_linear_500",13.64,214.877658166438,1.91928171393013,25.2217039767619,4692,210,6.4952380952381,0.521028253821213
"result_final_linear_500",39.86,28940.1789663326,3.72291692460072,24.6384554238931,9414,130,30.6615384615385,0.26860658463585
"result_final_linear_500",12.25,839.196504652347,1.88608275120903,25.0302297177424,4126,203,6.03448275862069,0.53019943019943
"result_final_linear_500",26.98,2110.95393016955,2.40815249653717,24.1940340446424,7890,220,12.2636363636364,0.415256094220761
"result_final_linear_500",1.46,2.81626702115227,1.68750214063089,24.565570625851,504,27,5.40740740740741,0.5925918408768
"result_final_linear_500",11.49,170.598231168203,1.86883722894365,25.8494041387234,4112,221,5.19909502262443,0.53509207999096
"result_final_linear_500",3.13,65.4058451100259,1.71278533161236,25.2727222356264,1164,75,4.17333333333333,0.583844327449157
"result_final_linear_500",7.19,241.058347474153,1.78168973527097,24.7029372903116,2486,137,5.24817518248175,0.56126494989764
"result_final_linear_500",20.41,464.576996942516,2.11963034967642,25.1572166676817,6490,239,8.53974895397489,0.471780374418897
"result_final_concave_500",3.68,33.074567683533,1.66869649259892,26.2115393618511,1388,81,4.54320987654321,0.599270151543583
"result_final_concave_500",16.55,1341.25938736692,1.72314527160548,24.3540707199368,5588,236,7.01271186440678,0.580334123000718
"result_final_concave_500",10.21,213.757437307216,1.68482048264065,25.1209751047959,3564,179,5.70391061452514,0.593535044417718
"result_final_concave_500",18.95,2066.45654220526,1.74621457276925,24.6487822457833,6096,246,7.70325203252033,0.572667308814255
"result_final_concave_500",25.94,2752.97959627921,1.85645801630439,25.2603646417481,7516,217,11.9539170506912,0.538660175030878
"result_final_concave_500",19.32,874.953809360275,1.75030693805855,25.0874911769656,6102,249,7.75903614457831,0.571328364332033
"result_final_concave_500",29.37,6436.89950619807,1.94725609660535,24.1852782475291,8110,201,14.6119402985075,0.513543134743961
"result_final_concave_500",8.18,247.865664388456,1.67776304893521,25.4732128572436,3036,169,4.84023668639053,0.596031722497792
"result_final_concave_500",12.27,117.066852010092,1.69428504006079,25.0622599259696,4432,216,5.68055555555556,0.590219459155539
"result_final_concave_500",24.58,3155.21016765864,1.82851489809605,24.4459418206822,7102,221,11.1221719457014,0.546891907220037
"result_final_concave_500",41.33,74384.131113215,2.84190959391261,25.490101283755,9530,131,31.5496183206107,0.351876077318577
"result_final_concave_500",10.19,210.556279891306,1.68474051986321,24.917199871124,3670,204,4.99509803921569,0.59356321534974
"result_final_concave_500",12.68,379.027620708941,1.69647776512541,24.4758664575216,4064,190,6.67368421052632,0.589456590918583
"result_final_concave_500",10.38,296.482004069275,1.68550899891086,25.3709974293383,3790,208,4.99038461538461,0.593292590336912
"result_final_concave_500",7.01,156.943018488585,1.67459702130173,25.6842428873626,2464,132,5.31060606060606,0.597158592353557
"result_final_concave_500",0.74,8.26004972169096,1.66674386403877,22.748750330235,316,25,2.96,0.599972210233221
"result_final_concave_500",33.83,49993.27672006,2.13080055808927,25.1200786600957,8750,173,19.5549132947977,0.469307179502862
"result_final_concave_500",18.98,656.78454109917,1.7465406591003,25.0790078805072,6170,252,7.53174603174603,0.572560389470196
"result_final_concave_500",37.76,78693.027319793,2.40403465904939,25.4801959693378,9392,148,25.5135135135135,0.415967380601502
"result_final_concave_500",9.27,151.457079174947,1.68129246792869,24.1689427061347,3330,164,5.65243902439024,0.59478051503554
"result_final_concave_500",42.75,126574.586275277,3.11331564167869,27.0788637767366,9372,111,38.5135135135135,0.32120096870769
"result_final_concave_500",21.64,736.050752039183,1.77977914712925,24.5675629618925,6872,259,8.35521235521236,0.561867466316246
"result_final_concave_500",10.8,167.450636514571,1.68727882224009,25.5197175860655,3760,183,5.9016393442623,0.592670272879005
"result_final_concave_500",33.84,7995.04613068893,2.13133104534254,24.1413929710015,8956,183,18.4918032786885,0.469190369175748
"result_final_concave_500",12.22,527.527534865208,1.69402501224988,25.1318081071521,4240,214,5.71028037383178,0.590310056090537
"result_final_concave_500",27.23,3118.63046143589,1.88682831708138,24.9658042814976,7600,208,13.0913461538462,0.529989925923329
"result_final_concave_500",21.87,1648.62796376324,1.78309398841488,24.5767014241147,6658,234,9.34615384615385,0.560822932777072
"result_final_concave_500",27.36,1582.850761738,1.89012105556121,24.649519636728,7854,234,11.6923076923077,0.52906664208504
"result_final_concave_500",20.69,1995.12436269828,1.76687153205271,25.8153953053778,6404,219,9.44748858447489,0.565972104852594
"result_final_concave_500",1.09,6.58165851924863,1.66683535461247,25.4937293671851,416,30,3.63333333333333,0.599939278485303
"result_final_concave_500",29.6,3314.1333975879,1.95461773391555,24.8854230453791,8516,201,14.726368159204,0.511608987603305
"result_final_concave_500",26.09,2047.14973178503,1.85978487273693,25.5902204578615,7578,214,12.1915887850467,0.537696598493331
"result_final_concave_500",13.3,431.650364277742,1.70000422915316,24.0740542157254,4610,222,5.99099099099099,0.588233830746492
"result_final_concave_500",4.05,49.1868391203057,1.66914484678365,26.1477638754723,1536,90,4.5,0.599109179725741
"result_final_concave_500",13.53,343.365461650208,1.70137905627268,25.7458949586309,4622,214,6.32242990654206,0.587758498797301
"result_final_concave_500",8.85,117.871950194334,1.67986338396334,26.1202830305844,3170,169,5.23668639053254,0.595286503382601
"result_final_concave_500",19.81,793.029968419583,1.75596928513912,24.4583880237135,6110,230,8.61304347826087,0.569486043100562
"result_final_concave_500",1.67,16.9626310563259,1.66706737905694,26.442116926958,624,42,3.97619047619048,0.599855778214376
"result_final_concave_500",28.09,6433.51017002485,1.90947118475817,24.0495503744523,8110,219,12.8264840182648,0.523705205913672
"result_final_concave_500",2.4,51.1925161242057,1.66750691806989,25.2749585634788,956,62,3.87096774193548,0.599697661918838
"result_final_concave_500",39.01,40094.0848481221,2.52878022289402,24.573834436969,9186,139,28.0647482014388,0.395447572290631
"result_final_concave_500",31.82,10081.2743103912,2.03627477715105,24.9644246468537,8586,204,15.5980392156863,0.49109285800765
"result_final_concave_500",6.21,82.495998216791,1.6727778759746,24.9973742748898,2322,138,4.5,0.597808002103911
"result_final_concave_500",11.68,149.131613640454,1.69131633972199,24.5747201523794,4280,217,5.38248847926267,0.591255447910102
"result_final_concave_500",32.1,17003.4627651784,2.0481235126326,25.1072916738177,8670,184,17.445652173913,0.488251804069486
"result_final_concave_500",36.58,60769.9737766104,2.30597074328749,23.3969852790616,9114,139,26.3165467625899,0.433656846215819
"result_final_concave_500",37.16,28195.5845676913,2.35207410320802,25.4526073192147,9298,153,24.2875816993464,0.425156672842955
"result_final_concave_500",32.21,10404.3991237696,2.05288573589525,24.6515413216933,8718,193,16.6891191709845,0.487119172058501
"result_final_concave_500",17.67,846.321130518231,1.73319761355902,25.7208638998122,5578,235,7.51914893617021,0.5769682534622
"result_final_concave_500",12.37,426.591608907556,1.69480986907045,24.256521859863,4290,201,6.15422885572139,0.590036686857664
"result_final_concave_500",25.92,1860.54476441521,1.85601829966216,25.0067355460187,7514,236,10.9830508474576,0.538787791145176
"result_final_concave_500",26.73,7006.83137786606,1.87457242207044,24.8678195035212,7556,224,11.9330357142857,0.533454983241199
"result_final_concave_500",14,244.394838423483,1.70430454419762,25.1112324609406,5022,227,6.16740088105727,0.586749594375339
"result_final_concave_500",30.37,9612.63340575863,1.98066433998627,25.2166154677864,8436,210,14.4619047619048,0.504881104693858
"result_final_concave_500",11.77,511.436554545947,1.69175528021061,25.2952319261213,4014,192,6.13020833333333,0.591102041588136
"result_final_concave_500",36.28,37044.1077390534,2.28356803134878,24.7633368663974,9108,165,21.9878787878788,0.437911192603863
"result_final_concave_500",26.97,3937.3509429444,1.88037558667768,24.7184423100898,7712,213,12.6619718309859,0.531808648806613
"result_final_concave_500",40.4,47897.9333856626,2.70081872483303,23.9456890281688,9244,120,33.6666666666667,0.370258096482141
"result_final_concave_500",8.18,300.113347303611,1.67776304893521,25.8251434866633,3062,165,4.95757575757576,0.596031722497792
"result_final_concave_500",29.17,6432.59968481781,1.94100300404046,24.3359447217425,8046,206,14.1601941747573,0.515197554006029
"result_final_concave_500",2.93,80.4328583587848,1.66793304230623,25.3791967945068,1180,72,4.06944444444444,0.599544450907521
"result_final_concave_500",4.6,26.8897875335916,1.66990207180911,24.510285839422,1804,105,4.38095238095238,0.598837510822798
"result_final_concave_500",24.96,2252.04131735334,1.83593665229374,25.2811785399478,7374,231,10.8051948051948,0.544681102559091
"result_final_concave_500",14.16,371.5263453635,1.70533683071881,25.2429258405646,4788,225,6.29333333333333,0.586394418971467
"result_final_concave_500",23.45,1696.0314257214,1.80805928064733,24.8225332478769,7134,220,10.6590909090909,0.553079210788916
"result_final_concave_500",33.04,15346.5444827238,2.09089560608959,24.7026927640054,8740,185,17.8594594594595,0.478263954014523
"result_final_concave_500",43.53,31943.3141923321,3.30148754911669,22.8309140029581,9654,102,42.6764705882353,0.302893766862016
"result_final_concave_500",9.41,278.14192049103,1.68178865504628,26.1946556513351,3278,182,5.17032967032967,0.594605033753472
"result_final_concave_500",2.07,12.402605617728,1.66728744766701,24.6568518782877,800,49,4.22448979591837,0.599776602048599
"result_final_concave_500",35.25,23390.9130913088,2.21330271445587,23.4566120908063,8624,158,22.3101265822785,0.451813479226607
"result_final_concave_500",25.12,3221.34661568883,1.8391484080514,24.2074184140618,7350,213,11.7934272300469,0.543729910877346
"result_final_concave_500",14.76,316.614995600974,1.70937795641606,25.7655699586333,5260,255,5.78823529411765,0.58500812897847
"result_final_concave_500",21.43,970.206901190668,1.77681875074369,24.8385251461438,6700,242,8.85537190082645,0.562803605928544
"result_final_concave_500",5.64,83.2719081590365,1.6716434041924,25.7026756378011,2226,137,4.11678832116788,0.598213708433299
"result_final_concave_500",14.22,757.518226938939,1.70572878960824,24.8764904511108,5000,236,6.02542372881356,0.586259671579837
"result_final_concave_500",38.84,28554.3041136977,2.51034136629198,24.8193558041828,9326,139,27.9424460431655,0.398352197604543
"result_final_concave_500",3.15,32.555469317227,1.66813719154601,25.8508355539559,1316,88,3.57954545454545,0.59947107771946
"result_final_concave_500",35.7,25305.5041188932,2.24280140106941,25.9421893923974,8658,168,21.25,0.445870953854042
"result_final_concave_500",1.81,6.68760343050838,1.66713874397802,25.7906943680457,778,53,3.41509433962264,0.599830100291391
"result_final_concave_500",19.27,1054.68783213562,1.74974485220122,25.4646662256114,6134,230,8.37826086956522,0.571511897144305
"result_final_concave_500",4.1,36.6915001896628,1.66920916111114,25.2447217285127,1662,100,4.1,0.599086096157255
"result_final_concave_500",9.66,187.974314685004,1.68269984000187,25.1863897460395,3426,172,5.61627906976744,0.59428305407035
"result_final_concave_500",34.2,23048.7172379265,2.1508780087473,24.9924509545277,8850,176,19.4318181818182,0.464926414205338
"result_final_concave_500",27.2,3637.47331616517,1.88607479615542,24.8245359161409,7698,215,12.6511627906977,0.530201666465404
"result_final_concave_500",37.3,46295.4958038991,2.36379138359081,23.8001446810061,9224,147,25.3741496598639,0.423049177242076
"result_final_concave_500",36.6,47253.303514295,2.30749800798642,23.2490708890277,9008,144,25.4166666666667,0.433369821572511
"result_final_concave_500",33.5,15105.9251141655,2.11365890379859,24.4058431492904,8760,178,18.8202247191011,0.473113234213352
"result_final_concave_500",25.04,2902.39877890164,1.8375359907107,24.322183915479,7598,232,10.7931034482759,0.544207027810776
"result_final_concave_500",21.9,1773.73918272652,1.78353203442963,25.7548950058344,6858,244,8.97540983606557,0.5606851913483
"result_final_concave_500",17.58,829.929043456406,1.73234555621122,25.2840085066157,5658,221,7.95475113122172,0.577252036358774
"result_final_concave_500",9.58,101.245834316927,1.68240472848994,25.8524047673735,3552,190,5.04210526315789,0.594387297578247
"result_final_concave_500",2.01,9.08108765882684,1.66725125266052,24.6974654796448,838,56,3.58928571428571,0.59978962283234
"result_final_concave_500",3.62,19.9874621752265,1.66862831728976,26.741881222277,1492,101,3.58415841584158,0.599294635982345
"result_final_concave_500",38.27,15904.8218324583,2.45202543076719,25.1204329165501,9280,142,26.9507042253521,0.407826112834042
"result_final_concave_500",11.78,173.398913551267,1.69180435671345,24.9306227628927,4172,198,5.94949494949495,0.591084894675783
"result_final_concave_500",2.59,10.5679395326244,1.66764912892636,23.7393843086014,944,56,4.625,0.599646521953814
"result_final_concave_500",29.59,5325.15599235015,1.95429379767783,25.337015597464,8068,207,14.2946859903382,0.511693789945115
"result_final_concave_500",36.37,55431.7126393312,2.29019061833401,26.2765604422345,9136,157,23.1656050955414,0.436644876629285
"result_final_concave_500",7.86,248.460535059868,1.67683518811921,24.2449503720695,2850,148,5.31081081081081,0.596361530987211
"result_final_concave_500",35.55,27509.7996966347,2.23277069298064,24.2015100221252,8802,153,23.2352941176471,0.447874026268702
"result_final_concave_500",1.46,4.34391329838445,1.66697161590619,26.9997914788474,628,42,3.47619047619048,0.599890238356809
"result_final_concave_500",39.58,67633.9266085785,2.59447537628949,25.4084192725588,9508,140,28.2714285714286,0.385434376883606
"result_final_concave_500",17.98,708.74115615424,1.73619421300082,25.1960559786002,5894,249,7.22088353413655,0.575972430107119
"result_final_concave_500",37.61,49139.7116791978,2.39060906332752,25.2062563137331,9268,141,26.6737588652482,0.418303442139589
"result_final_concave_500",13.99,579.624231051346,1.70424064727601,25.4403035225702,4600,208,6.72596153846154,0.586771593318326
"result_final_concave_500",13.09,196.12370523623,1.69878077625018,24.5093894032642,4638,226,5.79203539823009,0.5886574736308
"result_final_concave_500",39.54,28607.5794695823,2.58965994303701,24.7045462330235,9392,132,29.9545454545455,0.386151086241561
"result_final_concave_500",10.78,219.749521390129,1.68719229311416,25.7022409394854,3928,199,5.41708542713568,0.592700668490036
"result_final_concave_500",34.96,26836.1774398044,2.19520360388964,24.8024330983445,8762,156,22.4102564102564,0.455538610736662
"result_final_concave_500",28.5,3373.33008694599,1.92101381882404,25.1028225905933,7968,229,12.4454148471616,0.520558462516504
"result_final_concave_500",12.53,312.934527265756,1.69566293907279,25.1120853142053,4386,205,6.11219512195122,0.589739845671695
"result_final_concave_500",3.34,96.3022606703625,1.66832663265139,24.2798515676621,1340,85,3.92941176470588,0.599403006838504
"result_final_concave_500",35.92,62571.7415803031,2.25788560744454,25.5941955901849,8880,137,26.2189781021898,0.442892233646767
"result_final_concave_500",42.4,107984.42931063,3.03886511518846,23.9279416813486,9784,96,44.1666666666667,0.329070216049383
"result_final_concave_500",21.7,3491.54854588852,1.78063651564046,24.9054826809102,6442,220,9.86363636363636,0.56159692964643
"result_final_concave_500",2.79,18.0873722718486,1.66781152630619,24.7449371633913,1082,68,4.10294117647059,0.599588133447407
"result_final_concave_500",13.47,1051.60940766518,1.70101685761564,25.1751063294733,4468,204,6.60294117647059,0.587883650607511
"result_final_concave_500",36.54,74931.9597933268,2.30292907973751,25.4104494680193,9396,134,27.2686567164179,0.434229611670882
"result_final_concave_500",25.11,3166.4212276568,1.83894613665432,24.8527588271431,7360,231,10.8701298701299,0.543789717418992
"result_final_concave_500",24.06,2157.41593123408,1.8188112312621,25.5614188752632,7208,238,10.109243697479,0.549809668431663
"result_final_concave_500",28.99,6149.92670951605,1.93549009291463,25.4247579979073,8016,180,16.1055555555556,0.516665005757851
"result_final_concave_500",21.22,1180.87688019459,1.77392020812359,25.0013375106332,6560,256,8.2890625,0.563723213378225
"result_final_concave_500",3.91,110.280444298537,1.66896950942437,24.5067704294162,1496,93,4.20430107526882,0.599172120493023
"result_final_concave_500",16.99,831.822433848811,1.72695391071989,25.8204213116824,5566,229,7.41921397379913,0.579054249098718
"result_final_concave_500",31.67,9930.75283689331,2.03008441818936,24.0854535652673,8498,187,16.9358288770053,0.492590352913454
"result_final_concave_500",28.21,3341.92056278688,1.91279749543607,24.6647474349312,7970,235,12.0042553191489,0.522794494652987
"result_final_concave_500",4.8,45.3046834123013,1.67020498667233,25.1253887763001,1802,108,4.44444444444444,0.598728903326036
"result_final_concave_500",34.44,19295.6873973955,2.16441183013476,24.3875479581405,8734,175,19.68,0.462019282133446
"result_final_concave_500",26.89,2675.18380819428,1.87842507698302,23.9776967688248,7672,215,12.506976744186,0.532360865627988
"result_final_concave_500",8.91,167.182499256908,1.68006214120888,25.8089499195638,3034,149,5.97986577181208,0.595216078900781
"result_final_concave_500",37.95,79153.4292960825,2.42148016668341,25.3914059969235,9206,153,24.8039215686275,0.412970551548912
"result_final_concave_500",8.62,95.180678811578,1.67911789415872,25.7236672420523,3078,170,5.07058823529412,0.595550796926636
"result_final_concave_500",2.04,50.833678763086,1.66726920858461,22.1649818857484,788,51,4,0.599783163301461
"result_final_concave_500",11.68,230.065318221755,1.69131633972199,23.9469238836931,3998,198,5.8989898989899,0.591255447910102
"result_final_concave_500",44.78,253328.268565566,3.68745531939759,26.1896865038818,10050,94,47.6382978723404,0.271189726622469
"result_final_concave_500",5.17,31.2548157344048,1.67080508249741,25.4778569788988,2054,127,4.07086614173228,0.598513860458974
"result_final_concave_500",14.6,1646.32706176087,1.70827364383428,23.9231861695673,4688,206,7.0873786407767,0.585386307170006
"result_final_concave_500",29.14,7758.41453311273,1.94007670357761,25.0646000432208,8302,210,13.8761904761905,0.515443537957001
"result_final_concave_500",5.03,90.50289017599,1.67057190029293,25.376772953817,1800,105,4.79047619047619,0.598597402377385
"result_final_concave_500",22.37,1115.27941407066,1.79056995814667,25.0308993882978,6986,244,9.16803278688525,0.558481390492584
"result_final_concave_500",28.55,3042.43864553803,1.92245633395691,24.7195850436543,8082,203,14.064039408867,0.520167861468012
"result_final_concave_500",6.9,117.314290409711,1.67433072533192,24.8532764977461,2560,152,4.53947368421053,0.597253568169311
"result_final_concave_500",42.01,62273.416700144,2.96211350673388,24.4127614948724,9600,119,35.3025210084034,0.33759678612135
"result_final_concave_500",29.74,4957.50860239366,1.95919034301459,25.0915085547763,8102,190,15.6526315789474,0.51041492908816
"result_final_concave_500",3.71,65.4227797219496,1.66873105096388,24.7930945315247,1404,85,4.36470588235294,0.599257741037651
"result_final_concave_500",6.2,177.749344948713,1.67275683461335,25.6033379251599,2222,123,5.04065040650407,0.597815521842507
"result_final_concave_500",19.46,1613.19287091958,1.75189608352694,25.4580140677464,6532,261,7.45593869731801,0.57081011219957
"result_final_concave_500",20.54,1397.87453961992,1.76494401855905,24.783574021833,6464,230,8.9304347826087,0.566590208802446
"result_final_concave_500",41.5,211705.254596489,2.87047327475938,26.2712888030053,9612,123,33.739837398374,0.348374607348966
"result_final_concave_500",20.01,762.196249202144,1.75836257774906,24.5654147983333,6218,221,9.05429864253394,0.568710920406492
"result_final_concave_500",15.45,402.453596993843,1.71437048910575,25.3705388013885,5190,234,6.6025641025641,0.58330448777243
"result_final_concave_500",44.62,80707.6321581499,3.63083294356714,24.9346731256114,9322,99,45.0707070707071,0.275418895758267
"result_final_concave_500",13.9,681.510552032488,1.70366883987644,25.0182722902757,4644,211,6.58767772511848,0.586968533199519
"result_final_concave_500",23.62,1053.49872144094,1.81098954276402,24.5586727409313,6976,228,10.359649122807,0.552184303877178
"result_final_concave_500",9.44,153.571339864742,1.68189628876729,24.8671100974194,3498,183,5.15846994535519,0.594566981732821
"result_final_concave_500",23.92,4770.67054312516,1.81628472982995,25.2693965245407,7016,220,10.8727272727273,0.550574468626197
"result_final_concave_500",40.9,51131.5333007488,2.77365417250002,23.6265327226077,9454,118,34.6610169491525,0.360535213767712
"result_final_concave_500",25.77,2397.66429163078,1.85274905445907,24.820262373861,7424,236,10.9194915254237,0.539738502412547
"result_final_concave_500",20.49,1112.69079650578,1.76430796809679,25.060883102798,6360,223,9.18834080717489,0.566794470173328
"result_final_concave_500",10.87,569.167290190751,1.68758346896702,24.9042027043171,3768,192,5.66145833333333,0.592563282580687
"result_final_concave_500",22.2,881.231636159039,1.78798588242523,25.2996889906986,6810,241,9.21161825726141,0.55928853232532
"result_final_concave_500",5.11,25.016521850442,1.6707042289319,25.1256517569147,2096,136,3.75735294117647,0.598549990287216
"result_final_concave_500",26.62,2203.22393417704,1.8719606156234,24.8918835716082,7778,235,11.3276595744681,0.534199273026361
"result_final_concave_500",10.57,111.070397829383,1.68629739606169,26.2660053094222,3862,224,4.71875,0.593015207362282
"result_final_concave_500",36.98,97539.3359073514,2.33735434293449,24.9332026921014,9252,139,26.6043165467626,0.427834146338516
"result_final_concave_500",33.41,7537.90013617553,2.1091038771597,24.2106795010722,8870,184,18.1576086956522,0.474135015742651
"result_final_concave_500",31.63,4519.95858821566,2.02845175318495,24.9821749918369,8518,211,14.9905213270142,0.492986830191974
"result_final_concave_500",5.43,47.7546553233801,1.67125817290961,25.2875207474608,2048,123,4.41463414634146,0.598351598938798
"result_final_concave_500",41.27,48183.7919632797,2.83204910557069,25.9773755157891,9648,145,28.4620689655172,0.353101222020827
"result_final_concave_500",38.2,19346.3036399642,2.4452150040591,25.7438787752349,9480,165,23.1515151515152,0.408961992438286
"result_final_concave_500",33.22,11601.160922966,2.09965113980376,25.3898362690729,8844,207,16.048309178744,0.476269595954623
"result_final_concave_500",25.43,1968.49435555416,1.84552223703352,24.8581022571737,7548,223,11.4035874439462,0.541852045959302
"result_final_concave_500",32.08,33945.3009463902,2.04726424469886,24.5202914158849,8454,180,17.8222222222222,0.488456730775901
"result_final_concave_500",21.35,771.443467400654,1.77570731967072,25.2291836306827,6624,242,8.82231404958678,0.563155869732764
"result_final_concave_500",29.37,6499.83571440881,1.94725609660535,23.6518119622507,8306,209,14.0526315789474,0.513543134743961
"result_final_concave_500",8.02,78.8801496798676,1.67729315216642,24.7039053771323,3124,185,4.33513513513514,0.596198701883677
"result_final_concave_500",31.74,19164.157659436,2.03295984582093,24.5384014780534,8634,179,17.731843575419,0.491893630882901
"result_final_concave_500",32.33,7826.41962824547,2.05815173217082,25.8381816961087,8462,185,17.4756756756757,0.48587282675474
"result_final_concave_500",25.74,3787.73747364681,1.85210122218616,24.6450181082739,7432,223,11.542600896861,0.539927293401185
"result_final_concave_500",27.84,5735.66244127136,1.9026758937575,25.6481130308733,7720,201,13.8507462686567,0.525575587140672
"result_final_concave_500",34.06,24008.0229616757,2.14317117660142,23.9140447954006,8644,172,19.8023255813953,0.466598287116651
"result_final_concave_500",2.33,19.9427893031826,1.66745745997125,24.8895101602565,924,62,3.75806451612903,0.599715449422765
"result_final_concave_500",34.64,38153.6360389746,2.17601106312036,24.4819263201092,8868,169,20.4970414201183,0.459556487073195
"result_final_concave_500",40.92,97142.8749165677,2.77670839119922,24.8352091841828,9398,120,34.1,0.360138645876355
"result_final_concave_500",38.99,49160.3351412934,2.52658463879453,23.2910285182275,8992,131,29.763358778626,0.395791213421259
"result_final_concave_500",29.86,7292.94062772466,1.9631661128647,24.5382203938458,8430,222,13.4504504504505,0.50938124565566
"result_final_concave_500",7.82,116.016060944667,1.67672254607581,25.4673200761317,2910,160,4.8875,0.596401594491822
"result_final_concave_500",34.84,7714.87499652367,2.18791289147729,25.1794348881508,8608,169,20.6153846153846,0.457056587533883
"result_final_concave_500",2.9,32.0467702661289,1.66790645624032,25.1239803713295,1128,78,3.71794871794872,0.599554007515584
"result_final_concave_500",22.12,818.192637214534,1.78678503374535,24.7711822173604,6490,233,9.49356223175966,0.559664414640781
"result_final_concave_500",10.95,240.784730929091,1.68793506968219,25.2013660736587,4070,218,5.02293577981651,0.592439850300808
"result_final_concave_500",13.64,239.752655105329,1.70204965033405,25.2217039767619,4692,210,6.4952380952381,0.587526926610946
"result_final_concave_500",39.86,50586.2620944204,2.62911029232367,24.6384554238931,9414,130,30.6615384615385,0.380356808506568
"result_final_concave_500",12.25,933.343969370603,1.69418083858521,25.0302297177424,4126,203,6.03448275862069,0.59025576091103
"result_final_concave_500",26.98,2779.05851830048,1.88062054519594,24.1940340446424,7890,220,12.2636363636364,0.531739378554865
"result_final_concave_500",1.46,2.87010595825866,1.66697161590619,24.565570625851,504,27,5.40740740740741,0.599890238356809
"result_final_concave_500",11.49,204.282832057323,1.69040581354314,25.8494041387234,4112,221,5.19909502262443,0.5915739238402
"result_final_concave_500",3.13,66.8839980468338,1.66811796129623,25.2727222356264,1164,75,4.17333333333333,0.599477988488859
"result_final_concave_500",7.19,254.356458639611,1.67504414370557,24.7029372903116,2486,137,5.24817518248175,0.596999191787136
"result_final_concave_500",20.41,558.625635906648,1.76329693995681,25.1572166676817,6490,239,8.53974895397489,0.567119455231683
"result_final_convex_500",3.68,22.9631731786535,2.26640375750029,26.2115393618511,1388,81,4.54320987654321,0.441227648291115
"result_final_convex_500",16.55,36.2136609840659,5.92373015484429,24.3540707199368,5588,236,7.01271186440678,0.168812551189933
"result_final_convex_500",10.21,64.6266561580352,3.84062123970502,25.1209751047959,3564,179,5.70391061452514,0.260374542967639
"result_final_convex_500",18.95,165.856655377342,6.74503128708897,24.6487822457833,6096,246,7.70325203252033,0.148257281165493
"result_final_convex_500",25.94,89.4312021150051,8.69111547575756,25.2603646417481,7516,217,11.9539170506912,0.115060029151532
"result_final_convex_500",19.32,65.6523610311442,6.86801051589693,25.0874911769656,6102,249,7.75903614457831,0.145602572635171
"result_final_convex_500",29.37,149.776497602238,9.27496233349913,24.1852782475291,8110,201,14.6119402985075,0.107817149444178
"result_final_convex_500",8.18,111.129944736583,3.27708835108235,25.4732128572436,3036,169,4.84023668639053,0.305148928825713
"result_final_convex_500",12.27,23.5056317341139,4.47486848107393,25.0622599259696,4432,216,5.68055555555556,0.223470254875515
"result_final_convex_500",24.58,115.926907870941,8.3884279663518,24.4459418206822,7102,221,11.1221719457014,0.119211848037709
"result_final_convex_500",41.33,2102.41209451099,9.95657904438202,25.490101283755,9530,131,31.5496183206107,0.100436103157766
"result_final_convex_500",10.19,37.943474013357,3.83475593423767,24.917199871124,3670,204,4.99509803921569,0.2607727889725
"result_final_convex_500",12.68,88.2846958365804,4.60753559282851,24.4758664575216,4064,190,6.67368421052632,0.21703576236209
"result_final_convex_500",10.38,95.5861807616009,3.89071726042094,25.3709974293383,3790,208,4.99038461538461,0.257022017552571
"result_final_convex_500",7.01,61.7427782596921,2.98260505589385,25.6842428873626,2464,132,5.31060606060606,0.33527737707811
"result_final_convex_500",0.74,7.83237554270121,1.77279670878591,22.748750330235,316,25,2.96,0.564080469601528
"result_final_convex_500",33.83,1129.48693071407,9.70777244415891,25.1200786600957,8750,173,19.5549132947977,0.10301024315848
"result_final_convex_500",18.98,48.5769214459291,6.75505341491835,25.0790078805072,6170,252,7.53174603174603,0.148037319407649
"result_final_convex_500",37.76,1424.66257754177,9.88540364674279,25.4801959693378,9392,148,25.5135135135135,0.10115924809297
"result_final_convex_500",9.27,53.2030418019125,3.57156628075922,24.1689427061347,3330,164,5.65243902439024,0.279989204004756
"result_final_convex_500",42.75,3788.03386967179,9.97150645695577,27.0788637767366,9372,111,38.5135135135135,0.100285749632387
"result_final_convex_500",21.64,38.1529468870401,7.5990771141762,24.5675629618925,6872,259,8.35521235521236,0.131594927249058
"result_final_convex_500",10.8,51.264688279468,4.01630215630712,25.5197175860655,3760,183,5.9016393442623,0.248985250880495
"result_final_convex_500",33.84,179.75192416818,9.70841976137281,24.1413929710015,8956,183,18.4918032786885,0.103003374862172
"result_final_convex_500",12.22,102.121933133716,4.45882126794723,25.1318081071521,4240,214,5.71028037383178,0.224274520081937
"result_final_convex_500",27.23,88.2071488166895,8.94020891518072,24.9658042814976,7600,208,13.0913461538462,0.111854209391234
"result_final_convex_500",21.87,86.8121261831064,7.66694809365422,24.5767014241147,6658,234,9.34615384615385,0.130429994801671
"result_final_convex_500",27.36,42.8188556140595,8.96328559029113,24.649519636728,7854,234,11.6923076923077,0.111566232039196
"result_final_convex_500",20.69,124.372809060365,7.30923094061825,25.8153953053778,6404,219,9.44748858447489,0.136813299254629
"result_final_convex_500",1.09,5.67510745986106,1.82539161137492,25.4937293671851,416,30,3.63333333333333,0.547827651758945
"result_final_convex_500",29.6,73.2164847601997,9.3054594489082,24.8854230453791,8516,201,14.726368159204,0.107463796440199
"result_final_convex_500",26.09,61.2805877980163,8.72197459428882,25.5902204578615,7578,214,12.1915887850467,0.114652936578697
"result_final_convex_500",13.3,86.1250480467337,4.81155409200121,24.0740542157254,4610,222,5.99099099099099,0.207833057860123
"result_final_convex_500",4.05,35.0541701037668,2.33734184988436,26.1477638754723,1536,90,4.5,0.42783643310433
"result_final_convex_500",13.53,62.5937201160554,4.88818130285183,25.7458949586309,4622,214,6.32242990654206,0.204575063411946
"result_final_convex_500",8.85,43.485602655527,3.45582887116588,26.1202830305844,3170,169,5.23668639053254,0.289366180236417
"result_final_convex_500",19.81,55.6106107118305,7.0285771603138,24.4583880237135,6110,230,8.61304347826087,0.142276306739066
"result_final_convex_500",1.67,14.2127617239915,1.91606803783011,26.442116926958,624,42,3.97619047619048,0.521902135131104
"result_final_convex_500",28.09,171.315032000143,9.08614348858207,24.0495503744523,8110,219,12.8264840182648,0.110057694032307
"result_final_convex_500",2.4,34.4247152908157,2.03665915416547,25.2749585634788,956,62,3.87096774193548,0.491000174454696
"result_final_convex_500",39.01,877.643147456638,9.91728972028401,24.573834436969,9186,139,28.0647482014388,0.100834000841448
"result_final_convex_500",31.82,210.069347284535,9.55110294309061,24.9644246468537,8586,204,15.5980392156863,0.1046999499386
"result_final_convex_500",6.21,47.033272954377,2.7942371564101,24.9973742748898,2322,138,4.5,0.357879429706228
"result_final_convex_500",11.68,39.0573519264555,4.28744428570783,24.5747201523794,4280,217,5.38248847926267,0.233239182450369
"result_final_convex_500",32.1,390.811184594684,9.57633250885949,25.1072916738177,8670,184,17.445652173913,0.104424110072917
"result_final_convex_500",36.58,1395.96635106945,9.84608930564122,23.3969852790616,9114,139,26.3165467625899,0.10156316573597
"result_final_convex_500",37.16,645.051954066626,9.86665698159283,25.4526073192147,9298,153,24.2875816993464,0.101351450837461
"result_final_convex_500",32.21,211.286308973758,9.5859229227744,24.6515413216933,8718,193,16.6891191709845,0.104319637040288
"result_final_convex_500",17.67,82.5196974870002,6.31068000466442,25.7208638998122,5578,235,7.51914893617021,0.158461528592936
"result_final_convex_500",12.37,94.8560440868231,4.50705044795185,24.256521859863,4290,201,6.15422885572139,0.221874596601073
"result_final_convex_500",25.92,53.6238144842138,8.68696300628471,25.0067355460187,7514,236,10.9830508474576,0.11511502918529
"result_final_convex_500",26.73,198.2159734105,8.84801970635008,24.8678195035212,7556,224,11.9330357142857,0.113019639782483
"result_final_convex_500",14,23.3282817384894,5.04616748095993,25.1112324609406,5022,227,6.16740088105727,0.198170196247583
"result_final_convex_500",30.37,124.840385288796,9.40036703825797,25.2166154677864,8436,210,14.4619047619048,0.10637882498951
"result_final_convex_500",11.77,136.609145612426,4.31575487025574,25.2952319261213,4014,192,6.13020833333333,0.23170917488665
"result_final_convex_500",36.28,792.238211472211,9.83442504915344,24.7633368663974,9108,165,21.9878787878788,0.101683626140003
"result_final_convex_500",26.97,106.389114968308,8.89295335498999,24.7184423100898,7712,213,12.6619718309859,0.112448582611634
"result_final_convex_500",40.4,1279.95364277048,9.94342412321689,23.9456890281688,9244,120,33.6666666666667,0.100568977809676
"result_final_convex_500",8.18,131.148959801457,3.27708835108235,25.8251434866633,3062,165,4.95757575757576,0.305148928825713
"result_final_convex_500",29.17,165.692347697906,9.2476144378364,24.3359447217425,8046,206,14.1601941747573,0.108135996231474
"result_final_convex_500",2.93,57.4024590006969,2.12889493964016,25.3791967945068,1180,72,4.06944444444444,0.469727266188639
"result_final_convex_500",4.6,16.4788045590642,2.44667266720758,24.510285839422,1804,105,4.38095238095238,0.408718343652121
"result_final_convex_500",24.96,79.5186385541394,8.47714460915316,25.2811785399478,7374,231,10.8051948051948,0.117964249296898
"result_final_convex_500",14.16,66.8113032667927,5.10033941613509,25.2429258405646,4788,225,6.29333333333333,0.196065382793245
"result_final_convex_500",23.45,68.1337911876525,8.10600658611561,24.8225332478769,7134,220,10.6590909090909,0.123365308105332
"result_final_convex_500",33.04,347.911570676366,9.65271531340098,24.7026927640054,8740,185,17.8594594594595,0.10359779269691
"result_final_convex_500",43.53,1123.43663241801,9.97760092609013,22.8309140029581,9654,102,42.6764705882353,0.100224493583937
"result_final_convex_500",9.41,105.632814258674,3.61076827732425,26.1946556513351,3278,182,5.17032967032967,0.276949370104981
"result_final_convex_500",2.07,10.1377563621172,1.9812350716791,24.6568518782877,800,49,4.22448979591837,0.504735664280614
"result_final_convex_500",35.25,491.966173240614,9.78846635072077,23.4566120908063,8624,158,22.3101265822785,0.102161049971466
"result_final_convex_500",25.12,109.634283849671,8.51354128087114,24.2074184140618,7350,213,11.7934272300469,0.117459934357384
"result_final_convex_500",14.76,49.068687792297,5.30497583587382,25.7655699586333,5260,255,5.78823529411765,0.188502272383166
"result_final_convex_500",21.43,48.3941758158194,7.53629557457404,24.8385251461438,6700,242,8.85537190082645,0.13269118628704
"result_final_convex_500",5.64,41.0885034938264,2.66641704080269,25.7026756378011,2226,137,4.11678832116788,0.37503510692347
"result_final_convex_500",14.22,114.586132705079,5.12070058305041,24.8764904511108,5000,236,6.02542372881356,0.195285778533901
"result_final_convex_500",38.84,686.330404647274,9.91346638995889,24.8193558041828,9326,139,27.9424460431655,0.100872889528619
"result_final_convex_500",3.15,18.5954629957988,2.1683711783093,25.8508355539559,1316,88,3.57954545454545,0.461175655719474
"result_final_convex_500",35.7,557.711210717639,9.80972517704672,25.9421893923974,8658,168,21.25,0.10193965498033
"result_final_convex_500",1.81,5.0166143379535,1.93862845310727,25.7906943680457,778,53,3.41509433962264,0.515828599542724
"result_final_convex_500",19.27,78.7885480542601,6.85147409577255,25.4646662256114,6134,230,8.37826086956522,0.145953992676848
"result_final_convex_500",4.1,26.080408592583,2.34708806169916,25.2447217285127,1662,100,4.1,0.426059855323901
"result_final_convex_500",9.66,51.4112117189542,3.6815369392676,25.1863897460395,3426,172,5.61627906976744,0.271625686906441
"result_final_convex_500",34.2,512.920429864415,9.73093935949602,24.9924509545277,8850,176,19.4318181818182,0.102765001718374
"result_final_convex_500",27.2,96.5533766165962,8.93483148985856,24.8245359161409,7698,215,12.6511627906977,0.111921528809474
"result_final_convex_500",37.3,846.640534681118,9.87125185891554,23.8001446810061,9224,147,25.3741496598639,0.101304273692178
"result_final_convex_500",36.6,1087.44424018714,9.84684127573819,23.2490708890277,9008,144,25.4166666666667,0.101555409699141
"result_final_convex_500",33.5,329.763556548107,9.68572941166649,24.4058431492904,8760,178,18.8202247191011,0.103244676523329
"result_final_convex_500",25.04,101.624899242608,8.49541408737784,24.322183915479,7598,232,10.7931034482759,0.117710565925887
"result_final_convex_500",21.9,63.607847230303,7.67573082049884,25.7548950058344,6858,244,8.97540983606557,0.130280754156907
"result_final_convex_500",17.58,78.0232132485376,6.27974689913487,25.2840085066157,5658,221,7.95475113122172,0.159242086673551
"result_final_convex_500",9.58,22.1505270055225,3.65878480617311,25.8524047673735,3552,190,5.04210526315789,0.27331478973915
"result_final_convex_500",2.01,6.68899564093769,1.97132043361774,24.6974654796448,838,56,3.58928571428571,0.507274202076227
"result_final_convex_500",3.62,11.8434906433272,2.25509542691332,26.741881222277,1492,101,3.58415841584158,0.443440214576089
"result_final_convex_500",38.27,357.860732960922,9.89950572540068,25.1204329165501,9280,142,26.9507042253521,0.101015144365657
"result_final_convex_500",11.78,46.0745184043624,4.31890685680037,24.9306227628927,4172,198,5.94949494949495,0.231540070938423
"result_final_convex_500",2.59,7.07181325014394,2.06926376159671,23.7393843086014,944,56,4.625,0.483263670180146
"result_final_convex_500",29.59,129.401967223701,9.30415446347754,25.337015597464,8068,207,14.2946859903382,0.107478869135868
"result_final_convex_500",36.37,1266.88561010732,9.83800102930429,26.2765604422345,9136,157,23.1656050955414,0.101646665518871
"result_final_convex_500",7.86,112.904669018262,3.19430602685224,24.2449503720695,2850,148,5.31081081081081,0.313057043249368
"result_final_convex_500",35.55,539.710877585731,9.80285014755574,24.2015100221252,8802,153,23.2352941176471,0.10201114828317
"result_final_convex_500",1.46,3.41216348933749,1.88272199575212,26.9997914788474,628,42,3.47619047619048,0.531145863412784
"result_final_convex_500",39.58,1716.23415775496,9.92905893566788,25.4084192725588,9508,140,28.2714285714286,0.100714479235059
"result_final_convex_500",17.98,62.1310911736144,6.41690462025389,25.1960559786002,5894,249,7.22088353413655,0.155838376784294
"result_final_convex_500",37.61,1154.86481505657,9.88094409733219,25.2062563137331,9268,141,26.6737588652482,0.101204904121459
"result_final_convex_500",13.99,108.787272294949,5.0427879360204,25.4403035225702,4600,208,6.72596153846154,0.198303004744072
"result_final_convex_500",13.09,37.1650031497234,4.7420201275124,24.5093894032642,4638,226,5.79203539823009,0.210880589518836
"result_final_convex_500",39.54,712.72427215443,9.9282834693992,24.7045462330235,9392,132,29.9545454545455,0.100722345718893
"result_final_convex_500",10.78,62.8043420477115,4.01026418035521,25.7022409394854,3928,199,5.41708542713568,0.249360130661373
"result_final_convex_500",34.96,591.014117467964,9.77372774765056,24.8024330983445,8762,156,22.4102564102564,0.102315106970356
"result_final_convex_500",28.5,84.1554225083445,9.15023463156957,25.1028225905933,7968,229,12.4454148471616,0.109286815067
"result_final_convex_500",12.53,63.6860338095479,4.55877984338414,25.1120853142053,4386,205,6.11219512195122,0.219356940750546
"result_final_convex_500",3.34,73.6808653543415,2.20303536513481,24.2798515676621,1340,85,3.92941176470588,0.453919177070863
"result_final_convex_500",35.92,1338.5810057865,9.81943954492921,25.5941955901849,8880,137,26.2189781021898,0.101838806117647
"result_final_convex_500",42.4,2631.6339642405,9.96832599562756,23.9279416813486,9784,96,44.1666666666667,0.100317746474045
"result_final_convex_500",21.7,183.37801276638,7.61687335407714,24.9054826809102,6442,220,9.86363636363636,0.131287465803107
"result_final_convex_500",2.79,12.9791185459147,2.10413964926224,24.7449371633913,1082,68,4.10294117647059,0.475253626987459
"result_final_convex_500",13.47,202.966739473392,4.86814578517845,25.1751063294733,4468,204,6.60294117647059,0.205417019975983
"result_final_convex_500",36.54,1724.98427756161,9.84457588565997,25.4104494680193,9396,134,27.2686567164179,0.101578779178963
"result_final_convex_500",25.11,103.137666371231,8.51128316870937,24.8527588271431,7360,231,10.8701298701299,0.117491097426575
"result_final_convex_500",24.06,84.6255684520746,8.26188459687784,25.5614188752632,7208,238,10.109243697479,0.121037759396676
"result_final_convex_500",28.99,119.644722700752,9.22233244007292,25.4247579979073,8016,180,16.1055555555556,0.10843243902755
"result_final_convex_500",21.22,60.9508751470754,7.47276185049763,25.0013375106332,6560,256,8.2890625,0.133819332129982
"result_final_convex_500",3.91,80.0200410788625,2.31025578845147,24.5067704294162,1496,93,4.20430107526882,0.432852502739658
"result_final_convex_500",16.99,78.0427170174306,6.0761593934563,25.8204213116824,5566,229,7.41921397379913,0.164577644404284
"result_final_convex_500",31.67,232.195679487233,9.53709430082479,24.0854535652673,8498,187,16.9358288770053,0.104853739352616
"result_final_convex_500",28.21,89.9361647001005,9.10526229092153,24.6647474349312,7970,235,12.0042553191489,0.109826600052703
"result_final_convex_500",4.8,25.3763463126836,2.48759779396056,25.1253887763001,1802,108,4.44444444444444,0.401994246187153
"result_final_convex_500",34.44,382.768559939577,9.74512860223724,24.3875479581405,8734,175,19.68,0.102615372337973
"result_final_convex_500",26.89,80.2704199526521,8.87811600586115,23.9776967688248,7672,215,12.506976744186,0.112636509743714
"result_final_convex_500",8.91,66.6460094458731,3.47219001838512,25.8089499195638,3034,149,5.97986577181208,0.288002671139839
"result_final_convex_500",37.95,1734.14312096429,9.89084500274474,25.3914059969235,9206,153,24.8039215686275,0.101103596277416
"result_final_convex_500",8.62,34.6390302489878,3.39364875619941,25.7236672420523,3078,170,5.07058823529412,0.294668090848598
"result_final_convex_500",2.04,43.5557614936272,1.97627154836893,22.1649818857484,788,51,4,0.506003337863831
"result_final_convex_500",11.68,59.3507626824254,4.28744428570783,23.9469238836931,3998,198,5.8989898989899,0.233239182450369
"result_final_convex_500",44.78,10862.4022619698,9.98498729603168,26.1896865038818,10050,94,47.6382978723404,0.100150352759831
"result_final_convex_500",5.17,19.9691479054139,2.56497475858964,25.4778569788988,2054,127,4.07086614173228,0.389867384328512
"result_final_convex_500",14.6,273.007598004322,5.25019689479509,23.9231861695673,4688,206,7.0873786407767,0.190469047168759
"result_final_convex_500",29.14,176.632095877815,9.24344501659678,25.0646000432208,8302,210,13.8761904761905,0.108184772907123
"result_final_convex_500",5.03,58.7210017599206,2.53544146723686,25.376772953817,1800,105,4.79047619047619,0.39440863175982
"result_final_convex_500",22.37,51.6114698178123,7.81115438261089,25.0308993882978,6986,244,9.16803278688525,0.128022050393241
"result_final_convex_500",28.55,40.3673898796097,9.15781393032864,24.7195850436543,8082,203,14.064039408867,0.109196365814796
"result_final_convex_500",6.9,61.5948122245637,2.95607972563825,24.8532764977461,2560,152,4.53947368421053,0.338285869398901
"result_final_convex_500",42.01,1819.56536664629,9.9644171873721,24.4127614948724,9600,119,35.3025210084034,0.100357098784192
"result_final_convex_500",29.74,112.781196443177,9.32353092482723,25.0915085547763,8102,190,15.6526315789474,0.107255503098847
"result_final_convex_500",3.71,40.1998950751822,2.27207823882259,24.7930945315247,1404,85,4.36470588235294,0.440125688857532
"result_final_convex_500",6.2,98.1588332759004,2.79194905677621,25.6033379251599,2222,123,5.04065040650407,0.358172724381538
"result_final_convex_500",19.46,58.0064462625587,6.91416784317768,25.4580140677464,6532,261,7.45593869731801,0.14463056475939
"result_final_convex_500",20.54,75.1702619620625,7.26216183972093,24.783574021833,6464,230,8.9304347826087,0.137700043330132
"result_final_convex_500",41.5,6113.31043994677,9.95866866047326,26.2712888030053,9612,123,33.739837398374,0.100415028764746
"result_final_convex_500",20.01,52.7934159714169,7.09328139491859,24.5654147983333,6218,221,9.05429864253394,0.140978475873856
"result_final_convex_500",15.45,58.4718059500257,5.54255944305163,25.3705388013885,5190,234,6.6025641025641,0.180422061373404
"result_final_convex_500",44.62,3337.44771901989,9.98418219051828,24.9346731256114,9322,99,45.0707070707071,0.100158428694307
"result_final_convex_500",13.9,128.275718874408,5.01240597150943,25.0182722902757,4644,211,6.58767772511848,0.199504989357209
"result_final_convex_500",23.62,42.4165479262074,8.15024247355833,24.5586727409313,6976,228,10.359649122807,0.122695736138438
"result_final_convex_500",9.44,45.1626900823018,3.61920887189369,24.8671100974194,3498,183,5.15846994535519,0.276303478300429
"result_final_convex_500",23.92,178.042633734478,8.22681186282758,25.2693965245407,7016,220,10.8727272727273,0.12155377036376
"result_final_convex_500",40.9,1378.81724720289,9.95087434583206,23.6265327226077,9454,118,34.6610169491525,0.100493681785747
"result_final_convex_500",25.77,76.886964995045,8.65553488057334,24.820262373861,7424,236,10.9194915254237,0.11553301024116
"result_final_convex_500",20.49,46.5007808865609,7.24639846045691,25.060883102798,6360,223,9.18834080717489,0.13799958772029
"result_final_convex_500",10.87,175.33151950265,4.03747985731597,24.9042027043171,3768,192,5.66145833333333,0.2476792542229
"result_final_convex_500",22.2,35.6906879191082,7.76264884777012,25.2996889906986,6810,241,9.21161825726141,0.128822006458177
"result_final_convex_500",5.11,10.2852204772807,2.5522794159833,25.1256517569147,2096,136,3.75735294117647,0.391806631255824
"result_final_convex_500",26.62,35.8667840554785,8.82700142180087,24.8918835716082,7778,235,11.3276595744681,0.113288754834706
"result_final_convex_500",10.57,25.159531756577,3.94721206456512,26.2660053094222,3862,224,4.71875,0.253343368342733
"result_final_convex_500",36.98,2238.16510962735,9.86054282851877,24.9332026921014,9252,139,26.6043165467626,0.101414295073877
"result_final_convex_500",33.41,159.483055859149,9.6794836043994,24.2106795010722,8870,184,18.1576086956522,0.103311296435844
"result_final_convex_500",31.63,94.9165517442381,9.53329958434009,24.9821749918369,8518,211,14.9905213270142,0.104895476236019
"result_final_convex_500",5.43,29.6815858670222,2.62065305242195,25.2875207474608,2048,123,4.41463414634146,0.381584276894579
"result_final_convex_500",41.27,1346.98561475019,9.9558197009394,25.9773755157891,9648,145,28.4620689655172,0.100443763551247
"result_final_convex_500",38.2,460.079980557945,9.89766377538928,25.7438787752349,9480,165,23.1515151515152,0.101033943230777
"result_final_convex_500",33.22,214.674661018091,9.66595962836872,25.3898362690729,8844,207,16.048309178744,0.103455842818243
"result_final_convex_500",25.43,49.5324108560676,8.5824375125817,24.8581022571737,7548,223,11.4035874439462,0.116517014954553
"result_final_convex_500",32.08,766.113775590786,9.57456952233912,24.5202914158849,8454,180,17.8222222222222,0.104443337913713
"result_final_convex_500",21.35,42.5132748772518,7.51217968471575,25.2291836306827,6624,242,8.82231404958678,0.133117156666872
"result_final_convex_500",29.37,155.500465795619,9.27496233349913,23.6518119622507,8306,209,14.0526315789474,0.107817149444178
"result_final_convex_500",8.02,28.4788227698832,3.2354870742101,24.7039053771323,3124,185,4.33513513513514,0.309072475662458
"result_final_convex_500",31.74,430.062064104613,9.54367502448759,24.5384014780534,8634,179,17.731843575419,0.10478143874704
"result_final_convex_500",32.33,178.115380700986,9.59618254041365,25.8381816961087,8462,185,17.4756756756757,0.104208105232322
"result_final_convex_500",25.74,123.005005511207,8.6491889677353,24.6450181082739,7432,223,11.542600896861,0.11561777684941
"result_final_convex_500",27.84,122.429187894174,9.04534339887495,25.6481130308733,7720,201,13.8507462686567,0.110554122259679
"result_final_convex_500",34.06,356.075277939153,9.72236107273917,23.9140447954006,8644,172,19.8023255813953,0.102855673896327
"result_final_convex_500",2.33,16.2216152514769,2.02477537079701,24.8895101602565,924,62,3.75806451612903,0.493881945831044
"result_final_convex_500",34.64,826.87317700683,9.75646818141395,24.4819263201092,8868,169,20.4970414201183,0.102496106316935
"result_final_convex_500",40.92,2683.65425815208,9.95115356201132,24.8352091841828,9398,120,34.1,0.100490862066235
"result_final_convex_500",38.99,510.015480012209,9.91684767054709,23.2910285182275,8992,131,29.763358778626,0.100838495580605
"result_final_convex_500",29.86,172.74322646414,9.33872821358008,24.5382203938458,8430,222,13.4504504504505,0.107080961896485
"result_final_convex_500",7.82,54.5412185865796,3.18407653522028,25.4673200761317,2910,160,4.8875,0.314062802491906
"result_final_convex_500",34.84,104.636694407207,9.76738040248632,25.1794348881508,8608,169,20.6153846153846,0.102381596578899
"result_final_convex_500",2.9,17.9836053482125,2.12356637943495,25.1239803713295,1128,78,3.71794871794872,0.470905929611715
"result_final_convex_500",22.12,37.6312415690352,7.73963393955871,24.7711822173604,6490,233,9.49356223175966,0.12920507711467
"result_final_convex_500",10.95,58.5288234167198,4.06176777277445,25.2013660736587,4070,218,5.02293577981651,0.246198221056083
"result_final_convex_500",13.64,47.7437928329841,4.92499428719177,25.2217039767619,4692,210,6.4952380952381,0.20304592080455
"result_final_convex_500",39.86,1287.55198409753,9.93428557926105,24.6384554238931,9414,130,30.6615384615385,0.100661491158218
"result_final_convex_500",12.25,220.260196743832,4.46844606929767,25.0302297177424,4126,203,6.03448275862069,0.22379144438397
"result_final_convex_500",26.98,80.9767165100891,8.89479816543604,24.1940340446424,7890,220,12.2636363636364,0.112425260405105
"result_final_convex_500",1.46,2.37798225089498,1.88272199575212,24.565570625851,504,27,5.40740740740741,0.531145863412784
"result_final_convex_500",11.49,50.3092475324517,4.22802077653686,25.8494041387234,4112,221,5.19909502262443,0.23651728618493
"result_final_convex_500",3.13,52.1737961242179,2.16475321173231,25.2727222356264,1164,75,4.17333333333333,0.461946421689226
"result_final_convex_500",7.19,129.205669754106,3.02644081473489,24.7029372903116,2486,137,5.24817518248175,0.330421132021245
"result_final_convex_500",20.41,35.8108203999646,7.22110185051252,25.1572166676817,6490,239,8.53974895397489,0.138483021109725
"result_final_linear_1000",3.68,97.2336138523636,0.94180225281602,26.2115393618511,1388,81,4.54320987654321,1.06179401993355
"result_final_linear_1000",16.55,2499.90374739767,1.10904379028507,24.3540707199368,5588,236,7.01271186440678,0.901677651288195
"result_final_linear_1000",10.21,353.421012800121,1.01390033762802,25.1209751047959,3564,179,5.70391061452514,0.986290232765343
"result_final_linear_1000",18.95,2821.57289958547,1.15447617691048,24.6487822457833,6096,246,7.70325203252033,0.866193707587906
"result_final_linear_1000",25.94,3616.65230894576,1.33378957605446,25.2603646417481,7516,217,11.9539170506912,0.749743451255739
"result_final_linear_1000",19.32,1249.95573140992,1.16206717750763,25.0874911769656,6102,249,7.75903614457831,0.86053544868617
"result_final_linear_1000",29.37,8690.58460036848,1.46162282970842,24.1852782475291,8110,201,14.6119402985075,0.684171032139318
"result_final_linear_1000",8.18,352.977667339721,0.989205145331925,25.4732128572436,3036,169,4.84023668639053,1.01091265519495
"result_final_linear_1000",12.27,252.061699057896,1.04151579547208,25.0622599259696,4432,216,5.68055555555556,0.960139063034313
"result_final_linear_1000",24.58,4185.02224589591,1.29183652495632,24.4459418206822,7102,221,11.1221719457014,0.774091752850704
"result_final_linear_1000",41.33,87158.2728949199,2.52811651656828,25.490101283755,9530,131,31.5496183206107,0.395551389125617
"result_final_linear_1000",10.19,401.907981200725,1.01364544418235,24.917199871124,3670,204,4.99509803921569,0.986538247411197
"result_final_linear_1000",12.68,526.37058851982,1.04735402773113,24.4758664575216,4064,190,6.67368421052632,0.954786990380213
"result_final_linear_1000",10.38,426.838950554758,1.0160767329539,25.3709974293383,3790,208,4.99038461538461,0.984177638919885
"result_final_linear_1000",7.01,346.752108832128,0.975975818386003,25.6842428873626,2464,132,5.31060606060606,1.02461555005915
"result_final_linear_1000",0.74,12.1722373419214,0.915294247828412,22.748750330235,316,25,2.96,1.09254483175499
"result_final_linear_1000",33.83,62153.0270173706,1.69853941525272,25.1200786600957,8750,173,19.5549132947977,0.588741121354086
"result_final_linear_1000",18.98,977.972008117559,1.15508539819224,25.0790078805072,6170,252,7.53174603174603,0.865736855097506
"result_final_linear_1000",37.76,98248.5122307152,2.02709744658676,25.4801959693378,9392,148,25.5135135135135,0.493316195372752
"result_final_linear_1000",9.27,260.944557709421,1.00217600212077,24.1689427061347,3330,164,5.65243902439024,0.997828722583493
"result_final_linear_1000",42.75,147309.682060958,2.83065512978986,27.0788637767366,9372,111,38.5135135135135,0.353275109170306
"result_final_linear_1000",21.64,1034.01202024068,1.21382985315075,24.5675629618925,6872,259,8.35521235521236,0.823838693210824
"result_final_linear_1000",10.8,239.555815698761,1.02153000458085,25.5197175860655,3760,183,5.9016393442623,0.978923766816145
"result_final_linear_1000",33.84,9976.94337610386,1.69919868502157,24.1413929710015,8956,183,18.4918032786885,0.588512696493351
"result_final_linear_1000",12.22,818.228703398932,1.04081197087908,25.1318081071521,4240,214,5.71028037383178,0.960788334472547
"result_final_linear_1000",27.23,4121.26306616934,1.37777609481796,24.9658042814976,7600,208,13.0913461538462,0.725807338188812
"result_final_linear_1000",21.87,2197.82581737265,1.21939038284457,24.5767014241147,6658,234,9.34615384615385,0.820081914757454
"result_final_linear_1000",27.36,2150.26611120704,1.38246041412911,24.649519636728,7854,234,11.6923076923077,0.723348017621146
"result_final_linear_1000",20.69,2683.55913111366,1.1917176300882,25.8153953053778,6404,219,9.44748858447489,0.839124952717188
"result_final_linear_1000",1.09,17.6463272530213,0.918290610986807,25.4937293671851,416,30,3.63333333333333,1.08897988069963
"result_final_linear_1000",29.6,4376.73571792313,1.47157190635452,24.8854230453791,8516,201,14.726368159204,0.679545454545452
"result_final_linear_1000",26.09,3394.35542041775,1.33868250892032,25.5902204578615,7578,214,12.1915887850467,0.747003111892845
"result_final_linear_1000",13.3,759.103130381906,1.05641525526989,24.0740542157254,4610,222,5.99099099099099,0.946597462514419
"result_final_linear_1000",4.05,72.9438466021933,0.945366766835805,26.1477638754723,1536,90,4.5,1.05779051589369
"result_final_linear_1000",13.53,543.507946670642,1.05985022123623,25.7458949586309,4622,214,6.32242990654206,0.94352954782005
"result_final_linear_1000",8.85,206.319862421277,0.997101132199311,26.1202830305844,3170,169,5.23668639053254,1.00290729566648
"result_final_linear_1000",19.81,1094.36403456732,1.17238556119241,24.4583880237135,6110,230,8.61304347826087,0.852961715924683
"result_final_linear_1000",1.67,29.3078435264236,0.923347074455598,26.442116926958,624,42,3.97619047619048,1.08301637343639
"result_final_linear_1000",28.09,8499.62157927496,1.4096959479328,24.0495503744523,8110,219,12.8264840182648,0.709372827145042
"result_final_linear_1000",2.4,116.711290517093,0.929878048780488,25.2749585634788,956,62,3.87096774193548,1.07540983606557
"result_final_linear_1000",39.01,49441.5389812138,2.17208590049503,24.573834436969,9186,139,28.0647482014388,0.460386948680112
"result_final_linear_1000",31.82,13316.6901247317,1.57904488396869,24.9644246468537,8586,204,15.5980392156863,0.633294221179231
"result_final_linear_1000",6.21,118.550278925022,0.967316082055302,24.9973742748898,2322,138,4.5,1.03378825034652
"result_final_linear_1000",11.68,322.803733984079,1.03332085361288,24.5747201523794,4280,217,5.38248847926267,0.967753623188405
"result_final_linear_1000",32.1,21527.8786820921,1.59427095562339,25.1072916738177,8670,184,17.445652173913,0.627245949926361
"result_final_linear_1000",36.58,74113.3381759149,1.9112771984811,23.3969852790616,9114,139,26.3165467625899,0.523210343740146
"result_final_linear_1000",37.16,34507.5056556966,1.96596170692029,25.4526073192147,9298,153,24.2875816993464,0.508656906429025
"result_final_linear_1000",32.21,14032.6412994707,1.60036828064874,24.6515413216933,8718,193,16.6891191709845,0.624856173476914
"result_final_linear_1000",17.67,1454.53375786431,1.12946373451497,25.7208638998122,5578,235,7.51914893617021,0.885375926150859
"result_final_linear_1000",12.37,711.407114452528,1.04292872189758,24.256521859863,4290,201,6.15422885572139,0.958838297386736
"result_final_linear_1000",25.92,2770.79054749786,1.3331413763317,25.0067355460187,7514,236,10.9830508474576,0.750107991360692
"result_final_linear_1000",26.73,9495.72793432268,1.36020197894815,24.8678195035212,7556,224,11.9330357142857,0.735184932441654
"result_final_linear_1000",14,575.26723685733,1.06699751861042,25.1112324609406,5022,227,6.16740088105727,0.937209302325583
"result_final_linear_1000",30.37,13539.775022427,1.50639292127296,25.2166154677864,8436,210,14.4619047619048,0.663837426396668
"result_final_linear_1000",11.77,724.451893668867,1.03455553861848,25.2952319261213,4014,192,6.13020833333333,0.966598662586424
"result_final_linear_1000",36.28,46609.5841824627,1.88453803383414,24.7633368663974,9108,165,21.9878787878788,0.530634023854363
"result_final_linear_1000",26.97,5313.30201146631,1.36855124337087,24.7184423100898,7712,213,12.6619718309859,0.730699712446942
"result_final_linear_1000",40.4,56560.9713619117,2.36883942766296,23.9456890281688,9244,120,33.6666666666667,0.422147651006711
"result_final_linear_1000",8.18,456.436384741829,0.989205145331925,25.8251434866633,3062,165,4.95757575757576,1.01091265519495
"result_final_linear_1000",29.17,8238.72750121623,1.45313173173584,24.3359447217425,8046,206,14.1601941747573,0.688168855004941
"result_final_linear_1000",2.93,146.056569420572,0.934740531743815,25.3791967945068,1180,72,4.06944444444444,1.06981559699186
"result_final_linear_1000",4.6,77.8778501417588,0.950767390871038,24.510285839422,1804,105,4.38095238095238,1.0517819706499
"result_final_linear_1000",24.96,3080.84316423103,1.30313976104473,25.2811785399478,7374,231,10.8051948051948,0.767377398720685
"result_final_linear_1000",14.16,592.108225817318,1.06947074653643,25.2429258405646,4788,225,6.29333333333333,0.935041938490214
"result_final_linear_1000",23.45,2361.68818161513,1.25997860258415,24.8225332478769,7134,220,10.6590909090909,0.793664271717831
"result_final_linear_1000",33.04,19202.1772722562,1.64861138467599,24.7026927640054,8740,185,17.8594594594595,0.606571087216248
"result_final_linear_1000",43.53,36558.7378597982,3.03814494001184,22.8309140029581,9654,102,42.6764705882353,0.329148220293961
"result_final_linear_1000",9.41,406.444045559052,1.0038896707632,26.1946556513351,3278,182,5.17032967032967,0.996125400154538
"result_final_linear_1000",2.07,23.5659875272051,0.926902217636982,24.6568518782877,800,49,4.22448979591837,1.07886245277239
"result_final_linear_1000",35.25,29821.252969205,1.79986101459347,23.4566120908063,8624,158,22.3101265822785,0.555598455598455
"result_final_linear_1000",25.12,4307.29479270495,1.30799329234209,24.2074184140618,7350,213,11.7934272300469,0.764529914529915
"result_final_linear_1000",14.76,516.37114371767,1.07893271226773,25.7655699586333,5260,255,5.78823529411765,0.926841858282499
"result_final_linear_1000",21.43,1460.50481374612,1.20882502269335,24.8385251461438,6700,242,8.85537190082645,0.827249586356119
"result_final_linear_1000",5.64,141.438437120668,0.961326867435511,25.7026756378011,2226,137,4.11678832116788,1.04022891055532
"result_final_linear_1000",14.22,1177.05090176186,1.07040355386957,24.8764904511108,5000,236,6.02542372881356,0.934227092562373
"result_final_linear_1000",38.84,35025.3060154973,2.15079476719651,24.8193558041828,9326,139,27.9424460431655,0.464944408109876
"result_final_linear_1000",3.15,74.8891724774913,0.936789669681288,25.8508355539559,1316,88,3.57954545454545,1.06747547754259
"result_final_linear_1000",35.7,31455.1076435185,1.83556951184699,25.9421893923974,8658,168,21.25,0.544790046656298
"result_final_linear_1000",1.81,14.9378938649828,0.924584977259673,25.7906943680457,778,53,3.41509433962264,1.08156635095224
"result_final_linear_1000",19.27,1500.15772992617,1.16103145269153,25.4646662256114,6134,230,8.37826086956522,0.861303109129194
"result_final_linear_1000",4.1,53.5975714588762,0.945852648190157,25.2447217285127,1662,100,4.1,1.05724713242961
"result_final_linear_1000",9.66,321.092835930993,1.00697772922844,25.1863897460395,3426,172,5.61627906976744,0.993070622094307
"result_final_linear_1000",34.2,28883.8534505844,1.72341540073337,24.9924509545277,8850,176,19.4318181818182,0.580243161094224
"result_final_linear_1000",27.2,4834.33113821627,1.3767019667171,24.8245359161409,7698,215,12.6511627906977,0.726373626373624
"result_final_linear_1000",37.3,59243.4202426182,1.97979160088412,23.8001446810061,9224,147,25.3741496598639,0.505103668261562
"result_final_linear_1000",36.6,57596.9789199367,1.91309595654798,23.2490708890277,9008,144,25.4166666666667,0.522712933753943
"result_final_linear_1000",33.5,19431.2926456255,1.67717528373266,24.4058431492904,8760,178,18.8202247191011,0.59624060150376
"result_final_linear_1000",25.04,3879.118880027,1.30555942594399,24.322183915479,7598,232,10.7931034482759,0.765955176093915
"result_final_linear_1000",21.9,2881.28635788276,1.22012185596001,25.7548950058344,6858,244,8.97540983606557,0.819590268886041
"result_final_linear_1000",17.58,1221.63758575475,1.12777428094469,25.2840085066157,5658,221,7.95475113122172,0.886702256733804
"result_final_linear_1000",9.58,263.73272150632,1.00598562559801,25.8524047673735,3552,190,5.04210526315789,0.994049988940496
"result_final_linear_1000",2.01,20.6281556862847,0.926365346618894,24.6974654796448,838,56,3.58928571428571,1.07948770282682
"result_final_linear_1000",3.62,39.5217317584569,0.941229320885174,26.741881222277,1492,101,3.58415841584158,1.06244034031957
"result_final_linear_1000",38.27,20712.4934116304,2.08315054162589,25.1204329165501,9280,142,26.9507042253521,0.480042118904908
"result_final_linear_1000",11.78,245.380901949084,1.03469306373296,24.9306227628927,4172,198,5.94949494949495,0.966470188165953
"result_final_linear_1000",2.59,22.125076779927,0.931609299834546,23.7393843086014,944,56,4.625,1.07341135407042
"result_final_linear_1000",29.59,6956.9120803291,1.47113516224066,25.337015597464,8068,207,14.2946859903382,0.679747195000708
"result_final_linear_1000",36.37,67748.1965244751,1.89245456978854,26.2765604422345,9136,157,23.1656050955414,0.528414269998428
"result_final_linear_1000",7.86,376.177495353576,0.985517787237684,24.2449503720695,2850,148,5.31081081081081,1.01469502930323
"result_final_linear_1000",35.55,34693.0265063813,1.82345451973405,24.2015100221252,8802,153,23.2352941176471,0.548409619860357
"result_final_linear_1000",1.46,10.195181234792,0.921502983148484,26.9997914788474,628,42,3.47619047619048,1.0851836817536
"result_final_linear_1000",39.58,80769.9937653699,2.2476006249535,25.4084192725588,9508,140,28.2714285714286,0.44491890102615
"result_final_linear_1000",17.98,1073.64511600849,1.13535062705905,25.1960559786002,5894,249,7.22088353413655,0.880785174347721
"result_final_linear_1000",37.61,59564.9028833022,2.01134788355524,25.2062563137331,9268,141,26.6737588652482,0.497179035101779
"result_final_linear_1000",13.99,828.321253134978,1.06684362635045,25.4403035225702,4600,208,6.72596153846154,0.937344494826187
"result_final_linear_1000",13.09,325.449228540689,1.05331410357407,24.5093894032642,4638,226,5.79203539823009,0.949384420665055
"result_final_linear_1000",39.54,34417.5575582483,2.24208262256174,24.7045462330235,9392,132,29.9545454545455,0.446013893483296
"result_final_linear_1000",10.78,341.534877494043,1.02126782811749,25.7022409394854,3928,199,5.41708542713568,0.979175072853618
"result_final_linear_1000",34.96,33493.5793004504,1.77782637218456,24.8024330983445,8762,156,22.4102564102564,0.562484624846249
"result_final_linear_1000",28.5,4509.45161392214,1.42572283150548,25.1028225905933,7968,229,12.4454148471616,0.701398601398603
"result_final_linear_1000",12.53,499.878083616032,1.04520415357224,25.1120853142053,4386,205,6.11219512195122,0.956750886018063
"result_final_linear_1000",3.34,140.311405672739,0.9385741751306,24.2798515676621,1340,85,3.92941176470588,1.06544589282019
"result_final_linear_1000",35.92,79447.1005567332,1.85373756074983,25.5941955901849,8880,137,26.2189781021898,0.539450686641697
"result_final_linear_1000",42.4,128106.521591444,2.74809160305343,23.9279416813486,9784,96,44.1666666666667,0.36388888888889
"result_final_linear_1000",21.7,5001.44146344726,1.21527238863883,24.9054826809102,6442,220,9.86363636363636,0.822860791826311
"result_final_linear_1000",2.79,34.1820712363714,0.93344600109467,24.7449371633913,1082,68,4.10294117647059,1.07129924904845
"result_final_linear_1000",13.47,1619.45098511133,1.05895022823786,25.1751063294733,4468,204,6.60294117647059,0.944331445741359
"result_final_linear_1000",36.54,91336.2394815795,1.90765345998918,25.4104494680193,9396,134,27.2686567164179,0.524204223132682
"result_final_linear_1000",25.11,4591.24252074817,1.30768827812604,24.8527588271431,7360,231,10.8701298701299,0.764708238750165
"result_final_linear_1000",24.06,2891.30171797969,1.27686047684703,25.5614188752632,7208,238,10.109243697479,0.783170924414008
"result_final_linear_1000",28.99,9266.25008717374,1.44561389222532,25.4247579979073,8016,180,16.1055555555556,0.691747641177299
"result_final_linear_1000",21.22,1779.59228190811,1.20388764937804,25.0013375106332,6560,256,8.2890625,0.830642294998729
"result_final_linear_1000",3.91,158.805153323671,0.944011631905216,24.5067704294162,1496,93,4.20430107526882,1.05930898116349
"result_final_linear_1000",16.99,1313.78955878361,1.11691177459937,25.8204213116824,5566,229,7.41921397379913,0.895325864353695
"result_final_linear_1000",31.67,12515.8262041703,1.57105741153749,24.0854535652673,8498,187,16.9358288770053,0.636513976291526
"result_final_linear_1000",28.21,4318.47759764989,1.41433046356311,24.6647474349312,7970,235,12.0042553191489,0.707048335422762
"result_final_linear_1000",4.8,76.0334688623365,0.952762209767814,25.1253887763001,1802,108,4.44444444444444,1.04957983193277
"result_final_linear_1000",34.44,24510.9427231142,1.74009979828007,24.3875479581405,8734,175,19.68,0.574679682733375
"result_final_linear_1000",26.89,3490.46417469497,1.36575068651809,23.9776967688248,7672,215,12.506976744186,0.732198057721243
"result_final_linear_1000",8.91,264.550254810824,0.997820109761307,25.8089499195638,3034,149,5.97986577181208,1.00218465254144
"result_final_linear_1000",37.95,96606.1916019447,2.04751691140076,25.3914059969235,9206,153,24.8039215686275,0.4883964544722
"result_final_linear_1000",8.62,167.296835200465,0.994363315850182,25.7236672420523,3078,170,5.07058823529412,1.00566863646312
"result_final_linear_1000",2.04,73.7646344263255,0.926633622157479,22.1649818857484,788,51,4,1.07917517354022
"result_final_linear_1000",11.68,339.380154300595,1.03332085361288,23.9469238836931,3998,198,5.8989898989899,0.967753623188405
"result_final_linear_1000",44.78,283943.937544038,3.45946623230172,26.1896865038818,10050,94,47.6382978723404,0.289061934081854
"result_final_linear_1000",5.17,62.7664658123735,0.956497180839797,25.4778569788988,2054,127,4.07086614173228,1.04548138774649
"result_final_linear_1000",14.6,2296.92994383075,1.07638013612301,23.9231861695673,4688,206,7.0873786407767,0.929039812646374
"result_final_linear_1000",29.14,11476.0782945063,1.45187067163873,25.0646000432208,8302,210,13.8761904761905,0.688766581992663
"result_final_linear_1000",5.03,129.526548061674,0.955077083982823,25.376772953817,1800,105,4.79047619047619,1.0470359060756
"result_final_linear_1000",22.37,1557.38380064542,1.23177252748996,25.0308993882978,6986,244,9.16803278688525,0.811838206878787
"result_final_linear_1000",28.55,4934.12026300853,1.4277150564492,24.7195850436543,8082,203,14.064039408867,0.700419874037786
"result_final_linear_1000",6.9,174.621177195935,0.974767040100513,24.8532764977461,2560,152,4.53947368421053,1.02588614393126
"result_final_linear_1000",42.01,72755.7489200502,2.66265668763488,24.4127614948724,9600,119,35.3025210084034,0.375564752543542
"result_final_linear_1000",29.74,6544.08273283776,1.47772683296176,25.0915085547763,8102,190,15.6526315789474,0.676715058354684
"result_final_linear_1000",3.71,125.571384936584,0.942089248500621,24.7930945315247,1404,85,4.36470588235294,1.06147055769031
"result_final_linear_1000",6.2,266.674943770764,0.967209733965766,25.6033379251599,2222,123,5.04065040650407,1.03390191897655
"result_final_linear_1000",19.46,3050.98240862468,1.16498394422426,25.4580140677464,6532,261,7.45593869731801,0.858380928731065
"result_final_linear_1000",20.54,2020.49653823575,1.18834684293961,24.783574021833,6464,230,8.9304347826087,0.841505159828845
"result_final_linear_1000",41.5,247293.651132645,2.5601750547046,26.2712888030053,9612,123,33.739837398374,0.39059829059829
"result_final_linear_1000",20.01,1023.64902314557,1.1766869180188,24.5654147983333,6218,221,9.05429864253394,0.849843730466308
"result_final_linear_1000",15.45,570.843509217983,1.09019405583135,25.3705388013885,5190,234,6.6025641025641,0.917267888823178
"result_final_linear_1000",44.62,90869.0300850418,3.39796294023806,24.9346731256114,9322,99,45.0707070707071,0.294293968941857
"result_final_linear_1000",13.9,954.033515885349,1.06546219527286,25.0182722902757,4644,211,6.58767772511848,0.938559814169572
"result_final_linear_1000",23.62,1449.12321450263,1.26461141097387,24.5586727409313,6976,228,10.359649122807,0.790756742602778
"result_final_linear_1000",9.44,248.511963990806,1.00425833924769,24.8671100974194,3498,183,5.15846994535519,0.995759717314491
"result_final_linear_1000",23.92,6471.70881871537,1.27292196493107,25.2693965245407,7016,220,10.8727272727273,0.785594111461617
"result_final_linear_1000",40.9,60593.5199827981,2.45126503525508,23.6265327226077,9454,118,34.6610169491525,0.407952622673435
"result_final_linear_1000",25.77,3219.62582941662,1.32831093534706,24.820262373861,7424,236,10.9194915254237,0.752835780681668
"result_final_linear_1000",20.49,1655.11080956458,1.18723029370922,25.060883102798,6360,223,9.18834080717489,0.842296566469625
"result_final_linear_1000",10.87,811.60238281665,1.02244961169169,24.9042027043171,3768,192,5.66145833333333,0.978043307528333
"result_final_linear_1000",22.2,1617.52977939489,1.2275165667403,25.2996889906986,6810,241,9.21161825726141,0.814652956298198
"result_final_linear_1000",5.11,54.1193978013311,0.955887537902064,25.1256517569147,2096,136,3.75735294117647,1.04614817156708
"result_final_linear_1000",26.62,3222.83753604897,1.35642722466635,24.8918835716082,7778,235,11.3276595744681,0.737230853093484
"result_final_linear_1000",10.57,243.790259188724,1.01853011856087,26.2660053094222,3862,224,4.71875,0.98180699988818
"result_final_linear_1000",36.98,118861.44517546,1.94854987322986,24.9332026921014,9252,139,26.6043165467626,0.513202158045064
"result_final_linear_1000",33.41,9549.65296875034,1.67147769773338,24.2106795010722,8870,184,18.1576086956522,0.59827301396606
"result_final_linear_1000",31.63,6126.71208174137,1.56894692154118,24.9821749918369,8518,211,14.9905213270142,0.637370191604505
"result_final_linear_1000",5.43,68.5895378146038,0.959156972321673,25.2875207474608,2048,123,4.41463414634146,1.04258221423284
"result_final_linear_1000",41.27,56669.9889265444,2.51703595765654,25.9773755157891,9648,145,28.4620689655172,0.397292695385663
"result_final_linear_1000",38.2,23481.3601800988,2.07521826729349,25.7438787752349,9480,165,23.1515151515152,0.481877022653721
"result_final_linear_1000",33.22,15700.6090100788,1.6596252298822,25.3898362690729,8844,207,16.048309178744,0.602545672356993
"result_final_linear_1000",25.43,2983.94942194206,1.31756100146651,24.8581022571737,7548,223,11.4035874439462,0.758978141343703
"result_final_linear_1000",32.08,43026.1211549065,1.59316945017827,24.5202914158849,8454,180,17.8222222222222,0.627679623085983
"result_final_linear_1000",21.35,1204.64067385671,1.20693623877849,25.2291836306827,6624,242,8.82231404958678,0.828544183089634
"result_final_linear_1000",29.37,8614.93121074363,1.46162282970842,23.6518119622507,8306,209,14.0526315789474,0.684171032139318
"result_final_linear_1000",8.02,144.797361457757,0.98735481654823,24.7039053771323,3124,185,4.33513513513514,1.01280713198521
"result_final_linear_1000",31.74,25027.8179604999,1.57477045171411,24.5384014780534,8634,179,17.731843575419,0.635013184881338
"result_final_linear_1000",32.33,9958.46544430903,1.60709620728145,25.8381816961087,8462,185,17.4756756756757,0.622240283729865
"result_final_linear_1000",25.74,5107.48309014043,1.32735137453974,24.6450181082739,7432,223,11.542600896861,0.753380016159437
"result_final_linear_1000",27.84,8274.01151180414,1.40018627755355,25.6481130308733,7720,201,13.8507462686567,0.714190687361421
"result_final_linear_1000",34.06,32578.3397438443,1.71388470135676,23.9140447954006,8644,172,19.8023255813953,0.583469821049439
"result_final_linear_1000",2.33,37.9331386882611,0.92924353278088,24.8895101602565,924,62,3.75806451612903,1.07614415890243
"result_final_linear_1000",34.64,48377.6941070248,1.75434829289242,24.4819263201092,8868,169,20.4970414201183,0.570012239902081
"result_final_linear_1000",40.92,114201.853323153,2.45471165032408,24.8352091841828,9398,120,34.1,0.407379823967502
"result_final_linear_1000",38.99,63193.0060608689,2.16955300309377,23.2910285182275,8992,131,29.763358778626,0.460924438616621
"result_final_linear_1000",29.86,9896.74441896311,1.48306339070495,24.5382203938458,8430,222,13.4504504504505,0.674280011405761
"result_final_linear_1000",7.82,167.881775157279,0.98506059116459,25.4673200761317,2910,160,4.8875,1.01516597960512
"result_final_linear_1000",34.84,10341.9893105682,1.76892170702574,25.1794348881508,8608,169,20.6153846153846,0.565316144874155
"result_final_linear_1000",2.9,96.5564492726309,0.934462515638533,25.1239803713295,1128,78,3.71794871794872,1.07013388259526
"result_final_linear_1000",22.12,1194.89844032347,1.22553030779883,24.7711822173604,6490,233,9.49356223175966,0.815973292244478
"result_final_linear_1000",10.95,420.300870118303,1.02350439629906,25.2013660736587,4070,218,5.02293577981651,0.977035373385742
"result_final_linear_1000",13.64,351.134462704657,1.06150744874379,25.2217039767619,4692,210,6.4952380952381,0.942056507642429
"result_final_linear_1000",39.86,60464.0654531088,2.2872138130372,24.6384554238931,9414,130,30.6615384615385,0.437213169271698
"result_final_linear_1000",12.25,1369.25972215182,1.04123405517651,25.0302297177424,4126,203,6.03448275862069,0.960398860398856
"result_final_linear_1000",26.98,3692.01698484568,1.36890255333508,24.1940340446424,7890,220,12.2636363636364,0.730512188441524
"result_final_linear_1000",1.46,16.7872449130833,0.921502983148484,24.565570625851,504,27,5.40740740740741,1.0851836817536
"result_final_linear_1000",11.49,409.807036326788,1.03073214472872,25.8494041387234,4112,221,5.19909502262443,0.970184159981924
"result_final_linear_1000",3.13,96.8311081336095,0.93660262794048,25.2727222356264,1164,75,4.17333333333333,1.06768865489832
"result_final_linear_1000",7.19,363.595309214465,0.977966512470891,24.7029372903116,2486,137,5.24817518248175,1.02252989979528
"result_final_linear_1000",20.41,819.543917231589,1.18545107910454,25.1572166676817,6490,239,8.53974895397489,0.843560748837797
"result_final_concave_1000",3.68,102.014763364928,0.910298873140803,26.2115393618511,1388,81,4.54320987654321,1.09854030308716
"result_final_concave_1000",16.55,2973.489354599,0.94280186455082,24.3540707199368,5588,236,7.01271186440678,1.06066824600143
"result_final_concave_1000",10.21,383.644483054275,0.919903886851752,25.1209751047959,3564,179,5.70391061452514,1.08707008883544
"result_final_concave_1000",18.95,3148.52008545471,0.956631477745031,24.6487822457833,6096,246,7.70325203252033,1.04533461762851
"result_final_concave_1000",25.94,4306.61857493615,1.02320595282479,25.2603646417481,7516,217,11.9539170506912,0.977320350061759
"result_final_concave_1000",19.32,1452.90184715148,0.959088425278068,25.0874911769656,6102,249,7.75903614457831,1.04265672866407
"result_final_concave_1000",29.37,11263.4552636464,1.07864826921917,24.1852782475291,8110,201,14.6119402985075,0.927086269487918
"result_final_concave_1000",8.18,367.080606654394,0.915697713885151,25.4732128572436,3036,169,4.84023668639053,1.09206344499559
"result_final_concave_1000",12.27,293.264268902639,0.925549777087982,25.0622599259696,4432,216,5.68055555555556,1.08043891831108
"result_final_concave_1000",24.58,4895.92820092039,1.0062550682247,24.4459418206822,7102,221,11.1221719457014,0.993783814440075
"result_final_concave_1000",41.33,136053.321604725,1.65630878882906,25.490101283755,9530,131,31.5496183206107,0.603752154637154
"result_final_concave_1000",10.19,440.762750777346,0.919856211532435,24.917199871124,3670,204,4.99509803921569,1.08712643069948
"result_final_concave_1000",12.68,560.102792758966,0.92685863592584,24.4758664575216,4064,190,6.67368421052632,1.07891318183716
"result_final_concave_1000",10.38,451.55499789264,0.920314410490917,25.3709974293383,3790,208,4.99038461538461,1.08658518067383
"result_final_concave_1000",7.01,380.051814065861,0.913811839907862,25.6842428873626,2464,132,5.31060606060606,1.09431718470711
"result_final_concave_1000",0.74,12.2145060052845,0.909136844910712,22.748750330235,316,25,2.96,1.09994442046644
"result_final_concave_1000",33.83,80467.0669436369,1.19244321214058,25.1200786600957,8750,173,19.5549132947977,0.838614359005725
"result_final_concave_1000",18.98,1144.8646000769,0.956827210931411,25.0790078805072,6170,252,7.53174603174603,1.04512077894039
"result_final_concave_1000",37.76,146525.044664316,1.3662419835839,25.4801959693378,9392,148,25.5135135135135,0.731934761203004
"result_final_concave_1000",9.27,285.335191418465,0.917800813722903,24.1689427061347,3330,164,5.65243902439024,1.08956103007108
"result_final_concave_1000",42.75,253295.132523369,1.84365123171413,27.0788637767366,9372,111,38.5135135135135,0.542401937415382
"result_final_concave_1000",21.64,1219.66162078361,0.976815353392836,24.5675629618925,6872,259,8.35521235521236,1.02373493263249
"result_final_concave_1000",10.8,253.994878128851,0.921369798547048,25.5197175860655,3760,183,5.9016393442623,1.08534054575801
"result_final_concave_1000",33.84,13115.4174780724,1.19277549477854,24.1413929710015,8956,183,18.4918032786885,0.838380738351493
"result_final_concave_1000",12.22,889.064002614923,0.925394584764527,25.1318081071521,4240,214,5.71028037383178,1.08062011218107
"result_final_concave_1000",27.23,5068.58249844854,1.04168852927106,24.9658042814976,7600,208,13.0913461538462,0.959979851846663
"result_final_concave_1000",21.87,2497.22553387173,0.978812750793636,24.5767014241147,6658,234,9.34615384615385,1.02164586555415
"result_final_concave_1000",27.36,2711.63650914049,1.04369612925636,24.649519636728,7854,234,11.6923076923077,0.958133284170083
"result_final_concave_1000",20.69,3030.99816493214,0.969044634966928,25.8153953053778,6404,219,9.44748858447489,1.03194420970519
"result_final_concave_1000",1.09,18.0848831877085,0.909191286312826,25.4937293671851,416,30,3.63333333333333,1.09987855697061
"result_final_concave_1000",29.6,5855.35852494588,1.08316781827846,24.8854230453791,8516,201,14.726368159204,0.923217975206609
"result_final_concave_1000",26.09,4685.39195596893,1.02522757293095,25.5902204578615,7578,214,12.1915887850467,0.975393196986666
"result_final_concave_1000",13.3,860.481669380086,0.928964274331354,24.0740542157254,4610,222,5.99099099099099,1.07646766149298
"result_final_concave_1000",4.05,74.5511176205495,0.910565728021032,26.1477638754723,1536,90,4.5,1.09821835945148
"result_final_concave_1000",13.53,649.513094076136,0.929785398312163,25.7458949586309,4622,214,6.32242990654206,1.0755169975946
"result_final_concave_1000",8.85,223.718062594232,0.916949157733276,26.1202830305844,3170,169,5.23668639053254,1.0905730067652
"result_final_concave_1000",19.81,1243.64726643674,0.962489765876562,24.4583880237135,6110,230,8.61304347826087,1.03897208620112
"result_final_concave_1000",1.67,29.6387227654373,0.909329354733203,26.442116926958,624,42,3.97619047619048,1.09971155642875
"result_final_concave_1000",28.09,10534.4421708284,1.05550877161169,24.0495503744523,8110,219,12.8264840182648,0.947410411827339
"result_final_concave_1000",2.4,119.544129693991,0.909590916313236,25.2749585634788,956,62,3.87096774193548,1.09939532383768
"result_final_concave_1000",39.01,77381.8899925088,1.44739763746072,24.573834436969,9186,139,28.0647482014388,0.690895144581261
"result_final_concave_1000",31.82,17829.5825538106,1.13354816547796,24.9644246468537,8586,204,15.5980392156863,0.882185716015296
"result_final_concave_1000",6.21,122.127569773005,0.912728543722799,24.9973742748898,2322,138,4.5,1.09561600420782
"result_final_concave_1000",11.68,375.468808224675,0.923778230649874,24.5747201523794,4280,217,5.38248847926267,1.08251089582021
"result_final_concave_1000",32.1,27635.3137145379,1.14089661550081,25.1072916738177,8670,184,17.445652173913,0.876503608138971
"result_final_concave_1000",36.58,100839.347088474,1.30324795434182,23.3969852790616,9114,139,26.3165467625899,0.767313692431637
"result_final_concave_1000",37.16,49014.9073431172,1.33277650697501,25.4526073192147,9298,153,24.2875816993464,0.75031334568591
"result_final_concave_1000",32.21,19777.468287707,1.14385282541001,24.6515413216933,8718,193,16.6891191709845,0.874238344117001
"result_final_concave_1000",17.67,1736.83550255651,0.948823760662969,25.7208638998122,5578,235,7.51914893617021,1.0539365069244
"result_final_concave_1000",12.37,812.377650228205,0.925863024064853,24.256521859863,4290,201,6.15422885572139,1.08007337371533
"result_final_concave_1000",25.92,3740.41585996615,1.02293880710186,25.0067355460187,7514,236,10.9830508474576,0.977575582290353
"result_final_concave_1000",26.73,11727.2442702839,1.03422245572458,24.8678195035212,7556,224,11.9330357142857,0.966909966482401
"result_final_concave_1000",14,700.030232604928,0.931533074714091,25.1112324609406,5022,227,6.16740088105727,1.07349918875068
"result_final_concave_1000",30.37,18392.1183702319,1.09918832600555,25.2166154677864,8436,210,14.4619047619048,0.909762209387721
"result_final_concave_1000",11.77,770.999924717415,0.924040128424761,25.2952319261213,4014,192,6.13020833333333,1.08220408317627
"result_final_concave_1000",36.28,67103.5503173731,1.28895481629117,24.7633368663974,9108,165,21.9878787878788,0.775822385207725
"result_final_concave_1000",26.97,6524.44866711414,1.03775638158104,24.7184423100898,7712,213,12.6619718309859,0.963617297613225
"result_final_concave_1000",40.4,84897.6554082108,1.56124077889748,23.9456890281688,9244,120,33.6666666666667,0.640516192964279
"result_final_concave_1000",8.18,480.925791288451,0.915697713885151,25.8251434866633,3062,165,4.95757575757576,1.09206344499559
"result_final_concave_1000",29.17,10044.3467094169,1.07481218612237,24.3359447217425,8046,206,14.1601941747573,0.930395108012059
"result_final_concave_1000",2.93,149.249332038284,0.909844506980822,25.3791967945068,1180,72,4.06944444444444,1.09908890181504
"result_final_concave_1000",4.6,83.4584508542574,0.911016448657853,24.510285839422,1804,105,4.38095238095238,1.09767502164559
"result_final_concave_1000",24.96,3996.73915820225,1.01075217430663,25.2811785399478,7374,231,10.8051948051948,0.989362205118178
"result_final_concave_1000",14.16,726.599803760358,0.932149892533832,25.2429258405646,4788,225,6.29333333333333,1.07278883794293
"result_final_concave_1000",23.45,2826.30613077528,0.993879272442826,24.8225332478769,7134,220,10.6590909090909,1.00615842157783
"result_final_concave_1000",33.04,24629.6065430368,1.16750428167729,24.7026927640054,8740,185,17.8594594594595,0.856527908029043
"result_final_concave_1000",43.53,64144.7831172205,1.97711476326267,22.8309140029581,9654,102,42.6764705882353,0.505787533724032
"result_final_concave_1000",9.41,431.83138123036,0.918096545222782,26.1946556513351,3278,182,5.17032967032967,1.08921006750695
"result_final_concave_1000",2.07,24.0501448254076,0.909460311946488,24.6568518782877,800,49,4.22448979591837,1.0995532040972
"result_final_concave_1000",35.25,42506.2219436994,1.24435845448087,23.4566120908063,8624,158,22.3101265822785,0.803626958453211
"result_final_concave_1000",25.12,5128.60332847779,1.01269943137841,24.2074184140618,7350,213,11.7934272300469,0.987459821754689
"result_final_concave_1000",14.76,597.834936357828,0.934565239138863,25.7655699586333,5260,255,5.78823529411765,1.07001625795694
"result_final_concave_1000",21.43,1744.24118477279,0.975032145288134,24.8385251461438,6700,242,8.85537190082645,1.02560721185709
"result_final_concave_1000",5.64,147.199876063954,0.912053077674609,25.7026756378011,2226,137,4.11678832116788,1.0964274168666
"result_final_concave_1000",14.22,1319.6860639491,0.932384116312504,24.8764904511108,5000,236,6.02542372881356,1.07251934315967
"result_final_concave_1000",38.84,55890.5982200852,1.43532896717251,24.8193558041828,9326,139,27.9424460431655,0.696704395209082
"result_final_concave_1000",3.15,77.3139000708353,0.909966002351234,25.8508355539559,1316,88,3.57954545454545,1.09894215543892
"result_final_concave_1000",35.7,43315.4236842562,1.26303785395771,25.9421893923974,8658,168,21.25,0.791741907708083
"result_final_concave_1000",1.81,15.1904395540613,0.909371821831901,25.7906943680457,778,53,3.41509433962264,1.09966020058278
"result_final_concave_1000",19.27,1727.44145931366,0.958750898566072,25.4646662256114,6134,230,8.37826086956522,1.04302379428861
"result_final_concave_1000",4.1,54.6874990299997,0.910604008186001,25.2447217285127,1662,100,4.1,1.09817219231451
"result_final_concave_1000",9.66,347.491520903065,0.918639660486973,25.1863897460395,3426,172,5.61627906976744,1.0885661081407
"result_final_concave_1000",34.2,38592.2072998011,1.20503294772784,24.9924509545277,8850,176,19.4318181818182,0.829852828410674
"result_final_concave_1000",27.2,5901.58161412849,1.04122920622147,24.8245359161409,7698,215,12.6511627906977,0.960403332930808
"result_final_concave_1000",37.3,91711.4537593359,1.34030586448806,23.8001446810061,9224,147,25.3741496598639,0.746098354484152
"result_final_concave_1000",36.6,78263.6235892764,1.30422368132446,23.2490708890277,9008,144,25.4166666666667,0.766739643145019
"result_final_concave_1000",33.5,27852.8711489219,1.18171675941452,24.4058431492904,8760,178,18.8202247191011,0.846226468426706
"result_final_concave_1000",25.04,4614.15265690752,1.01172175194449,24.322183915479,7598,232,10.7931034482759,0.988414055621557
"result_final_concave_1000",21.9,3655.96454832594,0.979076755055128,25.7548950058344,6858,244,8.97540983606557,1.0213703826966
"result_final_concave_1000",17.58,1388.06924983823,0.9483130751908,25.2840085066157,5658,221,7.95475113122172,1.05450407271755
"result_final_concave_1000",9.58,304.781258096394,0.91846375222988,25.8524047673735,3552,190,5.04210526315789,1.08877459515649
"result_final_concave_1000",2.01,21.1517030723818,0.909438773005865,24.6974654796448,838,56,3.58928571428571,1.09957924566468
"result_final_concave_1000",3.62,40.7220167295845,0.910258297181097,26.741881222277,1492,101,3.58415841584158,1.09858927196469
"result_final_concave_1000",38.27,36308.0107435013,1.39732675192405,25.1204329165501,9280,142,26.9507042253521,0.715652225668083
"result_final_concave_1000",11.78,261.289880395609,0.924069411140373,24.9306227628927,4172,198,5.94949494949495,1.08216978935156
"result_final_concave_1000",2.59,22.6243849419967,0.909675546063062,23.7393843086014,944,56,4.625,1.09929304390763
"result_final_concave_1000",29.59,8738.64953330011,1.08296886570521,25.337015597464,8068,207,14.2946859903382,0.923387579890229
"result_final_concave_1000",36.37,91944.5621664319,1.29317632334593,26.2765604422345,9136,157,23.1656050955414,0.773289753258571
"result_final_concave_1000",7.86,394.629013227084,0.915144957399468,24.2449503720695,2850,148,5.31081081081081,1.09272306197442
"result_final_concave_1000",35.55,48313.677922782,1.25667916724558,24.2015100221252,8802,153,23.2352941176471,0.795748052537407
"result_final_concave_1000",1.46,10.3499624042792,0.909272369507971,26.9997914788474,628,42,3.47619047619048,1.09978047671362
"result_final_concave_1000",39.58,120692.312088254,1.49060452493066,25.4084192725588,9508,140,28.2714285714286,0.670868753767213
"result_final_concave_1000",17.98,1256.58715917638,0.950620168243741,25.1960559786002,5894,249,7.22088353413655,1.05194486021424
"result_final_concave_1000",37.61,83649.5219913386,1.3575762341382,25.2062563137331,9268,141,26.6737588652482,0.736606884279178
"result_final_concave_1000",13.99,939.004519874251,0.931494896943031,25.4403035225702,4600,208,6.72596153846154,1.07354318663665
"result_final_concave_1000",13.09,371.299937624249,0.928233663277277,24.5093894032642,4638,226,5.79203539823009,1.0773149472616
"result_final_concave_1000",39.54,53176.2840424323,1.4874263998085,24.7045462330235,9392,132,29.9545454545455,0.67230217248312
"result_final_concave_1000",10.78,369.340690353672,0.921318194413059,25.7022409394854,3928,199,5.41708542713568,1.08540133698007
"result_final_concave_1000",34.96,45514.8669664645,1.23292822622179,24.8024330983445,8762,156,22.4102564102564,0.811077221473321
"result_final_concave_1000",28.5,5787.52355467646,1.06256722560263,25.1028225905933,7968,229,12.4454148471616,0.941116925033006
"result_final_concave_1000",12.53,551.486571810532,0.926372221746498,25.1120853142053,4386,205,6.11219512195122,1.07947969134339
"result_final_concave_1000",3.34,142.611114530005,0.910078746887846,24.2798515676621,1340,85,3.92941176470588,1.09880601367701
"result_final_concave_1000",35.92,115894.32600756,1.2726136003226,25.5941955901849,8880,137,26.2189781021898,0.785784467293533
"result_final_concave_1000",42.4,227622.349993428,1.7916637865487,23.9279416813486,9784,96,44.1666666666667,0.558140432098765
"result_final_concave_1000",21.7,6049.57614294308,0.977331901396585,24.9054826809102,6442,220,9.86363636363636,1.02319385929286
"result_final_concave_1000",2.79,35.0312555558188,0.909772190428573,24.7449371633913,1082,68,4.10294117647059,1.09917626689482
"result_final_concave_1000",13.47,1797.91585425126,0.929569060958211,25.1751063294733,4468,204,6.60294117647059,1.07576730121503
"result_final_concave_1000",36.54,123859.127186971,1.30130522170239,25.4104494680193,9396,134,27.2686567164179,0.768459223341764
"result_final_concave_1000",25.11,5858.67927006591,1.01257677582569,24.8527588271431,7360,231,10.8701298701299,0.987579434837981
"result_final_concave_1000",24.06,3407.33128456558,1.00038080809628,25.5614188752632,7208,238,10.109243697479,0.999619336863324
"result_final_concave_1000",28.99,12970.8494839996,1.0714323847532,25.4247579979073,8016,180,16.1055555555556,0.933330011515702
"result_final_concave_1000",21.22,2137.64406190853,0.973286756329384,25.0013375106332,6560,256,8.2890625,1.02744642675645
"result_final_concave_1000",3.91,161.548867773978,0.910461367833315,24.5067704294162,1496,93,4.20430107526882,1.09834424098605
"result_final_concave_1000",16.99,1545.74375436264,0.945082665627931,25.8204213116824,5566,229,7.41921397379913,1.05810849819744
"result_final_concave_1000",31.67,15674.1476520397,1.12971282972761,24.0854535652673,8498,187,16.9358288770053,0.885180705826909
"result_final_concave_1000",28.21,5214.9997876139,1.05754192499001,24.6647474349312,7970,235,12.0042553191489,0.945588989305976
"result_final_concave_1000",4.8,78.5201303205275,0.911196762133955,25.1253887763001,1802,108,4.44444444444444,1.09745780665207
"result_final_concave_1000",34.44,33306.7972966979,1.21353543797996,24.3875479581405,8734,175,19.68,0.824038564266892
"result_final_concave_1000",26.89,4190.95768024697,1.03656833634099,23.9776967688248,7672,215,12.506976744186,0.964721731255969
"result_final_concave_1000",8.91,287.39908192608,0.917067598241157,25.8089499195638,3034,149,5.97986577181208,1.09043215780156
"result_final_concave_1000",37.95,139219.541358878,1.3775222200984,25.3914059969235,9206,153,24.8039215686275,0.725941103097827
"result_final_concave_1000",8.62,180.351072640084,0.916504939259099,25.7236672420523,3078,170,5.07058823529412,1.09110159385327
"result_final_concave_1000",2.04,74.4199477041897,0.90944945821456,22.1649818857484,788,51,4,1.09956632660292
"result_final_concave_1000",11.68,367.65704199945,0.923778230649874,23.9469238836931,3998,198,5.8989898989899,1.08251089582021
"result_final_concave_1000",44.78,517658.047740239,2.26050281645047,26.1896865038818,10050,94,47.6382978723404,0.442379453244937
"result_final_concave_1000",5.17,68.6095427779972,0.911553993515531,25.4778569788988,2054,127,4.07086614173228,1.09702772091795
"result_final_concave_1000",14.6,2482.14089639373,0.933905094889232,23.9231861695673,4688,206,7.0873786407767,1.07077261434001
"result_final_concave_1000",29.14,16636.2772999875,1.07424415471462,25.0646000432208,8302,210,13.8761904761905,0.930887075914001
"result_final_concave_1000",5.03,132.400479821883,0.911415179571059,25.376772953817,1800,105,4.79047619047619,1.09719480475477
"result_final_concave_1000",22.37,1841.2029611873,0.983320155562888,25.0308993882978,6986,244,9.16803278688525,1.01696278098517
"result_final_concave_1000",28.55,7359.8887922866,1.06344997388559,24.7195850436543,8082,203,14.064039408867,0.940335722936022
"result_final_concave_1000",6.9,183.51909140252,0.913653247931512,24.8532764977461,2560,152,4.53947368421053,1.09450713633862
"result_final_concave_1000",42.01,118682.986389857,1.73854515811253,24.4127614948724,9600,119,35.3025210084034,0.575193572242702
"result_final_concave_1000",29.74,8400.29430742134,1.08597694907556,25.0915085547763,8102,190,15.6526315789474,0.920829858176319
"result_final_concave_1000",3.71,129.580617451383,0.910319441389037,24.7930945315247,1404,85,4.36470588235294,1.0985154820753
"result_final_concave_1000",6.2,275.732987242019,0.912716014906465,25.6033379251599,2222,123,5.04065040650407,1.09563104368502
"result_final_concave_1000",19.46,3848.94921281441,0.960042803102113,25.4580140677464,6532,261,7.45593869731801,1.04162022439914
"result_final_concave_1000",20.54,2385.83416084809,0.96788516599859,24.783574021833,6464,230,8.9304347826087,1.03318041760489
"result_final_concave_1000",41.5,385430.639704906,1.6757458164502,26.2712888030053,9612,123,33.739837398374,0.596749214697931
"result_final_concave_1000",20.01,1207.58860462371,0.963928038392115,24.5654147983333,6218,221,9.05429864253394,1.03742184081299
"result_final_concave_1000",15.45,630.642171963262,0.937550707830077,25.3705388013885,5190,234,6.6025641025641,1.06660897554486
"result_final_concave_1000",44.62,167689.496291307,2.21809266839895,24.9346731256114,9322,99,45.0707070707071,0.450837791516535
"result_final_concave_1000",13.9,1027.37099430848,0.931153259616086,25.0182722902757,4644,211,6.58767772511848,1.07393706639904
"result_final_concave_1000",23.62,1889.57984667958,0.995650393968284,24.5586727409313,6976,228,10.359649122807,1.00436860775435
"result_final_concave_1000",9.44,265.227879695265,0.918160697897972,24.8671100974194,3498,183,5.15846994535519,1.08913396346564
"result_final_concave_1000",23.92,7621.97366446303,0.998852381289497,25.2693965245407,7016,220,10.8727272727273,1.00114893725239
"result_final_concave_1000",40.9,95938.8549320525,1.6101233542358,23.6265327226077,9454,118,34.6610169491525,0.621070427535425
"result_final_concave_1000",25.77,3893.19055310211,1.02095301377552,24.820262373861,7424,236,10.9194915254237,0.979477004825095
"result_final_concave_1000",20.49,2109.02907377933,0.967502612464689,25.060883102798,6360,223,9.18834080717489,1.03358894034666
"result_final_concave_1000",10.87,863.571999497004,0.921551487269403,24.9042027043171,3768,192,5.66145833333333,1.08512656516137
"result_final_concave_1000",22.2,2134.97256260861,0.981761748526102,25.2996889906986,6810,241,9.21161825726141,1.01857706465064
"result_final_concave_1000",5.11,57.081524828526,0.911493954704483,25.1256517569147,2096,136,3.75735294117647,1.09709998057443
"result_final_concave_1000",26.62,4173.74258332725,1.03263269454099,24.8918835716082,7778,235,11.3276595744681,0.968398546052723
"result_final_concave_1000",10.57,277.631020117816,0.92078452540725,26.2660053094222,3862,224,4.71875,1.08603041472457
"result_final_concave_1000",36.98,164009.071865348,1.32333195621772,24.9332026921014,9252,139,26.6043165467626,0.755668292677031
"result_final_concave_1000",33.41,12592.834499959,1.17886989152384,24.2106795010722,8870,184,18.1576086956522,0.8482700314853
"result_final_concave_1000",31.63,8627.20769626515,1.1287017263771,24.9821749918369,8518,211,14.9905213270142,0.885973660383948
"result_final_concave_1000",5.43,70.3253955975355,0.911823729460494,25.2875207474608,2048,123,4.41463414634146,1.0967031978776
"result_final_concave_1000",41.27,89612.0458699502,1.64961393644808,25.9773755157891,9648,145,28.4620689655172,0.606202444041654
"result_final_concave_1000",38.2,34301.0532645566,1.39290512793207,25.7438787752349,9480,165,23.1515151515152,0.71792398487657
"result_final_concave_1000",33.22,22609.9931222511,1.17296660316638,25.3898362690729,8844,207,16.048309178744,0.852539191909247
"result_final_concave_1000",25.43,3970.62039758929,1.01656586387641,24.8581022571737,7548,223,11.4035874439462,0.983704091918609
"result_final_concave_1000",32.08,54827.5322234876,1.14036338116008,24.5202914158849,8454,180,17.8222222222222,0.8769134615518
"result_final_concave_1000",21.35,1492.88906751576,0.974362819352305,25.2291836306827,6624,242,8.82231404958678,1.02631173946553
"result_final_concave_1000",29.37,10926.086293286,1.07864826921917,23.6518119622507,8306,209,14.0526315789474,0.927086269487918
"result_final_concave_1000",8.02,155.837662307846,0.915417774292849,24.7039053771323,3124,185,4.33513513513514,1.09239740376736
"result_final_concave_1000",31.74,33545.2137521324,1.13149401814415,24.5384014780534,8634,179,17.731843575419,0.883787261765799
"result_final_concave_1000",32.33,13450.3876575667,1.14712358584662,25.8381816961087,8462,185,17.4756756756757,0.87174565350948
"result_final_concave_1000",25.74,6223.33406873058,1.02055959472861,24.6450181082739,7432,223,11.542600896861,0.979854586802374
"result_final_concave_1000",27.84,10926.7687095508,1.05135758335741,25.6481130308733,7720,201,13.8507462686567,0.951151174281347
"result_final_concave_1000",34.06,48867.8657074406,1.20019696542822,23.9140447954006,8644,172,19.8023255813953,0.833196574233304
"result_final_concave_1000",2.33,38.8755283940628,0.909561484082414,24.8895101602565,924,62,3.75806451612903,1.09943089884553
"result_final_concave_1000",34.64,67548.9154846888,1.22083281740485,24.4819263201092,8868,169,20.4970414201183,0.819112974146387
"result_final_concave_1000",40.92,175007.567780991,1.61218218576777,24.8352091841828,9398,120,34.1,0.620277291752712
"result_final_concave_1000",38.99,107462.70272644,1.44595923954516,23.2910285182275,8992,131,29.763358778626,0.691582426842516
"result_final_concave_1000",29.86,13764.260273307,1.08842057599971,24.5382203938458,8430,222,13.4504504504505,0.918762491311324
"result_final_concave_1000",7.82,175.655991221269,0.915077856727383,25.4673200761317,2910,160,4.8875,1.09280318898364
"result_final_concave_1000",34.84,15364.9570535458,1.22833044670572,25.1794348881508,8608,169,20.6153846153846,0.814113175067765
"result_final_concave_1000",2.9,100.219566378934,0.909828685010221,25.1239803713295,1128,78,3.71794871794872,1.09910801503117
"result_final_concave_1000",22.12,1467.8043498831,0.98103768997176,24.7711822173604,6490,233,9.49356223175966,1.01932882928156
"result_final_concave_1000",10.95,465.468438057691,0.921761186466531,25.2013660736587,4070,218,5.02293577981651,1.08487970060162
"result_final_concave_1000",13.64,416.334911386146,0.930185959524762,25.2217039767619,4692,210,6.4952380952381,1.07505385322189
"result_final_concave_1000",39.86,91990.1893270884,1.51351504532427,24.6384554238931,9414,130,30.6615384615385,0.660713617013137
"result_final_concave_1000",12.25,1474.54341349923,0.925487586021946,25.0302297177424,4126,203,6.03448275862069,1.08051152182206
"result_final_concave_1000",26.98,4577.11177388935,1.0379056026101,24.1940340446424,7890,220,12.2636363636364,0.963478757109726
"result_final_concave_1000",1.46,17.3088701375402,0.909272369507971,24.565570625851,504,27,5.40740740740741,1.09978047671362
"result_final_concave_1000",11.49,461.169675394143,0.923234997088841,25.8494041387234,4112,221,5.19909502262443,1.0831478476804
"result_final_concave_1000",3.13,98.2464974855251,0.909954557734094,25.2727222356264,1164,75,4.17333333333333,1.09895597697772
"result_final_concave_1000",7.19,376.249815292837,0.914078133034198,24.7029372903116,2486,137,5.24817518248175,1.09399838357427
"result_final_concave_1000",20.41,1014.25467793885,0.966894582946964,25.1572166676817,6490,239,8.53974895397489,1.03423891046337
"result_final_convex_1000",3.68,58.2512522287427,1.28048828016202,26.2115393618511,1388,81,4.54320987654321,0.780952091083153
"result_final_convex_1000",16.55,117.236985397104,4.21368501138585,24.3540707199368,5588,236,7.01271186440678,0.237321963387839
"result_final_convex_1000",10.21,137.719822767455,2.38071096466634,25.1209751047959,3564,179,5.70391061452514,0.420042590151279
"result_final_convex_1000",18.95,379.719645355368,5.09419224659215,24.6487822457833,6096,246,7.70325203252033,0.196301975189289
"result_final_convex_1000",25.94,147.616656937891,7.68913062856728,25.2603646417481,7516,217,11.9539170506912,0.130053714562309
"result_final_convex_1000",19.32,148.534350697383,5.2354855188952,25.0874911769656,6102,249,7.75903614457831,0.191004252879878
"result_final_convex_1000",29.37,204.676233482669,8.65052934991651,24.1852782475291,8110,201,14.6119402985075,0.115599862106664
"result_final_convex_1000",8.18,214.659193448325,1.96311650430509,25.4732128572436,3036,169,4.84023668639053,0.509394117876862
"result_final_convex_1000",12.27,52.0114285171813,2.88686446363374,25.0622599259696,4432,216,5.68055555555556,0.346396587923385
"result_final_convex_1000",24.58,207.15683833567,7.2286162907982,24.4459418206822,7102,221,11.1221719457014,0.138339062383622
"result_final_convex_1000",41.33,2147.98662876407,9.91372234599139,25.490101283755,9530,131,31.5496183206107,0.100870285156246
"result_final_convex_1000",10.19,111.109029673103,2.37621506935015,24.917199871124,3670,204,4.99509803921569,0.420837327773315
"result_final_convex_1000",12.68,197.448879836587,2.99799779905518,24.4758664575216,4064,190,6.67368421052632,0.333555948678531
"result_final_convex_1000",10.38,202.687987607366,2.41924377890165,25.3709974293383,3790,208,4.99038461538461,0.41335230815557
"result_final_convex_1000",7.01,146.130613139318,1.75586985995713,25.6842428873626,2464,132,5.31060606060606,0.569518289940016
"result_final_convex_1000",0.74,11.7797256908182,0.974548181383504,22.748750330235,316,25,2.96,1.02611653184798
"result_final_convex_1000",33.83,1295.62548237519,9.4333192558373,25.1200786600957,8750,173,19.5549132947977,0.106007225333883
"result_final_convex_1000",18.98,110.979181825015,5.10560899443294,25.0790078805072,6170,252,7.53174603174603,0.195863020668128
"result_final_convex_1000",37.76,1507.89092116782,9.77389182584231,25.4801959693378,9392,148,25.5135135135135,0.102313389366146
"result_final_convex_1000",9.27,111.880300355934,2.17776909599689,24.1689427061347,3330,164,5.65243902439024,0.459185504027112
"result_final_convex_1000",42.75,3842.07254032106,9.94329928483448,27.0788637767366,9372,111,38.5135135135135,0.100570240455821
"result_final_convex_1000",21.64,79.4413531972424,6.13306281567316,24.5675629618925,6872,259,8.35521235521236,0.163050669796579
"result_final_convex_1000",10.8,109.31149791897,2.51689985577913,25.5197175860655,3760,183,5.9016393442623,0.397314179069886
"result_final_convex_1000",33.84,206.132488203396,9.43453910628373,24.1413929710015,8956,183,18.4918032786885,0.105993518998079
"result_final_convex_1000",12.22,254.958217828593,2.87355021047556,25.1318081071521,4240,214,5.71028037383178,0.348001575317699
"result_final_convex_1000",27.23,135.238001331958,8.08693797353667,24.9658042814976,7600,208,13.0913461538462,0.123656197595722
"result_final_convex_1000",21.87,178.814036306921,6.22177117235141,24.5767014241147,6658,234,9.34615384615385,0.160725936762806
"result_final_convex_1000",27.36,65.1666814629687,8.12469710272834,24.649519636728,7854,234,11.6923076923077,0.123081511514342
"result_final_convex_1000",20.69,269.261393553595,5.76487079573661,25.8153953053778,6404,219,9.44748858447489,0.173464425384789
"result_final_convex_1000",1.09,13.9196719818226,1.00635767013688,25.4937293671851,416,30,3.63333333333333,0.993682494479309
"result_final_convex_1000",29.6,99.3601791044727,8.70362070044209,24.8854230453791,8516,201,14.726368159204,0.114894712719869
"result_final_convex_1000",26.09,100.273683900696,7.73746336327177,25.5902204578615,7578,214,12.1915887850467,0.129241322775989
"result_final_convex_1000",13.3,197.120742826894,3.17267861543635,24.0740542157254,4610,222,5.99099099099099,0.315191080223065
"result_final_convex_1000",4.05,58.8152587650059,1.3258578764216,26.1477638754723,1536,90,4.5,0.754228652846964
"result_final_convex_1000",13.53,142.745710431285,3.23950177217704,25.7458949586309,4622,214,6.32242990654206,0.30868944372516
"result_final_convex_1000",8.85,91.0659391589367,2.09249607623293,26.1202830305844,3170,169,5.23668639053254,0.477898148225098
"result_final_convex_1000",19.81,124.137718707791,5.42398256794199,24.4583880237135,6110,230,8.61304347826087,0.184366374241396
"result_final_convex_1000",1.67,26.3254830339266,1.06163235446292,26.442116926958,624,42,3.97619047619048,0.941945670547974
"result_final_convex_1000",28.09,250.328852445121,8.32840007200823,24.0495503744523,8110,219,12.8264840182648,0.120071081042444
"result_final_convex_1000",2.4,92.0177858122026,1.13600491546934,25.2749585634788,956,62,3.87096774193548,0.880277881180515
"result_final_convex_1000",39.01,913.951600855217,9.83629187262474,24.573834436969,9186,139,28.0647482014388,0.101664327670378
"result_final_convex_1000",31.82,257.745637620767,9.14250646749435,24.9644246468537,8586,204,15.5980392156863,0.109379195251919
"result_final_convex_1000",6.21,84.4195619579219,1.6270140915489,24.9973742748898,2322,138,4.5,0.614622826682472
"result_final_convex_1000",11.68,85.3365029210958,2.73305133087585,24.5747201523794,4280,217,5.38248847926267,0.365891408149855
"result_final_convex_1000",32.1,474.386813159592,9.18875000935346,25.1072916738177,8670,184,17.445652173913,0.108828730674148
"result_final_convex_1000",36.58,1503.64856504518,9.6974920422795,23.3969852790616,9114,139,26.3165467625899,0.10311944527927
"result_final_convex_1000",37.16,688.143536459682,9.73738770278317,25.4526073192147,9298,153,24.2875816993464,0.102696948147004
"result_final_convex_1000",32.21,255.449103487737,9.20638690743048,24.6515413216933,8718,193,16.6891191709845,0.108620244842512
"result_final_convex_1000",17.67,192.613885967865,4.61540909667183,25.7208638998122,5578,235,7.51914893617021,0.216665517412335
"result_final_convex_1000",12.37,215.160423949033,2.91364848504164,24.256521859863,4290,201,6.15422885572139,0.343212300706105
"result_final_convex_1000",25.92,88.6148417676524,7.68264692106664,25.0067355460187,7514,236,10.9830508474576,0.130163472338927
"result_final_convex_1000",26.73,312.807677765762,7.93764665342869,24.8678195035212,7556,224,11.9330357142857,0.125981924323634
"result_final_convex_1000",14,54.2607017280488,3.37942960167168,25.1112324609406,5022,227,6.16740088105727,0.295907924670287
"result_final_convex_1000",30.37,162.826022856251,8.87078858267864,25.2166154677864,8436,210,14.4619047619048,0.112729549428405
"result_final_convex_1000",11.77,298.393709646788,2.75604989843655,25.2952319261213,4014,192,6.13020833333333,0.362838133143844
"result_final_convex_1000",36.28,858.007148316018,9.67493800556508,24.7633368663974,9108,165,21.9878787878788,0.103359835424764
"result_final_convex_1000",26.97,165.641000267998,8.01010390326419,24.7184423100898,7712,213,12.6619718309859,0.124842325652292
"result_final_convex_1000",40.4,1316.09979705855,9.8877298593936,23.9456890281688,9244,120,33.6666666666667,0.101135449109178
"result_final_convex_1000",8.18,257.098851258543,1.96311650430509,25.8251434866633,3062,165,4.95757575757576,0.509394117876862
"result_final_convex_1000",29.17,228.700957152643,8.60317543893039,24.3359447217425,8046,206,14.1601941747573,0.116236151069857
"result_final_convex_1000",2.93,117.300022265965,1.19356556742105,25.3791967945068,1180,72,4.06944444444444,0.837825777900674
"result_final_convex_1000",4.6,38.4640404119929,1.39649845825146,24.510285839422,1804,105,4.38095238095238,0.71607669460093
"result_final_convex_1000",24.96,138.936879631142,7.36109462084842,25.2811785399478,7374,231,10.8051948051948,0.135849360931696
"result_final_convex_1000",14.16,154.399172384768,3.42809067234128,25.2429258405646,4788,225,6.29333333333333,0.291707570067577
"result_final_convex_1000",23.45,129.640238122831,6.81999444849153,24.8225332478769,7134,220,10.6590909090909,0.146627685337953
"result_final_convex_1000",33.04,408.828241341045,9.33012187294705,24.7026927640054,8740,185,17.8594594594595,0.107179736086784
"result_final_convex_1000",43.53,1135.97699645498,9.95539998632726,22.8309140029581,9654,102,42.6764705882353,0.100447998209354
"result_final_convex_1000",9.41,213.272381454224,2.20692466609932,26.1946556513351,3278,182,5.17032967032967,0.453119227566328
"result_final_convex_1000",2.07,19.5756268443707,1.10169971634342,24.6568518782877,800,49,4.22448979591837,0.9076883520666
"result_final_convex_1000",35.25,544.226995589222,9.58657144678229,23.4566120908063,8624,158,22.3101265822785,0.104312579899005
"result_final_convex_1000",25.12,190.040169289795,7.41603457907297,24.2074184140618,7350,213,11.7934272300469,0.134842952704382
"result_final_convex_1000",14.76,114.349196071405,3.61513729967678,25.7655699586333,5260,255,5.78823529411765,0.276614666914423
"result_final_convex_1000",21.43,101.966142476033,6.05186355547468,24.8385251461438,6700,242,8.85537190082645,0.165238358537574
"result_final_convex_1000",5.64,91.5001124622928,1.54116781623329,25.7026756378011,2226,137,4.11678832116788,0.648858605446396
"result_final_convex_1000",14.22,279.607386648665,3.44647186069836,24.8764904511108,5000,236,6.02542372881356,0.290151795928886
"result_final_convex_1000",38.84,716.020113672585,9.8287890091062,24.8193558041828,9326,139,27.9424460431655,0.101741933728918
"result_final_convex_1000",3.15,54.0620243563813,1.21838262181331,25.8508355539559,1316,88,3.57954545454545,0.820760229255164
"result_final_convex_1000",35.7,610.982375743235,9.62734796295407,25.9421893923974,8658,168,21.25,0.103870765225064
"result_final_convex_1000",1.81,12.6594423925119,1.07547078016902,25.7906943680457,778,53,3.41509433962264,0.929825355034603
"result_final_convex_1000",19.27,178.571191618391,5.21633320905901,25.4646662256114,6134,230,8.37826086956522,0.191705544857322
"result_final_convex_1000",4.1,43.5896351148265,1.33211964157909,25.2447217285127,1662,100,4.1,0.750683323619944
"result_final_convex_1000",9.66,125.728784370409,2.25991094018446,25.1863897460395,3426,172,5.61627906976744,0.442495313518141
"result_final_convex_1000",34.2,582.349113568128,9.47707196136468,24.9924509545277,8850,176,19.4318181818182,0.105517822812438
"result_final_convex_1000",27.2,148.578622470485,8.07816171609707,24.8245359161409,7698,215,12.6511627906977,0.123790539870889
"result_final_convex_1000",37.3,901.56951125108,9.74632255235531,23.8001446810061,9224,147,25.3741496598639,0.102602801685271
"result_final_convex_1000",36.6,1170.90857931199,9.69894782400173,23.2490708890277,9008,144,25.4166666666667,0.103103967373175
"result_final_convex_1000",33.5,382.002464983809,9.39187079500249,24.4058431492904,8760,178,18.8202247191011,0.10647505931748
"result_final_convex_1000",25.04,176.746381531731,7.38862870198409,24.322183915479,7598,232,10.7931034482759,0.135343111737563
"result_final_convex_1000",21.9,132.382043424013,6.2333214658712,25.7548950058344,6858,244,8.97540983606557,0.160428112921052
"result_final_convex_1000",17.58,182.967212983263,4.58246429779372,25.2840085066157,5658,221,7.95475113122172,0.218223194991713
"result_final_convex_1000",9.58,52.1964517524596,2.24282592663875,25.8524047673735,3552,190,5.04210526315789,0.445866078201917
"result_final_convex_1000",2.01,16.5883268750008,1.09558515431437,24.6974654796448,838,56,3.58928571428571,0.912754244671937
"result_final_convex_1000",3.62,28.8271196826799,1.27328929413571,26.741881222277,1492,101,3.58415841584158,0.785367476665062
"result_final_convex_1000",38.27,375.881268476138,9.80144077306722,25.1204329165501,9280,142,26.9507042253521,0.102025816729704
"result_final_convex_1000",11.78,100.830243964115,2.75861558946044,24.9306227628927,4172,198,5.94949494949495,0.362500670198703
"result_final_convex_1000",2.59,17.6378785119926,1.15628464143952,23.7393843086014,944,56,4.625,0.864838954148043
"result_final_convex_1000",29.59,174.936729319771,8.70134272254242,25.337015597464,8068,207,14.2946859903382,0.114924791711665
"result_final_convex_1000",36.37,1369.7762512223,9.68184705045269,26.2765604422345,9136,157,23.1656050955414,0.103286077004619
"result_final_convex_1000",7.86,219.539186049527,1.90412534943491,24.2449503720695,2850,148,5.31081081081081,0.525175509215699
"result_final_convex_1000",35.55,593.465431466107,9.61414246057313,24.2015100221252,8802,153,23.2352941176471,0.104013436882273
"result_final_convex_1000",1.46,8.83160806310326,1.04124105305053,26.9997914788474,628,42,3.47619047619048,0.96039240584137
"result_final_convex_1000",39.58,1777.04548006723,9.85942326014836,25.4084192725588,9508,140,28.2714285714286,0.101425810984501
"result_final_convex_1000",17.98,144.723120181023,4.7296805579598,25.1960559786002,5894,249,7.22088353413655,0.21143076952989
"result_final_convex_1000",37.61,1223.67898611281,9.76519583726166,25.2062563137331,9268,141,26.6737588652482,0.102404500295246
"result_final_convex_1000",13.99,250.295722155499,3.37640550125481,25.4403035225702,4600,208,6.72596153846154,0.296172956603808
"result_final_convex_1000",13.09,85.1997398408716,3.11262034734789,24.5093894032642,4638,226,5.79203539823009,0.321272718290893
"result_final_convex_1000",39.54,738.25816896657,9.85789749107335,24.7045462330235,9392,132,29.9545454545455,0.101441509298056
"result_final_convex_1000",10.78,137.445272189717,2.51216965838983,25.7022409394854,3928,199,5.41708542713568,0.398062287178864
"result_final_convex_1000",34.96,658.219706335294,9.55840044360883,24.8024330983445,8762,156,22.4102564102564,0.104620015231591
"result_final_convex_1000",28.5,120.401157415808,8.43648916499568,25.1028225905933,7968,229,12.4454148471616,0.118532719054409
"result_final_convex_1000",12.53,147.697526758566,2.95693449633125,25.1120853142053,4386,205,6.11219512195122,0.338188079999989
"result_final_convex_1000",3.34,119.542031486257,1.24026509904715,24.2798515676621,1340,85,3.92941176470588,0.806279238824235
"result_final_convex_1000",35.92,1459.83282721103,9.64603751814387,25.5941955901849,8880,137,26.2189781021898,0.103669511767815
"result_final_convex_1000",42.4,2673.9323052275,9.93699022231671,23.9279416813486,9784,96,44.1666666666667,0.100634093183888
"result_final_convex_1000",21.7,380.653980595836,6.15622903650185,24.9054826809102,6442,220,9.86363636363636,0.162437101360386
"result_final_convex_1000",2.79,27.0985679525323,1.1780586746715,24.7449371633913,1082,68,4.10294117647059,0.848854154296558
"result_final_convex_1000",13.47,465.399480808764,3.22196454166611,25.1751063294733,4468,204,6.60294117647059,0.310369647793483
"result_final_convex_1000",36.54,1859.34601328701,9.69456277712172,25.4104494680193,9396,134,27.2686567164179,0.10315060338357
"result_final_convex_1000",25.11,178.64722080888,7.41261591984154,24.8527588271431,7360,231,10.8701298701299,0.134905141560522
"result_final_convex_1000",24.06,155.689205153232,7.04310457421263,25.5614188752632,7208,238,10.109243697479,0.141982841439181
"result_final_convex_1000",28.99,166.687607739091,8.55961160598881,25.4247579979073,8016,180,16.1055555555556,0.116827730746608
"result_final_convex_1000",21.22,129.193202486841,5.9705170939752,25.0013375106332,6560,256,8.2890625,0.167489680417981
"result_final_convex_1000",3.91,132.111868706244,1.30849171427778,24.5067704294162,1496,93,4.20430107526882,0.764238694894563
"result_final_convex_1000",16.99,188.347205832694,4.36927722840258,25.8204213116824,5566,229,7.41921397379913,0.228870805793571
"result_final_convex_1000",31.67,286.479203393374,9.11692576412498,24.0854535652673,8498,187,16.9358288770053,0.109686096593546
"result_final_convex_1000",28.21,130.558278334367,8.36051118715569,24.6647474349312,7970,235,12.0042553191489,0.11960991111839
"result_final_convex_1000",4.8,54.0044699603428,1.42316721285043,25.1253887763001,1802,108,4.44444444444444,0.702658121245726
"result_final_convex_1000",34.44,432.095677210497,9.50396676077051,24.3875479581405,8734,175,19.68,0.105219223211901
"result_final_convex_1000",26.89,125.395644282724,7.98611361508129,23.9776967688248,7672,215,12.506976744186,0.125217352043622
"result_final_convex_1000",8.91,133.478840078508,2.10447835724376,25.8089499195638,3034,149,5.97986577181208,0.475177136679943
"result_final_convex_1000",37.95,1829.65179928572,9.78451265466375,25.3914059969235,9206,153,24.8039215686275,0.102202330897222
"result_final_convex_1000",8.62,73.4734152311899,2.04717253397786,25.7236672420523,3078,170,5.07058823529412,0.488478613015045
"result_final_convex_1000",2.04,67.5922973778243,1.09863777019531,22.1649818857484,788,51,4,0.910218114767914
"result_final_convex_1000",11.68,132.067449491552,2.73305133087585,23.9469238836931,3998,198,5.8989898989899,0.365891408149855
"result_final_convex_1000",44.78,10943.6415369013,9.97008543932679,26.1896865038818,10050,94,47.6382978723404,0.100300043172702
"result_final_convex_1000",5.17,36.1105602242649,1.47393098108063,25.4778569788988,2054,127,4.07086614173228,0.678457819827383
"result_final_convex_1000",14.6,638.336256597866,3.56455976305145,23.9231861695673,4688,206,7.0873786407767,0.280539552279507
"result_final_convex_1000",29.14,244.161311824097,8.59597699598932,25.0646000432208,8302,210,13.8761904761905,0.116333489545933
"result_final_convex_1000",5.03,100.8388640195,1.45450248760113,25.376772953817,1800,105,4.79047619047619,0.687520309194707
"result_final_convex_1000",22.37,103.877396537168,6.4135184395926,25.0308993882978,6986,244,9.16803278688525,0.155920655630566
"result_final_convex_1000",28.55,57.6194303893529,8.44935573163155,24.7195850436543,8082,203,14.064039408867,0.118352219004857
"result_final_convex_1000",6.9,113.606818981789,1.73755297446528,24.8532764977461,2560,152,4.53947368421053,0.575522021311461
"result_final_convex_1000",42.01,1851.880599313,9.92924179566304,24.4127614948724,9600,119,35.3025210084034,0.100712624445986
"result_final_convex_1000",29.74,151.557324853747,8.73522321902843,25.0915085547763,8102,190,15.6526315789474,0.114479043628976
"result_final_convex_1000",3.71,91.1857758105398,1.28410415852286,24.7930945315247,1404,85,4.36470588235294,0.778753026662827
"result_final_convex_1000",6.2,182.451607265841,1.62546618129941,25.6033379251599,2222,123,5.04065040650407,0.615208123986063
"result_final_convex_1000",19.46,130.830264421579,5.28919971210466,25.4580140677464,6532,261,7.45593869731801,0.189064519101337
"result_final_convex_1000",20.54,166.637964702236,5.70665486754374,24.783574021833,6464,230,8.9304347826087,0.175234007174227
"result_final_convex_1000",41.5,6239.3383710014,9.91785740804526,26.2712888030053,9612,123,33.739837398374,0.100828229208943
"result_final_convex_1000",20.01,117.033485761694,5.50126328781254,24.5654147983333,6218,221,9.05429864253394,0.181776429827562
"result_final_convex_1000",15.45,137.097727653612,3.83892131045964,25.3705388013885,5190,234,6.6025641025641,0.260489840538114
"result_final_convex_1000",44.62,3363.75040351363,9.96848369529513,24.9346731256114,9322,99,45.0707070707071,0.100316159464852
"result_final_convex_1000",13.9,295.379440854585,3.34928002874621,25.0182722902757,4644,211,6.58767772511848,0.298571630743681
"result_final_convex_1000",23.62,79.9485367566374,6.88271551693444,24.5586727409313,6976,228,10.359649122807,0.145291491060406
"result_final_convex_1000",9.44,107.793237782896,2.21322036988502,24.8671100974194,3498,183,5.15846994535519,0.451830289295571
"result_final_convex_1000",23.92,331.31234612874,6.99239135953358,25.2693965245407,7016,220,10.8727272727273,0.143012590197283
"result_final_convex_1000",40.9,1412.61826151757,9.90244225178524,23.6265327226077,9454,118,34.6610169491525,0.100985188761865
"result_final_convex_1000",25.77,128.176873620651,7.63372804147733,24.820262373861,7424,236,10.9194915254237,0.13099759312443
"result_final_convex_1000",20.49,109.387241927435,5.68725415059851,25.060883102798,6360,223,9.18834080717489,0.175831776375734
"result_final_convex_1000",10.87,372.015090031482,2.53351884034104,24.9042027043171,3768,192,5.66145833333333,0.394707939043938
"result_final_convex_1000",22.2,72.9161955685986,6.348519349731,25.2996889906986,6810,241,9.21161825726141,0.157517043724908
"result_final_convex_1000",5.11,30.951112095709,1.4655713029379,25.1256517569147,2096,136,3.75735294117647,0.682327770744002
"result_final_convex_1000",26.62,58.4611668346004,7.90395312814002,24.8918835716082,7778,235,11.3276595744681,0.126518968899215
"result_final_convex_1000",10.57,56.9966732504502,2.46298615029955,26.2660053094222,3862,224,4.71875,0.406011215239022
"result_final_convex_1000",36.98,2394.56852240984,9.72551108735397,24.9332026921014,9252,139,26.6043165467626,0.102822359772978
"result_final_convex_1000",33.41,185.304912485139,9.38015858925023,24.2106795010722,8870,184,18.1576086956522,0.10660800566272
"result_final_convex_1000",31.63,117.294274039031,9.11000809887377,24.9821749918369,8518,211,14.9905213270142,0.109769386497431
"result_final_convex_1000",5.43,51.7668953944097,1.51073811253904,25.2875207474608,2048,123,4.41463414634146,0.66192809441958
"result_final_convex_1000",41.27,1376.67903017391,9.9122201343863,25.9773755157891,9648,145,28.4620689655172,0.100885572196981
"result_final_convex_1000",38.2,483.627717178216,9.79783810578268,25.7438787752349,9480,165,23.1515151515152,0.10206333164556
"result_final_convex_1000",33.22,250.823820893904,9.35484659152768,25.3898362690729,8844,207,16.048309178744,0.106896461659314
"result_final_convex_1000",25.43,84.3111809680585,7.52098725502919,24.8581022571737,7548,223,11.4035874439462,0.13296126772869
"result_final_convex_1000",32.08,930.785945878775,9.18551136963567,24.5202914158849,8454,180,17.8222222222222,0.108867101651594
"result_final_convex_1000",21.35,89.6202349056035,6.02088925457642,25.2291836306827,6624,242,8.82231404958678,0.16608842277574
"result_final_convex_1000",29.37,212.515575553278,8.65052934991651,23.6518119622507,8306,209,14.0526315789474,0.115599862106664
"result_final_convex_1000",8.02,64.9799274405245,1.93339856763319,24.7039053771323,3124,185,4.33513513513514,0.517223927203055
"result_final_convex_1000",31.74,529.16788264845,9.1289340984362,24.5384014780534,8634,179,17.731843575419,0.109541813887264
"result_final_convex_1000",32.33,214.412212120744,9.22529032606456,25.8381816961087,8462,185,17.4756756756757,0.108397672556132
"result_final_convex_1000",25.74,205.401689785486,7.62388316963089,24.6450181082739,7432,223,11.542600896861,0.131166752919748
"result_final_convex_1000",27.84,181.69419688679,8.26024731293912,25.6481130308733,7720,201,13.8507462686567,0.121061750588698
"result_final_convex_1000",34.06,406.915060503265,9.46084823373574,23.9140447954006,8644,172,19.8023255813953,0.105698767731436
"result_final_convex_1000",2.33,30.3698076315098,1.12863157522637,24.8895101602565,924,62,3.75806451612903,0.886028728905117
"result_final_convex_1000",34.64,928.151769683621,9.52551354103989,24.4819263201092,8868,169,20.4970414201183,0.1049812165708
"result_final_convex_1000",40.92,2749.06287220079,9.90299405864022,24.8352091841828,9398,120,34.1,0.100979561744512
"result_final_convex_1000",38.99,533.737512949137,9.83542410920816,23.2910285182275,8992,131,29.763358778626,0.10167329734808
"result_final_convex_1000",29.86,230.556214414785,8.76188208799226,24.5382203938458,8430,222,13.4504504504505,0.114130730128228
"result_final_convex_1000",7.82,103.857093790791,1.89687596974645,25.4673200761317,2910,160,4.8875,0.52718259704332
"result_final_convex_1000",34.84,116.872793351958,9.54629317689087,25.1794348881508,8608,169,20.6153846153846,0.104752701542913
"result_final_convex_1000",2.9,65.6745149373941,1.19022410044927,25.1239803713295,1128,78,3.71794871794872,0.840177912396946
"result_final_convex_1000",22.12,76.6754857359145,6.31785784050724,24.7711822173604,6490,233,9.49356223175966,0.158281497501962
"result_final_convex_1000",10.95,135.884988450134,2.55263275334032,25.2013660736587,4070,218,5.02293577981651,0.391752397085488
"result_final_convex_1000",13.64,109.123565590181,3.27184559553489,25.2217039767619,4692,210,6.4952380952381,0.305637894821414
"result_final_convex_1000",39.86,1329.81120308093,9.86971305081408,24.6384554238931,9414,130,30.6615384615385,0.101320068258471
"result_final_convex_1000",12.25,494.386782588131,2.88153254370407,25.0302297177424,4126,203,6.03448275862069,0.347037552008539
"result_final_convex_1000",26.98,125.889176662416,8.01309121274802,24.1940340446424,7890,220,12.2636363636364,0.124795783980232
"result_final_convex_1000",1.46,12.442430925421,1.04124105305053,24.565570625851,504,27,5.40740740740741,0.96039240584137
"result_final_convex_1000",11.49,108.972932697181,2.68504544737304,25.8494041387234,4112,221,5.19909502262443,0.372433174633363
"result_final_convex_1000",3.13,83.9086625550871,1.21610359651887,25.2727222356264,1164,75,4.17333333333333,0.822298365749865
"result_final_convex_1000",7.19,240.504104682613,1.78626549861487,24.7029372903116,2486,137,5.24817518248175,0.559827192976315
"result_final_convex_1000",20.41,78.355122233605,5.65622013832707,25.1572166676817,6490,239,8.53974895397489,0.176796513492095
"result_final_linear_5000",3.68,394.737765344035,0.203708716838116,26.2115393618511,1388,81,4.54320987654321,4.90897009966777
"result_final_linear_5000",16.55,7183.39238681466,0.243404453907743,24.3540707199368,5588,236,7.01271186440678,4.10838825644097
"result_final_linear_5000",10.21,1282.39236859234,0.220679858139643,25.1209751047959,3564,179,5.70391061452514,4.53145116382672
"result_final_linear_5000",18.95,5651.46381920518,0.254390232419454,24.6487822457833,6096,246,7.70325203252033,3.93096853793954
"result_final_linear_5000",25.94,9507.9056695193,0.298621807536914,25.2603646417481,7516,217,11.9539170506912,3.3487172562787
"result_final_linear_5000",19.32,4048.39917253117,0.256234358524842,25.0874911769656,6102,249,7.75903614457831,3.90267724343084
"result_final_linear_5000",29.37,22509.5011897252,0.331032090849866,24.1852782475291,8110,201,14.6119402985075,3.02085516069659
"result_final_linear_5000",8.18,732.811135225286,0.214842927404523,25.4732128572436,3036,169,4.84023668639053,4.65456327597474
"result_final_linear_5000",12.27,1146.49328761553,0.227236817907494,25.0622599259696,4432,216,5.68055555555556,4.40069531517155
"result_final_linear_5000",24.58,9802.96502929176,0.288146342581626,24.4459418206822,7102,221,11.1221719457014,3.47045876425352
"result_final_linear_5000",41.33,242967.966537105,0.633811185411648,25.490101283755,9530,131,31.5496183206107,1.57775694562809
"result_final_linear_5000",10.19,1070.73646823152,0.220619483591718,24.917199871124,3670,204,4.99509803921569,4.532691237056
"result_final_linear_5000",12.68,1446.14753481205,0.228627085449766,24.4758664575216,4064,190,6.67368421052632,4.37393495190105
"result_final_linear_5000",10.38,1149.04324403655,0.221195472428313,25.3709974293383,3790,208,4.99038461538461,4.52088819459941
"result_final_linear_5000",7.01,1567.39986031666,0.211726347282211,25.6842428873626,2464,132,5.31060606060606,4.72307775029574
"result_final_linear_5000",0.74,40.8303146239939,0.197522118258558,22.748750330235,316,25,2.96,5.06272415877493
"result_final_linear_5000",33.83,125800.358384952,0.39312725393157,25.1200786600957,8750,173,19.5549132947977,2.54370560677044
"result_final_linear_5000",18.98,3202.13515755966,0.254538143021407,25.0790078805072,6170,252,7.53174603174603,3.92868427548754
"result_final_linear_5000",37.76,267021.026607147,0.483891031222789,25.4801959693378,9392,148,25.5135135135135,2.06658097686375
"result_final_linear_5000",9.27,1360.80792587401,0.21790557985268,24.1689427061347,3330,164,5.65243902439024,4.58914361291745
"result_final_linear_5000",42.75,495560.838071589,0.731863215084692,27.0788637767366,9372,111,38.5135135135135,1.36637554585153
"result_final_linear_5000",21.64,3717.2622137448,0.26887549925198,24.5675629618925,6872,259,8.35521235521236,3.71919346605411
"result_final_linear_5000",10.8,1121.34580411031,0.222488276962985,25.5197175860655,3760,183,5.9016393442623,4.49461883408072
"result_final_linear_5000",33.84,28706.5639844242,0.393303847434251,24.1413929710015,8956,183,18.4918032786885,2.54256348246675
"result_final_linear_5000",12.22,1704.79427409225,0.227069310721252,25.1318081071521,4240,214,5.71028037383178,4.40394167236272
"result_final_linear_5000",27.23,12408.0007779636,0.309689884541891,24.9658042814976,7600,208,13.0913461538462,3.22903669094407
"result_final_linear_5000",21.87,5702.68674916841,0.270240355847022,24.5767014241147,6658,234,9.34615384615385,3.70040957378727
"result_final_linear_5000",27.36,7857.85207907886,0.310873733223774,24.649519636728,7854,234,11.6923076923077,3.21674008810573
"result_final_linear_5000",20.69,6683.69060200509,0.263461238211347,25.8153953053778,6404,219,9.44748858447489,3.79562476358593
"result_final_linear_5000",1.09,137.072234168272,0.198220007976096,25.4937293671851,416,30,3.63333333333333,5.04489940349812
"result_final_linear_5000",29.6,17112.4862458294,0.333586050037908,24.8854230453791,8516,201,14.726368159204,2.99772727272727
"result_final_linear_5000",26.09,15154.0223889808,0.299848676016569,25.5902204578615,7578,214,12.1915887850467,3.33501555946421
"result_final_linear_5000",13.3,2369.4636796369,0.230787659381904,24.0740542157254,4610,222,5.99099099099099,4.33298731257209
"result_final_linear_5000",4.05,375.925153693287,0.204542789840011,26.1477638754723,1536,90,4.5,4.88895257946847
"result_final_linear_5000",13.53,2475.66782026954,0.23160759293633,25.7458949586309,4622,214,6.32242990654206,4.31764773910027
"result_final_linear_5000",8.85,993.809769330769,0.216706489307324,26.1202830305844,3170,169,5.23668639053254,4.61453647833241
"result_final_linear_5000",19.81,4129.37671299457,0.25874502692639,24.4583880237135,6110,230,8.61304347826087,3.8648085796234
"result_final_linear_5000",1.67,94.1843512167258,0.199398539542071,26.442116926958,624,42,3.97619047619048,5.01508186718193
"result_final_linear_5000",28.09,20820.5683812973,0.317776668095505,24.0495503744523,8110,219,12.8264840182648,3.14686413572522
"result_final_linear_5000",2.4,384.811924588796,0.200922266139657,25.2749585634788,956,62,3.87096774193548,4.97704918032788
"result_final_linear_5000",39.01,163434.97184269,0.525780394658575,24.573834436969,9186,139,28.0647482014388,1.90193474340056
"result_final_linear_5000",31.82,34216.6586372693,0.361471333594885,24.9644246468537,8586,204,15.5980392156863,2.76647110589616
"result_final_linear_5000",6.21,490.84003947182,0.209690148654419,24.9973742748898,2322,138,4.5,4.7689412517326
"result_final_linear_5000",11.68,1565.60420539046,0.225287731613746,24.5747201523794,4280,217,5.38248847926267,4.43876811594203
"result_final_linear_5000",32.1,57055.2077306472,0.365466386780774,25.1072916738177,8670,184,17.445652173913,2.73622974963181
"result_final_linear_5000",36.58,162782.01936572,0.451253006218781,23.3969852790616,9114,139,26.3165467625899,2.21605171870073
"result_final_linear_5000",37.16,97853.5620835539,0.466573609337412,25.4526073192147,9298,153,24.2875816993464,2.14328453214513
"result_final_linear_5000",32.21,44801.9421440325,0.367069347354058,24.6515413216933,8718,193,16.6891191709845,2.72428086738457
"result_final_linear_5000",17.67,5350.44190285186,0.248331237011097,25.7208638998122,5578,235,7.51914893617021,4.02687963075428
"result_final_linear_5000",12.37,3440.96664814659,0.227573150367602,24.256521859863,4290,201,6.15422885572139,4.3941914869337
"result_final_linear_5000",25.92,13675.0584251553,0.298459356668601,25.0067355460187,7514,236,10.9830508474576,3.35053995680345
"result_final_linear_5000",26.73,23654.128510489,0.30525732521758,24.8678195035212,7556,224,11.9330357142857,3.27592466220827
"result_final_linear_5000",14,2593.88952599047,0.233315246880087,25.1112324609406,5022,227,6.16740088105727,4.2860465116279
"result_final_linear_5000",30.37,36916.2972132226,0.342561115402213,25.2166154677864,8436,210,14.4619047619048,2.91918713198334
"result_final_linear_5000",11.77,1498.11981098994,0.225581211025688,25.2952319261213,4014,192,6.13020833333333,4.4329933129321
"result_final_linear_5000",36.28,121690.102023911,0.443819129078093,24.7633368663974,9108,165,21.9878787878788,2.25317011927182
"result_final_linear_5000",26.97,12647.703550314,0.307361439039069,24.7184423100898,7712,213,12.6619718309859,3.2534985622347
"result_final_linear_5000",40.4,168767.041920627,0.584542958022755,23.9456890281688,9244,120,33.6666666666667,1.71073825503355
"result_final_linear_5000",8.18,1111.97565033751,0.214842927404523,25.8251434866633,3062,165,4.95757575757576,4.65456327597474
"result_final_linear_5000",29.17,19229.9195899811,0.328856037848855,24.3359447217425,8046,206,14.1601941747573,3.04084427502471
"result_final_linear_5000",2.93,312.866680070473,0.202057838457808,25.3791967945068,1180,72,4.06944444444444,4.9490779849593
"result_final_linear_5000",4.6,373.134373555715,0.20580748155499,24.510285839422,1804,105,4.38095238095238,4.85890985324947
"result_final_linear_5000",24.96,15796.4398225942,0.290960977728147,25.2811785399478,7374,231,10.8051948051948,3.43688699360341
"result_final_linear_5000",14.16,2494.38750257208,0.233906655331023,25.2429258405646,4788,225,6.29333333333333,4.27520969245106
"result_final_linear_5000",23.45,7172.67621943125,0.280243817612711,24.8225332478769,7134,220,10.6590909090909,3.56832135858915
"result_final_linear_5000",33.04,41655.2333854307,0.379815764396243,24.7026927640054,8740,185,17.8594594594595,2.63285543608124
"result_final_linear_5000",43.53,136453.828465442,0.802735013575561,22.8309140029581,9654,102,42.6764705882353,1.24574110146981
"result_final_linear_5000",9.41,1234.18221836367,0.218310724674004,26.1946556513351,3278,182,5.17032967032967,4.58062700077271
"result_final_linear_5000",2.07,127.46880284792,0.200227768542997,24.6568518782877,800,49,4.22448979591837,4.99431226386194
"result_final_linear_5000",35.25,81550.0996125865,0.420522812144829,23.4566120908063,8624,158,22.3101265822785,2.37799227799228
"result_final_linear_5000",25.12,9924.85484028815,0.292171307279311,24.2074184140618,7350,213,11.7934272300469,3.42264957264957
"result_final_linear_5000",14.76,2335.74814087615,0.236171603994193,25.7655699586333,5260,255,5.78823529411765,4.23420929141248
"result_final_linear_5000",21.43,4834.89220080161,0.267648190981649,24.8385251461438,6700,242,8.85537190082645,3.73624793178058
"result_final_linear_5000",5.64,393.371834576506,0.208283668406043,25.7026756378011,2226,137,4.11678832116788,4.8011445527766
"result_final_linear_5000",14.22,3481.41804266693,0.234129778534737,24.8764904511108,5000,236,6.02542372881356,4.27113546281185
"result_final_linear_5000",38.84,117918.002009385,0.519555540453295,24.8193558041828,9326,139,27.9424460431655,1.92472204054938
"result_final_linear_5000",3.15,271.781170038867,0.202536675136192,25.8508355539559,1316,88,3.57954545454545,4.93737738771296
"result_final_linear_5000",35.7,80707.2069034577,0.430301813558188,25.9421893923974,8658,168,21.25,2.32395023328149
"result_final_linear_5000",1.81,128.250924159394,0.199687219733222,25.7906943680457,778,53,3.41509433962264,5.00783175476117
"result_final_linear_5000",19.27,4556.59256619703,0.255982598383501,25.4646662256114,6134,230,8.37826086956522,3.90651554564599
"result_final_linear_5000",4.1,298.66412629408,0.204656522759769,25.2447217285127,1662,100,4.1,4.88623566214806
"result_final_linear_5000",9.66,928.553864573697,0.21904110718321,25.1863897460395,3426,172,5.61627906976744,4.56535311047155
"result_final_linear_5000",34.2,68672.0674350944,0.399805565682343,24.9924509545277,8850,176,19.4318181818182,2.50121580547112
"result_final_linear_5000",27.2,12467.2774496789,0.309418565113907,24.8245359161409,7698,215,12.6511627906977,3.23186813186813
"result_final_linear_5000",37.3,179276.565042884,0.470473474900578,23.8001446810061,9224,147,25.3741496598639,2.12551834130781
"result_final_linear_5000",36.6,122300.501223,0.451760011400884,23.2490708890277,9008,144,25.4166666666667,2.21356466876971
"result_final_linear_5000",33.5,59691.9671360818,0.387416254005243,24.4058431492904,8760,178,18.8202247191011,2.5812030075188
"result_final_linear_5000",25.04,9174.44781995725,0.291564240594953,24.322183915479,7598,232,10.7931034482759,3.42977588046958
"result_final_linear_5000",21.9,10410.1343823382,0.270419999307503,25.7548950058344,6858,244,8.97540983606557,3.69795134443022
"result_final_linear_5000",17.58,3018.25028238996,0.24792294595749,25.2840085066157,5658,221,7.95475113122172,4.03351128366902
"result_final_linear_5000",9.58,1508.34171316518,0.21880641367528,25.8524047673735,3552,190,5.04210526315789,4.5702499447025
"result_final_linear_5000",2.01,203.122974482657,0.200102511951219,24.6974654796448,838,56,3.58928571428571,4.9974385141341
"result_final_linear_5000",3.62,197.135021249475,0.203574702495364,26.741881222277,1492,101,3.58415841584158,4.91220170159783
"result_final_linear_5000",38.27,96320.4899647479,0.499947356912038,25.1204329165501,9280,142,26.9507042253521,2.00021059452454
"result_final_linear_5000",11.78,1063.81754178238,0.225613904077008,24.9306227628927,4172,198,5.94949494949495,4.43235094082975
"result_final_linear_5000",2.59,137.9559265233,0.201326468819302,23.7393843086014,944,56,4.625,4.96705677035213
"result_final_linear_5000",29.59,20827.2082887236,0.333473839756371,25.337015597464,8068,207,14.2946859903382,2.99873597500355
"result_final_linear_5000",36.37,149462.850927459,0.446016135928727,26.2765604422345,9136,157,23.1656050955414,2.24207134999214
"result_final_linear_5000",7.86,1258.87267127959,0.213973535463315,24.2449503720695,2850,148,5.31081081081081,4.67347514651618
"result_final_linear_5000",35.55,84869.4137432589,0.42697671337242,24.2015100221252,8802,153,23.2352941176471,2.34204809930179
"result_final_linear_5000",1.46,47.3657757302806,0.198968610046562,26.9997914788474,628,42,3.47619047619048,5.02591840876801
"result_final_linear_5000",39.58,220436.259646942,0.54806697991691,25.4084192725588,9508,140,28.2714285714286,1.82459450513075
"result_final_linear_5000",17.98,4007.23745988931,0.249754873600039,25.1960559786002,5894,249,7.22088353413655,4.0039258717386
"result_final_linear_5000",37.61,145406.302935951,0.479410476490522,25.2062563137331,9268,141,26.6737588652482,2.08589517550889
"result_final_linear_5000",13.99,2934.35480018398,0.23327845598466,25.4403035225702,4600,208,6.72596153846154,4.28672247413091
"result_final_linear_5000",13.09,1619.50635477908,0.230047830678867,24.5093894032642,4638,226,5.79203539823009,4.34692210332529
"result_final_linear_5000",39.54,130009.091815176,0.546427344865607,24.7045462330235,9392,132,29.9545454545455,1.83006946741648
"result_final_linear_5000",10.78,1156.7217229255,0.222426094804075,25.7022409394854,3928,199,5.41708542713568,4.49587536426809
"result_final_linear_5000",34.96,85189.7198195799,0.414520980982002,24.8024330983445,8762,156,22.4102564102564,2.41242312423124
"result_final_linear_5000",28.5,14657.3836120734,0.321854602745892,25.1028225905933,7968,229,12.4454148471616,3.10699300699301
"result_final_linear_5000",12.53,1740.80822379482,0.228114967648723,25.1120853142053,4386,205,6.11219512195122,4.38375443009032
"result_final_linear_5000",3.34,382.527845841982,0.202953811525492,24.2798515676621,1340,85,3.92941176470588,4.92722946410097
"result_final_linear_5000",35.92,225540.178330605,0.435302429215803,25.5941955901849,8880,137,26.2189781021898,2.29725343320849
"result_final_linear_5000",42.4,451161.59642818,0.704500978473581,23.9279416813486,9784,96,44.1666666666667,1.41944444444444
"result_final_linear_5000",21.7,14570.9266327036,0.269229446755837,24.9054826809102,6442,220,9.86363636363636,3.71430395913154
"result_final_linear_5000",2.79,171.911179022209,0.201755423694692,24.7449371633913,1082,68,4.10294117647059,4.95649624524225
"result_final_linear_5000",13.47,4132.19953092994,0.231392715127302,25.1751063294733,4468,204,6.60294117647059,4.32165722870681
"result_final_linear_5000",36.54,195812.39255938,0.450243355611369,25.4104494680193,9396,134,27.2686567164179,2.22102111566341
"result_final_linear_5000",25.11,13546.9099729291,0.292095214693298,24.8527588271431,7360,231,10.8701298701299,3.42354119375084
"result_final_linear_5000",24.06,8171.37287910295,0.284425867247953,25.5614188752632,7208,238,10.109243697479,3.51585462207006
"result_final_linear_5000",28.99,33493.5980185626,0.326932196444768,25.4247579979073,8016,180,16.1055555555556,3.05873820588649
"result_final_linear_5000",21.22,5289.15751701006,0.266438490520093,25.0013375106332,6560,256,8.2890625,3.75321147499365
"result_final_linear_5000",3.91,291.8676325606,0.204225636491544,24.5067704294162,1496,93,4.20430107526882,4.89654490581747
"result_final_linear_5000",16.99,4702.55090873723,0.24530069355587,25.8204213116824,5566,229,7.41921397379913,4.07662932176846
"result_final_linear_5000",31.67,24708.6694690062,0.359380012938312,24.0854535652673,8498,187,16.9358288770053,2.78256988145763
"result_final_linear_5000",28.21,10464.7483079662,0.318954678135233,24.6647474349312,7970,235,12.0042553191489,3.1352416771138
"result_final_linear_5000",4.8,365.573441368723,0.206274917663373,25.1253887763001,1802,108,4.44444444444444,4.84789915966387
"result_final_linear_5000",34.44,58580.6234087859,0.404302030143812,24.3875479581405,8734,175,19.68,2.47339841366687
"result_final_linear_5000",26.89,12049.1296724807,0.306655313722941,23.9776967688248,7672,215,12.506976744186,3.26099028860621
"result_final_linear_5000",8.91,1879.14253906097,0.216876305031559,25.8089499195638,3034,149,5.97986577181208,4.61092326270721
"result_final_linear_5000",37.95,235430.749738749,0.489720216250345,25.3914059969235,9206,153,24.8039215686275,2.041982272361
"result_final_linear_5000",8.62,751.601794971708,0.216060037168568,25.7236672420523,3078,170,5.07058823529412,4.62834318231561
"result_final_linear_5000",2.04,201.752051715856,0.200165101472019,22.1649818857484,788,51,4,4.99587586770109
"result_final_linear_5000",11.68,1637.81437488392,0.225287731613746,23.9469238836931,3998,198,5.8989898989899,4.43876811594203
"result_final_linear_5000",44.78,1001411.9017299,0.956654308582516,26.1896865038818,10050,94,47.6382978723404,1.04530967040927
"result_final_linear_5000",5.17,463.005309429778,0.207150549496159,25.4778569788988,2054,127,4.07086614173228,4.82740693873246
"result_final_linear_5000",14.6,4170.57798820486,0.235560214045347,23.9231861695673,4688,206,7.0873786407767,4.24519906323185
"result_final_linear_5000",29.14,43984.1364259834,0.328533145405821,25.0646000432208,8302,210,13.8761904761905,3.04383290996331
"result_final_linear_5000",5.03,375.61881025672,0.206817553250566,25.376772953817,1800,105,4.79047619047619,4.83517953037801
"result_final_linear_5000",22.37,4926.84422576857,0.273284447464119,25.0308993882978,6986,244,9.16803278688525,3.65919103439392
"result_final_linear_5000",28.55,22045.3820239237,0.322362336168197,24.7195850436543,8082,203,14.064039408867,3.10209937018894
"result_final_linear_5000",6.9,612.119628389999,0.211441938634144,24.8532764977461,2560,152,4.53947368421053,4.72943071965629
"result_final_linear_5000",42.01,221345.864654454,0.676670672936673,24.4127614948724,9600,119,35.3025210084034,1.47782376271771
"result_final_linear_5000",29.74,17981.5449511905,0.335168347437818,25.0915085547763,8102,190,15.6526315789474,2.98357529177341
"result_final_linear_5000",3.71,350.612469034148,0.203775852910615,24.7930945315247,1404,85,4.36470588235294,4.90735278845155
"result_final_linear_5000",6.2,778.01331401049,0.209665161607582,25.6033379251599,2222,123,5.04065040650407,4.76950959488273
"result_final_linear_5000",19.46,10106.4217643485,0.256943602570074,25.4580140677464,6532,261,7.45593869731801,3.89190464365533
"result_final_linear_5000",20.54,5863.65305838437,0.262637747648292,24.783574021833,6464,230,8.9304347826087,3.80752579914422
"result_final_linear_5000",41.5,656582.496421644,0.643918547055586,26.2712888030053,9612,123,33.739837398374,1.55299145299145
"result_final_linear_5000",20.01,4407.33156100475,0.259792984062956,24.5654147983333,6218,221,9.05429864253394,3.84921865233154
"result_final_linear_5000",15.45,2263.69376183963,0.238872173016344,25.3705388013885,5190,234,6.6025641025641,4.18633944411591
"result_final_linear_5000",44.62,345901.341393649,0.933297381104855,24.9346731256114,9322,99,45.0707070707071,1.07146984470928
"result_final_linear_5000",13.9,2258.45934874789,0.23294824274235,25.0182722902757,4644,211,6.58767772511848,4.29279907084785
"result_final_linear_5000",23.62,6824.1058651584,0.281390225392171,24.5586727409313,6976,228,10.359649122807,3.55378371301387
"result_final_linear_5000",9.44,792.56158143195,0.218397900910634,24.8671100974194,3498,183,5.15846994535519,4.57879858657245
"result_final_linear_5000",23.92,13453.1421604499,0.28344907752377,25.2693965245407,7016,220,10.8727272727273,3.52797055730809
"result_final_linear_5000",40.9,175985.921154928,0.609844185326592,23.6265327226077,9454,118,34.6610169491525,1.63976311336717
"result_final_linear_5000",25.77,8661.60077046583,0.297249352282329,24.820262373861,7424,236,10.9194915254237,3.36417890340832
"result_final_linear_5000",20.49,6010.77228197039,0.262365080465004,25.060883102798,6360,223,9.18834080717489,3.81148283234814
"result_final_linear_5000",10.87,2416.2579220081,0.222706408837294,24.9042027043171,3768,192,5.66145833333333,4.49021653764165
"result_final_linear_5000",22.2,6133.07907441871,0.272237385401358,25.2996889906986,6810,241,9.21161825726141,3.673264781491
"result_final_linear_5000",5.11,382.230749541196,0.207007585260554,25.1256517569147,2096,136,3.75735294117647,4.83074085783538
"result_final_linear_5000",26.62,10032.9894537322,0.304307077275253,24.8918835716082,7778,235,11.3276595744681,3.28615426546743
"result_final_linear_5000",10.57,1268.19231282481,0.221776943431132,26.2660053094222,3862,224,4.71875,4.50903499944091
"result_final_linear_5000",36.98,266432.541701551,0.461678217168979,24.9332026921014,9252,139,26.6043165467626,2.16601079022533
"result_final_linear_5000",33.41,26377.9178674,0.385896997548665,24.2106795010722,8870,184,18.1576086956522,2.5913650698303
"result_final_linear_5000",31.63,20908.5602139378,0.358827944178821,24.9821749918369,8518,211,14.9905213270142,2.78685095802252
"result_final_linear_5000",5.43,503.630479137382,0.207774460241192,25.2875207474608,2048,123,4.41463414634146,4.8129110711642
"result_final_linear_5000",41.27,170908.748907802,0.630332821740204,25.9773755157891,9648,145,28.4620689655172,1.58646347692832
"result_final_linear_5000",38.2,64863.6106840077,0.497664680302786,25.7438787752349,9480,165,23.1515151515152,2.00938511326861
"result_final_linear_5000",33.22,46743.0113908248,0.382741663705453,25.3898362690729,8844,207,16.048309178744,2.61272836178496
"result_final_linear_5000",25.43,14275.3470656707,0.294560292624735,24.8581022571737,7548,223,11.4035874439462,3.39489070671852
"result_final_linear_5000",32.08,86796.1416964625,0.36517699686008,24.5202914158849,8454,180,17.8222222222222,2.73839811542992
"result_final_linear_5000",21.35,4943.22846544724,0.267185297165084,25.2291836306827,6624,242,8.82231404958678,3.74272091544819
"result_final_linear_5000",29.37,22663.132482883,0.331032090849866,23.6518119622507,8306,209,14.0526315789474,3.02085516069659
"result_final_linear_5000",8.02,563.460632126727,0.214406593970135,24.7039053771323,3124,185,4.33513513513514,4.66403565992607
"result_final_linear_5000",31.74,68357.0531855832,0.360351799647356,24.5384014780534,8634,179,17.731843575419,2.77506592440668
"result_final_linear_5000",32.33,34003.9979997146,0.368840172892128,25.8381816961087,8462,185,17.4756756756757,2.71120141864933
"result_final_linear_5000",25.74,12309.090147681,0.297009111052451,24.6450181082739,7432,223,11.542600896861,3.36690008079719
"result_final_linear_5000",27.84,24898.381629142,0.315362562058597,25.6481130308733,7720,201,13.8507462686567,3.1709534368071
"result_final_linear_5000",34.06,107094.150017837,0.397243273853272,23.9140447954006,8644,172,19.8023255813953,2.51734910524719
"result_final_linear_5000",2.33,144.58294981878,0.20077415323136,24.8895101602565,924,62,3.75806451612903,4.98072079451213
"result_final_linear_5000",34.64,132738.581450172,0.408153069890593,24.4819263201092,8868,169,20.4970414201183,2.4500611995104
"result_final_linear_5000",40.92,299958.538564634,0.610911196591802,24.8352091841828,9398,120,34.1,1.63689911983751
"result_final_linear_5000",38.99,235247.04450404,0.525038510856189,23.2910285182275,8992,131,29.763358778626,1.9046221930831
"result_final_linear_5000",29.86,31606.1639647651,0.336541691057223,24.5382203938458,8430,222,13.4504504504505,2.9714000570288
"result_final_linear_5000",7.82,852.627853238156,0.213865778227359,25.4673200761317,2910,160,4.8875,4.67582989802561
"result_final_linear_5000",34.84,36359.1938176077,0.412102507020162,25.1794348881508,8608,169,20.6153846153846,2.42658072437078
"result_final_linear_5000",2.9,342.802848635837,0.201992885523496,25.1239803713295,1128,78,3.71794871794872,4.95066941297632
"result_final_linear_5000",22.12,4970.67732869463,0.271748991583737,24.7711822173604,6490,233,9.49356223175966,3.67986646122239
"result_final_linear_5000",10.95,1409.54047917545,0.222956648013921,25.2013660736587,4070,218,5.02293577981651,4.48517686692869
"result_final_linear_5000",13.64,1920.38367134838,0.232003352711721,25.2217039767619,4692,210,6.4952380952381,4.31028253821213
"result_final_linear_5000",39.86,169068.29257969,0.559889772282943,24.6384554238931,9414,130,30.6615384615385,1.7860658463585
"result_final_linear_5000",12.25,2893.04225071977,0.227169762474921,25.0302297177424,4126,203,6.03448275862069,4.4019943019943
"result_final_linear_5000",26.98,12721.5662537377,0.307450042525958,24.1940340446424,7890,220,12.2636363636364,3.25256094220761
"result_final_linear_5000",1.46,139.875929739858,0.198968610046562,24.565570625851,504,27,5.40740740740741,5.02591840876801
"result_final_linear_5000",11.49,1503.52901549838,0.224672611568444,25.8494041387234,4112,221,5.19909502262443,4.45092079990961
"result_final_linear_5000",3.13,337.995991405265,0.202492960720086,25.2727222356264,1164,75,4.17333333333333,4.9384432744916
"result_final_linear_5000",7.19,1367.12543077712,0.212194859859025,24.7029372903116,2486,137,5.24817518248175,4.71264949897639
"result_final_linear_5000",20.41,3706.11937548028,0.261930698119852,25.1572166676817,6490,239,8.53974895397489,3.81780374418896
"result_final_concave_5000",3.68,406.170711286198,0.19635943653266,26.2115393618511,1388,81,4.54320987654321,5.09270151543581
"result_final_concave_5000",16.55,7797.97524778575,0.203942567545628,24.3540707199368,5588,236,7.01271186440678,4.90334123000717
"result_final_concave_5000",10.21,1415.59727129136,0.198595909279042,25.1209751047959,3564,179,5.70391061452514,5.0353504441772
"result_final_concave_5000",18.95,6327.49348987629,0.207182044803624,24.6487822457833,6096,246,7.70325203252033,4.82667308814257
"result_final_concave_5000",25.94,12018.0199851168,0.222885840030525,25.2603646417481,7516,217,11.9539170506912,4.4866017503088
"result_final_concave_5000",19.32,4831.5453336965,0.207758377461872,25.0874911769656,6102,249,7.75903614457831,4.81328364332033
"result_final_concave_5000",29.37,27732.1020449742,0.236103461009826,24.1852782475291,8110,201,14.6119402985075,4.2354313474396
"result_final_concave_5000",8.18,792.217688648256,0.197616069416352,25.4732128572436,3036,169,4.84023668639053,5.06031722497793
"result_final_concave_5000",12.27,1330.78739307127,0.199912254850737,25.0622599259696,4432,216,5.68055555555556,5.00219459155539
"result_final_concave_5000",24.58,12635.7377081884,0.218870149415539,24.4459418206822,7102,221,11.1221719457014,4.56891907220037
"result_final_concave_5000",41.33,302152.717140095,0.381860004258229,25.490101283755,9530,131,31.5496183206107,2.61876077318577
"result_final_concave_5000",10.19,1183.26605414025,0.198584799190598,24.917199871124,3670,204,4.99509803921569,5.0356321534974
"result_final_concave_5000",12.68,1632.26414135521,0.200217600124335,24.4758664575216,4064,190,6.67368421052632,4.99456590918581
"result_final_concave_5000",10.38,1288.91248095015,0.198691580047022,25.3709974293383,3790,208,4.99038461538461,5.03292590336914
"result_final_concave_5000",7.01,1643.73703279684,0.197176980746659,25.6842428873626,2464,132,5.31060606060606,5.07158592353557
"result_final_concave_5000",0.74,41.1249740562991,0.19608911621727,22.748750330235,316,25,2.96,5.0997221023322
"result_final_concave_5000",33.83,138404.015180517,0.263638563686205,25.1200786600957,8750,173,19.5549132947977,3.79307179502862
"result_final_concave_5000",18.98,3852.32711482772,0.207227949458906,25.0790078805072,6170,252,7.53174603174603,4.82560389470197
"result_final_concave_5000",37.76,318567.630303872,0.306779162428681,25.4801959693378,9392,148,25.5135135135135,3.25967380601502
"result_final_concave_5000",9.27,1505.45262283984,0.198105903499384,24.1689427061347,3330,164,5.65243902439024,5.0478051503554
"result_final_concave_5000",42.75,651742.069384153,0.432524139318944,27.0788637767366,9372,111,38.5135135135135,2.31200968707691
"result_final_concave_5000",21.64,4875.4812449207,0.211923913256142,24.5675629618925,6872,259,8.35521235521236,4.71867466316248
"result_final_concave_5000",10.8,1292.13010353228,0.198937564832028,25.5197175860655,3760,183,5.9016393442623,5.02670272879004
"result_final_concave_5000",33.84,38179.5607618516,0.263719778055998,24.1413929710015,8956,183,18.4918032786885,3.79190369175747
"result_final_concave_5000",12.22,1875.1423772548,0.199876054423947,25.1318081071521,4240,214,5.71028037383178,5.00310056090536
"result_final_concave_5000",27.23,16628.7416850249,0.227277930943868,24.9658042814976,7600,208,13.0913461538462,4.39989925923329
"result_final_concave_5000",21.87,7242.99649808081,0.212394072247429,24.5767014241147,6658,234,9.34615384615385,4.70822932777073
"result_final_concave_5000",27.36,10444.146653162,0.227755858484535,24.649519636728,7854,234,11.6923076923077,4.39066642085038
"result_final_concave_5000",20.69,8190.37172486236,0.21009634594231,25.8153953053778,6404,219,9.44748858447489,4.75972104852594
"result_final_concave_5000",1.09,138.129323117796,0.196101779602142,25.4937293671851,416,30,3.63333333333333,5.09939278485302
"result_final_concave_5000",29.6,22113.1855573698,0.237186594546914,24.8854230453791,8516,201,14.726368159204,4.21608987603305
"result_final_concave_5000",26.09,20328.865258519,0.223365556800159,25.5902204578615,7578,214,12.1915887850467,4.47696598493331
"result_final_concave_5000",13.3,2615.99640585455,0.200708972030607,24.0740542157254,4610,222,5.99099099099099,4.98233830746493
"result_final_concave_5000",4.05,390.365042786388,0.196421522106261,26.1477638754723,1536,90,4.5,5.09109179725741
"result_final_concave_5000",13.53,2784.20348621434,0.200900638043595,25.7458949586309,4622,214,6.32242990654206,4.97758498797302
"result_final_concave_5000",8.85,1109.6918194972,0.1979075224265,26.1202830305844,3170,169,5.23668639053254,5.05286503382602
"result_final_concave_5000",19.81,5486.31379886645,0.208556644012738,24.4583880237135,6110,230,8.61304347826087,4.79486043100561
"result_final_concave_5000",1.67,96.3140589726005,0.196133895648338,26.442116926958,624,42,3.97619047619048,5.09855778214373
"result_final_concave_5000",28.09,25228.8101136141,0.230571361921593,24.0495503744523,8110,219,12.8264840182648,4.33705205913671
"result_final_concave_5000",2.4,391.018413764093,0.196194739492298,25.2749585634788,956,62,3.87096774193548,5.09697661918839
"result_final_concave_5000",39.01,230442.266652468,0.327388426269274,24.573834436969,9186,139,28.0647482014388,3.05447572290631
"result_final_concave_5000",31.82,40837.3712651402,0.249318824814609,24.9644246468537,8586,204,15.5980392156863,4.01092858007649
"result_final_concave_5000",6.21,527.291976659702,0.196924821164077,24.9973742748898,2322,138,4.5,5.07808002103911
"result_final_concave_5000",11.68,1731.35663476542,0.199499078597415,24.5747201523794,4280,217,5.38248847926267,5.01255447910103
"result_final_concave_5000",32.1,74268.6739532384,0.251097418713895,25.1072916738177,8670,184,17.445652173913,3.98251804069487
"result_final_concave_5000",36.58,187393.399000078,0.290987946555266,23.3969852790616,9114,139,26.3165467625899,3.43656846215819
"result_final_concave_5000",37.16,128986.312531187,0.298367921938577,25.4526073192147,9298,153,24.2875816993464,3.35156672842955
"result_final_concave_5000",32.21,55434.4723177693,0.25181357898598,24.6515413216933,8718,193,16.6891191709845,3.971191720585
"result_final_concave_5000",17.67,6283.02579868304,0.205352195526156,25.7208638998122,5578,235,7.51914893617021,4.86968253462198
"result_final_concave_5000",12.37,3868.45369940567,0.199985326333596,24.256521859863,4290,201,6.15422885572139,5.00036686857664
"result_final_concave_5000",25.92,17653.2995185761,0.22282246080008,25.0067355460187,7514,236,10.9830508474576,4.48787791145174
"result_final_concave_5000",26.73,28235.299834733,0.225502032402709,24.8678195035212,7556,224,11.9330357142857,4.43454983241201
"result_final_concave_5000",14,2919.33831714907,0.20130866966434,25.1112324609406,5022,227,6.16740088105727,4.96749594375339
"result_final_concave_5000",30.37,44287.9108565789,0.241032910076226,25.2166154677864,8436,210,14.4619047619048,4.14881104693858
"result_final_concave_5000",11.77,1636.62157697874,0.199560152824506,25.2952319261213,4014,192,6.13020833333333,5.01102041588134
"result_final_concave_5000",36.28,141370.026814487,0.287429672071118,24.7633368663974,9108,165,21.9878787878788,3.47911192603863
"result_final_concave_5000",26.97,15678.4828433459,0.226342332297283,24.7184423100898,7712,213,12.6619718309859,4.41808648806613
"result_final_concave_5000",40.4,218930.158563478,0.356813955618844,23.9456890281688,9244,120,33.6666666666667,2.8025809648214
"result_final_concave_5000",8.18,1168.3789043485,0.197616069416352,25.8251434866633,3062,165,4.95757575757576,5.06031722497793
"result_final_concave_5000",29.17,24438.8165729753,0.235184796003276,24.3359447217425,8046,206,14.1601941747573,4.2519755400603
"result_final_concave_5000",2.93,316.720360077869,0.196253731783156,25.3791967945068,1180,72,4.06944444444444,5.0954445090752
"result_final_concave_5000",4.6,386.609708590883,0.196526391771508,24.510285839422,1804,105,4.38095238095238,5.08837510822797
"result_final_concave_5000",24.96,21558.0104515337,0.219934365948284,25.2811785399478,7374,231,10.8051948051948,4.54681102559089
"result_final_concave_5000",14.16,2782.64134659977,0.201452708125125,25.2429258405646,4788,225,6.29333333333333,4.96394418971467
"result_final_concave_5000",23.45,9402.9318692107,0.215945777029456,24.8225332478769,7134,220,10.6590909090909,4.63079210788917
"result_final_concave_5000",33.04,50417.2815872986,0.257556744493102,24.7026927640054,8740,185,17.8594594594595,3.88263954014523
"result_final_concave_5000",43.53,187368.868967754,0.46971783849742,22.8309140029581,9654,102,42.6764705882353,2.12893766862016
"result_final_concave_5000",9.41,1320.18316347904,0.198174796743814,26.1946556513351,3278,182,5.17032967032967,5.04605033753473
"result_final_concave_5000",2.07,130.163443490679,0.196164358266224,24.6568518782877,800,49,4.22448979591837,5.09776602048601
"result_final_concave_5000",35.25,96711.7670567887,0.276385501761169,23.4566120908063,8624,158,22.3101265822785,3.61813479226607
"result_final_concave_5000",25.12,11668.3761001738,0.220395432619015,24.2074184140618,7350,213,11.7934272300469,4.53729910877347
"result_final_concave_5000",14.76,2737.41475963816,0.202016884462819,25.7655699586333,5260,255,5.78823529411765,4.95008128978471
"result_final_concave_5000",21.43,6101.01145426604,0.211504309074819,24.8385251461438,6700,242,8.85537190082645,4.72803605928545
"result_final_concave_5000",5.64,409.659487930848,0.196767616340528,25.7026756378011,2226,137,4.11678832116788,5.08213708433297
"result_final_concave_5000",14.22,3859.08550947762,0.201507407768298,24.8764904511108,5000,236,6.02542372881356,4.96259671579838
"result_final_concave_5000",38.84,146245.969225256,0.324304482915503,24.8193558041828,9326,139,27.9424460431655,3.08352197604542
"result_final_concave_5000",3.15,279.525628229261,0.196281995923359,25.8508355539559,1316,88,3.57954545454545,5.09471077719458
"result_final_concave_5000",35.7,102497.662264695,0.281000736129238,25.9421893923974,8658,168,21.25,3.55870953854042
"result_final_concave_5000",1.81,130.479979509736,0.196143774058937,25.7906943680457,778,53,3.41509433962264,5.09830100291392
"result_final_concave_5000",19.27,5389.76455702663,0.207679188391955,25.4646662256114,6134,230,8.37826086956522,4.81511897144306
"result_final_concave_5000",4.1,315.579479126202,0.196430428477289,25.2447217285127,1662,100,4.1,5.09086096157255
"result_final_concave_5000",9.66,1014.81348947228,0.198301329368187,25.1863897460395,3426,172,5.61627906976744,5.04283054070351
"result_final_concave_5000",34.2,81467.8332062339,0.266719004613082,24.9924509545277,8850,176,19.4318181818182,3.74926414205339
"result_final_concave_5000",27.2,15680.737826036,0.227168608431107,24.8245359161409,7698,215,12.6511627906977,4.40201666465403
"result_final_concave_5000",37.3,209555.278717115,0.300255958678785,23.8001446810061,9224,147,25.3741496598639,3.33049177242076
"result_final_concave_5000",36.6,135899.796372547,0.291231184913211,23.2490708890277,9008,144,25.4166666666667,3.4336982157251
"result_final_concave_5000",33.5,76295.8262978436,0.261019435168639,24.4058431492904,8760,178,18.8202247191011,3.83113234213353
"result_final_concave_5000",25.04,10947.9171501293,0.220163920584822,24.322183915479,7598,232,10.7931034482759,4.54207027810777
"result_final_concave_5000",21.9,12699.4442369112,0.212456227300344,25.7548950058344,6858,244,8.97540983606557,4.70685191348298
"result_final_concave_5000",17.58,3637.25432629783,0.205232595326432,25.2840085066157,5658,221,7.95475113122172,4.87252036358773
"result_final_concave_5000",9.58,1632.01646553182,0.198260345730628,25.8524047673735,3552,190,5.04210526315789,5.04387297578245
"result_final_concave_5000",2.01,207.808601234773,0.196159347937312,24.6974654796448,838,56,3.58928571428571,5.0978962283234
"result_final_concave_5000",3.62,205.474192430941,0.196349996514526,26.741881222277,1492,101,3.58415841584158,5.09294635982344
"result_final_concave_5000",38.27,128834.342293948,0.314637457282236,25.1204329165501,9280,142,26.9507042253521,3.17826112834042
"result_final_concave_5000",11.78,1220.44744981235,0.199566981688209,24.9306227628927,4172,198,5.94949494949495,5.01084894675782
"result_final_concave_5000",2.59,142.889529211572,0.196214426455091,23.7393843086014,944,56,4.625,5.09646521953816
"result_final_concave_5000",29.59,28292.8582557704,0.237138896479873,25.337015597464,8068,207,14.2946859903382,4.21693789945115
"result_final_concave_5000",36.37,172164.486324327,0.28847967110428,26.2765604422345,9136,157,23.1656050955414,3.46644876629285
"result_final_concave_5000",7.86,1372.88798851055,0.197487356128808,24.2449503720695,2850,148,5.31081081081081,5.06361530987212
"result_final_concave_5000",35.55,100977.076494983,0.279427934579743,24.2015100221252,8802,153,23.2352941176471,3.57874026268702
"result_final_concave_5000",1.46,48.2366892047167,0.19612064024262,26.9997914788474,628,42,3.47619047619048,5.09890238356812
"result_final_concave_5000",39.58,265100.672232553,0.338484644389902,25.4084192725588,9508,140,28.2714285714286,2.95434376883607
"result_final_concave_5000",17.98,4836.57199975061,0.205772989998543,25.1960559786002,5894,249,7.22088353413655,4.8597243010712
"result_final_concave_5000",37.61,172580.95824298,0.304596258108929,25.2062563137331,9268,141,26.6737588652482,3.28303442139589
"result_final_concave_5000",13.99,3365.24596998423,0.201299754947786,25.4403035225702,4600,208,6.72596153846154,4.96771593318325
"result_final_concave_5000",13.09,1824.2618071418,0.200538456331327,24.5093894032642,4638,226,5.79203539823009,4.986574736308
"result_final_concave_5000",39.54,209571.213535571,0.337665484429233,24.7045462330235,9392,132,29.9545454545455,2.9615108624156
"result_final_concave_5000",10.78,1308.82532442297,0.198925536145338,25.7022409394854,3928,199,5.41708542713568,5.02700668490035
"result_final_concave_5000",34.96,103388.504968235,0.273568911909121,24.8024330983445,8762,156,22.4102564102564,3.65538610736661
"result_final_concave_5000",28.5,18872.8009494057,0.232256496401268,25.1028225905933,7968,229,12.4454148471616,4.30558462516504
"result_final_concave_5000",12.53,1968.3298048687,0.200104115903728,25.1120853142053,4386,205,6.11219512195122,4.99739845671695
"result_final_concave_5000",3.34,391.532422707302,0.196308224838773,24.2798515676621,1340,85,3.92941176470588,5.09403006838504
"result_final_concave_5000",35.92,265350.77395507,0.28337262899386,25.5941955901849,8880,137,26.2189781021898,3.52892233646767
"result_final_concave_5000",42.4,551057.625234578,0.418287152839414,23.9279416813486,9784,96,44.1666666666667,2.39070216049383
"result_final_concave_5000",21.7,16564.6141387061,0.212045485696807,24.9054826809102,6442,220,9.86363636363636,4.71596929646429
"result_final_concave_5000",2.79,177.791078747844,0.196236908664829,24.7449371633913,1082,68,4.10294117647059,5.09588133447409
"result_final_concave_5000",13.47,4448.32694459018,0.200850138135649,25.1751063294733,4468,204,6.60294117647059,4.97883650607512
"result_final_concave_5000",36.54,223714.451109007,0.290503770185844,25.4104494680193,9396,134,27.2686567164179,3.44229611670881
"result_final_concave_5000",25.11,15746.8183515868,0.220366385930398,24.8527588271431,7360,231,10.8701298701299,4.53789717418993
"result_final_concave_5000",24.06,10314.0978660656,0.217481290337117,25.5614188752632,7208,238,10.109243697479,4.59809668431663
"result_final_concave_5000",28.99,43081.2322541648,0.234375912368014,25.4247579979073,8016,180,16.1055555555556,4.2666500575785
"result_final_concave_5000",21.22,6666.48058080366,0.21109372978976,25.0013375106332,6560,256,8.2890625,4.73723213378226
"result_final_concave_5000",3.91,304.581273513426,0.196397241669814,24.5067704294162,1496,93,4.20430107526882,5.09172120493024
"result_final_concave_5000",16.99,5407.29209594037,0.204476293139852,25.8204213116824,5566,229,7.41921397379913,4.8905424909872
"result_final_concave_5000",31.67,28017.0463767081,0.248391446233927,24.0854535652673,8498,187,16.9358288770053,4.02590352913454
"result_final_concave_5000",28.21,13544.0149812438,0.231056543545406,24.6647474349312,7970,235,12.0042553191489,4.32794494652988
"result_final_concave_5000",4.8,386.963222023095,0.196568347790359,25.1253887763001,1802,108,4.44444444444444,5.08728903326035
"result_final_concave_5000",34.44,70878.1104381937,0.26880327123509,24.3875479581405,8734,175,19.68,3.72019282133445
"result_final_concave_5000",26.89,16785.4050089278,0.226059780080314,23.9776967688248,7672,215,12.506976744186,4.42360865627987
"result_final_concave_5000",8.91,2098.45262920814,0.197935109701128,25.8089499195638,3034,149,5.97986577181208,5.05216078900782
"result_final_concave_5000",37.95,267306.326119113,0.309625752318336,25.3914059969235,9206,153,24.8039215686275,3.22970551548913
"result_final_concave_5000",8.62,823.069757496821,0.197804059667048,25.7236672420523,3078,170,5.07058823529412,5.05550796926636
"result_final_concave_5000",2.04,206.734898114416,0.196161833498736,22.1649818857484,788,51,4,5.0978316330146
"result_final_concave_5000",11.68,1852.33991511116,0.199499078597415,23.9469238836931,3998,198,5.8989898989899,5.01255447910103
"result_final_concave_5000",44.78,1243902.60262511,0.551907670838107,26.1896865038818,10050,94,47.6382978723404,1.81189726622469
"result_final_concave_5000",5.17,481.765124928166,0.196651473589612,25.4778569788988,2054,127,4.07086614173228,5.08513860458976
"result_final_concave_5000",14.6,4491.85104762497,0.201862664657144,23.9231861695673,4688,206,7.0873786407767,4.95386307170007
"result_final_concave_5000",29.14,52956.7517033026,0.235048816301699,25.0646000432208,8302,210,13.8761904761905,4.25443537957001
"result_final_concave_5000",5.03,402.916238586398,0.196619171731041,25.376772953817,1800,105,4.79047619047619,5.08597402377383
"result_final_concave_5000",22.37,6135.76320905665,0.213455650596613,25.0308993882978,6986,244,9.16803278688525,4.68481390492582
"result_final_concave_5000",28.55,27561.8133835451,0.232467389959666,24.7195850436543,8082,203,14.064039408867,4.30167861468012
"result_final_concave_5000",6.9,658.334235131423,0.19714006223929,24.8532764977461,2560,152,4.53947368421053,5.07253568169311
"result_final_concave_5000",42.01,275341.656557621,0.403882463769092,24.4127614948724,9600,119,35.3025210084034,2.47596786121351
"result_final_concave_5000",29.74,23519.1280783279,0.237860249674983,25.0915085547763,8102,190,15.6526315789474,4.2041492908816
"result_final_concave_5000",3.71,361.493048987593,0.196364221771558,24.7930945315247,1404,85,4.36470588235294,5.09257741037651
"result_final_concave_5000",6.2,829.524184899229,0.196921905098863,25.6033379251599,2222,123,5.04065040650407,5.07815521842508
"result_final_concave_5000",19.46,11358.3259728312,0.207982314561831,25.4580140677464,6532,261,7.45593869731801,4.80810112199569
"result_final_concave_5000",20.54,6724.67422104945,0.209823865771972,24.783574021833,6464,230,8.9304347826087,4.76590208802443
"result_final_concave_5000",41.5,765744.692717415,0.387034937473317,26.2712888030053,9612,123,33.739837398374,2.58374607348966
"result_final_concave_5000",20.01,5518.85665398794,0.208894336304436,24.5654147983333,6218,221,9.05429864253394,4.78710920406493
"result_final_concave_5000",15.45,2678.57368425424,0.202714555571064,25.3705388013885,5190,234,6.6025641025641,4.93304487772432
"result_final_concave_5000",44.62,448118.097889599,0.53931935896313,24.9346731256114,9322,99,45.0707070707071,1.85418895758267
"result_final_concave_5000",13.9,2624.85135423435,0.201219983398532,25.0182722902757,4644,211,6.58767772511848,4.96968533199519
"result_final_concave_5000",23.62,8970.97001959112,0.216363903233231,24.5586727409313,6976,228,10.359649122807,4.62184303877178
"result_final_concave_5000",9.44,878.514087964483,0.198189742136064,24.8671100974194,3498,183,5.15846994535519,5.04566981732822
"result_final_concave_5000",23.92,15030.656594224,0.217120154962737,25.2693965245407,7016,220,10.8727272727273,4.60574468626196
"result_final_concave_5000",40.9,209199.708268509,0.369637647562815,23.6265327226077,9454,118,34.6610169491525,2.70535213767711
"result_final_concave_5000",25.77,11255.7672056682,0.222351431917808,24.820262373861,7424,236,10.9194915254237,4.49738502412545
"result_final_concave_5000",20.49,7072.14619824738,0.209733976074947,25.060883102798,6360,223,9.18834080717489,4.76794470173329
"result_final_concave_5000",10.87,2654.80903704858,0.198979916492298,24.9042027043171,3768,192,5.66145833333333,5.02563282580686
"result_final_concave_5000",22.2,7741.19387991717,0.213088522543904,25.2996889906986,6810,241,9.21161825726141,4.69288532325322
"result_final_concave_5000",5.11,407.532951666728,0.196637502526591,25.1256517569147,2096,136,3.75735294117647,5.08549990287215
"result_final_concave_5000",26.62,12535.279227017,0.225124186536131,24.8918835716082,7778,235,11.3276595744681,4.4419927302636
"result_final_concave_5000",10.57,1401.97933339338,0.198801146638053,26.2660053094222,3862,224,4.71875,5.03015207362284
"result_final_concave_5000",36.98,304221.688869396,0.296003234379388,24.9332026921014,9252,139,26.6043165467626,3.37834146338515
"result_final_concave_5000",33.41,36182.1210040385,0.260325135438824,24.2106795010722,8870,184,18.1576086956522,3.84135015742649
"result_final_concave_5000",31.63,26226.9487102263,0.248147067119693,24.9821749918369,8518,211,14.9905213270142,4.02986830191974
"result_final_concave_5000",5.43,543.001609159911,0.196714243072616,25.2875207474608,2048,123,4.41463414634146,5.08351598938799
"result_final_concave_5000",41.27,228426.317092983,0.380081853029494,25.9773755157891,9648,145,28.4620689655172,2.63101222020826
"result_final_concave_5000",38.2,81053.9888261397,0.31351697810625,25.7438787752349,9480,165,23.1515151515152,3.18961992438286
"result_final_concave_5000",33.22,56012.6319779688,0.258886542061021,25.3898362690729,8844,207,16.048309178744,3.86269595954623
"result_final_concave_5000",25.43,18094.8309662971,0.221311380338437,24.8581022571737,7548,223,11.4035874439462,4.51852045959302
"result_final_concave_5000",32.08,95261.7797565009,0.25096827905322,24.5202914158849,8454,180,17.8222222222222,3.98456730775901
"result_final_concave_5000",21.35,6291.94325381209,0.211346844447855,25.2291836306827,6624,242,8.82231404958678,4.73155869732764
"result_final_concave_5000",29.37,30275.3527824838,0.236103461009826,23.6518119622507,8306,209,14.0526315789474,4.2354313474396
"result_final_concave_5000",8.02,618.428508157124,0.197550881951846,24.7039053771323,3124,185,4.33513513513514,5.06198701883677
"result_final_concave_5000",31.74,79796.972076763,0.248822057170488,24.5384014780534,8634,179,17.731843575419,4.018936308829
"result_final_concave_5000",32.33,43471.8675812841,0.252606375688307,25.8381816961087,8462,185,17.4756756756757,3.9587282675474
"result_final_concave_5000",25.74,13975.817982776,0.222258132517499,24.6450181082739,7432,223,11.542600896861,4.49927293401184
"result_final_concave_5000",27.84,30779.0992841528,0.229581278088719,25.6481130308733,7720,201,13.8507462686567,4.35575587140673
"result_final_concave_5000",34.06,126990.097808089,0.265534930510784,23.9140447954006,8644,172,19.8023255813953,3.7659828711665
"result_final_concave_5000",2.33,147.142313416738,0.196187892898375,24.8895101602565,924,62,3.75806451612903,5.09715449422762
"result_final_concave_5000",34.64,157001.069616401,0.270594627608834,24.4819263201092,8868,169,20.4970414201183,3.69556487073195
"result_final_concave_5000",40.92,349737.187861261,0.370180281594255,24.8352091841828,9398,120,34.1,2.70138645876355
"result_final_concave_5000",38.99,300102.749353305,0.327020514687712,23.2910285182275,8992,131,29.763358778626,3.05791213421259
"result_final_concave_5000",29.86,37804.9047262485,0.238446523386281,24.5382203938458,8430,222,13.4504504504505,4.1938124565566
"result_final_concave_5000",7.82,949.073521342031,0.19747173209506,25.4673200761317,2910,160,4.8875,5.06401594491821
"result_final_concave_5000",34.84,50442.0968241671,0.272437557031364,25.1794348881508,8608,169,20.6153846153846,3.67056587533883
"result_final_concave_5000",2.9,348.983547321613,0.196250051074207,25.1239803713295,1128,78,3.71794871794872,5.09554007515583
"result_final_concave_5000",22.12,6565.03459332728,0.212917983314713,24.7711822173604,6490,233,9.49356223175966,4.6966441464078
"result_final_concave_5000",10.95,1528.74509088005,0.199028799049539,25.2013660736587,4070,218,5.02293577981651,5.02439850300808
"result_final_concave_5000",13.64,2209.55484715571,0.200994146550378,25.2217039767619,4692,210,6.4952380952381,4.97526926610948
"result_final_concave_5000",39.86,205627.737835864,0.344403840620593,24.6384554238931,9414,130,30.6615384615385,2.90356808506568
"result_final_concave_5000",12.25,3073.45909942284,0.199897747939748,25.0302297177424,4126,203,6.03448275862069,5.0025576091103
"result_final_concave_5000",26.98,16913.0026720457,0.226377825601935,24.1940340446424,7890,220,12.2636363636364,4.41739378554863
"result_final_concave_5000",1.46,142.451619808619,0.19612064024262,24.565570625851,504,27,5.40740740740741,5.09890238356812
"result_final_concave_5000",11.49,1712.55725187264,0.199372406034129,25.8494041387234,4112,221,5.19909502262443,5.01573923840202
"result_final_concave_5000",3.13,349.760121113911,0.196279333473475,25.2727222356264,1164,75,4.17333333333333,5.09477988488859
"result_final_concave_5000",7.19,1442.01143885828,0.197238973197388,24.7029372903116,2486,137,5.24817518248175,5.06999191787135
"result_final_concave_5000",20.41,4730.89123898348,0.209591117912895,25.1572166676817,6490,239,8.53974895397489,4.77119455231683
"result_final_convex_5000",3.68,305.795536951291,0.28473402919457,26.2115393618511,1388,81,4.54320987654321,3.51204948291116
"result_final_convex_5000",16.55,2120.98732482312,1.2691989956795,24.3540707199368,5588,236,7.01271186440678,0.787898511899328
"result_final_convex_5000",10.21,536.128476731295,0.587020358910921,25.1209751047959,3564,179,5.70391061452514,1.70351842967639
"result_final_convex_5000",18.95,2097.66511413029,1.71719274009743,24.6487822457833,6096,246,7.70325203252033,0.582345811654935
"result_final_convex_5000",25.94,938.087229962015,3.99403624063787,25.2603646417481,7516,217,11.9539170506912,0.250373291515325
"result_final_convex_5000",19.32,851.656052926361,1.79921247132762,25.0874911769656,6102,249,7.75903614457831,0.555798726351708
"result_final_convex_5000",29.37,933.91349537802,5.61972992273253,24.1852782475291,8110,201,14.6119402985075,0.177944494441783
"result_final_convex_5000",8.18,483.642132600375,0.464843364502133,25.4732128572436,3036,169,4.84023668639053,2.15126228825713
"result_final_convex_5000",12.27,374.801093850197,0.749358053755902,25.0622599259696,4432,216,5.68055555555556,1.33447554875515
"result_final_convex_5000",24.58,1397.56838053365,3.42593075586897,24.4459418206822,7102,221,11.1221719457014,0.291891480377091
"result_final_convex_5000",41.33,2509.33630418629,9.6030085923857,25.490101283755,9530,131,31.5496183206107,0.104134031577657
"result_final_convex_5000",10.19,617.542246579083,0.585651232170693,24.917199871124,3670,204,4.99509803921569,1.707500889725
"result_final_convex_5000",12.68,602.991862262184,0.787320596325118,24.4758664575216,4064,190,6.67368421052632,1.2701306236209
"result_final_convex_5000",10.38,559.226178131047,0.598804842232488,25.3709974293383,3790,208,4.99038461538461,1.6699931755257
"result_final_convex_5000",7.01,951.022146472539,0.407739420880245,25.6842428873626,2464,132,5.31060606060606,2.4525467707811
"result_final_convex_5000",0.74,38.2316456989757,0.210944754864066,22.748750330235,316,25,2.96,4.74057769601527
"result_final_convex_5000",33.83,3082.82034981116,7.69968567416907,25.1200786600957,8750,173,19.5549132947977,0.129875431584799
"result_final_convex_5000",18.98,666.139186110556,1.72370345649144,25.0790078805072,6170,252,7.53174603174603,0.58014619407649
"result_final_convex_5000",37.76,2262.66803922568,8.97944310617481,25.4801959693378,9392,148,25.5135135135135,0.111365480929696
"result_final_convex_5000",9.27,507.449142041591,0.526408592524799,24.1689427061347,3330,164,5.65243902439024,1.89966504004756
"result_final_convex_5000",42.75,4247.24041576199,9.74369252628656,27.0788637767366,9372,111,38.5135135135135,0.102630496323873
"result_final_convex_5000",21.64,524.505246850782,2.40545206781687,24.5675629618925,6872,259,8.35521235521236,0.415722272490583
"result_final_convex_5000",10.8,316.186296964951,0.629078983987733,25.5197175860655,3760,183,5.9016393442623,1.58962550880495
"result_final_convex_5000",33.84,489.765074094219,7.70375970909027,24.1413929710015,8956,183,18.4918032786885,0.129806748621718
"result_final_convex_5000",12.22,1017.96373235459,0.744868858678917,25.1318081071521,4240,214,5.71028037383178,1.34251820081937
"result_final_convex_5000",27.23,786.28927495859,4.58053532662078,24.9658042814976,7600,208,13.0913461538462,0.218315093912339
"result_final_convex_5000",21.87,1164.95734331019,2.47480066386095,24.5767014241147,6658,234,9.34615384615385,0.404072948016708
"result_final_convex_5000",27.36,375.095872966292,4.64176439676014,24.649519636728,7854,234,11.6923076923077,0.215435320391957
"result_final_convex_5000",20.69,1655.39932216979,2.13718143372799,25.8153953053778,6404,219,9.44748858447489,0.467905992546291
"result_final_convex_5000",1.09,127.668793067097,0.218433635581675,25.4937293671851,416,30,3.63333333333333,4.57804951758946
"result_final_convex_5000",29.6,453.234041864601,5.73358448781431,24.8854230453791,8516,201,14.726368159204,0.174410964401993
"result_final_convex_5000",26.09,633.109610231361,4.06005032393771,25.5902204578615,7578,214,12.1915887850467,0.246302365786967
"result_final_convex_5000",13.3,934.465580466578,0.848821799851679,24.0740542157254,4610,222,5.99099099099099,1.17810357860123
"result_final_convex_5000",4.05,258.71510625373,0.296021121110303,26.1477638754723,1536,90,4.5,3.37813733104328
"result_final_convex_5000",13.53,705.33580327218,0.87296321980182,25.7458949586309,4622,214,6.32242990654206,1.14552363411945
"result_final_convex_5000",8.85,393.987450322885,0.501646704880451,26.1202830305844,3170,169,5.23668639053254,1.99343480236417
"result_final_convex_5000",19.81,729.935395409116,1.91374349524543,24.4583880237135,6110,230,8.61304347826087,0.522536067390658
"result_final_convex_5000",1.67,78.1846439853465,0.231546102605333,26.442116926958,624,42,3.97619047619048,4.31879435131105
"result_final_convex_5000",28.09,1332.83392855624,4.99126677246568,24.0495503744523,8110,219,12.8264840182648,0.200349940323066
"result_final_convex_5000",2.4,332.797985221978,0.249390567727012,25.2749585634788,956,62,3.87096774193548,4.00977474454696
"result_final_convex_5000",39.01,1225.96219960492,9.24958073654052,24.573834436969,9186,139,28.0647482014388,0.108113008414478
"result_final_convex_5000",31.82,828.444322648943,6.81326545629026,24.9644246468537,8586,204,15.5980392156863,0.146772499385997
"result_final_convex_5000",6.21,271.483382925928,0.373333909174786,24.9973742748898,2322,138,4.5,2.67856729706228
"result_final_convex_5000",11.68,531.651966815605,0.69824365386613,24.5747201523794,4280,217,5.38248847926267,1.43216482450369
"result_final_convex_5000",32.1,1457.6745781726,6.94376449900945,25.1072916738177,8670,184,17.445652173913,0.144014100729173
"result_final_convex_5000",36.58,2519.69423185295,8.66516155308316,23.3969852790616,9114,139,26.3165467625899,0.115404657359699
"result_final_convex_5000",37.16,1085.09064226506,8.82709854199683,25.4526073192147,9298,153,24.2875816993464,0.113287508374613
"result_final_convex_5000",32.21,772.68580763125,6.99450516696039,24.6515413216933,8718,193,16.6891191709845,0.142969370402877
"result_final_convex_5000",17.67,1072.21467936485,1.46115884879891,25.7208638998122,5578,235,7.51914893617021,0.684388285929358
"result_final_convex_5000",12.37,1020.71700524418,0.758426708889574,24.256521859863,4290,201,6.15422885572139,1.31851896601073
"result_final_convex_5000",25.92,568.211471373364,3.98528168754549,25.0067355460187,7514,236,10.9830508474576,0.250923291852901
"result_final_convex_5000",26.73,1905.06490536977,4.34840465496065,24.8678195035212,7556,224,11.9330357142857,0.229969397824833
"result_final_convex_5000",14,707.141628667105,0.924663107974957,25.1112324609406,5022,227,6.16740088105727,1.08147496247583
"result_final_convex_5000",30.37,704.996540998329,6.11391757302767,25.2166154677864,8436,210,14.4619047619048,0.163561249895096
"result_final_convex_5000",11.77,878.518794843802,0.705783668342376,25.2952319261213,4014,192,6.13020833333333,1.4168647488665
"result_final_convex_5000",36.28,1486.75215092808,8.57564817745887,24.7633368663974,9108,165,21.9878787878788,0.116609261400031
"result_final_convex_5000",26.97,996.888802449662,4.45913330287935,24.7184423100898,7712,213,12.6619718309859,0.22425882611634
"result_final_convex_5000",40.4,1612.10584259898,9.48201837697173,23.9456890281688,9244,120,33.6666666666667,0.105462778096763
"result_final_convex_5000",8.18,723.414626146317,0.464843364502133,25.8251434866633,3062,165,4.95757575757576,2.15126228825713
"result_final_convex_5000",29.17,1068.8328600803,5.52080630284394,24.3359447217425,8046,206,14.1601941747573,0.181132962314738
"result_final_convex_5000",2.93,282.308907652733,0.263362647975951,25.3791967945068,1180,72,4.06944444444444,3.7970456618864
"result_final_convex_5000",4.6,271.546308257644,0.313778998840526,24.510285839422,1804,105,4.38095238095238,3.18695643652122
"result_final_convex_5000",24.96,921.500258101401,3.57889961424226,25.2811785399478,7374,231,10.8051948051948,0.279415492968982
"result_final_convex_5000",14.16,714.812214596304,0.94301650397674,25.2429258405646,4788,225,6.29333333333333,1.06042682793245
"result_final_convex_5000",23.45,891.750320650863,2.99916550271331,24.8225332478769,7134,220,10.6590909090909,0.333426081053317
"result_final_convex_5000",33.04,1091.75973055453,7.36643220290972,24.7026927640054,8740,185,17.8594594594595,0.135750926969097
"result_final_convex_5000",43.53,1226.41531801448,9.80219793482751,22.8309140029581,9654,102,42.6764705882353,0.102017935839366
"result_final_convex_5000",9.41,640.452316541364,0.534969140272162,26.1946556513351,3278,182,5.17032967032967,1.86926670104981
"result_final_convex_5000",2.07,106.368093727823,0.241130633987934,24.6568518782877,800,49,4.22448979591837,4.14712964280614
"result_final_convex_5000",35.25,1068.0774051915,8.23835201943193,23.4566120908063,8624,158,22.3101265822785,0.121383499714662
"result_final_convex_5000",25.12,1270.34190764073,3.64468221167813,24.2074184140618,7350,213,11.7934272300469,0.274372343573836
"result_final_convex_5000",14.76,549.577691201043,1.01543901521951,25.7655699586333,5260,255,5.78823529411765,0.984795723831655
"result_final_convex_5000",21.43,671.495351865538,2.34365004953019,24.8385251461438,6700,242,8.85537190082645,0.426684862870402
"result_final_convex_5000",5.64,277.416727652196,0.350861918887803,25.7026756378011,2226,137,4.11678832116788,2.8501240692347
"result_final_convex_5000",14.22,1299.77804730019,0.950000716232084,24.8764904511108,5000,236,6.02542372881356,1.05263078533901
"result_final_convex_5000",38.84,972.603397243967,9.21642886847603,24.8193558041828,9326,139,27.9424460431655,0.108501895286189
"result_final_convex_5000",3.15,212.494785841131,0.269430698204064,25.8508355539559,1316,88,3.57954545454545,3.71152955719474
"result_final_convex_5000",35.7,1133.88043986595,8.39140536865823,25.9421893923974,8658,168,21.25,0.1191695498033
"result_final_convex_5000",1.81,109.149324796771,0.234848789336622,25.7906943680457,778,53,3.41509433962264,4.25805899542724
"result_final_convex_5000",19.27,1032.50262081568,1.78790789938946,25.4646662256114,6134,230,8.37826086956522,0.559312926768478
"result_final_convex_5000",4.1,175.213324453285,0.297586140150518,25.2447217285127,1662,100,4.1,3.36037155323902
"result_final_convex_5000",9.66,505.225681041514,0.550651735984486,25.1863897460395,3426,172,5.61627906976744,1.81602986906442
"result_final_convex_5000",34.2,1315.30281828182,7.84787569861137,24.9924509545277,8850,176,19.4318181818182,0.127423017183738
"result_final_convex_5000",27.2,884.883035113606,4.56645425515804,24.8245359161409,7698,215,12.6511627906977,0.21898828809474
"result_final_convex_5000",37.3,1406.51522562197,8.86401159346546,23.8001446810061,9224,147,25.3741496598639,0.112815736921779
"result_final_convex_5000",36.6,1957.73243868685,8.6709890917875,23.2490708890277,9008,144,25.4166666666667,0.115327096991406
"result_final_convex_5000",33.5,954.426873265669,7.56316575086632,24.4058431492904,8760,178,18.8202247191011,0.132219765233289
"result_final_convex_5000",25.04,1171.47584119037,3.61169041585482,24.322183915479,7598,232,10.7931034482759,0.276878659258872
"result_final_convex_5000",21.9,1066.92301961916,2.48397499815187,25.7548950058344,6858,244,8.97540983606557,0.402580541569066
"result_final_convex_5000",17.58,990.748758732997,1.44468197141958,25.2840085066157,5658,221,7.95475113122172,0.692193866735511
"result_final_convex_5000",9.58,622.232677329297,0.545577281279916,25.8524047673735,3552,190,5.04210526315789,1.8329208973915
"result_final_convex_5000",2.01,164.129441666256,0.239663606967031,24.6974654796448,838,56,3.58928571428571,4.17251502076226
"result_final_convex_5000",3.62,134.964412077095,0.282951455079826,26.741881222277,1492,101,3.58415841584158,3.53417514576089
"result_final_convex_5000",38.27,534.985054702184,9.09715770883697,25.1204329165501,9280,142,26.9507042253521,0.109924443656572
"result_final_convex_5000",11.78,300.777935991878,0.706627033394451,24.9306227628927,4172,198,5.94949494949495,1.41517370938423
"result_final_convex_5000",2.59,99.9195457837789,0.25429700255848,23.7393843086014,944,56,4.625,3.93240970180147
"result_final_convex_5000",29.59,774.501665255657,5.72863376962408,25.337015597464,8068,207,14.2946859903382,0.174561691358675
"result_final_convex_5000",36.37,2349.47404711585,8.60291609069688,26.2765604422345,9136,157,23.1656050955414,0.116239655188709
"result_final_convex_5000",7.86,576.563686995918,0.448361443099339,24.2449503720695,2850,148,5.31081081081081,2.23034343249368
"result_final_convex_5000",35.55,1127.54018150657,8.34136308869829,24.2015100221252,8802,153,23.2352941176471,0.119884482831697
"result_final_convex_5000",1.46,40.4666063814119,0.226694058018495,26.9997914788474,628,42,3.47619047619048,4.41123163412785
"result_final_convex_5000",39.58,2289.16872141016,9.35298024786126,25.4084192725588,9508,140,28.2714285714286,0.10691779235059
"result_final_convex_5000",17.98,814.205786780576,1.51939484460128,25.1960559786002,5894,249,7.22088353413655,0.658156767842937
"result_final_convex_5000",37.61,1846.16330588767,8.94278077146679,25.2062563137331,9268,141,26.6737588652482,0.11182204121459
"result_final_convex_5000",13.99,946.263510326001,0.923528985593062,25.4403035225702,4600,208,6.72596153846154,1.08280304744072
"result_final_convex_5000",13.09,425.604465537627,0.827418056017062,24.5093894032642,4638,226,5.79203539823009,1.20857889518836
"result_final_convex_5000",39.54,953.597428087912,9.34610384560869,24.7045462330235,9392,132,29.9545454545455,0.106996457188934
"result_final_convex_5000",10.78,487.184818132976,0.627598923774049,25.7022409394854,3928,199,5.41708542713568,1.59337430661373
"result_final_convex_5000",34.96,1341.48963926997,8.13510325855301,24.8024330983445,8762,156,22.4102564102564,0.122924069703557
"result_final_convex_5000",28.5,617.940052518554,5.19099889365302,25.1028225905933,7968,229,12.4454148471616,0.192641150669997
"result_final_convex_5000",12.53,633.213004197542,0.773190451497488,25.1120853142053,4386,205,6.11219512195122,1.29334240750547
"result_final_convex_5000",3.34,307.269990641669,0.274803429824155,24.2798515676621,1340,85,3.92941176470588,3.63896477070863
"result_final_convex_5000",35.92,2637.7605788956,8.46302487506057,25.5941955901849,8880,137,26.2189781021898,0.118161061176468
"result_final_convex_5000",42.4,2996.41105399617,9.71340928398031,23.9279416813486,9784,96,44.1666666666667,0.102950464740453
"result_final_convex_5000",21.7,2477.08668067583,2.42337495569817,24.9054826809102,6442,220,9.86363636363636,0.412647658031071
"result_final_convex_5000",2.79,127.750478624003,0.259584558233704,24.7449371633913,1082,68,4.10294117647059,3.8523092698746
"result_final_convex_5000",13.47,1897.61747034387,0.866593780532809,25.1751063294733,4468,204,6.60294117647059,1.15394319975983
"result_final_convex_5000",36.54,3129.2150693345,8.6534540350019,25.4104494680193,9396,134,27.2686567164179,0.115560791789631
"result_final_convex_5000",25.11,1182.44408264233,3.64054729684567,24.8527588271431,7360,231,10.8701298701299,0.27468397426575
"result_final_convex_5000",24.06,1054.87977929453,3.22424015769317,25.5614188752632,7208,238,10.109243697479,0.310150593966755
"result_final_convex_5000",28.99,799.994215601012,5.43190752733393,25.4247579979073,8016,180,16.1055555555556,0.184097390275496
"result_final_convex_5000",21.22,849.742310069432,2.28328058886389,25.0013375106332,6560,256,8.2890625,0.437966321299818
"result_final_convex_5000",3.91,235.481833561814,0.291689926607516,24.5067704294162,1496,93,4.20430107526882,3.42829802739658
"result_final_convex_5000",16.99,1092.36771239107,1.34129266407519,25.8204213116824,5566,229,7.41921397379913,0.745549444042842
"result_final_convex_5000",31.67,939.026665077196,6.74261578183751,24.0854535652673,8498,187,16.9358288770053,0.148310393526157
"result_final_convex_5000",28.21,686.124879236876,5.04951043652382,24.6647474349312,7970,235,12.0042553191489,0.198039000527033
"result_final_convex_5000",4.8,213.289374117519,0.320542053344857,25.1253887763001,1802,108,4.44444444444444,3.11971546187153
"result_final_convex_5000",34.44,949.684917256417,7.94112618164898,24.3875479581405,8734,175,19.68,0.125926723379725
"result_final_convex_5000",26.89,745.664797750155,4.4220766484426,23.9776967688248,7672,215,12.506976744186,0.226138097437137
"result_final_convex_5000",8.91,583.113685003919,0.50510159903684,25.8089499195638,3034,149,5.97986577181208,1.97979971139839
"result_final_convex_5000",37.95,2684.83615823769,9.02454074981386,25.3914059969235,9206,153,24.8039215686275,0.110808962774158
"result_final_convex_5000",8.62,317.575904164835,0.488650145431237,25.7236672420523,3078,170,5.07058823529412,2.04645390848599
"result_final_convex_5000",2.04,162.198698817752,0.240395804269944,22.1649818857484,788,51,4,4.15980637863831
"result_final_convex_5000",11.68,455.868468203789,0.69824365386613,23.9469238836931,3998,198,5.8989898989899,1.43216482450369
"result_final_convex_5000",44.78,11482.5034711548,9.87395622375907,26.1896865038818,10050,94,47.6382978723404,0.101276527598306
"result_final_convex_5000",5.17,303.510269818778,0.333505995692221,25.4778569788988,2054,127,4.07086614173228,2.99844684328512
"result_final_convex_5000",14.6,2399.78503387187,0.995556362363186,23.9231861695673,4688,206,7.0873786407767,1.0044634716876
"result_final_convex_5000",29.14,1145.32464420253,5.50597943920715,25.0646000432208,8302,210,13.8761904761905,0.181620729071229
"result_final_convex_5000",5.03,209.537884517923,0.328530295148156,25.376772953817,1800,105,4.79047619047619,3.0438593175982
"result_final_convex_5000",22.37,706.524358606276,2.63162393475511,25.0308993882978,6986,244,9.16803278688525,0.379993503932414
"result_final_convex_5000",28.55,302.251929625398,5.21548674968729,24.7195850436543,8082,203,14.064039408867,0.191736658147959
"result_final_convex_5000",6.9,334.987691296088,0.402798370141338,24.8532764977461,2560,152,4.53947368421053,2.482631693989
"result_final_convex_5000",42.01,2101.68140978969,9.6764216369285,24.4127614948724,9600,119,35.3025210084034,0.103343987841917
"result_final_convex_5000",29.74,666.312232172856,5.8028864733383,25.0915085547763,8102,190,15.6526315789474,0.172328030988467
"result_final_convex_5000",3.71,280.954538792083,0.285630237908918,24.7930945315247,1404,85,4.36470588235294,3.50102988857532
"result_final_convex_5000",6.2,454.655205460292,0.372925567434277,25.6033379251599,2222,123,5.04065040650407,2.68150024381537
"result_final_convex_5000",19.46,1483.98703985286,1.83123805409009,25.4580140677464,6532,261,7.45593869731801,0.546078647593899
"result_final_convex_5000",20.54,1151.16855087295,2.09743230254193,24.783574021833,6464,230,8.9304347826087,0.476773433301316
"result_final_convex_5000",41.5,7232.33812732559,9.62248233901419,26.2712888030053,9612,123,33.739837398374,0.103923287647463
"result_final_convex_5000",20.01,687.895428651803,1.9624860633573,24.5654147983333,6218,221,9.05429864253394,0.509557758738557
"result_final_convex_5000",15.45,565.244837440699,1.10620250498164,25.3705388013885,5190,234,6.6025641025641,0.90399361373404
"result_final_convex_5000",44.62,3540.47277040732,9.86608886405595,24.9346731256114,9322,99,45.0707070707071,0.101357286943075
"result_final_convex_5000",13.9,1037.67258748388,0.913389741730089,25.0182722902757,4644,211,6.58767772511848,1.09482289357209
"result_final_convex_5000",23.62,547.268371071547,3.06062771688233,24.5586727409313,6976,228,10.359649122807,0.326730361384376
"result_final_convex_5000",9.44,367.933401939844,0.536824040098878,24.8671100974194,3498,183,5.15846994535519,1.8628077830043
"result_final_convex_5000",23.92,2323.64793470918,3.1714749561732,25.2693965245407,7016,220,10.8727272727273,0.3153107036376
"result_final_convex_5000",40.9,1684.70047003936,9.55020284116241,23.6265327226077,9454,118,34.6610169491525,0.104709817857469
"result_final_convex_5000",25.77,824.937159245501,3.91998368717022,24.820262373861,7424,236,10.9194915254237,0.255103102411604
"result_final_convex_5000",20.49,907.288779510013,2.08433695372258,25.060883102798,6360,223,9.18834080717489,0.479768877202902
"result_final_convex_5000",10.87,1079.78357687323,0.634290153637486,24.9042027043171,3768,192,5.66145833333333,1.576565542229
"result_final_convex_5000",22.2,523.740660333877,2.57736565749684,25.2996889906986,6810,241,9.21161825726141,0.387993064581767
"result_final_convex_5000",5.11,204.335330065308,0.331362904525321,25.1256517569147,2096,136,3.75735294117647,3.01783931255825
"result_final_convex_5000",26.62,451.295992183337,4.29810729453066,24.8918835716082,7778,235,11.3276595744681,0.23266054834706
"result_final_convex_5000",10.57,449.723910559422,0.612292375574581,26.2660053094222,3862,224,4.71875,1.63320668342733
"result_final_convex_5000",36.98,3845.98572181853,8.77840191399726,24.9332026921014,9252,139,26.6043165467626,0.113915950738766
"result_final_convex_5000",33.41,470.333194636214,7.52524922272929,24.2106795010722,8870,184,18.1576086956522,0.132885964358442
"result_final_convex_5000",31.63,387.141782335369,6.72369424598861,24.9821749918369,8518,211,14.9905213270142,0.148727762360194
"result_final_convex_5000",5.43,251.486845242692,0.342980721482918,25.2875207474608,2048,123,4.41463414634146,2.91561576894579
"result_final_convex_5000",41.27,1612.60300249076,9.5959495408736,25.9773755157891,9648,145,28.4620689655172,0.104210635512467
"result_final_convex_5000",38.2,691.899547269133,9.0816266523378,25.7438787752349,9480,165,23.1515151515152,0.110112432307772
"result_final_convex_5000",33.22,652.840402880527,7.44427431116059,25.3898362690729,8844,207,16.048309178744,0.134331428182433
"result_final_convex_5000",25.43,581.401564630502,3.77439462660326,24.8581022571737,7548,223,11.4035874439462,0.264943149545532
"result_final_convex_5000",32.08,2873.52504597903,6.93450599053658,24.5202914158849,8454,180,17.8222222222222,0.144206379137128
"result_final_convex_5000",21.35,573.883394545698,2.32048406534089,25.2291836306827,6624,242,8.82231404958678,0.43094456666872
"result_final_convex_5000",29.37,969.889831454372,5.61972992273253,23.6518119622507,8306,209,14.0526315789474,0.177944494441783
"result_final_convex_5000",8.02,278.626989293451,0.456517244528448,24.7039053771323,3124,185,4.33513513513514,2.19049775662458
"result_final_convex_5000",31.74,1716.56354260502,6.77564673472234,24.5384014780534,8634,179,17.731843575419,0.147587387470398
"result_final_convex_5000",32.33,636.544618295387,7.04949900001052,25.8381816961087,8462,185,17.4756756756757,0.141854052323223
"result_final_convex_5000",25.74,1320.64779245939,3.90700135765776,24.6450181082739,7432,223,11.542600896861,0.255950768494101
"result_final_convex_5000",27.84,1021.70956565907,4.87058318392232,25.6481130308733,7720,201,13.8507462686567,0.205314222596788
"result_final_convex_5000",34.06,961.391443477408,7.7924260430877,23.9140447954006,8644,172,19.8023255813953,0.128329738963266
"result_final_convex_5000",2.33,124.126848398987,0.247611020503504,24.8895101602565,924,62,3.75806451612903,4.03859245831043
"result_final_convex_5000",34.64,1974.51148901482,8.0170562442297,24.4819263201092,8868,169,20.4970414201183,0.124734063169353
"result_final_convex_5000",40.92,3275.19315500649,9.55277529782924,24.8352091841828,9398,120,34.1,0.104681620662347
"result_final_convex_5000",38.99,743.747571973813,9.24573687203531,23.2910285182275,8992,131,29.763358778626,0.108157955806054
"result_final_convex_5000",29.86,985.228813585342,5.86226197058242,24.5382203938458,8430,222,13.4504504504505,0.170582618964851
"result_final_convex_5000",7.82,319.07378358543,0.446348662082104,25.4673200761317,2910,160,4.8875,2.24040102491907
"result_final_convex_5000",34.84,242.087459325958,8.09133722914502,25.1794348881508,8608,169,20.6153846153846,0.123588965788992
"result_final_convex_5000",2.9,291.837397730693,0.262547658246711,25.1239803713295,1128,78,3.71794871794872,3.80883229611715
"result_final_convex_5000",22.12,527.56801861131,2.5521677693863,24.7711822173604,6490,233,9.49356223175966,0.391823771146699
"result_final_convex_5000",10.95,643.735712571213,0.64030521123787,25.2013660736587,4070,218,5.02293577981651,1.56175521056084
"result_final_convex_5000",13.64,449.324989433471,0.884773936613691,25.2217039767619,4692,210,6.4952380952381,1.1302322080455
"result_final_convex_5000",39.86,1682.32348991732,9.3995641528082,24.6384554238931,9414,130,30.6615384615385,0.106387911582181
"result_final_convex_5000",12.25,1664.92025424229,0.747558784830631,25.0302297177424,4126,203,6.03448275862069,1.3376874438397
"result_final_convex_5000",26.98,745.90895246468,4.46377548778803,24.1940340446424,7890,220,12.2636363636364,0.224025604051054
"result_final_convex_5000",1.46,118.628802250927,0.226694058018495,24.565570625851,504,27,5.40740740740741,4.41123163412785
"result_final_convex_5000",11.49,605.480167459188,0.682619082412799,25.8494041387234,4112,221,5.19909502262443,1.46494586184931
"result_final_convex_5000",3.13,251.882452233461,0.268872336364601,25.2727222356264,1164,75,4.17333333333333,3.71923721689227
"result_final_convex_5000",7.19,755.737580157171,0.415976090855546,24.7029372903116,2486,137,5.24817518248175,2.40398432021244
"result_final_convex_5000",20.41,478.158217114377,2.06354389962826,25.1572166676817,6490,239,8.53974895397489,0.484603211097252
"result_final_none_0",3.68,0.437986040484906,10,26.2115393618511,1388,81,4.54320987654321,0.1
"result_final_none_0",16.55,4.71658032696868,10,24.3540707199368,5588,236,7.01271186440678,0.1
"result_final_none_0",10.21,2.96935734957946,10,25.1209751047959,3564,179,5.70391061452514,0.1
"result_final_none_0",18.95,32.5069463992094,10,24.6487822457833,6096,246,7.70325203252033,0.1
"result_final_none_0",25.94,46.4740596812267,10,25.2603646417481,7516,217,11.9539170506912,0.1
"result_final_none_0",19.32,13.7130738231195,10,25.0874911769656,6102,249,7.75903614457831,0.1
"result_final_none_0",29.37,104.228079898007,10,24.1852782475291,8110,201,14.6119402985075,0.1
"result_final_none_0",8.18,3.85410568406445,10,25.4732128572436,3036,169,4.84023668639053,0.1
"result_final_none_0",12.27,1.48388047945597,10,25.0622599259696,4432,216,5.68055555555556,0.1
"result_final_none_0",24.58,51.7644598311788,10,24.4459418206822,7102,221,11.1221719457014,0.1
"result_final_none_0",41.33,2057.22392028707,10,25.490101283755,9530,131,31.5496183206107,0.1
"result_final_none_0",10.19,1.65141195328965,10,24.917199871124,3670,204,4.99509803921569,0.1
"result_final_none_0",12.68,5.95556002267689,10,24.4758664575216,4064,190,6.67368421052632,0.1
"result_final_none_0",10.38,4.3743388544147,10,25.3709974293383,3790,208,4.99038461538461,0.1
"result_final_none_0",7.01,1.43956825972195,10,25.6842428873626,2464,132,5.31060606060606,0.1
"result_final_none_0",0.74,0.128020992982624,10,22.748750330235,316,25,2.96,0.1
"result_final_none_0",33.83,975.940557647504,10,25.1200786600957,8750,173,19.5549132947977,0.1
"result_final_none_0",18.98,9.58748010143171,10,25.0790078805072,6170,252,7.53174603174603,0.1
"result_final_none_0",37.76,1343.97345506283,10,25.4801959693378,9392,148,25.5135135135135,0.1
"result_final_none_0",9.27,2.11004092096245,10,24.1689427061347,3330,164,5.65243902439024,0.1
"result_final_none_0",42.75,3734.22086495919,10,27.0788637767366,9372,111,38.5135135135135,0.1
"result_final_none_0",21.64,11.4848655514963,10,24.5675629618925,6872,259,8.35521235521236,0.1
"result_final_none_0",10.8,2.56408589433281,10,25.5197175860655,3760,183,5.9016393442623,0.1
"result_final_none_0",33.84,155.366471239144,10,24.1413929710015,8956,183,18.4918032786885,0.1
"result_final_none_0",12.22,5.48955832226499,10,25.1318081071521,4240,214,5.71028037383178,0.1
"result_final_none_0",27.23,51.890795628317,10,24.9658042814976,7600,208,13.0913461538462,0.1
"result_final_none_0",21.87,27.0372493006129,10,24.5767014241147,6658,234,9.34615384615385,0.1
"result_final_none_0",27.36,25.4842973679144,10,24.649519636728,7854,234,11.6923076923077,0.1
"result_final_none_0",20.69,32.3863245025963,10,25.8153953053778,6404,219,9.44748858447489,0.1
"result_final_none_0",1.09,0.0741174188995324,10,25.4937293671851,416,30,3.63333333333333,0.1
"result_final_none_0",29.6,51.5069496662864,10,24.8854230453791,8516,201,14.726368159204,0.1
"result_final_none_0",26.09,32.3405130130191,10,25.5902204578615,7578,214,12.1915887850467,0.1
"result_final_none_0",13.3,6.38414341515443,10,24.0740542157254,4610,222,5.99099099099099,0.1
"result_final_none_0",4.05,0.754860805794965,10,26.1477638754723,1536,90,4.5,0.1
"result_final_none_0",13.53,4.8583744449406,10,25.7458949586309,4622,214,6.32242990654206,0.1
"result_final_none_0",8.85,1.62525003623468,10,26.1202830305844,3170,169,5.23668639053254,0.1
"result_final_none_0",19.81,12.581391611274,10,24.4583880237135,6110,230,8.61304347826087,0.1
"result_final_none_0",1.67,0.0467134653044293,10,26.442116926958,624,42,3.97619047619048,0.1
"result_final_none_0",28.09,108.439147567086,10,24.0495503744523,8110,219,12.8264840182648,0.1
"result_final_none_0",2.4,0.444704501942153,10,25.2749585634788,956,62,3.87096774193548,0.1
"result_final_none_0",39.01,842.056783727313,10,24.573834436969,9186,139,28.0647482014388,0.1
"result_final_none_0",31.82,167.800631679226,10,24.9644246468537,8586,204,15.5980392156863,0.1
"result_final_none_0",6.21,1.28130880767701,10,24.9973742748898,2322,138,4.5,0.1
"result_final_none_0",11.68,2.2400798514208,10,24.5747201523794,4280,217,5.38248847926267,0.1
"result_final_none_0",32.1,316.202912646563,10,25.1072916738177,8670,184,17.445652173913,0.1
"result_final_none_0",36.58,1292.55737751047,10,23.3969852790616,9114,139,26.3165467625899,0.1
"result_final_none_0",37.16,603.428780359867,10,25.4526073192147,9298,153,24.2875816993464,0.1
"result_final_none_0",32.21,171.767818811321,10,24.6515413216933,8718,193,16.6891191709845,0.1
"result_final_none_0",17.67,13.0446246753158,10,25.7208638998122,5578,235,7.51914893617021,0.1
"result_final_none_0",12.37,6.0509877258556,10,24.256521859863,4290,201,6.15422885572139,0.1
"result_final_none_0",25.92,27.8103621268783,10,25.0067355460187,7514,236,10.9830508474576,0.1
"result_final_none_0",26.73,111.322415830851,10,24.8678195035212,7556,224,11.9330357142857,0.1
"result_final_none_0",14,1.95419103482989,10,25.1112324609406,5022,227,6.16740088105727,0.1
"result_final_none_0",30.37,92.4481444430413,10,25.2166154677864,8436,210,14.4619047619048,0.1
"result_final_none_0",11.77,7.95927914493752,10,25.2952319261213,4014,192,6.13020833333333,0.1
"result_final_none_0",36.28,729.287947492551,10,24.7633368663974,9108,165,21.9878787878788,0.1
"result_final_none_0",26.97,61.1048242220037,10,24.7184423100898,7712,213,12.6619718309859,0.1
"result_final_none_0",40.4,1244.25162919133,10,23.9456890281688,9244,120,33.6666666666667,0.1
"result_final_none_0",8.18,4.54034476469886,10,25.8251434866633,3062,165,4.95757575757576,0.1
"result_final_none_0",29.17,113.736575150193,10,24.3359447217425,8046,206,14.1601941747573,0.1
"result_final_none_0",2.93,0.876029591090104,10,25.3791967945068,1180,72,4.06944444444444,0.1
"result_final_none_0",4.6,0.377325031954862,10,24.510285839422,1804,105,4.38095238095238,0.1
"result_final_none_0",24.96,37.135093615045,10,25.2811785399478,7374,231,10.8051948051948,0.1
"result_final_none_0",14.16,5.76497068987447,10,25.2429258405646,4788,225,6.29333333333333,0.1
"result_final_none_0",23.45,26.4268986866985,10,24.8225332478769,7134,220,10.6590909090909,0.1
"result_final_none_0",33.04,292.439027703155,10,24.7026927640054,8740,185,17.8594594594595,0.1
"result_final_none_0",43.53,1110.92464618343,10,22.8309140029581,9654,102,42.6764705882353,0.1
"result_final_none_0",9.41,4.3285975093463,10,26.1946556513351,3278,182,5.17032967032967,0.1
"result_final_none_0",2.07,0.171785917044072,10,24.6568518782877,800,49,4.22448979591837,0.1
"result_final_none_0",35.25,442.586279779703,10,23.4566120908063,8624,158,22.3101265822785,0.1
"result_final_none_0",25.12,52.0839839896961,10,24.2074184140618,7350,213,11.7934272300469,0.1
"result_final_none_0",14.76,4.69112501843035,10,25.7655699586333,5260,255,5.78823529411765,0.1
"result_final_none_0",21.43,14.0846940125939,10,24.8385251461438,6700,242,8.85537190082645,0.1
"result_final_none_0",5.64,0.754650063903494,10,25.7026756378011,2226,137,4.11678832116788,0.1
"result_final_none_0",14.22,9.48617187337532,10,24.8764904511108,5000,236,6.02542372881356,0.1
"result_final_none_0",38.84,657.261585769342,10,24.8193558041828,9326,139,27.9424460431655,0.1
"result_final_none_0",3.15,0.0606415229918713,10,25.8508355539559,1316,88,3.57954545454545,0.1
"result_final_none_0",35.7,507.079175552574,10,25.9421893923974,8658,168,21.25,0.1
"result_final_none_0",1.81,0.0875933109881111,10,25.7906943680457,778,53,3.41509433962264,0.1
"result_final_none_0",19.27,16.3196289366474,10,25.4646662256114,6134,230,8.37826086956522,0.1
"result_final_none_0",4.1,0.567429861117233,10,25.2447217285127,1662,100,4.1,0.1
"result_final_none_0",9.66,1.68022521154215,10,25.1863897460395,3426,172,5.61627906976744,0.1
"result_final_none_0",34.2,448.350597194101,10,24.9924509545277,8850,176,19.4318181818182,0.1
"result_final_none_0",27.2,56.5566689530454,10,24.8245359161409,7698,215,12.6511627906977,0.1
"result_final_none_0",37.3,793.550652036094,10,23.8001446810061,9224,147,25.3741496598639,0.1
"result_final_none_0",36.6,1007.27418138072,10,23.2490708890277,9008,144,25.4166666666667,0.1
"result_final_none_0",33.5,281.780539095188,10,24.4058431492904,8760,178,18.8202247191011,0.1
"result_final_none_0",25.04,47.8936587294111,10,24.322183915479,7598,232,10.7931034482759,0.1
"result_final_none_0",21.9,19.7487776552692,10,25.7548950058344,6858,244,8.97540983606557,0.1
"result_final_none_0",17.58,12.1354434241322,10,25.2840085066157,5658,221,7.95475113122172,0.1
"result_final_none_0",9.58,0.929836685873794,10,25.8524047673735,3552,190,5.04210526315789,0.1
"result_final_none_0",2.01,0.0943312579871965,10,24.6974654796448,838,56,3.58928571428571,0.1
"result_final_none_0",3.62,0.09922232833835,10,26.741881222277,1492,101,3.58415841584158,0.1
"result_final_none_0",38.27,340.291087084979,10,25.1204329165501,9280,142,26.9507042253521,0.1
"result_final_none_0",11.78,2.68844764221301,10,24.9306227628927,4172,198,5.94949494949495,0.1
"result_final_none_0",2.59,0.0741174169899401,10,23.7393843086014,944,56,4.625,0.1
"result_final_none_0",29.59,91.3697971583806,10,25.337015597464,8068,207,14.2946859903382,0.1
"result_final_none_0",36.37,1168.30449990685,10,26.2765604422345,9136,157,23.1656050955414,0.1
"result_final_none_0",7.86,3.74562348128536,10,24.2449503720695,2850,148,5.31081081081081,0.1
"result_final_none_0",35.55,488.767691336295,10,24.2015100221252,8802,153,23.2352941176471,0.1
"result_final_none_0",1.46,0.00673794699908547,10,26.9997914788474,628,42,3.47619047619048,0.1
"result_final_none_0",39.58,1656.42235959773,10,25.4084192725588,9508,140,28.2714285714286,0.1
"result_final_none_0",17.98,10.3545266650305,10,25.1960559786002,5894,249,7.22088353413655,0.1
"result_final_none_0",37.61,1088.11953774474,10,25.2062563137331,9268,141,26.6737588652482,0.1
"result_final_none_0",13.99,9.1228930772331,10,25.4403035225702,4600,208,6.72596153846154,0.1
"result_final_none_0",13.09,2.67923020857915,10,24.5093894032642,4638,226,5.79203539823009,0.1
"result_final_none_0",39.54,687.615984637327,10,24.7045462330235,9392,132,29.9545454545455,0.1
"result_final_none_0",10.78,3.11229155913472,10,25.7022409394854,3928,199,5.41708542713568,0.1
"result_final_none_0",34.96,527.775129155585,10,24.8024330983445,8762,156,22.4102564102564,0.1
"result_final_none_0",28.5,54.9604247400364,10,25.1028225905933,7968,229,12.4454148471616,0.1
"result_final_none_0",12.53,4.15075129702859,10,25.1120853142053,4386,205,6.11219512195122,0.1
"result_final_none_0",3.34,1.49348546101868,10,24.2798515676621,1340,85,3.92941176470588,0.1
"result_final_none_0",35.92,1223.01529151032,10,25.5941955901849,8880,137,26.2189781021898,0.1
"result_final_none_0",42.4,2589.56739386528,10,23.9279416813486,9784,96,44.1666666666667,0.1
"result_final_none_0",21.7,55.7000759930569,10,24.9054826809102,6442,220,9.86363636363636,0.1
"result_final_none_0",2.79,0.0475622566188849,10,24.7449371633913,1082,68,4.10294117647059,0.1
"result_final_none_0",13.47,15.5765870148934,10,25.1751063294733,4468,204,6.60294117647059,0.1
"result_final_none_0",36.54,1596.00807447895,10,25.4104494680193,9396,134,27.2686567164179,0.1
"result_final_none_0",25.11,48.994157962164,10,24.8527588271431,7360,231,10.8701298701299,0.1
"result_final_none_0",24.06,35.4815106158791,10,25.5614188752632,7208,238,10.109243697479,0.1
"result_final_none_0",28.99,81.0850418969991,10,25.4247579979073,8016,180,16.1055555555556,0.1
"result_final_none_0",21.22,17.2251688136411,10,25.0013375106332,6560,256,8.2890625,0.1
"result_final_none_0",3.91,1.71154465044536,10,24.5067704294162,1496,93,4.20430107526882,0.1
"result_final_none_0",16.99,10.773938240641,10,25.8204213116824,5566,229,7.41921397379913,0.1
"result_final_none_0",31.67,184.219248615698,10,24.0854535652673,8498,187,16.9358288770053,0.1
"result_final_none_0",28.21,57.4797646024496,10,24.6647474349312,7970,235,12.0042553191489,0.1
"result_final_none_0",4.8,0.565991776182232,10,25.1253887763001,1802,108,4.44444444444444,0.1
"result_final_none_0",34.44,336.765973396095,10,24.3875479581405,8734,175,19.68,0.1
"result_final_none_0",26.89,45.8052383280103,10,23.9776967688248,7672,215,12.506976744186,0.1
"result_final_none_0",8.91,2.53874966509911,10,25.8089499195638,3034,149,5.97986577181208,0.1
"result_final_none_0",37.95,1641.29995780778,10,25.3914059969235,9206,153,24.8039215686275,0.1
"result_final_none_0",8.62,1.27347199779447,10,25.7236672420523,3078,170,5.07058823529412,0.1
"result_final_none_0",2.04,0.788339798893,10,22.1649818857484,788,51,4,0.1
"result_final_none_0",11.68,3.34494267630612,10,23.9469238836931,3998,198,5.8989898989899,0.1
"result_final_none_0",44.78,10781.1685122777,10,26.1896865038818,10050,94,47.6382978723404,0.1
"result_final_none_0",5.17,0.485132183934154,10,25.4778569788988,2054,127,4.07086614173228,0.1
"result_final_none_0",14.6,25.2635821259043,10,23.9231861695673,4688,206,7.0873786407767,0.1
"result_final_none_0",29.14,120.997553105141,10,25.0646000432208,8302,210,13.8761904761905,0.1
"result_final_none_0",5.03,1.40563328905592,10,25.376772953817,1800,105,4.79047619047619,0.1
"result_final_none_0",22.37,17.2717495777684,10,25.0308993882978,6986,244,9.16803278688525,0.1
"result_final_none_0",28.55,26.4589032708623,10,24.7195850436543,8082,203,14.064039408867,0.1
"result_final_none_0",6.9,1.81924568996173,10,24.8532764977461,2560,152,4.53947368421053,0.1
"result_final_none_0",42.01,1787.45004962248,10,24.4127614948724,9600,119,35.3025210084034,0.1
"result_final_none_0",29.74,80.3190240086413,10,25.0915085547763,8102,190,15.6526315789474,0.1
"result_final_none_0",3.71,0.242566091967077,10,24.7930945315247,1404,85,4.36470588235294,0.1
"result_final_none_0",6.2,2.62759218831859,10,25.6033379251599,2222,123,5.04065040650407,0.1
"result_final_none_0",19.46,12.394929157022,10,25.4580140677464,6532,261,7.45593869731801,0.1
"result_final_none_0",20.54,18.855496369781,10,24.783574021833,6464,230,8.9304347826087,0.1
"result_final_none_0",41.5,5988.2707298464,10,26.2712888030053,9612,123,33.739837398374,0.1
"result_final_none_0",20.01,12.3418181896243,10,24.5654147983333,6218,221,9.05429864253394,0.1
"result_final_none_0",15.45,6.29525622205709,10,25.3705388013885,5190,234,6.6025641025641,0.1
"result_final_none_0",44.62,3311.15317053501,10,24.9346731256114,9322,99,45.0707070707071,0.1
"result_final_none_0",13.9,10.5888625418955,10,25.0182722902757,4644,211,6.58767772511848,0.1
"result_final_none_0",23.62,16.8210829028793,10,24.5586727409313,6976,228,10.359649122807,0.1
"result_final_none_0",9.44,1.53314947341971,10,24.8671100974194,3498,183,5.15846994535519,0.1
"result_final_none_0",23.92,73.1436820954191,10,25.2693965245407,7016,220,10.8727272727273,0.1
"result_final_none_0",40.9,1345.35845912561,10,23.6265327226077,9454,118,34.6610169491525,0.1
"result_final_none_0",25.77,39.251611069557,10,24.820262373861,7424,236,10.9194915254237,0.1
"result_final_none_0",20.49,11.3066010231647,10,25.060883102798,6360,223,9.18834080717489,0.1
"result_final_none_0",10.87,8.8940902081675,10,24.9042027043171,3768,192,5.66145833333333,0.1
"result_final_none_0",22.2,11.5992172901188,10,25.2996889906986,6810,241,9.21161825726141,0.1
"result_final_none_0",5.11,0.182817557932027,10,25.1256517569147,2096,136,3.75735294117647,0.1
"result_final_none_0",26.62,19.9511068426109,10,24.8918835716082,7778,235,11.3276595744681,0.1
"result_final_none_0",10.57,1.21550564851679,10,26.2660053094222,3862,224,4.71875,0.1
"result_final_none_0",36.98,2087.35506839191,10,24.9332026921014,9252,139,26.6043165467626,0.1
"result_final_none_0",33.41,135.815899600712,10,24.2106795010722,8870,184,18.1576086956522,0.1
"result_final_none_0",31.63,75.1596894648128,10,24.9821749918369,8518,211,14.9905213270142,0.1
"result_final_none_0",5.43,0.741174338145662,10,25.2875207474608,2048,123,4.41463414634146,0.1
"result_final_none_0",41.27,1317.55007260986,10,25.9773755157891,9648,145,28.4620689655172,0.1
"result_final_none_0",38.2,437.129735439878,10,25.7438787752349,9480,165,23.1515151515152,0.1
"result_final_none_0",33.22,181.643430893736,10,25.3898362690729,8844,207,16.048309178744,0.1
"result_final_none_0",25.43,24.3681777683766,10,24.8581022571737,7548,223,11.4035874439462,0.1
"result_final_none_0",32.08,619.218840345874,10,24.5202914158849,8454,180,17.8222222222222,0.1
"result_final_none_0",21.35,12.2539843053275,10,25.2291836306827,6624,242,8.82231404958678,0.1
"result_final_none_0",29.37,108.202886081464,10,23.6518119622507,8306,209,14.0526315789474,0.1
"result_final_none_0",8.02,0.916373058882179,10,24.7039053771323,3124,185,4.33513513513514,0.1
"result_final_none_0",31.74,342.325641594846,10,24.5384014780534,8634,179,17.731843575419,0.1
"result_final_none_0",32.33,145.547440246339,10,25.8381816961087,8462,185,17.4756756756757,0.1
"result_final_none_0",25.74,62.5994720819812,10,24.6450181082739,7432,223,11.542600896861,0.1
"result_final_none_0",27.84,75.8174369673935,10,25.6481130308733,7720,201,13.8507462686567,0.1
"result_final_none_0",34.06,309.123340438166,10,23.9140447954006,8644,172,19.8023255813953,0.1
"result_final_none_0",2.33,0.29646966795993,10,24.8895101602565,924,62,3.75806451612903,0.1
"result_final_none_0",34.64,732.030464132719,10,24.4819263201092,8868,169,20.4970414201183,0.1
"result_final_none_0",40.92,2618.90226838539,10,24.8352091841828,9398,120,34.1,0.1
"result_final_none_0",38.99,486.918844871576,10,23.2910285182275,8992,131,29.763358778626,0.1
"result_final_none_0",29.86,124.078331248072,10,24.5382203938458,8430,222,13.4504504504505,0.1
"result_final_none_0",7.82,1.80576979575786,10,25.4673200761317,2910,160,4.8875,0.1
"result_final_none_0",34.84,93.1436589217326,10,25.1794348881508,8608,169,20.6153846153846,0.1
"result_final_none_0",2.9,0.350373243952444,10,25.1239803713295,1128,78,3.71794871794872,0.1
"result_final_none_0",22.12,12.150850669142,10,24.7711822173604,6490,233,9.49356223175966,0.1
"result_final_none_0",10.95,2.88957780624014,10,25.2013660736587,4070,218,5.02293577981651,0.1
"result_final_none_0",13.64,3.77479010756534,10,25.2217039767619,4692,210,6.4952380952381,0.1
"result_final_none_0",39.86,1245.92420202092,10,24.6384554238931,9414,130,30.6615384615385,0.1
"result_final_none_0",12.25,13.8063193305653,10,25.0302297177424,4126,203,6.03448275862069,0.1
"result_final_none_0",26.98,46.5832606939935,10,24.1940340446424,7890,220,12.2636363636364,0.1
"result_final_none_0",1.46,0.0336898390583559,10,24.565570625851,504,27,5.40740740740741,0.1
"result_final_none_0",11.49,2.80701698253761,10,25.8494041387234,4112,221,5.19909502262443,0.1
"result_final_none_0",3.13,1.03764383785916,10,25.2727222356264,1164,75,4.17333333333333,0.1
"result_final_none_0",7.19,3.95320007976699,10,24.7029372903116,2486,137,5.24817518248175,0.1
"result_final_none_0",20.41,8.92171283820229,10,25.1572166676817,6490,239,8.53974895397489,0.1
