"movement","habitat_cover","metapop_cap","alpha","mean_distance","edge_density","num_patches","mean_patch_size","mean_dispersal"
"result_final_linear_10",3.68,101.710175338895,0.912259433247462,26.2115393618511,1388,81,4.54320987654321,1.09617940199336
"result_final_linear_10",16.55,3027.46674653428,0.925782116707344,24.3540707199368,5588,236,7.01271186440678,1.08016776512882
"result_final_linear_10",10.21,384.09733160195,0.91858656954618,25.1209751047959,3564,179,5.70391061452514,1.08862902327653
"result_final_linear_10",18.95,3198.84182119145,0.928833371533349,24.6487822457833,6096,246,7.70325203252033,1.07661937075879
"result_final_linear_10",25.94,4535.02386361807,0.938989755553302,25.2603646417481,7516,217,11.9539170506912,1.06497434512557
"result_final_linear_10",19.32,1488.58725781736,0.929321784002949,25.0874911769656,6102,249,7.75903614457831,1.07605354486862
"result_final_linear_10",29.37,12414.8563575332,0.944807105784151,24.1852782475291,8110,201,14.6119402985075,1.05841710321393
"result_final_linear_10",8.18,366.919812078732,0.916513614948495,25.4732128572436,3036,169,4.84023668639053,1.09109126551949
"result_final_linear_10",12.27,295.133777221809,0.920798522188169,25.0622599259696,4432,216,5.68055555555556,1.08601390630343
"result_final_linear_10",24.58,5094.02254513158,0.936847858491504,24.4459418206822,7102,221,11.1221719457014,1.06740917528507
"result_final_linear_10",41.33,196716.190966569,0.971293291834978,25.490101283755,9530,131,31.5496183206107,1.02955513891256
"result_final_linear_10",10.19,441.324754842819,0.91856564251524,24.917199871124,3670,204,4.99509803921569,1.08865382474112
"result_final_linear_10",12.68,561.737804907856,0.921252532072924,24.4758664575216,4064,190,6.67368421052632,1.08547869903802
"result_final_linear_10",10.38,451.973987933002,0.918764865086525,25.3709974293383,3790,208,4.99038461538461,1.08841776389199
"result_final_linear_10",7.01,379.163310200904,0.915364019372367,25.6842428873626,2464,132,5.31060606060606,1.09246155500591
"result_final_linear_10",0.74,12.2105761686204,0.909707456558399,22.748750330235,316,25,2.96,1.0992544831755
"result_final_linear_10",33.83,91191.4127624309,0.953403262059824,25.1200786600957,8750,173,19.5549132947977,1.04887411213541
"result_final_linear_10",18.98,1172.5981968304,0.928872787306246,25.0790078805072,6170,252,7.53174603174603,1.07657368550975
"result_final_linear_10",37.76,189243.265231825,0.962156814246846,25.4801959693378,9392,148,25.5135135135135,1.03933161953728
"result_final_linear_10",9.27,285.394070375105,0.917613981148105,24.1689427061347,3330,164,5.65243902439024,1.08978287225835
"result_final_linear_10",42.75,420709.306702886,0.975298126064736,27.0788637767366,9372,111,38.5135135135135,1.02532751091703
"result_final_linear_10",21.64,1261.26171009131,0.932501904036558,24.5675629618925,6872,259,8.35521235521236,1.07238386932108
"result_final_linear_10",10.8,254.324646322472,0.919208573784007,25.5197175860655,3760,183,5.9016393442623,1.08789237668161
"result_final_linear_10",33.84,15244.8911489293,0.953424025824303,24.1413929710015,8956,183,18.4918032786885,1.04885126964933
"result_final_linear_10",12.22,892.088874413115,0.920743475706973,25.1318081071521,4240,214,5.71028037383178,1.08607883344725
"result_final_linear_10",27.23,5524.73623112634,0.941104960943562,24.9658042814976,7600,208,13.0913461538462,1.06258073381888
"result_final_linear_10",21.87,2560.97096049676,0.932828692869765,24.5767014241147,6658,234,9.34615384615385,1.07200819147575
"result_final_linear_10",27.36,2931.70169411107,0.941322828115281,24.649519636728,7854,234,11.6923076923077,1.06233480176211
"result_final_linear_10",20.69,3097.21786915892,0.931174564410839,25.8153953053778,6404,219,9.44748858447489,1.07391249527172
"result_final_linear_10",1.09,18.0453410245444,0.910002576086557,25.4937293671851,416,30,3.63333333333333,1.09889798806996
"result_final_linear_10",29.6,6752.76454851475,0.945220193340494,24.8854230453791,8516,201,14.726368159204,1.05795454545455
"result_final_linear_10",26.09,5134.13403214249,0.939231433945001,25.5902204578615,7578,214,12.1915887850467,1.06470031118928
"result_final_linear_10",13.3,866.610047473648,0.92194810718843,24.0740542157254,4610,222,5.99099099099099,1.08465974625144
"result_final_linear_10",4.05,74.4553896195035,0.912592733498193,26.1477638754723,1536,90,4.5,1.09577905158937
"result_final_linear_10",13.53,656.585661564153,0.922208950130114,25.7458949586309,4622,214,6.32242990654206,1.08435295478201
"result_final_linear_10",8.85,223.662881502446,0.917186556651238,26.1202830305844,3170,169,5.23668639053254,1.09029072956665
"result_final_linear_10",19.81,1269.90416516201,0.92997634179153,24.4583880237135,6110,230,8.61304347826087,1.07529617159247
"result_final_linear_10",1.67,29.610937785516,0.91049668506241,26.442116926958,624,42,3.97619047619048,1.09830163734364
"result_final_linear_10",28.09,11341.5786948508,0.942562785088869,24.0495503744523,8110,219,12.8264840182648,1.0609372827145
"result_final_linear_10",2.4,119.326597984524,0.911127707244212,25.2749585634788,956,62,3.87096774193548,1.09754098360656
"result_final_linear_10",39.01,107765.798591248,0.96521491422422,24.573834436969,9186,139,28.0647482014388,1.03603869486801
"result_final_linear_10",31.82,20298.8842549559,0.949370613790799,24.9644246468537,8586,204,15.5980392156863,1.05332942211792
"result_final_linear_10",6.21,122.002229454573,0.914596091586379,24.9973742748898,2322,138,4.5,1.09337882503465
"result_final_linear_10",11.68,377.417294011725,0.920153358893149,24.5747201523794,4280,217,5.38248847926267,1.08677536231884
"result_final_linear_10",32.1,31057.0287252325,0.949916060436486,25.1072916738177,8670,184,17.445652173913,1.05272459499264
"result_final_linear_10",36.58,120514.043507574,0.959397313324458,23.3969852790616,9114,139,26.3165467625899,1.04232103437402
"result_final_linear_10",37.16,62165.5757165877,0.960738747553816,25.4526073192147,9298,153,24.2875816993464,1.0408656906429
"result_final_linear_10",32.21,23316.864391619,0.950131748612435,24.6515413216933,8718,193,16.6891191709845,1.05248561734769
"result_final_linear_10",17.67,1775.61191161508,0.927181404567773,25.7208638998122,5578,235,7.51914893617021,1.07853759261509
"result_final_linear_10",12.37,817.320744175923,0.920908823405776,24.256521859863,4290,201,6.15422885572139,1.08588382973867
"result_final_linear_10",25.92,4113.37498625999,0.938957615088217,25.0067355460187,7514,236,10.9830508474576,1.06501079913607
"result_final_linear_10",26.73,12519.7061724683,0.940275139879883,24.8678195035212,7556,224,11.9330357142857,1.06351849324417
"result_final_linear_10",14,709.140181193227,0.92274678111588,25.1112324609406,5022,227,6.16740088105727,1.08372093023256
"result_final_linear_10",30.37,20718.3244823538,0.946625700146827,25.2166154677864,8436,210,14.4619047619048,1.05638374263967
"result_final_linear_10",11.77,772.674642312624,0.920251157745421,25.2952319261213,4014,192,6.13020833333333,1.08665986625864
"result_final_linear_10",36.28,83357.2893191067,0.95871449205585,24.7633368663974,9108,165,21.9878787878788,1.04306340238544
"result_final_linear_10",26.97,6949.19318270597,0.94067185326395,24.7184423100898,7712,213,12.6619718309859,1.06306997124469
"result_final_linear_10",40.4,121713.190348062,0.968790637191157,23.9456890281688,9244,120,33.6666666666667,1.03221476510067
"result_final_linear_10",8.18,480.640563103484,0.916513614948495,25.8251434866633,3062,165,4.95757575757576,1.09109126551949
"result_final_linear_10",29.17,10799.5766028004,0.944450370686437,24.3359447217425,8046,206,14.1601941747573,1.05881688550049
"result_final_linear_10",2.93,149.022437645482,0.911592351902633,25.3791967945068,1180,72,4.06944444444444,1.09698155969919
"result_final_linear_10",4.6,83.1556418495654,0.913093415007657,24.510285839422,1804,105,4.38095238095238,1.09517819706499
"result_final_linear_10",24.96,4337.21874608841,0.937437537477513,25.2811785399478,7374,231,10.8051948051948,1.06673773987207
"result_final_linear_10",14.16,736.768862688346,0.922931360743162,25.2429258405646,4788,225,6.29333333333333,1.08350419384902
"result_final_linear_10",23.45,2948.70722773068,0.935133154165649,24.8225332478769,7134,220,10.6590909090909,1.06936642717178
"result_final_linear_10",33.04,27681.673332387,0.951785308164658,24.7026927640054,8740,185,17.8594594594595,1.05065710872162
"result_final_linear_10",43.53,119277.021448282,0.977598504258708,22.8309140029581,9654,102,42.6764705882353,1.0229148220294
"result_final_linear_10",9.41,431.940310099856,0.917757425943186,26.1946556513351,3278,182,5.17032967032967,1.08961254001545
"result_final_linear_10",2.07,24.01112222161,0.910841177127125,24.6568518782877,800,49,4.22448979591837,1.09788624527724
"result_final_linear_10",35.25,52064.9630405804,0.95642540620384,23.4566120908063,8624,158,22.3101265822785,1.04555984555985
"result_final_linear_10",25.12,5376.80383041232,0.937687838108595,24.2074184140618,7350,213,11.7934272300469,1.06645299145299
"result_final_linear_10",14.76,604.943968609766,0.923630374479889,25.7655699586333,5260,255,5.78823529411765,1.08268418582825
"result_final_linear_10",21.43,1804.73743003,0.932205400787813,24.8385251461438,6700,242,8.85537190082645,1.07272495863561
"result_final_linear_10",5.64,146.958384701613,0.914057656540608,25.7026756378011,2226,137,4.11678832116788,1.09402289105553
"result_final_linear_10",14.22,1330.52063152206,0.923000774726694,24.8764904511108,5000,236,6.02542372881356,1.08342270925624
"result_final_linear_10",38.84,79844.1757745814,0.964790509843513,24.8193558041828,9326,139,27.9424460431655,1.03649444081099
"result_final_linear_10",3.15,77.1463347657468,0.911786857465637,25.8508355539559,1316,88,3.57954545454545,1.09674754775426
"result_final_linear_10",35.7,52125.1535230775,0.957415128052412,25.9421893923974,8658,168,21.25,1.04447900466563
"result_final_linear_10",1.81,15.1696020619341,0.91061690840969,25.7906943680457,778,53,3.41509433962264,1.09815663509522
"result_final_linear_10",19.27,1766.27024295168,0.929255490584281,25.4646662256114,6134,230,8.37826086956522,1.07613031091292
"result_final_linear_10",4.1,54.6234433463388,0.912637990102779,25.2447217285127,1662,100,4.1,1.09572471324296
"result_final_linear_10",9.66,347.689568435922,0.918014795545078,25.1863897460395,3426,172,5.61627906976744,1.08930706220943
"result_final_linear_10",34.2,44960.4997370095,0.954176334106729,24.9924509545277,8850,176,19.4318181818182,1.04802431610942
"result_final_linear_10",27.2,6293.34662513929,0.94105480868666,24.8245359161409,7698,215,12.6511627906977,1.06263736263736
"result_final_linear_10",37.3,121146.020210264,0.961066830165543,23.8001446810061,9224,147,25.3741496598639,1.04051036682616
"result_final_linear_10",36.6,93253.9595223147,0.959443099273608,23.2490708890277,9008,144,25.4166666666667,1.04227129337539
"result_final_linear_10",33.5,33278.7722445745,0.952722063037249,24.4058431492904,8760,178,18.8202247191011,1.04962406015038
"result_final_linear_10",25.04,4835.23625098019,0.937562537522513,24.322183915479,7598,232,10.7931034482759,1.06659551760939
"result_final_linear_10",21.9,3837.7412695392,0.932871476349737,25.7548950058344,6858,244,8.97540983606557,1.0719590268886
"result_final_linear_10",17.58,1409.98549890701,0.927067398542248,25.2840085066157,5658,221,7.95475113122172,1.07867022567338
"result_final_linear_10",9.58,305.055503121543,0.917932266709981,25.8524047673735,3552,190,5.04210526315789,1.08940499889405
"result_final_linear_10",2.01,21.1087961071402,0.910789307357698,24.6974654796448,838,56,3.58928571428571,1.09794877028268
"result_final_linear_10",3.62,40.6453497421928,0.912205648519724,26.741881222277,1492,101,3.58415841584158,1.09624403403196
"result_final_linear_10",38.27,55445.2060858675,0.963387227667145,25.1204329165501,9280,142,26.9507042253521,1.03800421189049
"result_final_linear_10",11.78,261.871252248732,0.920262037887007,24.9306227628927,4172,198,5.94949494949495,1.08664701881659
"result_final_linear_10",2.59,22.5871229260589,0.911293642180893,23.7393843086014,944,56,4.625,1.09734113540704
"result_final_linear_10",29.59,9526.99812902812,0.945202169360468,25.337015597464,8068,207,14.2946859903382,1.05797471950007
"result_final_linear_10",36.37,109594.081036393,0.958918560491892,26.2765604422345,9136,157,23.1656050955414,1.04284142699984
"result_final_linear_10",7.86,394.342243622141,0.916196006682046,24.2449503720695,2850,148,5.31081081081081,1.09146950293032
"result_final_linear_10",35.55,57993.9344127059,0.957083457083457,24.2015100221252,8802,153,23.2352941176471,1.04484096198604
"result_final_linear_10",1.46,10.33661321486,0.910317049737639,26.9997914788474,628,42,3.47619047619048,1.09851836817536
"result_final_linear_10",39.58,164313.905897134,0.966658133879432,25.4084192725588,9508,140,28.2714285714286,1.03449189010261
"result_final_linear_10",17.98,1283.68699096703,0.927576223649688,25.1960559786002,5894,249,7.22088353413655,1.07807851743477
"result_final_linear_10",37.61,104377.127798069,0.961799346364926,25.2062563137331,9268,141,26.6737588652482,1.03971790351018
"result_final_linear_10",13.99,946.991955852175,0.922735270136892,25.4403035225702,4600,208,6.72596153846154,1.08373444948262
"result_final_linear_10",13.09,374.256580579891,0.92171127985407,24.5093894032642,4638,226,5.79203539823009,1.08493844206651
"result_final_linear_10",39.54,77854.8860665057,0.96655582555314,24.7045462330235,9392,132,29.9545454545455,1.03460138934833
"result_final_linear_10",10.78,369.980487595824,0.919187340311547,25.7022409394854,3928,199,5.41708542713568,1.08791750728536
"result_final_linear_10",34.96,54151.9153264008,0.95579590877028,24.8024330983445,8762,156,22.4102564102564,1.04624846248462
"result_final_linear_10",28.5,6375.6598895568,0.943271767810026,25.1028225905933,7968,229,12.4454148471616,1.06013986013986
"result_final_linear_10",12.53,553.986355313674,0.921085885177541,25.1120853142053,4386,205,6.11219512195122,1.08567508860181
"result_final_linear_10",3.34,142.456988975131,0.911955619292022,24.2798515676621,1340,85,3.92941176470588,1.09654458928202
"result_final_linear_10",35.92,145557.750844398,0.95790480746233,25.5941955901849,8880,137,26.2189781021898,1.04394506866417
"result_final_linear_10",42.4,378739.17932835,0.974289580514208,23.9279416813486,9784,96,44.1666666666667,1.02638888888889
"result_final_linear_10",21.7,6294.48853460957,0.93258694616484,24.9054826809102,6442,220,9.86363636363636,1.07228607918263
"result_final_linear_10",2.79,34.9691294380808,0.911469076998087,24.7449371633913,1082,68,4.10294117647059,1.09712992490485
"result_final_linear_10",13.47,1809.19573712143,0.922140756212967,25.1751063294733,4468,204,6.60294117647059,1.08443314457414
"result_final_linear_10",36.54,147366.19082238,0.95930584109324,25.4104494680193,9396,134,27.2686567164179,1.04242042231327
"result_final_linear_10",25.11,6269.01818321297,0.937672159062453,24.8527588271431,7360,231,10.8701298701299,1.06647082387502
"result_final_linear_10",24.06,3550.98535390817,0.936051671432798,25.5614188752632,7208,238,10.109243697479,1.0683170924414
"result_final_linear_10",28.99,14662.9724535222,0.944131255650694,25.4247579979073,8016,180,16.1055555555556,1.05917476411773
"result_final_linear_10",21.22,2212.24967280375,0.931910665278698,25.0013375106332,6560,256,8.2890625,1.07306422949987
"result_final_linear_10",3.91,161.383335995402,0.912466289360732,24.5067704294162,1496,93,4.20430107526882,1.09593089811635
"result_final_linear_10",16.99,1575.65623110771,0.92632683122796,25.8204213116824,5566,229,7.41921397379913,1.07953258643537
"result_final_linear_10",31.67,17220.4707995501,0.949080504472471,24.0854535652673,8498,187,16.9358288770053,1.05365139762915
"result_final_linear_10",28.21,5554.60122136139,0.94276934390923,24.6647474349312,7970,235,12.0042553191489,1.06070483354228
"result_final_linear_10",4.8,78.3923126341125,0.91327705295472,25.1253887763001,1802,108,4.44444444444444,1.09495798319328
"result_final_linear_10",34.44,38978.3586667665,0.954683131407269,24.3875479581405,8734,175,19.68,1.04746796827334
"result_final_linear_10",26.89,4442.63292943056,0.940539288838574,23.9776967688248,7672,215,12.506976744186,1.06321980577212
"result_final_linear_10",8.91,287.341944290465,0.917247351673581,25.8089499195638,3034,149,5.97986577181208,1.09021846525414
"result_final_linear_10",37.95,176295.645187471,0.962612472851381,25.3914059969235,9206,153,24.8039215686275,1.03883964544722
"result_final_linear_10",8.62,180.270912156616,0.916954322870675,25.7236672420523,3078,170,5.07058823529412,1.09056686364631
"result_final_linear_10",2.04,74.367566755299,0.91081523356144,22.1649818857484,788,51,4,1.09791751735402
"result_final_linear_10",11.68,368.707945596502,0.920153358893149,23.9469238836931,3998,198,5.8989898989899,1.08677536231884
"result_final_linear_10",44.78,988636.76030734,0.981444618228352,26.1896865038818,10050,94,47.6382978723404,1.01890619340819
"result_final_linear_10",5.17,68.3225366685957,0.913619021927627,25.4778569788988,2054,127,4.07086614173228,1.09454813877465
"result_final_linear_10",14.6,2496.47631402563,0.923442906574394,23.9231861695673,4688,206,7.0873786407767,1.08290398126464
"result_final_linear_10",29.14,19192.6086789399,0.944397057255571,25.0646000432208,8302,210,13.8761904761905,1.05887665819927
"result_final_linear_10",5.03,132.26247551454,0.913489284752414,25.376772953817,1800,105,4.79047619047619,1.09470359060756
"result_final_linear_10",22.37,1908.87003933734,0.933546587137429,25.0308993882978,6986,244,9.16803278688525,1.07118382068788
"result_final_linear_10",28.55,8503.07210664742,0.943358859255347,24.7195850436543,8082,203,14.064039408867,1.06004198740378
"result_final_linear_10",6.9,183.275972817654,0.915257569799449,24.8532764977461,2560,152,4.53947368421053,1.09258861439313
"result_final_linear_10",42.01,182830.786255709,0.973182519970464,24.4127614948724,9600,119,35.3025210084034,1.02755647525435
"result_final_linear_10",29.74,9280.29340481621,0.945473140273442,25.0915085547763,8102,190,15.6526315789474,1.05767150583547
"result_final_linear_10",3.71,129.327389854325,0.912286353128435,24.7930945315247,1404,85,4.36470588235294,1.09614705576903
"result_final_linear_10",6.2,275.414706990289,0.914586583463339,25.6033379251599,2222,123,5.04065040650407,1.09339019189765
"result_final_linear_10",19.46,3987.02492999096,0.92950789400794,25.4580140677464,6532,261,7.45593869731801,1.07583809287311
"result_final_linear_10",20.54,2459.53938964969,0.930968225700628,24.783574021833,6464,230,8.9304347826087,1.07415051598288
"result_final_linear_10",41.5,551304.868979736,0.971760797342193,26.2712888030053,9612,123,33.739837398374,1.02905982905983
"result_final_linear_10",20.01,1254.08670507025,0.93024608084849,24.5654147983333,6218,221,9.05429864253394,1.07498437304663
"result_final_linear_10",15.45,636.464054324017,0.924447846052919,25.3705388013885,5190,234,6.6025641025641,1.08172678888232
"result_final_linear_10",44.62,335989.5136445,0.980940909735015,24.9346731256114,9322,99,45.0707070707071,1.01942939689419
"result_final_linear_10",13.9,1032.29340015455,0.922631804543506,25.0182722902757,4644,211,6.58767772511848,1.08385598141696
"result_final_linear_10",23.62,2014.04943616356,0.935387479180954,24.5586727409313,6976,228,10.359649122807,1.06907567426028
"result_final_linear_10",9.44,265.303442743623,0.91778822766337,24.8671100974194,3498,183,5.15846994535519,1.08957597173145
"result_final_linear_10",23.92,7927.01137149395,0.93583940169258,25.2693965245407,7016,220,10.8727272727273,1.06855941114616
"result_final_linear_10",40.9,139800.521445916,0.970124753775443,23.6265327226077,9454,118,34.6610169491525,1.03079526226734
"result_final_linear_10",25.77,4113.55617171891,0.938717183469068,24.820262373861,7424,236,10.9194915254237,1.06528357806817
"result_final_linear_10",20.49,2200.60780442674,0.930899639394933,25.060883102798,6360,223,9.18834080717489,1.07422965664696
"result_final_linear_10",10.87,864.829349540888,0.919282973720038,24.9042027043171,3768,192,5.66145833333333,1.08780433075283
"result_final_linear_10",22.2,2257.64495146145,0.933301343570058,25.2996889906986,6810,241,9.21161825726141,1.07146529562982
"result_final_linear_10",5.11,56.9381691910658,0.913563368891285,25.1256517569147,2096,136,3.75735294117647,1.09461481715671
"result_final_linear_10",26.62,4517.11595177433,0.940094291278057,24.8918835716082,7778,235,11.3276595744681,1.06372308530935
"result_final_linear_10",10.57,278.322682515143,0.918965021168153,26.2660053094222,3862,224,4.71875,1.08818069998882
"result_final_linear_10",36.98,198870.362183209,0.960319395343167,24.9332026921014,9252,139,26.6043165467626,1.04132021580451
"result_final_linear_10",33.41,14447.3412616208,0.952537620873148,24.2106795010722,8870,184,18.1576086956522,1.04982730139661
"result_final_linear_10",31.63,10145.0150583893,0.949003386819166,24.9821749918369,8518,211,14.9905213270142,1.05373701916045
"result_final_linear_10",5.43,70.2493612997717,0.913861079973716,25.2875207474608,2048,123,4.41463414634146,1.09425822142328
"result_final_linear_10",41.27,132768.282901021,0.97112904292612,25.9773755157891,9648,145,28.4620689655172,1.02972926953857
"result_final_linear_10",38.2,44968.2818279868,0.963216957605985,25.7438787752349,9480,165,23.1515151515152,1.03818770226537
"result_final_linear_10",33.22,27050.7751575757,0.952150108360899,25.3898362690729,8844,207,16.048309178744,1.0502545672357
"result_final_linear_10",25.43,4435.66279780438,0.938176236726888,24.8581022571737,7548,223,11.4035874439462,1.06589781413437
"result_final_linear_10",32.08,60901.4834870084,0.94987692996196,24.5202914158849,8454,180,17.8222222222222,1.0527679623086
"result_final_linear_10",21.35,1557.68925546532,0.932092913012562,25.2291836306827,6624,242,8.82231404958678,1.07285441830896
"result_final_linear_10",29.37,11932.0057267184,0.944807105784151,23.6518119622507,8306,209,14.0526315789474,1.05841710321393
"result_final_linear_10",8.02,155.685871937069,0.916354507053479,24.7039053771323,3124,185,4.33513513513514,1.09128071319852
"result_final_linear_10",31.74,38481.9390888132,0.949215708087663,24.5384014780534,8634,179,17.731843575419,1.05350131848813
"result_final_linear_10",32.33,16064.5519495751,0.950367956856356,25.8381816961087,8462,185,17.4756756756757,1.05222402837299
"result_final_linear_10",25.74,6593.05848763609,0.938669228435636,24.6450181082739,7432,223,11.542600896861,1.06533800161594
"result_final_linear_10",27.84,11987.6051007861,0.94213494881972,25.6481130308733,7720,201,13.8507462686567,1.06141906873614
"result_final_linear_10",34.06,60660.10672572,0.953882652470779,23.9140447954006,8644,172,19.8023255813953,1.04834698210494
"result_final_linear_10",2.33,38.8019752034268,0.911066751240625,24.8895101602565,924,62,3.75806451612903,1.09761441589024
"result_final_linear_10",34.64,81691.8180330209,0.955108721066168,24.4819263201092,8868,169,20.4970414201183,1.04700122399021
"result_final_linear_10",40.92,245003.584383876,0.97017866526537,24.8352091841828,9398,120,34.1,1.03073798239675
"result_final_linear_10",38.99,157335.207791065,0.965164842118585,23.2910285182275,8992,131,29.763358778626,1.03609244386166
"result_final_linear_10",29.86,15798.6783519888,0.945690863984468,24.5382203938458,8430,222,13.4504504504505,1.05742800114058
"result_final_linear_10",7.82,175.528245025787,0.91615647610718,25.4673200761317,2910,160,4.8875,1.09151659796051
"result_final_linear_10",34.84,19130.1688273497,0.955537306428907,25.1794348881508,8608,169,20.6153846153846,1.04653161448742
"result_final_linear_10",2.9,99.9566457064258,0.911565903116786,25.1239803713295,1128,78,3.71794871794872,1.09701338825953
"result_final_linear_10",22.12,1536.12758659027,0.933186349693252,24.7711822173604,6490,233,9.49356223175966,1.07159732922445
"result_final_linear_10",10.95,466.62360424933,0.919368160231262,25.2013660736587,4070,218,5.02293577981651,1.08770353733857
"result_final_linear_10",13.64,421.810448611825,0.922334244702666,25.2217039767619,4692,210,6.4952380952381,1.08420565076424
"result_final_linear_10",39.86,127337.344326564,0.967378715738,24.6384554238931,9414,130,30.6615384615385,1.03372131692717
"result_final_linear_10",12.25,1479.09608156797,0.920776495278069,25.0302297177424,4126,203,6.03448275862069,1.08603988603989
"result_final_linear_10",26.98,4947.78727477619,0.940688446872101,24.1940340446424,7890,220,12.2636363636364,1.06305121884415
"result_final_linear_10",1.46,17.2636882437913,0.910317049737639,24.565570625851,504,27,5.40740740740741,1.09851836817536
"result_final_linear_10",11.49,462.850225782117,0.919947615682035,25.8494041387234,4112,221,5.19909502262443,1.08701841599819
"result_final_linear_10",3.13,98.1454011617152,0.911769135198223,25.2727222356264,1164,75,4.17333333333333,1.09676886548983
"result_final_linear_10",7.19,375.953259436699,0.915538807560273,24.7029372903116,2486,137,5.24817518248175,1.09225298997953
"result_final_linear_10",20.41,1053.01967539282,0.93079010151097,25.1572166676817,6490,239,8.53974895397489,1.07435607488378
"result_final_concave_10",3.68,102.184096757884,0.90921156120991,26.2115393618511,1388,81,4.54320987654321,1.09985403030872
"result_final_concave_10",16.55,3070.85922216609,0.912353131721517,24.3540707199368,5588,236,7.01271186440678,1.09606682460014
"result_final_concave_10",10.21,387.014531208379,0.910160754336276,25.1209751047959,3564,179,5.70391061452514,1.09870700888354
"result_final_concave_10",18.95,3226.89828128565,0.913631272989502,24.6487822457833,6096,246,7.70325203252033,1.09453346176285
"result_final_concave_10",25.94,4592.08596853788,0.919344073556059,25.2603646417481,7516,217,11.9539170506912,1.08773203500618
"result_final_concave_10",19.32,1507.8900048996,0.913854857002432,25.0874911769656,6102,249,7.75903614457831,1.09426567286641
"result_final_concave_10",29.37,12612.8830681682,0.923609524400045,24.1852782475291,8110,201,14.6119402985075,1.08270862694879
"result_final_concave_10",8.18,368.256344174629,0.909747296314301,25.4732128572436,3036,169,4.84023668639053,1.09920634449956
"result_final_concave_10",12.27,299.155669085934,0.910710407333892,25.0622599259696,4432,216,5.68055555555556,1.09804389183111
"result_final_concave_10",24.58,5150.14619260114,0.917954695111965,24.4459418206822,7102,221,11.1221719457014,1.08937838144401
"result_final_concave_10",41.33,198906.994509935,0.952040742467942,25.490101283755,9530,131,31.5496183206107,1.05037521546372
"result_final_concave_10",10.19,445.005881763765,0.910156087041893,24.917199871124,3670,204,4.99509803921569,1.09871264306995
"result_final_concave_10",12.68,564.792612564243,0.910836968502801,24.4758664575216,4064,190,6.67368421052632,1.09789131818372
"result_final_concave_10",10.38,454.301556597472,0.910200925542424,25.3709974293383,3790,208,4.99038461538461,1.09865851806738
"result_final_concave_10",7.01,382.501045370074,0.909560806005289,25.6842428873626,2464,132,5.31060606060606,1.09943171847071
"result_final_concave_10",0.74,12.2147908353821,0.909095502463999,22.748750330235,316,25,2.96,1.09999444204664
"result_final_concave_10",33.83,92273.4694650293,0.931218839385335,25.1200786600957,8750,173,19.5549132947977,1.07386143590057
"result_final_concave_10",18.98,1188.24695598016,0.91364912292618,25.0790078805072,6170,252,7.53174603174603,1.09451207789404
"result_final_concave_10",37.76,191936.574324677,0.940562580998051,25.4801959693378,9392,148,25.5135135135135,1.0631934761203
"result_final_concave_10",9.27,287.828385454332,0.909954453379593,24.1689427061347,3330,164,5.65243902439024,1.09895610300711
"result_final_concave_10",42.75,425432.199405936,0.957634082650061,27.0788637767366,9372,111,38.5135135135135,1.04424019374154
"result_final_concave_10",21.64,1278.02207802423,0.915437811487624,24.5675629618925,6872,259,8.35521235521236,1.09237349326325
"result_final_concave_10",10.8,255.692747118888,0.910304050961943,25.5197175860655,3760,183,5.9016393442623,1.0985340545758
"result_final_concave_10",33.84,15484.8444899722,0.931239098673936,24.1413929710015,8956,183,18.4918032786885,1.07383807383515
"result_final_concave_10",12.22,898.671982348077,0.910695379481051,25.1318081071521,4240,214,5.71028037383178,1.09806201121811
"result_final_concave_10",27.23,5623.82533856597,0.920812021423739,24.9658042814976,7600,208,13.0913461538462,1.08599798518467
"result_final_concave_10",21.87,2585.49560634381,0.915612914308004,24.5767014241147,6658,234,9.34615384615385,1.09216458655542
"result_final_concave_10",27.36,2979.57050005339,0.9209686175596,24.649519636728,7854,234,11.6923076923077,1.08581332841701
"result_final_concave_10",20.69,3126.74994353634,0.914750369026049,25.8153953053778,6404,219,9.44748858447489,1.09319442097052
"result_final_concave_10",1.09,18.0892917574568,0.909100945815717,25.4937293671851,416,30,3.63333333333333,1.09998785569706
"result_final_concave_10",29.6,6916.61727975661,0.9239396289447,24.8854230453791,8516,201,14.726368159204,1.08232179752066
"result_final_concave_10",26.09,5244.21971665771,0.91950698414939,25.5902204578615,7578,214,12.1915887850467,1.08753931969867
"result_final_concave_10",13.3,876.264262755144,0.911039899938067,24.0740542157254,4610,222,5.99099099099099,1.0976467661493
"result_final_concave_10",4.05,74.6139604385352,0.909238175963869,26.1477638754723,1536,90,4.5,1.09982183594515
"result_final_concave_10",13.53,667.137555978358,0.9111188112771,25.7458949586309,4622,214,6.32242990654206,1.09755169975946
"result_final_concave_10",8.85,225.374366561957,0.909870667693535,26.1202830305844,3170,169,5.23668639053254,1.09905730067652
"result_final_concave_10",19.81,1283.05000814037,0.914162676456083,24.4583880237135,6110,230,8.61304347826087,1.09389720862011
"result_final_concave_10",1.67,29.6438354996269,0.909114748027691,26.442116926958,624,42,3.97619047619048,1.09997115564287
"result_final_concave_10",28.09,11500.6400801097,0.921879012625596,24.0495503744523,8110,219,12.8264840182648,1.08474104118273
"result_final_concave_10",2.4,119.607923924035,0.909140885074673,25.2749585634788,956,62,3.87096774193548,1.09993953238377
"result_final_concave_10",39.01,109491.085065061,0.944207251935301,24.573834436969,9186,139,28.0647482014388,1.05908951445813
"result_final_concave_10",31.82,20625.0833680901,0.927455737026169,24.9644246468537,8586,204,15.5980392156863,1.07821857160153
"result_final_concave_10",6.21,122.347919904923,0.909453367248654,24.9973742748898,2322,138,4.5,1.09956160042078
"result_final_concave_10",11.68,382.656893851833,0.910538591298449,24.5747201523794,4280,217,5.38248847926267,1.09825108958202
"result_final_concave_10",32.1,31504.4814174015,0.927944754961849,25.1072916738177,8670,184,17.445652173913,1.0776503608139
"result_final_concave_10",36.58,121925.408058914,0.937443135950423,23.3969852790616,9114,139,26.3165467625899,1.06673136924316
"result_final_concave_10",37.16,63133.7538367233,0.938939510549769,25.4526073192147,9298,153,24.2875816993464,1.06503133456859
"result_final_concave_10",32.21,23779.7333920397,0.928139853659377,24.6515413216933,8718,193,16.6891191709845,1.0774238344117
"result_final_concave_10",17.67,1801.86817502548,0.912913818121789,25.7208638998122,5578,235,7.51914893617021,1.09539365069244
"result_final_concave_10",12.37,827.661965777107,0.910740726372423,24.256521859863,4290,201,6.15422885572139,1.09800733737153
"result_final_concave_10",25.92,4210.58597972788,0.919322501999515,25.0067355460187,7514,236,10.9830508474576,1.08775755822904
"result_final_concave_10",26.73,12700.3047275133,0.920224795350631,24.8678195035212,7556,224,11.9330357142857,1.08669099664824
"result_final_concave_10",14,721.229836186818,0.911286347954657,25.1112324609406,5022,227,6.16740088105727,1.09734991887507
"result_final_concave_10",30.37,21075.4301545191,0.925089729662649,25.2166154677864,8436,210,14.4619047619048,1.08097622093877
"result_final_concave_10",11.77,776.982147387604,0.910564029247925,25.2952319261213,4014,192,6.13020833333333,1.09822040831763
"result_final_concave_10",36.28,84612.4113266867,0.936695988297432,24.7633368663974,9108,165,21.9878787878788,1.06758223852077
"result_final_concave_10",26.97,7042.42680983946,0.920503707563137,24.7184423100898,7712,213,12.6619718309859,1.08636172976132
"result_final_concave_10",40.4,123606.595828336,0.94872014016495,23.9456890281688,9244,120,33.6666666666667,1.05405161929643
"result_final_concave_10",8.18,483.015714588982,0.909747296314301,25.8251434866633,3062,165,4.95757575757576,1.09920634449956
"result_final_concave_10",29.17,10931.601109958,0.92332734865806,24.3359447217425,8046,206,14.1601941747573,1.08303951080121
"result_final_concave_10",2.93,149.337496875781,0.909166212698747,25.3791967945068,1180,72,4.06944444444444,1.0999088901815
"result_final_concave_10",4.6,83.7121406460623,0.909283096683438,24.510285839422,1804,105,4.38095238095238,1.09976750216456
"result_final_concave_10",24.96,4433.86368680279,0.918327429250157,25.2811785399478,7374,231,10.8051948051948,1.08893622051182
"result_final_concave_10",14.16,749.774493644125,0.911345342345501,25.2429258405646,4788,225,6.29333333333333,1.09727888379429
"result_final_concave_10",23.45,2988.52866235055,0.916913143331478,24.8225332478769,7134,220,10.6590909090909,1.09061584215778
"result_final_concave_10",33.04,28025.9624503692,0.929668019783192,24.7026927640054,8740,185,17.8594594594595,1.0756527908029
"result_final_concave_10",43.53,120741.574873088,0.961003669120773,22.8309140029581,9654,102,42.6764705882353,1.0405787533724
"result_final_concave_10",9.41,434.458283140026,0.909983514608401,26.1946556513351,3278,182,5.17032967032967,1.0989210067507
"result_final_concave_10",2.07,24.0595585791212,0.909127835872017,24.6568518782877,800,49,4.22448979591837,1.09995532040972
"result_final_concave_10",35.25,52923.6164444528,0.934262754000641,23.4566120908063,8624,158,22.3101265822785,1.07036269584532
"result_final_concave_10",25.12,5443.71767155982,0.918487890078692,24.2074184140618,7350,213,11.7934272300469,1.08874598217547
"result_final_concave_10",14.76,612.957567005877,0.911575677269088,25.7655699586333,5260,255,5.78823529411765,1.09700162579569
"result_final_concave_10",21.43,1829.59099581699,0.915280936435957,24.8385251461438,6700,242,8.85537190082645,1.09256072118571
"result_final_concave_10",5.64,147.522128900053,0.909386259819416,25.7026756378011,2226,137,4.11678832116788,1.09964274168666
"result_final_concave_10",14.22,1344.18345315092,0.911367725793443,24.8764904511108,5000,236,6.02542372881356,1.09725193431597
"result_final_concave_10",38.84,81220.2605806624,0.943689625287758,24.8193558041828,9326,139,27.9424460431655,1.05967043952091
"result_final_concave_10",3.15,77.3865218054004,0.909178342669532,25.8508355539559,1316,88,3.57954545454545,1.09989421554389
"result_final_concave_10",35.7,52869.4453203801,0.93530129012847,25.9421893923974,8658,168,21.25,1.06917419077081
"result_final_concave_10",1.81,15.1946745420172,0.909118992554895,25.7906943680457,778,53,3.41509433962264,1.09996602005828
"result_final_concave_10",19.27,1787.31942711487,0.913824203253511,25.4646662256114,6134,230,8.37826086956522,1.09430237942886
"result_final_concave_10",4.1,54.7304759103024,0.909241992682018,25.2447217285127,1662,100,4.1,1.09981721923145
"result_final_concave_10",9.66,350.233092567675,0.910036842076389,25.1863897460395,3426,172,5.61627906976744,1.09885661081407
"result_final_concave_10",34.2,45601.0042440296,0.931979232140243,24.9924509545277,8850,176,19.4318181818182,1.07298528284107
"result_final_concave_10",27.2,6378.64691400238,0.920776116083838,24.8245359161409,7698,215,12.6511627906977,1.08604033329308
"result_final_concave_10",37.3,123160.619207801,0.939311254417256,23.8001446810061,9224,147,25.3741496598639,1.06460983544842
"result_final_concave_10",36.6,94309.2465028375,0.937493586095588,23.2490708890277,9008,144,25.4166666666667,1.0666739643145
"result_final_concave_10",33.5,33879.4349481144,0.930559208795833,24.4058431492904,8760,178,18.8202247191011,1.07462264684267
"result_final_concave_10",25.04,4895.44171265554,0.91840739605573,24.322183915479,7598,232,10.7931034482759,1.08884140556216
"result_final_concave_10",21.9,3908.9360098256,0.915636009913519,25.7548950058344,6858,244,8.97540983606557,1.09213703826966
"result_final_concave_10",17.58,1424.92938736783,0.912866518978731,25.2840085066157,5658,221,7.95475113122172,1.09545040727176
"result_final_concave_10",9.58,309.177499644627,0.910019576196211,25.8524047673735,3552,190,5.04210526315789,1.09887745951565
"result_final_concave_10",2.01,21.1616791887831,0.909125683506608,24.6974654796448,838,56,3.58928571428571,1.09995792456647
"result_final_concave_10",3.62,40.7634538362225,0.909207513138973,26.741881222277,1492,101,3.58415841584158,1.09985892719647
"result_final_concave_10",38.27,56719.1768990968,0.942005237871351,25.1204329165501,9280,142,26.9507042253521,1.06156522256681
"result_final_concave_10",11.78,263.363605848663,0.910566872649894,24.9306227628927,4172,198,5.94949494949495,1.09821697893516
"result_final_concave_10",2.59,22.6365174993661,0.90914933896946,23.7393843086014,944,56,4.625,1.09992930439076
"result_final_concave_10",29.59,9659.04829287961,0.92392515062289,25.337015597464,8068,207,14.2946859903382,1.08233875798902
"result_final_concave_10",36.37,110903.583185666,0.936918253994462,26.2765604422345,9136,157,23.1656050955414,1.06732897532586
"result_final_concave_10",7.86,396.12234714014,0.909692707041042,24.2449503720695,2850,148,5.31081081081081,1.09927230619744
"result_final_concave_10",35.55,58802.7936245802,0.934950968448406,24.2015100221252,8802,153,23.2352941176471,1.06957480525374
"result_final_concave_10",1.46,10.3520515191129,0.90910905187334,26.9997914788474,628,42,3.47619047619048,1.09997804767136
"result_final_concave_10",39.58,166494.705964935,0.945996041851927,25.4084192725588,9508,140,28.2714285714286,1.05708687537672
"result_final_concave_10",17.98,1301.33640872797,0.913079834461875,25.1960559786002,5894,249,7.22088353413655,1.09519448602142
"result_final_concave_10",37.61,105731.265676613,0.940149439458924,25.2062563137331,9268,141,26.6737588652482,1.06366068842792
"result_final_concave_10",13.99,957.609057489791,0.91128269419651,25.4403035225702,4600,208,6.72596153846154,1.09735431866366
"result_final_concave_10",13.09,379.284839964034,0.910969581181106,24.5093894032642,4638,226,5.79203539823009,1.09773149472616
"result_final_concave_10",39.54,79311.1386349118,0.945867781383257,24.7045462330235,9392,132,29.9545454545455,1.05723021724831
"result_final_concave_10",10.78,372.672859168747,0.910299013504138,25.7022409394854,3928,199,5.41708542713568,1.09854013369801
"result_final_concave_10",34.96,54962.1040328339,0.933612912429782,24.8024330983445,8762,156,22.4102564102564,1.07110772214733
"result_final_concave_10",28.5,6491.82801897659,0.922414181965808,25.1028225905933,7968,229,12.4454148471616,1.0841116925033
"result_final_concave_10",12.53,558.911344670357,0.910789971940506,25.1120853142053,4386,205,6.11219512195122,1.09794796913434
"result_final_concave_10",3.34,142.684266693735,0.90918959635846,24.2798515676621,1340,85,3.92941176470588,1.0998806013677
"result_final_concave_10",35.92,148018.579255207,0.935822730713637,25.5941955901849,8880,137,26.2189781021898,1.06857844672935
"result_final_concave_10",42.4,383141.743551455,0.956192935534446,23.9279416813486,9784,96,44.1666666666667,1.04581404320988
"result_final_concave_10",21.7,6393.07687724736,0.915483157107254,24.9054826809102,6442,220,9.86363636363636,1.09231938592929
"result_final_concave_10",2.79,35.0537551037755,0.909158991305365,24.7449371633913,1082,68,4.10294117647059,1.09991762668948
"result_final_concave_10",13.47,1826.19395710466,0.911098033109083,25.1751063294733,4468,204,6.60294117647059,1.0975767301215
"result_final_concave_10",36.54,149040.645875375,0.937342477545471,25.4104494680193,9396,134,27.2686567164179,1.06684592233418
"result_final_concave_10",25.11,6381.54067400757,0.918477799390568,24.8527588271431,7360,231,10.8701298701299,1.0887579434838
"result_final_concave_10",24.06,3594.79168311385,0.917463233434149,25.5614188752632,7208,238,10.109243697479,1.08996193368633
"result_final_concave_10",28.99,14972.1629095816,0.923077206119459,25.4247579979073,8016,180,16.1055555555556,1.08333300115157
"result_final_concave_10",21.22,2243.56673364074,0.915126884128615,25.0013375106332,6560,256,8.2890625,1.09274464267565
"result_final_concave_10",3.91,161.65081790583,0.90922776927952,24.5067704294162,1496,93,4.20430107526882,1.0998344240986
"result_final_concave_10",16.99,1598.28705941346,0.912566251889636,25.8204213116824,5566,229,7.41921397379913,1.09581084981974
"result_final_concave_10",31.67,17420.5442397227,0.927198187286496,24.0854535652673,8498,187,16.9358288770053,1.07851807058269
"result_final_concave_10",28.21,5619.55168444531,0.922033834203034,24.6647474349312,7970,235,12.0042553191489,1.0845588989306
"result_final_concave_10",4.8,78.6369359232761,0.909301056281504,25.1253887763001,1802,108,4.44444444444444,1.09974578066521
"result_final_concave_10",34.44,39520.9500344903,0.932484524376905,24.3875479581405,8734,175,19.68,1.07240385642669
"result_final_concave_10",26.89,4499.67940283125,0.920410135423136,23.9776967688248,7672,215,12.506976744186,1.0864721731256
"result_final_concave_10",8.91,289.709160011892,0.909882328230514,25.8089499195638,3034,149,5.97986577181208,1.09904321578016
"result_final_concave_10",37.95,178526.370432382,0.94109311382167,25.3914059969235,9206,153,24.8039215686275,1.06259411030978
"result_final_concave_10",8.62,181.549484825102,0.909826909942535,25.7236672420523,3078,170,5.07058823529412,1.09911015938533
"result_final_concave_10",2.04,74.4323319657697,0.9091267512806,22.1649818857484,788,51,4,1.09995663266029
"result_final_concave_10",11.68,371.538219021792,0.910538591298449,23.9469238836931,3998,198,5.8989898989899,1.09825108958202
"result_final_concave_10",44.78,996110.915311028,0.966895485241792,26.1896865038818,10050,94,47.6382978723404,1.03423794532449
"result_final_concave_10",5.17,68.9198096237262,0.909336618382669,25.4778569788988,2054,127,4.07086614173228,1.0997027720918
"result_final_concave_10",14.6,2512.9559470754,0.911512830639557,23.9231861695673,4688,206,7.0873786407767,1.097077261434
"result_final_concave_10",29.14,19659.0495968941,0.923285408656716,25.0646000432208,8302,210,13.8761904761905,1.0830887075914
"result_final_concave_10",5.03,132.539851217402,0.909322802545644,25.376772953817,1800,105,4.79047619047619,1.09971948047548
"result_final_concave_10",22.37,1933.82382102752,0.916005687719088,25.0308993882978,6986,244,9.16803278688525,1.09169627809852
"result_final_concave_10",28.55,8726.3158735843,0.922480655173987,24.7195850436543,8082,203,14.064039408867,1.0840335722936
"result_final_concave_10",6.9,184.144141940579,0.909545091561984,24.8532764977461,2560,152,4.53947368421053,1.09945071363386
"result_final_concave_10",42.01,184903.599025207,0.954636296793419,24.4127614948724,9600,119,35.3025210084034,1.04751935722427
"result_final_concave_10",29.74,9428.22915978669,0.924143538995201,25.0915085547763,8102,190,15.6526315789474,1.08208298581763
"result_final_concave_10",3.71,129.723282833125,0.909213613082363,24.7930945315247,1404,85,4.36470588235294,1.09985154820753
"result_final_concave_10",6.2,276.289651138655,0.909452123327035,25.6033379251599,2222,123,5.04065040650407,1.0995631043685
"result_final_concave_10",19.46,4059.61618045114,0.913941426855651,25.4580140677464,6532,261,7.45593869731801,1.09416202243991
"result_final_concave_10",20.54,2493.5879297637,0.914646938771608,24.783574021833,6464,230,8.9304347826087,1.09331804176049
"result_final_concave_10",41.5,556794.662680611,0.952675899505881,26.2712888030053,9612,123,33.739837398374,1.04967492146979
"result_final_concave_10",20.01,1277.04667400867,0.914292247802403,24.5654147983333,6218,221,9.05429864253394,1.0937421840813
"result_final_concave_10",15.45,642.189661444077,0.911858900258014,25.3705388013885,5190,234,6.6025641025641,1.09666089755449
"result_final_concave_10",44.62,339034.584051734,0.966105372474866,24.9346731256114,9322,99,45.0707070707071,1.03508377915165
"result_final_concave_10",13.9,1038.92410523912,0.911249986171224,25.0182722902757,4644,211,6.58767772511848,1.0973937066399
"result_final_concave_10",23.62,2054.252400537,0.917063642996144,24.5586727409313,6976,228,10.359649122807,1.09043686077544
"result_final_concave_10",9.44,266.892358692732,0.909989816599369,24.8671100974194,3498,183,5.15846994535519,1.09891339634656
"result_final_concave_10",23.92,8020.10083897694,0.917334499102851,25.2693965245407,7016,220,10.8727272727273,1.09011489372524
"result_final_concave_10",40.9,141504.513115753,0.950473629929166,23.6265327226077,9454,118,34.6610169491525,1.05210704275354
"result_final_concave_10",25.77,4169.36330319024,0.919161830625219,24.820262373861,7424,236,10.9194915254237,1.08794770048251
"result_final_concave_10",20.49,2243.09262165745,0.914612763892964,25.060883102798,6360,223,9.18834080717489,1.09335889403467
"result_final_concave_10",10.87,869.840231485386,0.910321782883628,24.9042027043171,3768,192,5.66145833333333,1.09851265651614
"result_final_concave_10",22.2,2303.7349027936,0.915870258623299,25.2996889906986,6810,241,9.21161825726141,1.09185770646506
"result_final_concave_10",5.11,57.2319673693643,0.9093306433209,25.1256517569147,2096,136,3.75735294117647,1.09970999805744
"result_final_concave_10",26.62,4596.96970459597,0.920098757662129,24.8918835716082,7778,235,11.3276595744681,1.08683985460527
"result_final_concave_10",10.57,281.671861972512,0.910246888320736,26.2660053094222,3862,224,4.71875,1.09860304147246
"result_final_concave_10",36.98,201247.042289043,0.938467651707249,24.9332026921014,9252,139,26.6043165467626,1.0655668292677
"result_final_concave_10",33.41,14655.4542085579,0.930382282051589,24.2106795010722,8870,184,18.1576086956522,1.07482700314853
"result_final_concave_10",31.63,10359.3360679234,0.927130022274135,24.9821749918369,8518,211,14.9905213270142,1.07859736603839
"result_final_concave_10",5.43,70.4173796120178,0.909363453760399,25.2875207474608,2048,123,4.41463414634146,1.09967031978776
"result_final_concave_10",41.27,134437.084546825,0.951818704547357,25.9773755157891,9648,145,28.4620689655172,1.05062024440417
"result_final_concave_10",38.2,45631.25256144,0.941803691026918,25.7438787752349,9480,165,23.1515151515152,1.06179239848766
"result_final_concave_10",33.22,27558.5552669749,0.9300128854703,25.3898362690729,8844,207,16.048309178744,1.07525391919092
"result_final_concave_10",25.43,4562.33502841142,0.918804840295615,24.8581022571737,7548,223,11.4035874439462,1.08837040919186
"result_final_concave_10",32.08,61654.468991631,0.927909464586168,24.5202914158849,8454,180,17.8222222222222,1.07769134615518
"result_final_concave_10",21.35,1584.92817585131,0.915221919202642,25.2291836306827,6624,242,8.82231404958678,1.09263117394655
"result_final_concave_10",29.37,12103.8060275553,0.923609524400045,23.6518119622507,8306,209,14.0526315789474,1.08270862694879
"result_final_concave_10",8.02,156.765856145211,0.909719657385455,24.7039053771323,3124,185,4.33513513513514,1.09923974037674
"result_final_concave_10",31.74,39157.3493818483,0.927317996661086,24.5384014780534,8634,179,17.731843575419,1.07837872617658
"result_final_concave_10",32.33,16423.1183374335,0.92835463458441,25.8381816961087,8462,185,17.4756756756757,1.07717456535095
"result_final_concave_10",25.74,6687.17539119931,0.919129931399114,24.6450181082739,7432,223,11.542600896861,1.08798545868024
"result_final_concave_10",27.84,12203.5808004218,0.921561209441199,25.6481130308733,7720,201,13.8507462686567,1.08511511742813
"result_final_concave_10",34.06,61905.7923539019,0.931688889776467,23.9140447954006,8644,172,19.8023255813953,1.07331965742333
"result_final_concave_10",2.33,38.8962691015105,0.909137944677626,24.8895101602565,924,62,3.75806451612903,1.09994308988455
"result_final_concave_10",34.64,83082.0433483232,0.932913014735377,24.4819263201092,8868,169,20.4970414201183,1.07191129741464
"result_final_concave_10",40.92,247628.774157926,0.950545287227307,24.8352091841828,9398,120,34.1,1.05202772917527
"result_final_concave_10",38.99,160119.971637521,0.94414598281903,23.2910285182275,8992,131,29.763358778626,1.05915824268425
"result_final_concave_10",29.86,16138.4711918372,0.924320134399024,24.5382203938458,8430,222,13.4504504504505,1.08187624913113
"result_final_concave_10",7.82,176.298772320482,0.909686076252273,25.4673200761317,2910,160,4.8875,1.09928031889836
"result_final_concave_10",34.84,19498.2529867456,0.933348363658362,25.1794348881508,8608,169,20.6153846153846,1.07141131750678
"result_final_concave_10",2.9,100.320254583235,0.909164632835153,25.1239803713295,1128,78,3.71794871794872,1.09991080150312
"result_final_concave_10",22.12,1562.55828528744,0.915807203569485,24.7711822173604,6490,233,9.49356223175966,1.09193288292816
"result_final_concave_10",10.95,471.022770971195,0.910342240657613,25.2013660736587,4070,218,5.02293577981651,1.09848797006016
"result_final_concave_10",13.64,429.766182090436,0.911157260250194,25.2217039767619,4692,210,6.4952380952381,1.09750538532219
"result_final_concave_10",39.86,129012.632803336,0.946905707573602,24.6384554238931,9414,130,30.6615384615385,1.05607136170131
"result_final_concave_10",12.25,1488.90662538232,0.91070438568609,25.0302297177424,4126,203,6.03448275862069,1.09805115218221
"result_final_concave_10",26.98,5036.32301429798,0.92051544662481,24.1940340446424,7890,220,12.2636363636364,1.08634787571097
"result_final_concave_10",1.46,17.3159442420617,0.90910905187334,24.565570625851,504,27,5.40740740740741,1.09997804767136
"result_final_concave_10",11.49,467.725986362104,0.910485785922654,25.8494041387234,4112,221,5.19909502262443,1.09831478476804
"result_final_concave_10",3.13,98.2901985454949,0.909177200175301,25.2727222356264,1164,75,4.17333333333333,1.09989559769777
"result_final_concave_10",7.19,377.163841181276,0.90958718121522,24.7029372903116,2486,137,5.24817518248175,1.09939983835743
"result_final_concave_10",20.41,1071.23551818592,0.914558396051749,25.1572166676817,6490,239,8.53974895397489,1.09342389104634
"result_final_convex_10",3.68,98.0786601917934,0.936118356888686,26.2115393618511,1388,81,4.54320987654321,1.06824098965822
"result_final_convex_10",16.55,2840.10441958668,0.986428742715821,24.3540707199368,5588,236,7.01271186440678,1.01375797023799
"result_final_convex_10",10.21,367.386991280757,0.96892618025917,25.1209751047959,3564,179,5.70391061452514,1.03207036859353
"result_final_convex_10",18.95,3088.92427264707,0.990445257566783,24.6487822457833,6096,246,7.70325203252033,1.0096469162331
"result_final_convex_10",25.94,4375.12186038032,0.997001551899898,25.2603646417481,7516,217,11.9539170506912,1.00300746583031
"result_final_convex_10",19.32,1416.65513429945,0.990966375761412,25.0874911769656,6102,249,7.75903614457831,1.00911597452703
"result_final_convex_10",29.37,11933.822134034,0.998443536466429,24.1852782475291,8110,201,14.6119402985075,1.00155888988884
"result_final_convex_10",8.18,358.377876364634,0.960591497725889,25.4732128572436,3036,169,4.84023668639053,1.04102524576514
"result_final_convex_10",12.27,274.373221252717,0.975905373568616,25.0622599259696,4432,216,5.68055555555556,1.0246895109751
"result_final_convex_10",24.58,4923.95286956319,0.99617684301752,24.4459418206822,7102,221,11.1221719457014,1.00383782960754
"result_final_convex_10",41.33,193528.151154314,0.999917326203969,25.490101283755,9530,131,31.5496183206107,1.00008268063155
"result_final_convex_10",10.19,419.986490981177,0.968851409930508,24.917199871124,3670,204,4.99509803921569,1.0321500177945
"result_final_convex_10",12.68,545.713753992851,0.977132545698823,24.4758664575216,4064,190,6.67368421052632,1.02340261247242
"result_final_convex_10",10.38,438.567859281843,0.969556071683353,25.3709974293383,3790,208,4.99038461538461,1.03139986351051
"result_final_convex_10",7.01,357.449240727063,0.955063374832911,25.6842428873626,2464,132,5.31060606060606,1.04705093541562
"result_final_convex_10",0.74,12.1737656150987,0.915070852255032,22.748750330235,316,25,2.96,1.09281155392031
"result_final_convex_10",33.83,88998.4750095372,0.999402848171676,25.1200786600957,8750,173,19.5549132947977,1.0005975086317
"result_final_convex_10",18.98,1113.06207831285,0.990488415143837,25.0790078805072,6170,252,7.53174603174603,1.00960292388153
"result_final_convex_10",37.76,184669.388617284,0.999772742039327,25.4801959693378,9392,148,25.5135135135135,1.00022730961859
"result_final_convex_10",9.27,271.104012935549,0.965257206998227,24.1689427061347,3330,164,5.65243902439024,1.03599330080095
"result_final_convex_10",42.75,414256.468376212,0.999947392841181,27.0788637767366,9372,111,38.5135135135135,1.00005260992648
"result_final_convex_10",21.64,1204.4685358723,0.993725176580379,24.5675629618925,6872,259,8.35521235521236,1.00631444544981
"result_final_convex_10",10.8,246.637371521883,0.971069404873605,25.5197175860655,3760,183,5.9016393442623,1.0297925101761
"result_final_convex_10",33.84,14776.2072422739,0.999404220192745,24.1413929710015,8956,183,18.4918032786885,1.00059613497243
"result_final_convex_10",12.22,857.187517478211,0.97575220257619,25.1318081071521,4240,214,5.71028037383178,1.02485036401639
"result_final_convex_10",27.23,5261.5694298083,0.997639284287777,24.9658042814976,7600,208,13.0913461538462,1.00236630187825
"result_final_convex_10",21.87,2476.76193684768,0.993955301624762,24.5767014241147,6658,234,9.34615384615385,1.00608145896033
"result_final_convex_10",27.36,2806.60974106974,0.997696611440089,24.649519636728,7854,234,11.6923076923077,1.00230870640784
"result_final_convex_10",20.69,2990.87087214567,0.992695626603958,25.8153953053778,6404,219,9.44748858447489,1.00735811985093
"result_final_convex_10",1.09,17.669657715041,0.917800847180778,25.4937293671851,416,30,3.63333333333333,1.08956099035179
"result_final_convex_10",29.6,6373.60451504592,0.998513992217404,24.8854230453791,8516,201,14.726368159204,1.00148821928804
"result_final_convex_10",26.09,4826.92607617969,0.99708248945815,25.5902204578615,7578,214,12.1915887850467,1.00292604731574
"result_final_convex_10",13.3,818.614189477222,0.978893038247941,24.0740542157254,4610,222,5.99099099099099,1.02156207157202
"result_final_convex_10",4.05,73.2563725620623,0.938471247396008,26.1477638754723,1536,90,4.5,1.06556274662087
"result_final_convex_10",13.53,605.687967911069,0.979517819395615,25.7458949586309,4622,214,6.32242990654206,1.02091047268239
"result_final_convex_10",8.85,213.32480518797,0.963513018369755,26.1202830305844,3170,169,5.23668639053254,1.03786869604728
"result_final_convex_10",19.81,1220.94333172805,0.991620094895149,24.4583880237135,6110,230,8.61304347826087,1.00845072134781
"result_final_convex_10",1.67,29.3349421193558,0.922189447371785,26.442116926958,624,42,3.97619047619048,1.08437588702622
"result_final_convex_10",28.09,10933.2006261154,0.997997021169661,24.0495503744523,8110,219,12.8264840182648,1.00200699880646
"result_final_convex_10",2.4,117.042435395706,0.927475587440802,25.2749585634788,956,62,3.87096774193548,1.07819549489094
"result_final_convex_10",39.01,105024.595060003,0.999837766155801,24.573834436969,9186,139,28.0647482014388,1.00016226016829
"result_final_convex_10",31.82,19586.8067095246,0.999065424261144,24.9644246468537,8586,204,15.5980392156863,1.00093544998772
"result_final_convex_10",6.21,119.604207046979,0.950957825029851,24.9973742748898,2322,138,4.5,1.05157134594125
"result_final_convex_10",11.68,349.879137842997,0.974048146438824,24.5747201523794,4280,217,5.38248847926267,1.02664329649007
"result_final_convex_10",32.1,30101.2366291599,0.999120492200314,25.1072916738177,8670,184,17.445652173913,1.00088028201458
"result_final_convex_10",36.58,117979.710410472,0.999692001744958,23.3969852790616,9114,139,26.3165467625899,1.00030809314719
"result_final_convex_10",37.16,60504.0548464675,0.999734320436896,25.4526073192147,9298,153,24.2875816993464,1.00026575016749
"result_final_convex_10",32.21,22334.5938289987,0.999141350504507,24.6515413216933,8718,193,16.6891191709845,1.00085938740806
"result_final_convex_10",17.67,1668.90953717621,0.988447259999941,25.7208638998122,5578,235,7.51914893617021,1.01168776571859
"result_final_convex_10",12.37,765.450669298627,0.976209406468403,24.256521859863,4290,201,6.15422885572139,1.02437037932022
"result_final_convex_10",25.92,3848.84912560166,0.996990617880062,25.0067355460187,7514,236,10.9830508474576,1.00301846583706
"result_final_convex_10",26.73,12027.8383578073,0.997407351343197,24.8678195035212,7556,224,11.9330357142857,1.0025993879565
"result_final_convex_10",14,651.427892521828,0.980748400017884,25.1112324609406,5022,227,6.16740088105727,1.01962949924952
"result_final_convex_10",30.37,19885.3159530118,0.998730388963386,25.2166154677864,8436,210,14.4619047619048,1.0012712249979
"result_final_convex_10",11.77,749.282778562965,0.97433855799042,25.2952319261213,4014,192,6.13020833333333,1.02633729497733
"result_final_convex_10",36.28,81086.622939547,0.999667925082382,24.7633368663974,9108,165,21.9878787878788,1.000332185228
"result_final_convex_10",26.97,6695.88231713148,0.997520984269365,24.7184423100898,7712,213,12.6619718309859,1.00248517652233
"result_final_convex_10",40.4,118872.558196728,0.999890756373539,23.9456890281688,9244,120,33.6666666666667,1.00010925556193
"result_final_convex_10",8.18,465.689517329123,0.960591497725889,25.8251434866633,3062,165,4.95757575757576,1.04102524576514
"result_final_convex_10",29.17,10475.6496018139,0.998379969511157,24.3359447217425,8046,206,14.1601941747573,1.00162265924629
"result_final_convex_10",2.93,146.511899179969,0.931149924240422,25.3791967945068,1180,72,4.06944444444444,1.07394091323773
"result_final_convex_10",4.6,79.091031176315,0.941850943362849,24.510285839422,1804,105,4.38095238095238,1.06173912873042
"result_final_convex_10",24.96,4059.71388386842,0.996424520070503,25.2811785399478,7374,231,10.8051948051948,1.00358830985938
"result_final_convex_10",14.16,675.087682498636,0.981153477556706,25.2429258405646,4788,225,6.29333333333333,1.01920853655865
"result_final_convex_10",23.45,2823.34538738462,0.995353172195011,24.8225332478769,7134,220,10.6590909090909,1.00466852162107
"result_final_convex_10",33.04,26964.3867231561,0.999285492346837,24.7026927640054,8740,185,17.8594594594595,1.00071501853938
"result_final_convex_10",43.53,117350.561807223,0.999959642911973,22.8309140029581,9654,102,42.6764705882353,1.00004035871679
"result_final_convex_10",9.41,417.207702998916,0.965823995320105,26.1946556513351,3278,182,5.17032967032967,1.035385334021
"result_final_convex_10",2.07,23.6146423769439,0.925118509168695,24.6568518782877,800,49,4.22448979591837,1.08094259285612
"result_final_convex_10",35.25,50450.2082511253,0.999572512829143,23.4566120908063,8624,158,22.3101265822785,1.00042766999429
"result_final_convex_10",25.12,5180.45356237037,0.996524673146287,24.2074184140618,7350,213,11.7934272300469,1.00348744687148
"result_final_convex_10",14.76,568.294054440244,0.982611785873452,25.7655699586333,5260,255,5.78823529411765,1.01769591447663
"result_final_convex_10",21.43,1719.1180678463,0.993508714834674,24.8385251461438,6700,242,8.85537190082645,1.00653369725741
"result_final_convex_10",5.64,142.977504868786,0.94786506917737,25.7026756378011,2226,137,4.11678832116788,1.05500248138469
"result_final_convex_10",14.22,1265.72747986435,0.981303599624671,24.8764904511108,5000,236,6.02542372881356,1.01905261570678
"result_final_convex_10",38.84,77628.2808031762,0.99982999100225,24.8193558041828,9326,139,27.9424460431655,1.00017003790572
"result_final_convex_10",3.15,75.2586710870321,0.93263520763119,25.8508355539559,1316,88,3.57954545454545,1.07223059114389
"result_final_convex_10",35.7,50753.0657351436,0.999616755936257,25.9421893923974,8658,168,21.25,1.00038339099607
"result_final_convex_10",1.81,14.9603111859571,0.923223633332607,25.7906943680457,778,53,3.41509433962264,1.08316117990854
"result_final_convex_10",19.27,1687.05460597737,0.990897360662935,25.4646662256114,6134,230,8.37826086956522,1.00918625853537
"result_final_convex_10",4.1,53.8128124063962,0.938784288239898,25.2447217285127,1662,100,4.1,1.06520743106478
"result_final_convex_10",9.66,332.71352505677,0.966818221092975,25.1863897460395,3426,172,5.61627906976744,1.03432059738129
"result_final_convex_10",34.2,43697.7680210362,0.999451840300183,24.9924509545277,8850,176,19.4318181818182,1.00054846034367
"result_final_convex_10",27.2,6066.53141183306,0.997625884077892,24.8245359161409,7698,215,12.6511627906977,1.00237976576189
"result_final_convex_10",37.3,117663.544131138,0.999743750941975,23.8001446810061,9224,147,25.3741496598639,1.00025631473844
"result_final_convex_10",36.6,91353.1856324551,0.999693551999337,23.2490708890277,9008,144,25.4166666666667,1.00030654193983
"result_final_convex_10",33.5,32064.2598845362,0.999356019673233,24.4058431492904,8760,178,18.8202247191011,1.00064439530467
"result_final_convex_10",25.04,4658.15222231792,0.996474897124231,24.322183915479,7598,232,10.7931034482759,1.00353757318518
"result_final_convex_10",21.9,3599.97290105002,0.993984790873323,25.7548950058344,6858,244,8.97540983606557,1.00605161083138
"result_final_convex_10",17.58,1348.19663438858,0.988294758114356,25.2840085066157,5658,221,7.95475113122172,1.01184387733471
"result_final_convex_10",9.58,281.285093668282,0.966502550651864,25.8524047673735,3552,190,5.04210526315789,1.03465841794783
"result_final_convex_10",2.01,20.6788136800433,0.924684194563568,24.6974654796448,838,56,3.58928571428571,1.08145030041525
"result_final_convex_10",3.62,39.7318993084156,0.935730735313253,26.741881222277,1492,101,3.58415841584158,1.06868350291522
"result_final_convex_10",38.27,53365.5156158245,0.999801550516883,25.1204329165501,9280,142,26.9507042253521,1.00019848887313
"result_final_convex_10",11.78,253.836294219017,0.974370666328979,24.9306227628927,4172,198,5.94949494949495,1.02630347418768
"result_final_convex_10",2.59,22.1881474663335,0.928808505451815,23.7393843086014,944,56,4.625,1.07664819403603
"result_final_convex_10",29.59,9209.12259495922,0.998510986639918,25.337015597464,8068,207,14.2946859903382,1.00149123382717
"result_final_convex_10",36.37,107224.106553263,0.999675312352535,26.2765604422345,9136,157,23.1656050955414,1.00032479310377
"result_final_convex_10",7.86,382.922126058937,0.95913429123573,24.2449503720695,2850,148,5.31081081081081,1.04260686864987
"result_final_convex_10",35.55,56480.9874852961,0.999602468437557,24.2015100221252,8802,153,23.2352941176471,1.00039768965663
"result_final_convex_10",1.46,10.2062480613183,0.920619888291784,26.9997914788474,628,42,3.47619047619048,1.08622463268256
"result_final_convex_10",39.58,160903.012477586,0.99986166329268,25.4084192725588,9508,140,28.2714285714286,1.00013835584701
"result_final_convex_10",17.98,1213.90619075491,0.988960104491034,25.1960559786002,5894,249,7.22088353413655,1.01116313535686
"result_final_convex_10",37.61,102070.972655878,0.999763615066757,25.2062563137331,9268,141,26.6737588652482,1.00023644082429
"result_final_convex_10",13.99,896.125960388028,0.980722851850139,25.4403035225702,4600,208,6.72596153846154,1.01965606094881
"result_final_convex_10",13.09,350.785811236343,0.978309338292074,24.5093894032642,4638,226,5.79203539823009,1.02217157790377
"result_final_convex_10",39.54,75628.7451777423,0.999860090433647,24.7045462330235,9392,132,29.9545454545455,1.00013992914378
"result_final_convex_10",10.78,355.007411964538,0.970998709509275,25.7022409394854,3928,199,5.41708542713568,1.02986748613227
"result_final_convex_10",34.96,52614.8117898917,0.999541728714787,24.8024330983445,8762,156,22.4102564102564,1.00045848139407
"result_final_convex_10",28.5,6090.1915709918,0.998150603590828,25.1028225905933,7968,229,12.4454148471616,1.0018528230134
"result_final_convex_10",12.53,528.615024483522,0.976689500013375,25.1120853142053,4386,205,6.11219512195122,1.02386684815011
"result_final_convex_10",3.34,140.682972255441,0.933899267834839,24.2798515676621,1340,85,3.92941176470588,1.07077929541417
"result_final_convex_10",35.92,141060.598012148,0.999636910658226,25.5941955901849,8880,137,26.2189781021898,1.00036322122353
"result_final_convex_10",42.4,372597.207949196,0.999940994187082,23.9279416813486,9784,96,44.1666666666667,1.00005900929481
"result_final_convex_10",21.7,5963.97027793853,0.99378590329501,24.9054826809102,6442,220,9.86363636363636,1.00625295316062
"result_final_convex_10",2.79,34.2965790676225,0.930192594125857,24.7449371633913,1082,68,4.10294117647059,1.07504618539749
"result_final_convex_10",13.47,1725.37170696491,0.97935628212622,25.1751063294733,4468,204,6.60294117647059,1.0210788639952
"result_final_convex_10",36.54,144345.645777063,0.99968888098937,25.4104494680193,9396,134,27.2686567164179,1.00031121583579
"result_final_convex_10",25.11,5942.9942311794,0.996518483816354,24.8527588271431,7360,231,10.8701298701299,1.00349367948531
"result_final_convex_10",24.06,3417.15626107937,0.995814579492777,25.5614188752632,7208,238,10.109243697479,1.00420301187933
"result_final_convex_10",28.99,13907.5476624108,0.998320876392756,25.4247579979073,8016,180,16.1055555555556,1.00168194780551
"result_final_convex_10",21.22,2102.84767226876,0.993286055317717,25.0013375106332,6560,256,8.2890625,1.006759326426
"result_final_convex_10",3.91,159.32615329749,0.93758851959448,24.5067704294162,1496,93,4.20430107526882,1.06656596054793
"result_final_convex_10",16.99,1482.16763889471,0.987253580005957,25.8204213116824,5566,229,7.41921397379913,1.01291098888086
"result_final_convex_10",31.67,16774.7332611258,0.999034724785986,24.0854535652673,8498,187,16.9358288770053,1.00096620787052
"result_final_convex_10",28.21,5387.10794223559,0.998043057123933,24.6647474349312,7970,235,12.0042553191489,1.00196078001054
"result_final_convex_10",4.8,76.6026460265882,0.94304542309279,25.1253887763001,1802,108,4.44444444444444,1.06039430923743
"result_final_convex_10",34.44,37913.5037319452,0.999481734271049,24.3875479581405,8734,175,19.68,1.00051853446759
"result_final_convex_10",26.89,4289.73203611187,0.997483586363826,23.9776967688248,7672,215,12.506976744186,1.00252276194874
"result_final_convex_10",8.91,273.54418543679,0.963766249641373,25.8089499195638,3034,149,5.97986577181208,1.03759599422797
"result_final_convex_10",37.95,172523.598803989,0.999783867467887,25.3914059969235,9206,153,24.8039215686275,1.00021617925548
"result_final_convex_10",8.62,172.440876503892,0.962529609587691,25.7236672420523,3078,170,5.07058823529412,1.03892907816972
"result_final_convex_10",2.04,73.8303220298042,0.924901573819869,22.1649818857484,788,51,4,1.08119612757277
"result_final_convex_10",11.68,353.913492117962,0.974048146438824,23.9469238836931,3998,198,5.8989898989899,1.02664329649007
"result_final_convex_10",44.78,979212.389011083,0.999974470099826,26.1896865038818,10050,94,47.6382978723404,1.00002553055197
"result_final_convex_10",5.17,64.1573436624207,0.945207335635544,25.4778569788988,2054,127,4.07086614173228,1.0579689368657
"result_final_convex_10",14.6,2417.28578121964,0.98223213820551,23.9231861695673,4688,206,7.0873786407767,1.01808926943375
"result_final_convex_10",29.14,18067.7189082325,0.998370245853009,25.0646000432208,8302,210,13.8761904761905,1.00163241458142
"result_final_convex_10",5.03,130.223555580156,0.944396586203914,25.376772953817,1800,105,4.79047619047619,1.05887718635196
"result_final_convex_10",22.37,1826.687853514,0.994431313840355,25.0308993882978,6986,244,9.16803278688525,1.00559987007865
"result_final_convex_10",28.55,7953.24664670869,0.998168626917968,24.7195850436543,8082,203,14.064039408867,1.00183473316296
"result_final_convex_10",6.9,177.490301680785,0.95451485316912,24.8532764977461,2560,152,4.53947368421053,1.04765263387978
"result_final_convex_10",42.01,179902.341426528,0.999933124715764,24.4127614948724,9600,119,35.3025210084034,1.00006687975684
"result_final_convex_10",29.74,8929.68857300737,0.998555528895247,25.0915085547763,8102,190,15.6526315789474,1.00144656061977
"result_final_convex_10",3.71,126.287879570058,0.936311530027196,24.7930945315247,1404,85,4.36470588235294,1.06802059777151
"result_final_convex_10",6.2,269.339905954608,0.950904781494533,25.6033379251599,2222,123,5.04065040650407,1.05163000487631
"result_final_convex_10",19.46,3713.8725433669,0.991157317683499,25.4580140677464,6532,261,7.45593869731801,1.00892157295188
"result_final_convex_10",20.54,2339.01641720317,0.992520889933529,24.783574021833,6464,230,8.9304347826087,1.00753546866603
"result_final_convex_10",41.5,543322.936786312,0.999921540403442,26.2712888030053,9612,123,33.739837398374,1.00007846575295
"result_final_convex_10",20.01,1170.89067645916,0.991875394727748,24.5654147983333,6218,221,9.05429864253394,1.00819115517477
"result_final_convex_10",15.45,610.94236688146,0.984174598165513,25.3705388013885,5190,234,6.6025641025641,1.01607987227468
"result_final_convex_10",44.62,332136.098775696,0.99997285499801,24.9346731256114,9322,99,45.0707070707071,1.00002714573886
"result_final_convex_10",13.9,999.540023631002,0.980491688427896,25.0182722902757,4644,211,6.58767772511848,1.01989645787144
"result_final_convex_10",23.62,1889.90439453827,0.995485862612337,24.5586727409313,6976,228,10.359649122807,1.00453460722769
"result_final_convex_10",9.44,255.771864267217,0.965944509996556,24.8671100974194,3498,183,5.15846994535519,1.03525615566009
"result_final_convex_10",23.92,7636.75818892057,0.995712249897082,25.2693965245407,7016,220,10.8727272727273,1.00430621407275
"result_final_convex_10",40.9,137267.72728152,0.999905812514969,23.6265327226077,9454,118,34.6610169491525,1.00009419635715
"result_final_convex_10",25.77,3955.39617018771,0.996907530982542,24.820262373861,7424,236,10.9194915254237,1.00310206204823
"result_final_convex_10",20.49,2049.52342808412,0.992461877343492,25.060883102798,6360,223,9.18834080717489,1.00759537754406
"result_final_convex_10",10.87,837.035978471565,0.971315772008572,24.9042027043171,3768,192,5.66145833333333,1.02953131084458
"result_final_convex_10",22.2,2104.54766921553,0.994273124715637,25.2996889906986,6810,241,9.21161825726141,1.00575986129164
"result_final_convex_10",5.11,54.8337623975168,0.944860951420861,25.1256517569147,2096,136,3.75735294117647,1.05835678625116
"result_final_convex_10",26.62,4299.88747302564,0.997353809933564,24.8918835716082,7778,235,11.3276595744681,1.00265321096694
"result_final_convex_10",10.57,259.735662427852,0.970248180113341,26.2660053094222,3862,224,4.71875,1.03066413366855
"result_final_convex_10",36.98,194675.789925573,0.999721758425146,24.9332026921014,9252,139,26.6043165467626,1.00027831901478
"result_final_convex_10",33.41,14026.5397039075,0.999342713023153,24.2106795010722,8870,184,18.1576086956522,1.00065771928717
"result_final_convex_10",31.63,9681.32496810257,0.999026393586036,24.9821749918369,8518,211,14.9905213270142,1.0009745552472
"result_final_convex_10",5.43,69.0407199189625,0.946689710458677,25.2875207474608,2048,123,4.41463414634146,1.05631231537892
"result_final_convex_10",41.27,130349.940438047,0.999915794380934,25.9773755157891,9648,145,28.4620689655172,1.00008421271025
"result_final_convex_10",38.2,43871.5160038615,0.999797792250088,25.7438787752349,9480,165,23.1515151515152,1.00020224864616
"result_final_convex_10",33.22,26010.5324443465,0.999313842571641,25.3898362690729,8844,207,16.048309178744,1.00068662856365
"result_final_convex_10",25.43,4081.61032750444,0.996711983724295,24.8581022571737,7548,223,11.4035874439462,1.00329886299091
"result_final_convex_10",32.08,59255.2850493717,0.999116653408344,24.5202914158849,8454,180,17.8222222222222,1.00088412758274
"result_final_convex_10",21.35,1465.16151187075,0.993424630323988,25.2291836306827,6624,242,8.82231404958678,1.00661889133337
"result_final_convex_10",29.37,11513.369884971,0.998443536466429,23.6518119622507,8306,209,14.0526315789474,1.00155888988884
"result_final_convex_10",8.02,148.873402775552,0.959867963512429,24.7039053771323,3124,185,4.33513513513514,1.04180995513249
"result_final_convex_10",31.74,37016.6053890517,0.999049157213075,24.5384014780534,8634,179,17.731843575419,1.00095174774941
"result_final_convex_10",32.33,15320.8136730925,0.999163619072158,25.8381816961087,8462,185,17.4756756756757,1.00083708104646
"result_final_convex_10",25.74,6326.33086571759,0.996890682638758,24.6450181082739,7432,223,11.542600896861,1.00311901536988
"result_final_convex_10",27.84,11428.9107670763,0.997898142657505,25.6481130308733,7720,201,13.8507462686567,1.00210628445194
"result_final_convex_10",34.06,58208.4194895792,0.999433726068588,23.9140447954006,8644,172,19.8023255813953,1.00056659477927
"result_final_convex_10",2.33,38.0394103806254,0.926980066056514,24.8895101602565,924,62,3.75806451612903,1.07877184916621
"result_final_convex_10",34.64,79020.2296932202,0.999505563325172,24.4819263201092,8868,169,20.4970414201183,1.00049468126339
"result_final_convex_10",40.92,241096.49707206,0.999906376352961,24.8352091841828,9398,120,34.1,1.00009363241325
"result_final_convex_10",38.99,152878.996457591,0.999836867500433,23.2910285182275,8992,131,29.763358778626,1.00016315911612
"result_final_convex_10",29.86,14998.2686370162,0.998590337574021,24.5382203938458,8430,222,13.4504504504505,1.0014116523793
"result_final_convex_10",7.82,170.668650867248,0.958949279582715,25.4673200761317,2910,160,4.8875,1.04280802049838
"result_final_convex_10",34.84,18433.7762505413,0.999528443154986,25.1794348881508,8608,169,20.6153846153846,1.00047177931578
"result_final_convex_10",2.9,97.0709464921355,0.930945579384989,25.1239803713295,1128,78,3.71794871794872,1.07417664592234
"result_final_convex_10",22.12,1450.06989883414,0.994197391359784,24.7711822173604,6490,233,9.49356223175966,1.00583647542293
"result_final_convex_10",10.95,442.423082441849,0.971595309864968,25.2013660736587,4070,218,5.02293577981651,1.02923510421122
"result_final_convex_10",13.64,383.914300271351,0.979811336075342,25.2217039767619,4692,210,6.4952380952381,1.02060464416091
"result_final_convex_10",39.86,124744.677741539,0.999872258088437,24.6384554238931,9414,130,30.6615384615385,1.00012775823164
"result_final_convex_10",12.25,1427.24788349023,0.97584419778515,25.0302297177424,4126,203,6.03448275862069,1.02475374887679
"result_final_convex_10",26.98,4720.51643245712,0.997525625634486,24.1940340446424,7890,220,12.2636363636364,1.00248051208102
"result_final_convex_10",1.46,16.8243749667473,0.920619888291784,24.565570625851,504,27,5.40740740740741,1.08622463268256
"result_final_convex_10",11.49,436.344662361668,0.973426510260121,25.8494041387234,4112,221,5.19909502262443,1.02729891723699
"result_final_convex_10",3.13,97.042797209919,0.932501143157776,25.2727222356264,1164,75,4.17333333333333,1.07238474433785
"result_final_convex_10",7.19,367.885301903402,0.955950118329282,24.7029372903116,2486,137,5.24817518248175,1.04607968640425
"result_final_convex_10",20.41,988.243561550802,0.992366651981244,25.1572166676817,6490,239,8.53974895397489,1.00769206422194
"result_final_linear_50",3.68,146.723561903964,0.675266404935502,26.2115393618511,1388,81,4.54320987654321,1.48089700996678
"result_final_linear_50",16.55,3808.60145045267,0.713857998289136,24.3540707199368,5588,236,7.01271186440678,1.4008388256441
"result_final_linear_50",10.21,477.33881778395,0.692931007871585,25.1209751047959,3564,179,5.70391061452514,1.44314511638267
"result_final_linear_50",18.95,3618.47120330673,0.723015165031222,24.6487822457833,6096,246,7.70325203252033,1.38309685379395
"result_final_linear_50",25.94,5150.59948281262,0.754790052996331,25.2603646417481,7516,217,11.9539170506912,1.32487172562787
"result_final_linear_50",19.32,1799.92634664628,0.724497126436782,25.0874911769656,6102,249,7.75903614457831,1.38026772434308
"result_final_linear_50",29.37,14160.0507326802,0.773942581634889,24.1852782475291,8110,201,14.6119402985075,1.29208551606966
"result_final_linear_50",8.18,417.033581127142,0.687069739598922,25.4732128572436,3036,169,4.84023668639053,1.45545632759747
"result_final_linear_50",12.27,403.586144713402,0.699266698549339,25.0622599259696,4432,216,5.68055555555556,1.43006953151715
"result_final_linear_50",24.58,5710.1939923728,0.74791749305831,24.4459418206822,7102,221,11.1221719457014,1.33704587642535
"result_final_linear_50",41.33,208553.6454567,0.871250371250371,25.490101283755,9530,131,31.5496183206107,1.14777569456281
"result_final_linear_50",10.19,552.975741754043,0.692871470452091,24.917199871124,3670,204,4.99509803921569,1.4432691237056
"result_final_linear_50",12.68,632.802166343465,0.700577663671374,24.4758664575216,4064,190,6.67368421052632,1.4273934951901
"result_final_linear_50",10.38,521.787733901814,0.693438563912102,25.3709974293383,3790,208,4.99038461538461,1.44208881945994
"result_final_linear_50",7.01,553.944360893153,0.683850566259744,25.6842428873626,2464,132,5.31060606060606,1.46230777502957
"result_final_linear_50",0.74,14.2424067529464,0.66832749798007,22.748750330235,316,25,2.96,1.49627241587749
"result_final_linear_50",33.83,98836.5192950257,0.803619140150595,25.1200786600957,8750,173,19.5549132947977,1.24437056067704
"result_final_linear_50",18.98,1426.75425961823,0.723134594787576,25.0790078805072,6170,252,7.53174603174603,1.38286842754875
"result_final_linear_50",37.76,205797.301679045,0.835660580021482,25.4801959693378,9392,148,25.5135135135135,1.19665809768638
"result_final_linear_50",9.27,381.009646286635,0.690171915411532,24.1689427061347,3330,164,5.65243902439024,1.44891436129174
"result_final_linear_50",42.75,445061.897682475,0.887596899224806,27.0788637767366,9372,111,38.5135135135135,1.12663755458515
"result_final_linear_50",21.64,1488.97777785179,0.734257871064468,24.5675629618925,6872,259,8.35521235521236,1.36191934660541
"result_final_linear_50",10.8,296.642295830532,0.694704049844237,25.5197175860655,3760,183,5.9016393442623,1.43946188340807
"result_final_linear_50",33.84,17092.6722773874,0.803692905733722,24.1413929710015,8956,183,18.4918032786885,1.24425634824667
"result_final_linear_50",12.22,1054.97828858198,0.699107996177126,25.1318081071521,4240,214,5.71028037383178,1.43039416723627
"result_final_linear_50",27.23,6503.9248264398,0.761670504500733,24.9658042814976,7600,208,13.0913461538462,1.31290366909441
"result_final_linear_50",21.87,2869.66256191758,0.735271974402409,24.5767014241147,6658,234,9.34615384615385,1.36004095737873
"result_final_linear_50",27.36,3427.16221232057,0.762384550797649,24.649519636728,7854,234,11.6923076923077,1.31167400881057
"result_final_linear_50",20.69,3504.26460404259,0.730160191493279,25.8153953053778,6404,219,9.44748858447489,1.36956247635859
"result_final_linear_50",1.09,34.6321730539211,0.669124611013395,25.4937293671851,416,30,3.63333333333333,1.49448994034981
"result_final_linear_50",29.6,8289.01612832966,0.775330396475771,24.8854230453791,8516,201,14.726368159204,1.28977272727273
"result_final_linear_50",26.09,6284.14232511743,0.755571457779595,25.5902204578615,7578,214,12.1915887850467,1.32350155594642
"result_final_linear_50",13.3,1096.83792151881,0.70259319286872,24.0740542157254,4610,222,5.99099099099099,1.42329873125721
"result_final_linear_50",4.05,88.1284388174819,0.676180408738548,26.1477638754723,1536,90,4.5,1.47889525794685
"result_final_linear_50",13.53,918.071567940889,0.703351228241418,25.7458949586309,4622,214,6.32242990654206,1.42176477391003
"result_final_linear_50",8.85,291.93888774345,0.68896447467876,26.1202830305844,3170,169,5.23668639053254,1.45145364783324
"result_final_linear_50",19.81,1463.5732189857,0.726490306214894,24.4583880237135,6110,230,8.61304347826087,1.37648085796234
"result_final_linear_50",1.67,36.5206954882295,0.670462293740625,26.442116926958,624,42,3.97619047619048,1.49150818671819
"result_final_linear_50",28.09,12839.2557398007,0.766467704114261,24.0495503744523,8110,219,12.8264840182648,1.30468641357252
"result_final_linear_50",2.4,160.414322749937,0.672176308539945,25.2749585634788,956,62,3.87096774193548,1.48770491803279
"result_final_linear_50",39.01,118165.132651954,0.847318699638789,24.573834436969,9186,139,28.0647482014388,1.18019347434006
"result_final_linear_50",31.82,22877.7286112376,0.789485873089393,24.9644246468537,8586,204,15.5980392156863,1.26664711058962
"result_final_linear_50",6.21,152.656828686547,0.681712458206135,24.9973742748898,2322,138,4.5,1.46689412517326
"result_final_linear_50",11.68,532.394704365328,0.697409981048642,24.5747201523794,4280,217,5.38248847926267,1.4338768115942
"result_final_linear_50",32.1,34658.1916277281,0.791375291375291,25.1072916738177,8670,184,17.445652173913,1.26362297496318
"result_final_linear_50",36.58,129509.049431006,0.825351379489849,23.3969852790616,9114,139,26.3165467625899,1.21160517187007
"result_final_linear_50",37.16,68453.6075746926,0.830338266384778,25.4526073192147,9298,153,24.2875816993464,1.20432845321451
"result_final_linear_50",32.21,26999.1338111416,0.792124328114045,24.6515413216933,8718,193,16.6891191709845,1.26242808673846
"result_final_linear_50",17.67,2231.71607330644,0.718035932321647,25.7208638998122,5578,235,7.51914893617021,1.39268796307543
"result_final_linear_50",12.37,1119.83357424497,0.699584863483953,24.256521859863,4290,201,6.15422885572139,1.42941914869337
"result_final_linear_50",25.92,5231.33556494894,0.754686226568867,25.0067355460187,7514,236,10.9830508474576,1.32505399568035
"result_final_linear_50",26.73,14338.7696608424,0.758960016573441,24.8678195035212,7556,224,11.9330357142857,1.31759246622083
"result_final_linear_50",14,987.176048202473,0.704918032786885,25.1112324609406,5022,227,6.16740088105727,1.41860465116279
"result_final_linear_50",30.37,23704.6141464034,0.780080663231011,25.2166154677864,8436,210,14.4619047619048,1.28191871319833
"result_final_linear_50",11.77,883.039800221115,0.697690969476514,25.2952319261213,4014,192,6.13020833333333,1.43329933129321
"result_final_linear_50",36.28,91518.7006308873,0.822830578512397,24.7633368663974,9108,165,21.9878787878788,1.21531701192718
"result_final_linear_50",26.97,7859.07871191742,0.760254007911722,24.7184423100898,7712,213,12.6619718309859,1.31534985622347
"result_final_linear_50",40.4,132442.515305528,0.861271676300578,23.9456890281688,9244,120,33.6666666666667,1.16107382550336
"result_final_linear_50",8.18,576.768902126916,0.687069739598922,25.8251434866633,3062,165,4.95757575757576,1.45545632759747
"result_final_linear_50",29.17,11983.7148068626,0.772747108880646,24.3359447217425,8046,206,14.1601941747573,1.29408442750247
"result_final_linear_50",2.93,184.277494039205,0.673442486471486,25.3791967945068,1180,72,4.06944444444444,1.48490779849593
"result_final_linear_50",4.6,127.368387282147,0.677556818181818,24.510285839422,1804,105,4.38095238095238,1.47589098532495
"result_final_linear_50",24.96,5477.3036559006,0.749800159872102,25.2811785399478,7374,231,10.8051948051948,1.33368869936034
"result_final_linear_50",14.16,1030.12872747987,0.705456936226167,25.2429258405646,4788,225,6.29333333333333,1.41752096924511
"result_final_linear_50",23.45,3427.22967231184,0.742483026188167,24.8225332478769,7134,220,10.6590909090909,1.34683213585892
"result_final_linear_50",33.04,30239.4201905718,0.797902764537655,24.7026927640054,8740,185,17.8594594594595,1.25328554360812
"result_final_linear_50",43.53,126670.953995389,0.897203686050207,22.8309140029581,9654,102,42.6764705882353,1.11457411014698
"result_final_linear_50",9.41,528.380889114862,0.690577831986583,26.1946556513351,3278,182,5.17032967032967,1.44806270007727
"result_final_linear_50",2.07,33.2374007272354,0.67139723022076,24.6568518782877,800,49,4.22448979591837,1.48943122638619
"result_final_linear_50",35.25,57947.4973322539,0.814465408805031,23.4566120908063,8624,158,22.3101265822785,1.22779922779923
"result_final_linear_50",25.12,6104.02686801308,0.750601443464314,24.2074184140618,7350,213,11.7934272300469,1.33226495726496
"result_final_linear_50",14.76,784.021793068584,0.707503320053121,25.7655699586333,5260,255,5.78823529411765,1.41342092914125
"result_final_linear_50",21.43,2142.94171776257,0.733339555721486,24.8385251461438,6700,242,8.85537190082645,1.36362479317806
"result_final_linear_50",5.64,180.748905222225,0.680219146482122,25.7026756378011,2226,137,4.11678832116788,1.47011445527766
"result_final_linear_50",14.22,1638.92576758522,0.705659756498848,24.8764904511108,5000,236,6.02542372881356,1.41711354628119
"result_final_linear_50",38.84,88056.4149184034,0.845685840707965,24.8193558041828,9326,139,27.9424460431655,1.18247220405494
"result_final_linear_50",3.15,103.677922177842,0.673973556019485,25.8508355539559,1316,88,3.57954545454545,1.4837377387713
"result_final_linear_50",35.7,57162.5015382309,0.818066157760814,25.9421893923974,8658,168,21.25,1.22239502332815
"result_final_linear_50",1.81,27.3942973003607,0.670788359065446,25.7906943680457,778,53,3.41509433962264,1.49078317547612
"result_final_linear_50",19.27,2101.40985002872,0.724295711465997,25.4646662256114,6134,230,8.37826086956522,1.3806515545646
"result_final_linear_50",4.1,63.5461437988581,0.676304654442877,25.2447217285127,1662,100,4.1,1.47862356621481
"result_final_linear_50",9.66,433.015195819176,0.691307009488828,25.1863897460395,3426,172,5.61627906976744,1.44653531104715
"result_final_linear_50",34.2,49529.3389560684,0.806372549019608,24.9924509545277,8850,176,19.4318181818182,1.24012158054711
"result_final_linear_50",27.2,7146.64495030636,0.761506276150628,24.8245359161409,7698,215,12.6511627906977,1.31318681318681
"result_final_linear_50",37.3,133772.730606242,0.831564986737401,23.8001446810061,9224,147,25.3741496598639,1.20255183413078
"result_final_linear_50",36.6,99912.9379795598,0.825520833333333,23.2490708890277,9008,144,25.4166666666667,1.21135646687697
"result_final_linear_50",33.5,37745.9223127621,0.801204819277108,24.4058431492904,8760,178,18.8202247191011,1.24812030075188
"result_final_linear_50",25.04,5495.25093260035,0.750200160128103,24.322183915479,7598,232,10.7931034482759,1.33297758804696
"result_final_linear_50",21.9,4789.79461923342,0.735404896421846,25.7548950058344,6858,244,8.97540983606557,1.35979513444302
"result_final_linear_50",17.58,1658.22829387988,0.717694183211425,25.2840085066157,5658,221,7.95475113122172,1.3933511283669
"result_final_linear_50",9.58,460.468044741345,0.691073066340569,25.8524047673735,3552,190,5.04210526315789,1.44702499447025
"result_final_linear_50",2.01,34.2627127221941,0.67125633648445,24.6974654796448,838,56,3.58928571428571,1.48974385141341
"result_final_linear_50",3.62,51.3766738526039,0.675119080975063,26.741881222277,1492,101,3.58415841584158,1.48122017015978
"result_final_linear_50",38.27,63374.3945609592,0.840321263272529,25.1204329165501,9280,142,26.9507042253521,1.19002105945245
"result_final_linear_50",11.78,302.821291687748,0.697722239797532,24.9306227628927,4172,198,5.94949494949495,1.43323509408298
"result_final_linear_50",2.59,29.7636036157467,0.672628090042812,23.7393843086014,944,56,4.625,1.48670567703521
"result_final_linear_50",29.59,10689.299345905,0.775269764369082,25.337015597464,8068,207,14.2946859903382,1.28987359750035
"result_final_linear_50",36.37,118027.15282828,0.823582707740098,26.2765604422345,9136,157,23.1656050955414,1.21420713499921
"result_final_linear_50",7.86,467.27164690369,0.686178135239797,24.2449503720695,2850,148,5.31081081081081,1.45734751465162
"result_final_linear_50",35.55,63397.2756467821,0.816856780735108,24.2015100221252,8802,153,23.2352941176471,1.22420480993018
"result_final_linear_50",1.46,14.2985972350539,0.669975523524612,26.9997914788474,628,42,3.47619047619048,1.4925918408768
"result_final_linear_50",39.58,176925.647742152,0.852907961603614,25.4084192725588,9508,140,28.2714285714286,1.17245945051307
"result_final_linear_50",17.98,1595.79110399157,0.719221325850579,25.1960559786002,5894,249,7.22088353413655,1.39039258717386
"result_final_linear_50",37.61,112812.60970324,0.834313987697245,25.2062563137331,9268,141,26.6737588652482,1.19858951755089
"result_final_linear_50",13.99,1192.43625134243,0.704884445172922,25.4403035225702,4600,208,6.72596153846154,1.41867224741309
"result_final_linear_50",13.09,521.053610652237,0.701905992569859,24.5093894032642,4638,226,5.79203539823009,1.42469221033253
"result_final_linear_50",39.54,86725.2340432732,0.852509870276368,24.7045462330235,9392,132,29.9545454545455,1.17300694674165
"result_final_linear_50",10.78,453.353826249818,0.694643413266895,25.7022409394854,3928,199,5.41708542713568,1.43958753642681
"result_final_linear_50",34.96,59825.501418162,0.812187812187812,24.8024330983445,8762,156,22.4102564102564,1.23124231242312
"result_final_linear_50",28.5,7513.83119240745,0.768817204301075,25.1028225905933,7968,229,12.4454148471616,1.3006993006993
"result_final_linear_50",12.53,681.208813659303,0.700096046102129,25.1120853142053,4386,205,6.11219512195122,1.42837544300903
"result_final_linear_50",3.34,166.847078047111,0.674434831147083,24.2798515676621,1340,85,3.92941176470588,1.4827229464101
"result_final_linear_50",35.92,161953.228052571,0.81985670419652,25.5941955901849,8880,137,26.2189781021898,1.21972534332085
"result_final_linear_50",42.4,401449.574771364,0.883435582822086,23.9279416813486,9784,96,44.1666666666667,1.13194444444444
"result_final_linear_50",21.7,7641.27918587309,0.734521575984991,24.9054826809102,6442,220,9.86363636363636,1.36143039591315
"result_final_linear_50",2.79,46.4799037203431,0.67310621797535,24.7449371633913,1082,68,4.10294117647059,1.48564962452423
"result_final_linear_50",13.47,2207.57916344148,0.70315293352836,25.1751063294733,4468,204,6.60294117647059,1.42216572287068
"result_final_linear_50",36.54,157988.265122744,0.825013000520021,25.4104494680193,9396,134,27.2686567164179,1.21210211156634
"result_final_linear_50",25.11,7521.54327600592,0.750551212667869,24.8527588271431,7360,231,10.8701298701299,1.33235411937508
"result_final_linear_50",24.06,4072.42413529593,0.74538672948567,25.5614188752632,7208,238,10.109243697479,1.341585462207
"result_final_linear_50",28.99,17510.7347226438,0.771680069550098,25.4247579979073,8016,180,16.1055555555556,1.29587382058865
"result_final_linear_50",21.22,2630.97621627468,0.732428412049089,25.0013375106332,6560,256,8.2890625,1.36532114749936
"result_final_linear_50",3.91,182.53634830434,0.675833450555634,24.5067704294162,1496,93,4.20430107526882,1.47965449058175
"result_final_linear_50",16.99,2002.07033549507,0.715480089639717,25.8204213116824,5566,229,7.41921397379913,1.39766293217685
"result_final_linear_50",31.67,18766.846626002,0.788483729517655,24.0854535652673,8498,187,16.9358288770053,1.26825698814576
"result_final_linear_50",28.21,6233.1027060682,0.767151100662535,24.6647474349312,7970,235,12.0042553191489,1.30352416771138
"result_final_linear_50",4.8,96.7367355775695,0.678062678062678,25.1253887763001,1802,108,4.44444444444444,1.47478991596639
"result_final_linear_50",34.44,42768.1067086117,0.808185404339251,24.3875479581405,8734,175,19.68,1.23733984136669
"result_final_linear_50",26.89,5041.92266014726,0.759821242984826,23.9776967688248,7672,215,12.506976744186,1.31609902886062
"result_final_linear_50",8.91,396.483929009724,0.689136026630353,25.8089499195638,3034,149,5.97986577181208,1.45109232627072
"result_final_linear_50",37.95,189792.267623666,0.837381916329285,25.3914059969235,9206,153,24.8039215686275,1.1941982272361
"result_final_linear_50",8.62,231.88118048986,0.688309731846942,25.7236672420523,3078,170,5.07058823529412,1.45283431823156
"result_final_linear_50",2.04,84.6755846855369,0.671326754385965,22.1649818857484,788,51,4,1.48958758677011
"result_final_linear_50",11.68,456.311310736216,0.697409981048642,23.9469238836931,3998,198,5.8989898989899,1.4338768115942
"result_final_linear_50",44.78,1024050.33466381,0.913633355393779,26.1896865038818,10050,94,47.6382978723404,1.09453096704093
"result_final_linear_50",5.17,116.440042762894,0.679006157811829,25.4778569788988,2054,127,4.07086614173228,1.47274069387325
"result_final_linear_50",14.6,2820.95769982305,0.706953642384106,23.9231861695673,4688,206,7.0873786407767,1.41451990632319
"result_final_linear_50",29.14,23490.1014164055,0.772568687309202,25.0646000432208,8302,210,13.8761904761905,1.29438329099633
"result_final_linear_50",5.03,148.901408677167,0.67864799199657,25.376772953817,1800,105,4.79047619047619,1.4735179530378
"result_final_linear_50",22.37,2230.23193641725,0.737507125213756,25.0308993882978,6986,244,9.16803278688525,1.35591910343939
"result_final_linear_50",28.55,10648.3165318906,0.769106566200215,24.7195850436543,8082,203,14.064039408867,1.30020993701889
"result_final_linear_50",6.9,226.041822136115,0.683553597650514,24.8532764977461,2560,152,4.53947368421053,1.46294307196563
"result_final_linear_50",42.01,193760.728854008,0.878902697787208,24.4127614948724,9600,119,35.3025210084034,1.13778237627177
"result_final_linear_50",29.74,10590.7516886267,0.776182059213434,25.0915085547763,8102,190,15.6526315789474,1.28835752917734
"result_final_linear_50",3.71,165.648181356109,0.675340159910226,24.7930945315247,1404,85,4.36470588235294,1.48073527884515
"result_final_linear_50",6.2,320.559776952219,0.681686046511628,25.6033379251599,2222,123,5.04065040650407,1.46695095948827
"result_final_linear_50",19.46,5079.11279373443,0.725063017644941,25.4580140677464,6532,261,7.45593869731801,1.37919046436553
"result_final_linear_50",20.54,2960.52341049604,0.729526257803893,24.783574021833,6464,230,8.9304347826087,1.37075257991442
"result_final_linear_50",41.5,580415.775992342,0.873134328358209,26.2712888030053,9612,123,33.739837398374,1.14529914529915
"result_final_linear_50",20.01,1605.43413415413,0.727314057101291,24.5654147983333,6218,221,9.05429864253394,1.37492186523315
"result_final_linear_50",15.45,761.899078079299,0.709907640638119,25.3705388013885,5190,234,6.6025641025641,1.40863394441159
"result_final_linear_50",44.62,350578.027251561,0.911454904542462,24.9346731256114,9322,99,45.0707070707071,1.09714698447093
"result_final_linear_50",13.9,1173.28136911532,0.704582651391162,25.0182722902757,4644,211,6.58767772511848,1.41927990708479
"result_final_linear_50",23.62,2502.12354288072,0.743285325029194,24.5586727409313,6976,228,10.359649122807,1.34537837130139
"result_final_linear_50",9.44,318.246668272717,0.690665039658328,24.8671100974194,3498,183,5.15846994535519,1.44787985865724
"result_final_linear_50",23.92,8980.25831852654,0.744714173844949,25.2693965245407,7016,220,10.8727272727273,1.34279705573081
"result_final_linear_50",40.9,149088.749477043,0.866568914956012,23.6265327226077,9454,118,34.6610169491525,1.15397631133672
"result_final_linear_50",25.77,4710.16802821453,0.753910217347146,24.820262373861,7424,236,10.9194915254237,1.32641789034083
"result_final_linear_50",20.49,2815.93924639246,0.729315721885893,25.060883102798,6360,223,9.18834080717489,1.37114828323481
"result_final_linear_50",10.87,1020.60331240247,0.694916575705598,24.9042027043171,3768,192,5.66145833333333,1.43902165376416
"result_final_linear_50",22.2,2848.36676081107,0.736742424242424,25.2996889906986,6810,241,9.21161825726141,1.3573264781491
"result_final_linear_50",5.11,82.927080288108,0.678852482472457,25.1256517569147,2096,136,3.75735294117647,1.47307408578354
"result_final_linear_50",26.62,5338.53223460046,0.758371227780074,24.8918835716082,7778,235,11.3276595744681,1.31861542654674
"result_final_linear_50",10.57,389.746613975643,0.694009002017694,26.2660053094222,3862,224,4.71875,1.44090349994409
"result_final_linear_50",36.98,213771.847195748,0.828774329300368,24.9332026921014,9252,139,26.6043165467626,1.20660107902253
"result_final_linear_50",33.41,16030.4275302896,0.800553017552296,24.2106795010722,8870,184,18.1576086956522,1.24913650698303
"result_final_linear_50",31.63,11915.6737630906,0.788217661978326,24.9821749918369,8518,211,14.9905213270142,1.26868509580225
"result_final_linear_50",5.43,95.7237325764663,0.679675147333621,25.2875207474608,2048,123,4.41463414634146,1.47129110711642
"result_final_linear_50",41.27,141924.201219727,0.870589979246961,25.9773755157891,9648,145,28.4620689655172,1.14864634769283
"result_final_linear_50",38.2,49030.6997021594,0.839673913043478,25.7438787752349,9480,165,23.1515151515152,1.19093851132686
"result_final_linear_50",33.22,30846.3401997453,0.799186213499282,25.3898362690729,8844,207,16.048309178744,1.2512728361785
"result_final_linear_50",25.43,5891.43316891593,0.752168650393383,24.8581022571737,7548,223,11.4035874439462,1.32948907067185
"result_final_linear_50",32.08,66620.7283075218,0.791239515377446,24.5202914158849,8454,180,17.8222222222222,1.26383981154299
"result_final_linear_50",21.35,1944.23346645956,0.732991612301957,25.2291836306827,6624,242,8.82231404958678,1.36427209154482
"result_final_linear_50",29.37,13441.7191705922,0.773942581634889,23.6518119622507,8306,209,14.0526315789474,1.29208551606966
"result_final_linear_50",8.02,201.322203166245,0.686622872499254,24.7039053771323,3124,185,4.33513513513514,1.45640356599261
"result_final_linear_50",31.74,43942.8249755861,0.788950531668978,24.5384014780534,8634,179,17.731843575419,1.26750659244067
"result_final_linear_50",32.33,18983.4047554451,0.792945863604406,25.8381816961087,8462,185,17.4756756756757,1.26112014186493
"result_final_linear_50",25.74,7596.98242378891,0.753755582622818,24.6450181082739,7432,223,11.542600896861,1.32669000807972
"result_final_linear_50",27.84,14057.129633034,0.765055131467345,25.6481130308733,7720,201,13.8507462686567,1.30709534368071
"result_final_linear_50",34.06,69709.9416643633,0.805324865657059,23.9140447954006,8644,172,19.8023255813953,1.24173491052472
"result_final_linear_50",2.33,54.3254046955636,0.672010458235861,24.8895101602565,924,62,3.75806451612903,1.48807207945121
"result_final_linear_50",34.64,91543.4717086481,0.809712586719524,24.4819263201092,8868,169,20.4970414201183,1.23500611995104
"result_final_linear_50",40.92,259253.769031818,0.866784037558686,24.8352091841828,9398,120,34.1,1.15368991198375
"result_final_linear_50",38.99,173872.694173944,0.847125798389336,23.2910285182275,8992,131,29.763358778626,1.18046221930831
"result_final_linear_50",29.86,18764.9491552116,0.776916260522818,24.5382203938458,8430,222,13.4504504504505,1.28714000570288
"result_final_linear_50",7.82,212.84536284824,0.686067281929146,25.4673200761317,2910,160,4.8875,1.45758298980256
"result_final_linear_50",34.84,21772.7866990407,0.811254980079681,25.1794348881508,8608,169,20.6153846153846,1.23265807243708
"result_final_linear_50",2.9,143.630733513279,0.673370319001387,25.1239803713295,1128,78,3.71794871794872,1.48506694129763
"result_final_linear_50",22.12,1902.21495194724,0.736384266263238,24.7711822173604,6490,233,9.49356223175966,1.35798664612224
"result_final_linear_50",10.95,600.570125625487,0.695160031225605,25.2013660736587,4070,218,5.02293577981651,1.43851768669287
"result_final_linear_50",13.64,619.6563852242,0.703715775749674,25.2217039767619,4692,210,6.4952380952381,1.42102825382121
"result_final_linear_50",39.86,136901.908813805,0.855719977233922,24.6384554238931,9414,130,30.6615384615385,1.16860658463585
"result_final_linear_50",12.25,1724.7302608918,0.699203187250996,25.0302297177424,4126,203,6.03448275862069,1.43019943019943
"result_final_linear_50",26.98,5891.58323726335,0.760308204914619,24.1940340446424,7890,220,12.2636363636364,1.31525609422076
"result_final_linear_50",1.46,31.5177974889181,0.669975523524612,24.565570625851,504,27,5.40740740740741,1.4925918408768
"result_final_linear_50",11.49,595.553970903931,0.696819398519918,25.8494041387234,4112,221,5.19909502262443,1.43509207999096
"result_final_linear_50",3.13,119.907527306121,0.673925142618617,25.2727222356264,1164,75,4.17333333333333,1.48384432744916
"result_final_linear_50",7.19,428.708541965729,0.684338593127857,24.7029372903116,2486,137,5.24817518248175,1.46126494989764
"result_final_linear_50",20.41,1326.82604508762,0.728979666605605,25.1572166676817,6490,239,8.53974895397489,1.3717803744189
"result_final_concave_50",3.68,148.657165441624,0.666991201665987,26.2115393618511,1388,81,4.54320987654321,1.49927015154358
"result_final_concave_50",16.55,3976.07407865386,0.675523170385984,24.3540707199368,5588,236,7.01271186440678,1.48033412300072
"result_final_concave_50",10.21,489.251793341691,0.669552417760554,25.1209751047959,3564,179,5.70391061452514,1.49353504441772
"result_final_concave_50",18.95,3722.34348131586,0.679039993632484,24.6487822457833,6096,246,7.70325203252033,1.47266730881426
"result_final_concave_50",25.94,5404.26858614087,0.695091180916672,25.2603646417481,7516,217,11.9539170506912,1.43866017503088
"result_final_concave_50",19.32,1889.6266148926,0.679657936489242,25.0874911769656,6102,249,7.75903614457831,1.47132836433203
"result_final_concave_50",29.37,14949.023935532,0.707442153989262,24.1852782475291,8110,201,14.6119402985075,1.41354313474396
"result_final_concave_50",8.18,421.667124335102,0.668435023777696,25.4732128572436,3036,169,4.84023668639053,1.49603172249779
"result_final_concave_50",12.27,421.192288120047,0.671042103132024,25.0622599259696,4432,216,5.68055555555556,1.49021945915554
"result_final_concave_50",24.58,5926.92795361442,0.69113663225979,24.4459418206822,7102,221,11.1221719457014,1.44689190722004
"result_final_concave_50",41.33,217933.590995319,0.798801109884553,25.490101283755,9530,131,31.5496183206107,1.25187607731858
"result_final_concave_50",10.19,566.271883988129,0.669539788957534,24.917199871124,3670,204,4.99509803921569,1.49356321534974
"result_final_concave_50",12.68,643.673329114589,0.671385796737639,24.4758664575216,4064,190,6.67368421052632,1.48945659091858
"result_final_concave_50",10.38,530.553394490075,0.669661127679193,25.3709974293383,3790,208,4.99038461538461,1.49329259033691
"result_final_concave_50",7.01,569.875663371856,0.667931911226575,25.6842428873626,2464,132,5.31060606060606,1.49715859235356
"result_final_concave_50",0.74,14.260378100048,0.66667901790295,22.748750330235,316,25,2.96,1.49997221023322
"result_final_concave_50",33.83,102902.3679755,0.730296324279157,25.1200786600957,8750,173,19.5549132947977,1.36930717950286
"result_final_concave_50",18.98,1497.17355516893,0.679089297220458,25.0790078805072,6170,252,7.53174603174603,1.4725603894702
"result_final_concave_50",37.76,216734.074787523,0.759897254856666,25.4801959693378,9392,148,25.5135135135135,1.3159673806015
"result_final_concave_50",9.27,393.422548738766,0.668994537954774,24.1689427061347,3330,164,5.65243902439024,1.49478051503554
"result_final_concave_50",42.75,465984.297001218,0.818866038943802,27.0788637767366,9372,111,38.5135135135135,1.22120096870769
"result_final_concave_50",21.64,1561.86754324276,0.684056539352295,24.5675629618925,6872,259,8.35521235521236,1.46186746631625
"result_final_concave_50",10.8,303.271536717049,0.669940319821094,25.5197175860655,3760,183,5.9016393442623,1.492670272879
"result_final_concave_50",33.84,18257.1897480386,0.730358628363709,24.1413929710015,8956,183,18.4918032786885,1.36919036917575
"result_final_concave_50",12.22,1078.75792157264,0.671001310038299,25.1318081071521,4240,214,5.71028037383178,1.49031005609054
"result_final_concave_50",27.23,6911.59249327032,0.699305625775168,24.9658042814976,7600,208,13.0913461538462,1.42998992592333
"result_final_concave_50",21.87,2961.60993709163,0.684545660916595,24.5767014241147,6658,234,9.34615384615385,1.46082293277707
"result_final_concave_50",27.36,3673.72623766744,0.699757429465275,24.649519636728,7854,234,11.6923076923077,1.42906664208504
"result_final_concave_50",20.69,3622.40603762367,0.682141219938528,25.8153953053778,6404,219,9.44748858447489,1.46597210485259
"result_final_concave_50",1.09,34.8620077113677,0.666693655099051,25.4937293671851,416,30,3.63333333333333,1.4999392784853
"result_final_concave_50",29.6,9062.67242909368,0.708411471435759,24.8854230453791,8516,201,14.726368159204,1.41160898760331
"result_final_concave_50",26.09,6734.07653713535,0.695557046631378,25.5902204578615,7578,214,12.1915887850467,1.43769659849333
"result_final_concave_50",13.3,1136.59490800143,0.671937419604555,24.0740542157254,4610,222,5.99099099099099,1.48823383074649
"result_final_concave_50",4.05,88.796608778742,0.667062822057396,26.1477638754723,1536,90,4.5,1.49910917972574
"result_final_concave_50",13.53,966.620002819044,0.67215210049776,25.7458949586309,4622,214,6.32242990654206,1.4877584987973
"result_final_concave_50",8.85,300.103261499514,0.66876815763255,26.1202830305844,3170,169,5.23668639053254,1.4952865033826
"result_final_concave_50",19.81,1517.39383821901,0.680510035937488,24.4583880237135,6110,230,8.61304347826087,1.46948604310056
"result_final_concave_50",1.67,36.6536862718341,0.666730771401589,26.442116926958,624,42,3.97619047619048,1.49985577821437
"result_final_concave_50",28.09,13486.31932484,0.702392599146425,24.0495503744523,8110,219,12.8264840182648,1.42370520591367
"result_final_concave_50",2.4,161.550461561475,0.666801066236588,25.2749585634788,956,62,3.87096774193548,1.49969766191884
"result_final_concave_50",39.01,125946.210907121,0.771933979722378,24.573834436969,9186,139,28.0647482014388,1.29544757229063
"result_final_concave_50",31.82,24191.0245237633,0.718859272580997,24.9644246468537,8586,204,15.5980392156863,1.39109285800765
"result_final_concave_50",6.21,156.174889793732,0.667642313697977,24.9973742748898,2322,138,4.5,1.49780800210391
"result_final_concave_50",11.68,557.146706821027,0.670575924065481,24.5747201523794,4280,217,5.38248847926267,1.4912554479101
"result_final_concave_50",32.1,36650.5350226041,0.720330416332704,25.1072916738177,8670,184,17.445652173913,1.38825180406949
"result_final_concave_50",36.58,135039.336310904,0.749818068146575,23.3969852790616,9114,139,26.3165467625899,1.33365684621582
"result_final_concave_50",37.16,72770.6817382522,0.754627751188565,25.4526073192147,9298,153,24.2875816993464,1.32515667284295
"result_final_concave_50",32.21,28981.3980512732,0.720918591670815,24.6515413216933,8718,193,16.6891191709845,1.3871191720585
"result_final_concave_50",17.67,2345.04426419153,0.67706262315109,25.7208638998122,5578,235,7.51914893617021,1.4769682534622
"result_final_concave_50",12.37,1174.15052479068,0.671124415136985,24.256521859863,4290,201,6.15422885572139,1.49003668685766
"result_final_concave_50",25.92,5725.13303713272,0.695029528436622,25.0067355460187,7514,236,10.9830508474576,1.43878779114517
"result_final_concave_50",26.73,15072.5787439365,0.697615210586446,24.8678195035212,7556,224,11.9330357142857,1.4334549832412
"result_final_concave_50",14,1039.12537159012,0.672608221171335,25.1112324609406,5022,227,6.16740088105727,1.48674959437534
"result_final_concave_50",30.37,25105.2000911544,0.711804007228008,25.2166154677864,8436,210,14.4619047619048,1.40488110469386
"result_final_concave_50",11.77,898.512377782102,0.670644913700826,25.2952319261213,4014,192,6.13020833333333,1.49110204158813
"result_final_concave_50",36.28,96519.2184941406,0.747433765057145,24.7633368663974,9108,165,21.9878787878788,1.33791119260386
"result_final_concave_50",26.97,8220.06972629494,0.698417348458875,24.7184423100898,7712,213,12.6619718309859,1.43180864880661
"result_final_concave_50",40.4,140751.914239528,0.78724158717776,23.9456890281688,9244,120,33.6666666666667,1.27025809648214
"result_final_concave_50",8.18,586.39875766618,0.668435023777696,25.8251434866633,3062,165,4.95757575757576,1.49603172249779
"result_final_concave_50",29.17,12531.5784443797,0.706615127456431,24.3359447217425,8046,206,14.1601941747573,1.41519755400603
"result_final_concave_50",2.93,185.391614071407,0.666869194437552,25.3791967945068,1180,72,4.06944444444444,1.49954445090752
"result_final_concave_50",4.6,129.876914520779,0.667183729242968,24.510285839422,1804,105,4.38095238095238,1.4988375108228
"result_final_concave_50",24.96,5947.58558968626,0.692194283034929,25.2811785399478,7374,231,10.8051948051948,1.44468110255909
"result_final_concave_50",14.16,1084.98918002759,0.672768941565298,25.2429258405646,4788,225,6.29333333333333,1.48639441897147
"result_final_concave_50",23.45,3592.63821128997,0.688193728583504,24.8225332478769,7134,220,10.6590909090909,1.45307921078892
"result_final_concave_50",33.04,31603.9707835656,0.725550426743195,24.7026927640054,8740,185,17.8594594594595,1.37826395401452
"result_final_concave_50",43.53,133352.146348099,0.831328607353828,22.8309140029581,9654,102,42.6764705882353,1.20289376686202
"result_final_concave_50",9.41,540.884407734644,0.669073084471455,26.1946556513351,3278,182,5.17032967032967,1.49460503375347
"result_final_concave_50",2.07,33.481820023785,0.666765969434423,24.6568518782877,800,49,4.22448979591837,1.4997766020486
"result_final_concave_50",35.25,61455.8799855969,0.739747025286444,23.4566120908063,8624,158,22.3101265822785,1.35181347922661
"result_final_concave_50",25.12,6372.71563538671,0.692650330554075,24.2074184140618,7350,213,11.7934272300469,1.44372991087735
"result_final_concave_50",14.76,821.14543490356,0.673396987185447,25.7655699586333,5260,255,5.78823529411765,1.48500812897847
"result_final_concave_50",21.43,2249.71412189088,0.683618768744577,24.8385251461438,6700,242,8.85537190082645,1.46280360592855
"result_final_concave_50",5.64,183.034881967777,0.667461520590219,25.7026756378011,2226,137,4.11678832116788,1.4982137084333
"result_final_concave_50",14.22,1698.06736659874,0.672829936196168,24.8764904511108,5000,236,6.02542372881356,1.48625967157984
"result_final_concave_50",38.84,93877.8308446643,0.770207037693623,24.8193558041828,9326,139,27.9424460431655,1.29835219760454
"result_final_concave_50",3.15,104.648933059823,0.666901826156525,25.8508355539559,1316,88,3.57954545454545,1.49947107771946
"result_final_concave_50",35.7,60300.9393861724,0.743013286033401,25.9421893923974,8658,168,21.25,1.34587095385404
"result_final_concave_50",1.81,27.6864315166949,0.666742186202102,25.7906943680457,778,53,3.41509433962264,1.49983010029139
"result_final_concave_50",19.27,2196.55590277677,0.679573166850131,25.4646662256114,6134,230,8.37826086956522,1.47151189714431
"result_final_concave_50",4.1,63.9898483436726,0.667073093775863,25.2447217285127,1662,100,4.1,1.49908609615725
"result_final_concave_50",9.66,443.116572999887,0.669217252565403,25.1863897460395,3426,172,5.61627906976744,1.49428305407035
"result_final_concave_50",34.2,52120.7801385015,0.732640228507997,24.9924509545277,8850,176,19.4318181818182,1.36492641420534
"result_final_concave_50",27.2,7512.72215851739,0.699202093975598,24.8245359161409,7698,215,12.6511627906977,1.4302016664654
"result_final_concave_50",37.3,141924.304854234,0.755829803760221,23.8001446810061,9224,147,25.3741496598639,1.32304917724208
"result_final_concave_50",36.6,103922.040335063,0.749979475927128,23.2490708890277,9008,144,25.4166666666667,1.33336982157251
"result_final_concave_50",33.5,40268.9187237422,0.728272057309893,24.4058431492904,8760,178,18.8202247191011,1.37311323421335
"result_final_concave_50",25.04,5740.3160073252,0.692421502418435,24.322183915479,7598,232,10.7931034482759,1.44420702781078
"result_final_concave_50",21.9,5095.10616257463,0.68461021301718,25.7548950058344,6858,244,8.97540983606557,1.4606851913483
"result_final_concave_50",17.58,1714.83077728501,0.676932558146858,25.2840085066157,5658,221,7.95475113122172,1.47725203635877
"result_final_concave_50",9.58,480.782404516892,0.669170570186569,25.8524047673735,3552,190,5.04210526315789,1.49438729757824
"result_final_concave_50",2.01,34.6742478127287,0.666760180745556,24.6974654796448,838,56,3.58928571428571,1.49978962283234
"result_final_concave_50",3.62,51.8049111316283,0.666980309273764,26.741881222277,1492,101,3.58415841584158,1.49929463598235
"result_final_concave_50",38.27,69068.390721748,0.764627644445035,25.1204329165501,9280,142,26.9507042253521,1.30782611283404
"result_final_concave_50",11.78,309.379353593631,0.670652625863692,24.9306227628927,4172,198,5.94949494949495,1.49108489467578
"result_final_concave_50",2.59,30.1669295086284,0.666823805050506,23.7393843086014,944,56,4.625,1.49964652195381
"result_final_concave_50",29.59,11244.911046872,0.708368916207303,25.337015597464,8068,207,14.2946859903382,1.41169378994511
"result_final_concave_50",36.37,123180.753962136,0.748141871849891,26.2765604422345,9136,157,23.1656050955414,1.33664487662929
"result_final_concave_50",7.86,473.994030053384,0.668287696049135,24.2449503720695,2850,148,5.31081081081081,1.49636153098721
"result_final_concave_50",35.55,66602.2516995463,0.741909095739669,24.2015100221252,8802,153,23.2352941176471,1.3478740262687
"result_final_concave_50",1.46,14.3694918568175,0.666715453189121,26.9997914788474,628,42,3.47619047619048,1.49989023835681
"result_final_concave_50",39.58,186138.007719792,0.777947142213817,25.4084192725588,9508,140,28.2714285714286,1.28543437688361
"result_final_concave_50",17.98,1678.34539358594,0.677519430310378,25.1960559786002,5894,249,7.22088353413655,1.47597243010712
"result_final_concave_50",37.61,118435.761231237,0.758550700874309,25.2062563137331,9268,141,26.6737588652482,1.31830344213959
"result_final_concave_50",13.99,1239.12034669186,0.672598268956767,25.4403035225702,4600,208,6.72596153846154,1.48677159331833
"result_final_concave_50",13.09,549.362294286854,0.671746199319461,24.5093894032642,4638,226,5.79203539823009,1.4886574736308
"result_final_concave_50",39.54,93971.2128935354,0.777513630161631,24.7045462330235,9392,132,29.9545454545455,1.28615108624156
"result_final_concave_50",10.78,465.17121137889,0.669926677939768,25.7022409394854,3928,199,5.41708542713568,1.49270066849003
"result_final_concave_50",34.96,63244.7086840063,0.737714139663314,24.8024330983445,8762,156,22.4102564102564,1.35553861073666
"result_final_concave_50",28.5,8059.80494922035,0.703948500808978,25.1028225905933,7968,229,12.4454148471616,1.4205584625165
"result_final_concave_50",12.53,702.435661529003,0.671258141416711,25.1120853142053,4386,205,6.11219512195122,1.4897398456717
"result_final_concave_50",3.34,167.869107198063,0.666932102602958,24.2798515676621,1340,85,3.92941176470588,1.4994030068385
"result_final_concave_50",35.92,172009.249594052,0.744661391990028,25.5941955901849,8880,137,26.2189781021898,1.34289223364677
"result_final_concave_50",42.4,419995.811797796,0.813623165659578,23.9279416813486,9784,96,44.1666666666667,1.22907021604938
"result_final_concave_50",21.7,8070.43118127868,0.684183155914201,24.9054826809102,6442,220,9.86363636363636,1.46159692964643
"result_final_concave_50",2.79,46.8914692408381,0.666849768743566,24.7449371633913,1082,68,4.10294117647059,1.49958813344741
"result_final_concave_50",13.47,2276.76425866653,0.672095563111869,25.1751063294733,4468,204,6.60294117647059,1.48788365060751
"result_final_concave_50",36.54,164419.881841448,0.749496182105928,25.4104494680193,9396,134,27.2686567164179,1.33422961167088
"result_final_concave_50",25.11,7993.35140752275,0.692621638688258,24.8527588271431,7360,231,10.8701298701299,1.44378971741899
"result_final_concave_50",24.06,4271.9205719681,0.689745710608864,25.5614188752632,7208,238,10.109243697479,1.44980966843166
"result_final_concave_50",28.99,18832.893693524,0.70588318052301,25.4247579979073,8016,180,16.1055555555556,1.41666500575785
"result_final_concave_50",21.22,2753.21697629974,0.683189274351968,25.0013375106332,6560,256,8.2890625,1.46372321337822
"result_final_concave_50",3.91,183.397618946197,0.667034816303238,24.5067704294162,1496,93,4.20430107526882,1.49917212049302
"result_final_concave_50",16.99,2105.65624896109,0.676107722627053,25.8204213116824,5566,229,7.41921397379913,1.47905424909872
"result_final_concave_50",31.67,19511.586185409,0.718086261266918,24.0854535652673,8498,187,16.9358288770053,1.39259035291345
"result_final_concave_50",28.21,6574.58773088991,0.70284219102485,24.6647474349312,7970,235,12.0042553191489,1.42279449465299
"result_final_concave_50",4.8,97.902017251327,0.667232077649775,25.1253887763001,1802,108,4.44444444444444,1.49872890332604
"result_final_concave_50",34.44,44904.2045131086,0.73420399631466,24.3875479581405,8734,175,19.68,1.36201928213345
"result_final_concave_50",26.89,5321.09268441392,0.698148088234435,23.9776967688248,7672,215,12.506976744186,1.43236086562799
"result_final_concave_50",8.91,411.281333439165,0.668799656525335,25.8089499195638,3034,149,5.97986577181208,1.49521607890078
"result_final_concave_50",37.95,198607.047337979,0.76163170515919,25.3914059969235,9206,153,24.8039215686275,1.31297055154891
"result_final_concave_50",8.62,237.811535128838,0.668649973009947,25.7236672420523,3078,170,5.07058823529412,1.49555079692664
"result_final_concave_50",2.04,84.9047816206591,0.666763052466003,22.1649818857484,788,51,4,1.49978316330146
"result_final_concave_50",11.68,471.225960581501,0.670575924065481,23.9469238836931,3998,198,5.8989898989899,1.4912554479101
"result_final_concave_50",44.78,1056561.1538782,0.853832626148324,26.1896865038818,10050,94,47.6382978723404,1.17118972662247
"result_final_concave_50",5.17,119.894105082084,0.667327828181524,25.4778569788988,2054,127,4.07086614173228,1.49851386045898
"result_final_concave_50",14.6,2877.30151131492,0.673225540839423,23.9231861695673,4688,206,7.0873786407767,1.48538630717001
"result_final_concave_50",29.14,25497.0335897365,0.706492327799499,25.0646000432208,8302,210,13.8761904761905,1.415443537957
"result_final_concave_50",5.03,149.762748202629,0.667290626831192,25.376772953817,1800,105,4.79047619047619,1.49859740237738
"result_final_concave_50",22.37,2335.70515606423,0.685644675700842,25.0308993882978,6986,244,9.16803278688525,1.45848139049258
"result_final_concave_50",28.55,11646.4849661076,0.704142113852873,24.7195850436543,8082,203,14.064039408867,1.42016786146801
"result_final_concave_50",6.9,229.723593670417,0.667889542065141,24.8532764977461,2560,152,4.53947368421053,1.49725356816931
"result_final_concave_50",42.01,202697.258838273,0.808017612209561,24.4127614948724,9600,119,35.3025210084034,1.23759678612135
"result_final_concave_50",29.74,11218.1730802073,0.709011213208375,25.0915085547763,8102,190,15.6526315789474,1.41041492908816
"result_final_concave_50",3.71,167.186619578605,0.666996722863601,24.7930945315247,1404,85,4.36470588235294,1.49925774103765
"result_final_concave_50",6.2,323.800233793117,0.667638961819457,25.6033379251599,2222,123,5.04065040650407,1.49781552184251
"result_final_concave_50",19.46,5368.54071782278,0.679897419595871,25.4580140677464,6532,261,7.45593869731801,1.47081011219957
"result_final_concave_50",20.54,3112.19089714204,0.681853727099786,24.783574021833,6464,230,8.9304347826087,1.46659020880244
"result_final_concave_50",41.5,602951.813884342,0.801041605711276,26.2712888030053,9612,123,33.739837398374,1.24837460734897
"result_final_concave_50",20.01,1710.35772669258,0.680869179976704,24.5654147983333,6218,221,9.05429864253394,1.46871092040649
"result_final_concave_50",15.45,792.15933648315,0.674170413589027,25.3705388013885,5190,234,6.6025641025641,1.48330448777243
"result_final_concave_50",44.62,364042.796359224,0.850760527679706,24.9346731256114,9322,99,45.0707070707071,1.17541889575827
"result_final_concave_50",13.9,1197.29033908589,0.672509187432699,25.0182722902757,4644,211,6.58767772511848,1.48696853319952
"result_final_concave_50",23.62,2673.6778712877,0.688617827179447,24.5586727409313,6976,228,10.359649122807,1.45218430387718
"result_final_concave_50",9.44,324.231175330966,0.669090119226765,24.8671100974194,3498,183,5.15846994535519,1.49456698173282
"result_final_concave_50",23.92,9330.68851823755,0.689382049407692,25.2693965245407,7016,220,10.8727272727273,1.45057446862619
"result_final_concave_50",40.9,156151.387497088,0.793313815495104,23.6265327226077,9454,118,34.6610169491525,1.26053521376771
"result_final_concave_50",25.77,4945.15138129561,0.6945705753679,24.820262373861,7424,236,10.9194915254237,1.43973850241254
"result_final_concave_50",20.49,2995.16865341885,0.681758774207699,25.060883102798,6360,223,9.18834080717489,1.46679447017333
"result_final_concave_50",10.87,1043.64344540011,0.669988342652361,24.9042027043171,3768,192,5.66145833333333,1.49256328258068
"result_final_concave_50",22.2,3033.8998550636,0.685265441239737,25.2996889906986,6810,241,9.21161825726141,1.45928853232532
"result_final_concave_50",5.11,84.6965651459117,0.667311739002005,25.1256517569147,2096,136,3.75735294117647,1.49854999028722
"result_final_concave_50",26.62,5676.52588894386,0.697253177300711,24.8918835716082,7778,235,11.3276595744681,1.43419927302636
"result_final_concave_50",10.57,406.026973532072,0.669785542082123,26.2660053094222,3862,224,4.71875,1.49301520736228
"result_final_concave_50",36.98,223063.559452598,0.753106103467429,24.9332026921014,9252,139,26.6043165467626,1.32783414633852
"result_final_concave_50",33.41,16971.7961500371,0.727730527599976,24.2106795010722,8870,184,18.1576086956522,1.37413501574265
"result_final_concave_50",31.63,12861.2338072667,0.717881876788588,24.9821749918369,8518,211,14.9905213270142,1.39298683019197
"result_final_concave_50",5.43,98.5251324463809,0.667400095350281,25.2875207474608,2048,123,4.41463414634146,1.4983515989388
"result_final_concave_50",41.27,149388.677201071,0.798020129920023,25.9773755157891,9648,145,28.4620689655172,1.25310122202083
"result_final_concave_50",38.2,51844.4200619177,0.763964122546627,25.7438787752349,9480,165,23.1515151515152,1.30896199243829
"result_final_concave_50",33.22,32915.4685618653,0.726601824918155,25.3898362690729,8844,207,16.048309178744,1.37626959595462
"result_final_concave_50",25.43,6484.89157201936,0.693552436813774,24.8581022571737,7548,223,11.4035874439462,1.4418520459593
"result_final_concave_50",32.08,69415.2934297597,0.720224100495503,24.5202914158849,8454,180,17.8222222222222,1.3884567307759
"result_final_concave_50",21.35,2069.46786008735,0.68345418330765,25.2291836306827,6624,242,8.82231404958678,1.46315586973276
"result_final_concave_50",29.37,14128.3044408677,0.707442153989262,23.6518119622507,8306,209,14.0526315789474,1.41354313474396
"result_final_concave_50",8.02,205.890671316676,0.668360424815918,24.7039053771323,3124,185,4.33513513513514,1.49619870188368
"result_final_concave_50",31.74,46789.8006873483,0.718445704335671,24.5384014780534,8634,179,17.731843575419,1.3918936308829
"result_final_concave_50",32.33,20619.4594451332,0.721566929298753,25.8381816961087,8462,185,17.4756756756757,1.38587282675474
"result_final_concave_50",25.74,7984.16519493771,0.69447950919657,24.6450181082739,7432,223,11.542600896861,1.43992729340118
"result_final_concave_50",27.84,14944.4160910264,0.701471047218012,25.6481130308733,7720,201,13.8507462686567,1.42557558714067
"result_final_concave_50",34.06,74888.4013642463,0.731743929015068,23.9140447954006,8644,172,19.8023255813953,1.36659828711665
"result_final_concave_50",2.33,54.7699633834808,0.666793157585259,24.8895101602565,924,62,3.75806451612903,1.49971544942276
"result_final_concave_50",34.64,97341.1874794492,0.735533984433971,24.4819263201092,8868,169,20.4970414201183,1.3595564870732
"result_final_concave_50",40.92,270031.105562244,0.793563472775296,24.8352091841828,9398,120,34.1,1.26013864587636
"result_final_concave_50",38.99,185731.172345004,0.771729264438917,23.2910285182275,8992,131,29.763358778626,1.29579121342126
"result_final_concave_50",29.86,20150.5193591828,0.709531223778126,24.5382203938458,8430,222,13.4504504504505,1.40938124565566
"result_final_concave_50",7.82,217.105419885523,0.668269803828698,25.4673200761317,2910,160,4.8875,1.49640159449182
"result_final_concave_50",34.84,23429.4589550916,0.736888947142031,25.1794348881508,8608,169,20.6153846153846,1.35705658753388
"result_final_concave_50",2.9,145.075196674912,0.666864944502246,25.1239803713295,1128,78,3.71794871794872,1.49955400751558
"result_final_concave_50",22.12,2029.66576795985,0.685088976596102,24.7711822173604,6490,233,9.49356223175966,1.45966441464078
"result_final_concave_50",10.95,619.675158254108,0.67004375405712,25.2013660736587,4070,218,5.02293577981651,1.49243985030081
"result_final_concave_50",13.64,657.310551943796,0.672256738423091,25.2217039767619,4692,210,6.4952380952381,1.48752692661095
"result_final_concave_50",39.86,143951.361967689,0.781032282060826,24.6384554238931,9414,130,30.6615384615385,1.28035680850657
"result_final_concave_50",12.25,1761.64048488319,0.671025756940322,25.0302297177424,4126,203,6.03448275862069,1.49025576091103
"result_final_concave_50",26.98,6311.10465245742,0.698451139207582,24.1940340446424,7890,220,12.2636363636364,1.43173937855486
"result_final_concave_50",1.46,31.7767096102969,0.666715453189121,24.565570625851,504,27,5.40740740740741,1.49989023835681
"result_final_concave_50",11.49,614.173045043488,0.670432744912437,25.8494041387234,4112,221,5.19909502262443,1.4915739238402
"result_final_concave_50",3.13,120.753386084397,0.666898752550398,25.2727222356264,1164,75,4.17333333333333,1.49947798848886
"result_final_concave_50",7.19,433.065047284574,0.668003032657745,24.7029372903116,2486,137,5.24817518248175,1.49699919178714
"result_final_concave_50",20.41,1412.00128834909,0.681607756228741,25.1572166676817,6490,239,8.53974895397489,1.46711945523168
"result_final_convex_50",3.68,131.419243067441,0.745585584426417,26.2115393618511,1388,81,4.54320987654321,1.34122764829112
"result_final_convex_50",16.55,2996.13659577686,0.935617755317972,24.3540707199368,5588,236,7.01271186440678,1.06881255118993
"result_final_convex_50",10.21,404.486846253192,0.861790708922756,25.1209751047959,3564,179,5.70391061452514,1.16037454296764
"result_final_convex_50",18.95,3153.29503174868,0.953964277632454,24.6487822457833,6096,246,7.70325203252033,1.04825728116549
"result_final_convex_50",25.94,4406.7890030765,0.985163410321534,25.2603646417481,7516,217,11.9539170506912,1.01506002915153
"result_final_convex_50",19.32,1456.06527855744,0.956386323227724,25.0874911769656,6102,249,7.75903614457831,1.04560257263517
"result_final_convex_50",29.37,11988.0190382517,0.992243484397453,24.1852782475291,8110,201,14.6119402985075,1.00781714944418
"result_final_convex_50",8.18,384.616475290315,0.829772965051209,25.4732128572436,3036,169,4.84023668639053,1.20514892882571
"result_final_convex_50",12.27,307.601153803212,0.890099222173714,25.0622599259696,4432,216,5.68055555555556,1.12347025487551
"result_final_convex_50",24.58,4966.1877172672,0.981150289731524,24.4459418206822,7102,221,11.1221719457014,1.01921184803771
"result_final_convex_50",41.33,193567.007387358,0.999564086945294,25.490101283755,9530,131,31.5496183206107,1.00043610315777
"result_final_convex_50",10.19,466.971580713616,0.861495039770174,24.917199871124,3670,204,4.99509803921569,1.1607727889725
"result_final_convex_50",12.68,569.413946082481,0.895226485753146,24.4758664575216,4064,190,6.67368421052632,1.11703576236209
"result_final_convex_50",10.38,467.142162797258,0.864287787811751,25.3709974293383,3790,208,4.99038461538461,1.15702201755257
"result_final_convex_50",7.01,447.498576823783,0.809534780249414,25.6842428873626,2464,132,5.31060606060606,1.23527737707811
"result_final_convex_50",0.74,14.0860130774228,0.683022566561635,22.748750330235,316,25,2.96,1.46408046960153
"result_final_convex_50",33.83,89111.4371606135,0.996998791209748,25.1200786600957,8750,173,19.5549132947977,1.00301024315848
"result_final_convex_50",18.98,1147.45268635607,0.954164495368543,25.0790078805072,6170,252,7.53174603174603,1.04803731940765
"result_final_convex_50",37.76,184780.804128471,0.998842094207113,25.4801959693378,9392,148,25.5135135135135,1.00115924809297
"result_final_convex_50",9.27,309.312783457357,0.847465380705271,24.1689427061347,3330,164,5.65243902439024,1.17998920400476
"result_final_convex_50",42.75,414316.756826895,0.999714331997139,27.0788637767366,9372,111,38.5135135135135,1.00028574963239
"result_final_convex_50",21.64,1226.46392951887,0.969372738839156,24.5675629618925,6872,259,8.35521235521236,1.03159492724906
"result_final_convex_50",10.8,262.036701126388,0.870333191164705,25.5197175860655,3760,183,5.9016393442623,1.14898525088049
"result_final_convex_50",33.84,14799.7800893205,0.997005618388288,24.1413929710015,8956,183,18.4918032786885,1.00300337486217
"result_final_convex_50",12.22,912.804493946749,0.889462477480251,25.1318081071521,4240,214,5.71028037383178,1.12427452008194
"result_final_convex_50",27.23,5303.86900189358,0.988284666623697,24.9658042814976,7600,208,13.0913461538462,1.01185420939123
"result_final_convex_50",21.87,2508.61032367667,0.970468644201756,24.5767014241147,6658,234,9.34615384615385,1.03042999480167
"result_final_convex_50",27.36,2826.18195486693,0.988566016072047,24.649519636728,7854,234,11.6923076923077,1.0115662320392
"result_final_convex_50",20.69,3038.824289274,0.964493801071905,25.8153953053778,6404,219,9.44748858447489,1.03681329925463
"result_final_convex_50",1.09,32.6600605694538,0.69068994419682,25.4937293671851,416,30,3.63333333333333,1.44782765175895
"result_final_convex_50",29.6,6413.62144434462,0.992591499102427,24.8854230453791,8516,201,14.726368159204,1.0074637964402
"result_final_convex_50",26.09,4886.33215877494,0.985558671294931,25.5902204578615,7578,214,12.1915887850467,1.0146529365787
"result_final_convex_50",13.3,883.784612460679,0.90266307987919,24.0740542157254,4610,222,5.99099099099099,1.10783305786012
"result_final_convex_50",4.05,83.0011536005698,0.753104806487434,26.1477638754723,1536,90,4.5,1.32783643310433
"result_final_convex_50",13.53,672.745713573929,0.905325525737544,25.7458949586309,4622,214,6.32242990654206,1.10457506341194
"result_final_convex_50",8.85,242.769102988955,0.840783954190815,26.1202830305844,3170,169,5.23668639053254,1.18936618023642
"result_final_convex_50",19.81,1246.06910448506,0.959438484338827,24.4583880237135,6110,230,8.61304347826087,1.04227630673907
"result_final_convex_50",1.67,35.394183276752,0.703283281804621,26.442116926958,624,42,3.97619047619048,1.4219021351311
"result_final_convex_50",28.09,10990.2813622522,0.990042455899569,24.0495503744523,8110,219,12.8264840182648,1.01005769403231
"result_final_convex_50",2.4,151.009690634514,0.718907170800337,25.2749585634788,956,62,3.87096774193548,1.3910001744547
"result_final_convex_50",39.01,105076.581535671,0.999166694136344,24.573834436969,9186,139,28.0647482014388,1.00083400084145
"result_final_convex_50",31.82,19639.1680501508,0.995322036256808,24.9644246468537,8586,204,15.5980392156863,1.0046999499386
"result_final_convex_50",6.21,130.570804151547,0.79498875359902,24.9973742748898,2322,138,4.5,1.25787942970623
"result_final_convex_50",11.68,398.595110820859,0.882426248126834,24.5747201523794,4280,217,5.38248847926267,1.13323918245037
"result_final_convex_50",32.1,30167.7400827293,0.995595376466425,25.1072916738177,8670,184,17.445652173913,1.00442411007292
"result_final_convex_50",36.58,118057.446030326,0.998439273937534,23.3969852790616,9114,139,26.3165467625899,1.00156316573597
"result_final_convex_50",37.16,60549.0842878864,0.99865037311692,25.4526073192147,9298,153,24.2875816993464,1.00135145083746
"result_final_convex_50",32.21,22401.4725148141,0.995698941969294,24.6515413216933,8718,193,16.6891191709845,1.00431963704029
"result_final_convex_50",17.67,1744.00947862133,0.944767450669037,25.7208638998122,5578,235,7.51914893617021,1.05846152859294
"result_final_convex_50",12.37,848.124712334685,0.891365223020189,24.256521859863,4290,201,6.15422885572139,1.12187459660107
"result_final_convex_50",25.92,3900.42602945914,0.985110033098987,25.0067355460187,7514,236,10.9830508474576,1.01511502918529
"result_final_convex_50",26.73,12113.8130717012,0.98714769262985,24.8678195035212,7556,224,11.9330357142857,1.01301963978248
"result_final_convex_50",14,721.955380004671,0.910605663327026,25.1112324609406,5022,227,6.16740088105727,1.09817019624758
"result_final_convex_50",30.37,19964.4995356528,0.993661606513257,25.2166154677864,8436,210,14.4619047619048,1.00637882498951
"result_final_convex_50",11.77,789.164562602568,0.883619239103684,25.2952319261213,4014,192,6.13020833333333,1.13170917488665
"result_final_convex_50",36.28,81160.1163069399,0.998319203692596,24.7633368663974,9108,165,21.9878787878788,1.00168362614
"result_final_convex_50",26.97,6738.66639329508,0.987704479194862,24.7184423100898,7712,213,12.6619718309859,1.01244858261163
"result_final_convex_50",40.4,118913.708330247,0.999431345741978,23.9456890281688,9244,120,33.6666666666667,1.00056897780968
"result_final_convex_50",8.18,512.905202471743,0.829772965051209,25.8251434866633,3062,165,4.95757575757576,1.20514892882571
"result_final_convex_50",29.17,10513.4689667785,0.991929663991875,24.3359447217425,8046,206,14.1601941747573,1.00813599623147
"result_final_convex_50",2.93,175.025788482933,0.730072347017351,25.3791967945068,1180,72,4.06944444444444,1.36972726618864
"result_final_convex_50",4.6,108.518384854256,0.76410635248635,24.510285839422,1804,105,4.38095238095238,1.30871834365212
"result_final_convex_50",24.96,4123.20264273998,0.982352769943241,25.2811785399478,7374,231,10.8051948051948,1.0179642492969
"result_final_convex_50",14.16,748.631782094911,0.912354331866199,25.2429258405646,4788,225,6.29333333333333,1.09606538279324
"result_final_convex_50",23.45,2860.23974800501,0.977168164759669,24.8225332478769,7134,220,10.6590909090909,1.02336530810533
"result_final_convex_50",33.04,27006.9183312262,0.996415105012097,24.7026927640054,8740,185,17.8594594594595,1.00359779269691
"result_final_convex_50",43.53,117366.207060434,0.999775556802121,22.8309140029581,9654,102,42.6764705882353,1.00022449358394
"result_final_convex_50",9.41,455.4933603014,0.849654220819033,26.1946556513351,3278,182,5.17032967032967,1.17694937010498
"result_final_convex_50",2.07,31.2357282892379,0.711877704416449,24.6568518782877,800,49,4.22448979591837,1.40473566428062
"result_final_convex_50",35.25,50513.5149532208,0.997843610094877,23.4566120908063,8624,158,22.3101265822785,1.00216104997147
"result_final_convex_50",25.12,5225.01342162868,0.982839683639817,24.2074184140618,7350,213,11.7934272300469,1.01745993435738
"result_final_convex_50",14.76,608.20312400947,0.91869353456709,25.7655699586333,5260,255,5.78823529411765,1.08850227238317
"result_final_convex_50",21.43,1753.47544390088,0.968343695849116,24.8385251461438,6700,242,8.85537190082645,1.03269118628704
"result_final_convex_50",5.64,164.090178850012,0.78429213013036,25.7026756378011,2226,137,4.11678832116788,1.27503510692347
"result_final_convex_50",14.22,1342.2462916619,0.913003728888504,24.8764904511108,5000,236,6.02542372881356,1.0952857785339
"result_final_convex_50",38.84,77671.8578792637,0.999127871743004,24.8193558041828,9326,139,27.9424460431655,1.00087288952862
"result_final_convex_50",3.15,95.8594378919012,0.734659039631025,25.8508355539559,1316,88,3.57954545454545,1.36117565571947
"result_final_convex_50",35.7,50802.4833258138,0.998064099997751,25.9421893923974,8658,168,21.25,1.00193965498033
"result_final_convex_50",1.81,24.972665706814,0.70630018373903,25.7906943680457,778,53,3.41509433962264,1.41582859954272
"result_final_convex_50",19.27,1730.90444339955,0.956064996167527,25.4646662256114,6134,230,8.37826086956522,1.04595399267685
"result_final_convex_50",4.1,60.1815264673134,0.754113772455423,25.2447217285127,1662,100,4.1,1.3260598553239
"result_final_convex_50",9.66,369.087757952526,0.853514916219017,25.1863897460395,3426,172,5.61627906976744,1.17162568690644
"result_final_convex_50",34.2,43758.0778483957,0.997242622435331,24.9924509545277,8850,176,19.4318181818182,1.00276500171837
"result_final_convex_50",27.2,6103.19042132461,0.98821891967898,24.8245359161409,7698,215,12.6511627906977,1.01192152880947
"result_final_convex_50",37.3,117756.126239123,0.998697425221837,23.8001446810061,9224,147,25.3741496598639,1.00130427369218
"result_final_convex_50",36.6,91411.3984038725,0.998447005843034,23.2490708890277,9008,144,25.4166666666667,1.00155540969914
"result_final_convex_50",33.5,32130.0526472076,0.996765817353177,24.4058431492904,8760,178,18.8202247191011,1.00324467652333
"result_final_convex_50",25.04,4698.82879537631,0.982597639723064,24.322183915479,7598,232,10.7931034482759,1.01771056592589
"result_final_convex_50",21.9,3688.32800192935,0.970609220802454,25.7548950058344,6858,244,8.97540983606557,1.03028075415691
"result_final_convex_50",17.58,1392.40350681871,0.94407124922727,25.2840085066157,5658,221,7.95475113122172,1.05924208667355
"result_final_convex_50",9.58,341.622679901372,0.85228619697389,25.8524047673735,3552,190,5.04210526315789,1.17331478973915
"result_final_convex_50",2.01,31.006320226125,0.710593570552666,24.6974654796448,838,56,3.58928571428571,1.40727420207623
"result_final_convex_50",3.62,47.9164503058985,0.744357649227838,26.741881222277,1492,101,3.58415841584158,1.34344021457609
"result_final_convex_50",38.27,53410.9048864478,0.998985885107362,25.1204329165501,9280,142,26.9507042253521,1.00101514436566
"result_final_convex_50",11.78,267.58619287165,0.883751292316734,24.9306227628927,4172,198,5.94949494949495,1.13154007093842
"result_final_convex_50",2.59,27.5009229197115,0.722927972126794,23.7393843086014,944,56,4.625,1.38326367018015
"result_final_convex_50",29.59,9243.64803759886,0.99257664913381,25.337015597464,8068,207,14.2946859903382,1.00747886913587
"result_final_convex_50",36.37,107299.724770236,0.998356041530855,26.2765604422345,9136,157,23.1656050955414,1.00164666551887
"result_final_convex_50",7.86,420.833835538395,0.824363541323118,24.2449503720695,2850,148,5.31081081081081,1.21305704324937
"result_final_convex_50",35.55,56537.3148641006,0.997992888316048,24.2015100221252,8802,153,23.2352941176471,1.00201114828317
"result_final_convex_50",1.46,13.6993379960928,0.69874079614453,26.9997914788474,628,42,3.47619047619048,1.43114586341278
"result_final_convex_50",39.58,160961.192648532,0.999286030881051,25.4084192725588,9508,140,28.2714285714286,1.00071447923506
"result_final_convex_50",17.98,1260.63660006076,0.94711465503427,25.1960559786002,5894,249,7.22088353413655,1.05583837678429
"result_final_convex_50",37.61,102128.680487262,0.998796545925316,25.2062563137331,9268,141,26.6737588652482,1.00120490412146
"result_final_convex_50",13.99,958.346174538171,0.910495551483101,25.4403035225702,4600,208,6.72596153846154,1.09830300474407
"result_final_convex_50",13.09,384.537141677377,0.900186761236991,24.5093894032642,4638,226,5.79203539823009,1.11088058951884
"result_final_convex_50",39.54,75666.4671075545,0.999278175687808,24.7045462330235,9392,132,29.9545454545455,1.00072234571889
"result_final_convex_50",10.78,385.368853679659,0.87004931989817,25.7022409394854,3928,199,5.41708542713568,1.14936013066137
"result_final_convex_50",34.96,52678.3170040256,0.997690240370263,24.8024330983445,8762,156,22.4102564102564,1.00231510697036
"result_final_convex_50",28.5,6126.85375097768,0.990798636296083,25.1028225905933,7968,229,12.4454148471616,1.009286815067
"result_final_convex_50",12.53,567.41917542274,0.893370080261873,25.1120853142053,4386,205,6.11219512195122,1.11935694075055
"result_final_convex_50",3.34,158.946626375649,0.738596525505644,24.2798515676621,1340,85,3.92941176470588,1.35391917707086
"result_final_convex_50",35.92,141215.947309359,0.998164568884317,25.5941955901849,8880,137,26.2189781021898,1.00183880611765
"result_final_convex_50",42.4,372658.569248528,0.999682354456706,23.9279416813486,9784,96,44.1666666666667,1.00031774647405
"result_final_convex_50",21.7,6090.27753362919,0.969661741424597,24.9054826809102,6442,220,9.86363636363636,1.03128746580311
"result_final_convex_50",2.79,43.2304036663332,0.727138602201352,24.7449371633913,1082,68,4.10294117647059,1.37525362698746
"result_final_convex_50",13.47,1836.27088793477,0.904635971700279,25.1751063294733,4468,204,6.60294117647059,1.10541701997598
"result_final_convex_50",36.54,144439.165816504,0.99842370943576,25.4104494680193,9396,134,27.2686567164179,1.00157877917896
"result_final_convex_50",25.11,6016.50352168915,0.982809581852054,24.8527588271431,7360,231,10.8701298701299,1.01749109742658
"result_final_convex_50",24.06,3452.93188277011,0.979395708725692,25.5614188752632,7208,238,10.109243697479,1.02103775939668
"result_final_convex_50",28.99,13997.7281758824,0.991638072416947,25.4247579979073,8016,180,16.1055555555556,1.00843243902755
"result_final_convex_50",21.22,2148.24025832179,0.96728699969239,25.0013375106332,6560,256,8.2890625,1.03381933212998
"result_final_convex_50",3.91,175.492135902666,0.75027056478081,24.5067704294162,1496,93,4.20430107526882,1.33285250273966
"result_final_convex_50",16.99,1554.79125173667,0.939339657615654,25.8204213116824,5566,229,7.41921397379913,1.06457764440428
"result_final_convex_50",31.67,16808.6942176578,0.995169705637218,24.0854535652673,8498,187,16.9358288770053,1.00485373935262
"result_final_convex_50",28.21,5410.19915429472,0.990269022372563,24.6647474349312,7970,235,12.0042553191489,1.0098266000527
"result_final_convex_50",4.8,88.4960071329624,0.768052549332278,25.1253887763001,1802,108,4.44444444444444,1.30199424618715
"result_final_convex_50",34.44,37962.3271463373,0.997391449991562,24.3875479581405,8734,175,19.68,1.00261537233797
"result_final_convex_50",26.89,4315.66229184226,0.98752117899945,23.9776967688248,7672,215,12.506976744186,1.01263650974371
"result_final_convex_50",8.91,314.46174173239,0.84174894913371,25.8089499195638,3034,149,5.97986577181208,1.18800267113984
"result_final_convex_50",37.95,172612.361545602,0.998897620304712,25.3914059969235,9206,153,24.8039215686275,1.00110359627742
"result_final_convex_50",8.62,195.571136305722,0.837052573564326,25.7236672420523,3078,170,5.07058823529412,1.1946680908486
"result_final_convex_50",2.04,82.7443452230202,0.711235864858841,22.1649818857484,788,51,4,1.40600333786383
"result_final_convex_50",11.68,380.19162743789,0.882426248126834,23.9469238836931,3998,198,5.8989898989899,1.13323918245037
"result_final_convex_50",44.78,979275.512358613,0.999849669842723,26.1896865038818,10050,94,47.6382978723404,1.00015035275983
"result_final_convex_50",5.17,92.3439653597656,0.775273498771804,25.4778569788988,2054,127,4.07086614173228,1.28986738432851
"result_final_convex_50",14.6,2505.30794969101,0.917036574854051,23.9231861695673,4688,206,7.0873786407767,1.09046904716876
"result_final_convex_50",29.14,18198.0275545564,0.991881673749622,25.0646000432208,8302,210,13.8761904761905,1.00818477290712
"result_final_convex_50",5.03,141.991808122653,0.772553562656983,25.376772953817,1800,105,4.79047619047619,1.29440863175982
"result_final_convex_50",22.37,1855.21536733349,0.972741780798843,25.0308993882978,6986,244,9.16803278688525,1.02802205039324
"result_final_convex_50",28.55,8023.42234706068,0.99088743665127,24.7195850436543,8082,203,14.064039408867,1.0091963658148
"result_final_convex_50",6.9,200.965102361811,0.807567965291753,24.8532764977461,2560,152,4.53947368421053,1.2382858693989
"result_final_convex_50",42.01,179933.721605176,0.999643028689829,24.4127614948724,9600,119,35.3025210084034,1.00035709878419
"result_final_convex_50",29.74,8966.5804726171,0.99279676003107,25.0915085547763,8102,190,15.6526315789474,1.00725550309885
"result_final_convex_50",3.71,153.394163370306,0.746198665031568,24.7930945315247,1404,85,4.36470588235294,1.34012568885753
"result_final_convex_50",6.2,297.027098659076,0.794803432487027,25.6033379251599,2222,123,5.04065040650407,1.25817272438154
"result_final_convex_50",19.46,3861.2298404661,0.957276221599289,25.4580140677464,6532,261,7.45593869731801,1.04463056475939
"result_final_convex_50",20.54,2394.02935672163,0.96366961380367,24.783574021833,6464,230,8.9304347826087,1.03770004333013
"result_final_convex_50",41.5,543417.468419148,0.999585143412671,26.2712888030053,9612,123,33.739837398374,1.00041502876475
"result_final_convex_50",20.01,1212.02233768864,0.960634655928447,24.5654147983333,6218,221,9.05429864253394,1.04097847587386
"result_final_convex_50",15.45,635.962684001148,0.925564217680659,25.3705388013885,5190,234,6.6025641025641,1.0804220613734
"result_final_convex_50",44.62,332162.474093152,0.999841596401368,24.9346731256114,9322,99,45.0707070707071,1.00015842869431
"result_final_convex_50",13.9,1039.94926427204,0.909500192977404,25.0182722902757,4644,211,6.58767772511848,1.09950498935721
"result_final_convex_50",23.62,1925.24787251176,0.97780792924381,24.5586727409313,6976,228,10.359649122807,1.02269573613844
"result_final_convex_50",9.44,279.550097290154,0.850120754080265,24.8671100974194,3498,183,5.15846994535519,1.17630347830043
"result_final_convex_50",23.92,7716.63320062114,0.978900992792494,25.2693965245407,7016,220,10.8727272727273,1.02155377036376
"result_final_convex_50",40.9,137301.294665101,0.999506561815697,23.6265327226077,9454,118,34.6610169491525,1.00049368178575
"result_final_convex_50",25.77,3987.64112054922,0.984704573771096,24.820262373861,7424,236,10.9194915254237,1.01553301024116
"result_final_convex_50",20.49,2119.05426039766,0.963391519447761,25.060883102798,6360,223,9.18834080717489,1.03799958772029
"result_final_convex_50",10.87,892.524723420084,0.871323583065989,24.9042027043171,3768,192,5.66145833333333,1.1476792542229
"result_final_convex_50",22.2,2159.09446630462,0.971985429668831,25.2996889906986,6810,241,9.21161825726141,1.02882200645818
"result_final_convex_50",5.11,70.0335095164179,0.774109666109899,25.1256517569147,2096,136,3.75735294117647,1.29180663125582
"result_final_convex_50",26.62,4338.40451466041,0.986885520271195,24.8918835716082,7778,235,11.3276595744681,1.01328875483471
"result_final_convex_50",10.57,299.180316819661,0.867044479075581,26.2660053094222,3862,224,4.71875,1.15334336834273
"result_final_convex_50",36.98,194794.925737637,0.998587702331758,24.9332026921014,9252,139,26.6043165467626,1.00141429507388
"result_final_convex_50",33.41,14049.6767888305,0.99669963206075,24.2106795010722,8870,184,18.1576086956522,1.00331129643584
"result_final_convex_50",31.63,9716.20292527242,0.99512837269966,24.9821749918369,8518,211,14.9905213270142,1.00489547623602
"result_final_convex_50",5.43,79.5431256234276,0.780284229471909,25.2875207474608,2048,123,4.41463414634146,1.28158427689458
"result_final_convex_50",41.27,130379.640635022,0.999556433287493,25.9773755157891,9648,145,28.4620689655172,1.00044376355125
"result_final_convex_50",38.2,43895.9379273797,0.998967124703644,25.7438787752349,9480,165,23.1515151515152,1.00103394323078
"result_final_convex_50",33.22,26069.8565963794,0.996556058900871,25.3898362690729,8844,207,16.048309178744,1.00345584281824
"result_final_convex_50",25.43,4156.46738133588,0.9837513640091,24.8581022571737,7548,223,11.4035874439462,1.01651701495455
"result_final_convex_50",32.08,59371.7783070405,0.995576318000235,24.5202914158849,8454,180,17.8222222222222,1.00444333791371
"result_final_convex_50",21.35,1502.42725232349,0.967944432581376,25.2291836306827,6624,242,8.82231404958678,1.03311715666687
"result_final_convex_50",29.37,11560.6410182049,0.992243484397453,23.6518119622507,8306,209,14.0526315789474,1.00781714944418
"result_final_convex_50",8.02,171.242187095635,0.827080278584701,24.7039053771323,3124,185,4.33513513513514,1.20907247566246
"result_final_convex_50",31.74,37125.2182070135,0.995241314615642,24.5384014780534,8634,179,17.731843575419,1.00478143874704
"result_final_convex_50",32.33,15369.7606038686,0.995809528711831,25.8381816961087,8462,185,17.4756756756757,1.00420810523232
"result_final_convex_50",25.74,6380.91131646783,0.984622387274612,24.6450181082739,7432,223,11.542600896861,1.01561777684941
"result_final_convex_50",27.84,11510.1280789131,0.989556103896663,25.6481130308733,7720,201,13.8507462686567,1.01055412225968
"result_final_convex_50",34.06,58327.9618336061,0.997152457755729,23.9140447954006,8644,172,19.8023255813953,1.00285567389633
"result_final_convex_50",2.33,50.6790674643164,0.717420871251613,24.8895101602565,924,62,3.75806451612903,1.39388194583104
"result_final_convex_50",34.64,79137.2998723047,0.997510108716426,24.4819263201092,8868,169,20.4970414201183,1.00249610631694
"result_final_convex_50",40.92,241148.147233662,0.99950937876112,24.8352091841828,9398,120,34.1,1.00049086206623
"result_final_convex_50",38.99,152964.126750474,0.999162206905202,23.2910285182275,8992,131,29.763358778626,1.00083849558061
"result_final_convex_50",29.86,15080.6438707417,0.992968825581659,24.5382203938458,8430,222,13.4504504504505,1.00708096189648
"result_final_convex_50",7.82,187.674120900507,0.823680618455211,25.4673200761317,2910,160,4.8875,1.21406280249191
"result_final_convex_50",34.84,18463.062410991,0.997624061947039,25.1794348881508,8608,169,20.6153846153846,1.0023815965789
"result_final_convex_50",2.9,131.804045295565,0.729444652911547,25.1239803713295,1128,78,3.71794871794872,1.37090592961172
"result_final_convex_50",22.12,1480.75935504153,0.971623656194405,24.7711822173604,6490,233,9.49356223175966,1.02920507711467
"result_final_convex_50",10.95,490.251195282158,0.872449443411821,25.2013660736587,4070,218,5.02293577981651,1.14619822105608
"result_final_convex_50",13.64,433.079534853841,0.906580570345259,25.2217039767619,4692,210,6.4952380952381,1.10304592080455
"result_final_convex_50",39.86,124786.59415183,0.999338946123077,24.6384554238931,9414,130,30.6615384615385,1.00066149115822
"result_final_convex_50",12.25,1509.56828992001,0.889844823963908,25.0302297177424,4126,203,6.03448275862069,1.12379144438397
"result_final_convex_50",26.98,4757.42551077319,0.987727231934006,24.1940340446424,7890,220,12.2636363636364,1.01242526040511
"result_final_convex_50",1.46,29.3237097057459,0.69874079614453,24.565570625851,504,27,5.40740740740741,1.43114586341278
"result_final_convex_50",11.49,483.900597118721,0.879881029664588,25.8494041387234,4112,221,5.19909502262443,1.13651728618493
"result_final_convex_50",3.13,113.238091396962,0.734243274239597,25.2727222356264,1164,75,4.17333333333333,1.36194642168923
"result_final_convex_50",7.19,397.787411060963,0.812729864576752,24.7029372903116,2486,137,5.24817518248175,1.23042113202124
"result_final_convex_50",20.41,1018.38566092389,0.962943042565489,25.1572166676817,6490,239,8.53974895397489,1.03848302110973
"result_final_linear_100",3.68,192.417758890049,0.509737510584251,26.2115393618511,1388,81,4.54320987654321,1.96179401993355
"result_final_linear_100",16.55,4574.33980839951,0.555038244097107,24.3540707199368,5588,236,7.01271186440678,1.8016776512882
"result_final_linear_100",10.21,574.008813995343,0.530141111176714,25.1209751047959,3564,179,5.70391061452514,1.88629023276534
"result_final_linear_100",18.95,4024.74304260471,0.566189311910583,24.6487822457833,6096,246,7.70325203252033,1.76619370758791
"result_final_linear_100",25.94,5864.35743877753,0.606154853494844,25.2603646417481,7516,217,11.9539170506912,1.64974345125574
"result_final_linear_100",19.32,2167.29738422751,0.568009011546043,25.0874911769656,6102,249,7.75903614457831,1.76053544868617
"result_final_linear_100",29.37,15955.6144904829,0.631244972741085,24.1852782475291,8110,201,14.6119402985075,1.58417103213932
"result_final_linear_100",8.18,462.891792526107,0.523310156160948,25.4732128572436,3036,169,4.84023668639053,1.91091265519495
"result_final_linear_100",12.27,521.794161314561,0.537594215331822,25.0622599259696,4432,216,5.68055555555556,1.86013906303431
"result_final_linear_100",24.58,6336.97012868208,0.597338824647553,24.4459418206822,7102,221,11.1221719457014,1.6740917528507
"result_final_linear_100",41.33,221630.305662974,0.771872122089199,25.490101283755,9530,131,31.5496183206107,1.29555138912562
"result_final_linear_100",10.19,655.075811788251,0.53007141592398,24.917199871124,3670,204,4.99509803921569,1.8865382474112
"result_final_linear_100",12.68,704.976233833624,0.539145468016794,24.4758664575216,4064,190,6.67368421052632,1.85478699038021
"result_final_linear_100",10.38,591.931081487002,0.530735520549568,25.3709974293383,3790,208,4.99038461538461,1.88417763891988
"result_final_linear_100",7.01,753.732989571644,0.519584287869475,25.6842428873626,2464,132,5.31060606060606,1.92461555005915
"result_final_linear_100",0.74,16.7954411566404,0.501870765497017,22.748750330235,316,25,2.96,1.99254483175499
"result_final_linear_100",33.83,106331.457199216,0.671708455994315,25.1200786600957,8750,173,19.5549132947977,1.48874112135409
"result_final_linear_100",18.98,1719.0702606355,0.566335803159513,25.0790078805072,6170,252,7.53174603174603,1.76573685509751
"result_final_linear_100",37.76,223226.602519936,0.717712177121771,25.4801959693378,9392,148,25.5135135135135,1.39331619537275
"result_final_linear_100",9.27,506.912060268081,0.526917939485452,24.1689427061347,3330,164,5.65243902439024,1.89782872258349
"result_final_linear_100",42.75,472755.936021284,0.797909407665505,27.0788637767366,9372,111,38.5135135135135,1.25327510917031
"result_final_linear_100",21.64,1745.75976773858,0.58010068107788,24.5675629618925,6872,259,8.35521235521236,1.72383869321082
"result_final_linear_100",10.8,368.430736243975,0.532219570405728,25.5197175860655,3760,183,5.9016393442623,1.87892376681614
"result_final_linear_100",33.84,19365.5040216247,0.671811535337124,24.1413929710015,8956,183,18.4918032786885,1.48851269649335
"result_final_linear_100",12.22,1205.03166231499,0.537406636463818,25.1318081071521,4240,214,5.71028037383178,1.86078833447254
"result_final_linear_100",27.23,7541.74564646486,0.615079029667822,24.9658042814976,7600,208,13.0913461538462,1.62580733818881
"result_final_linear_100",21.87,3176.76682227121,0.581367661284322,24.5767014241147,6658,234,9.34615384615385,1.72008191475745
"result_final_linear_100",27.36,4128.48974460854,0.616010854816825,24.649519636728,7854,234,11.6923076923077,1.62334801762115
"result_final_linear_100",20.69,3941.45528661171,0.575001812513594,25.8153953053778,6404,219,9.44748858447489,1.73912495271719
"result_final_linear_100",1.09,54.6806466285545,0.502770294312001,25.4937293671851,416,30,3.63333333333333,1.98897988069963
"result_final_linear_100",29.6,10082.7507083592,0.633093525179856,24.8854230453791,8516,201,14.726368159204,1.57954545454546
"result_final_linear_100",26.09,7498.51400747758,0.607163394397437,25.5902204578615,7578,214,12.1915887850467,1.64700311189284
"result_final_linear_100",13.3,1337.0699981702,0.541536539662711,24.0740542157254,4610,222,5.99099099099099,1.84659746251442
"result_final_linear_100",4.05,129.054360894596,0.510779877561884,26.1477638754723,1536,90,4.5,1.9577905158937
"result_final_linear_100",13.53,1211.84917474857,0.542437739163164,25.7458949586309,4622,214,6.32242990654206,1.84352954782005
"result_final_linear_100",8.85,376.697385019123,0.525511674834246,26.1202830305844,3170,169,5.23668639053254,1.90290729566648
"result_final_linear_100",19.81,1674.34392234509,0.570463114462545,24.4583880237135,6110,230,8.61304347826087,1.75296171592468
"result_final_linear_100",1.67,43.7668037975576,0.504282270885686,26.442116926958,624,42,3.97619047619048,1.98301637343639
"result_final_linear_100",28.09,14420.2271559034,0.621360062213773,24.0495503744523,8110,219,12.8264840182648,1.60937282714504
"result_final_linear_100",2.4,202.35100824546,0.506224066390041,25.2749585634788,956,62,3.87096774193548,1.97540983606558
"result_final_linear_100",39.01,130181.455659716,0.735084970471255,24.573834436969,9186,139,28.0647482014388,1.36038694868011
"result_final_linear_100",31.82,25558.6328590944,0.652190549072126,24.9644246468537,8586,204,15.5980392156863,1.53329422117923
"result_final_linear_100",6.21,201.698544299481,0.51711970006065,24.9973742748898,2322,138,4.5,1.93378825034652
"result_final_linear_100",11.68,712.604666105369,0.535402521823472,24.5747201523794,4280,217,5.38248847926267,1.86775362318841
"result_final_linear_100",32.1,38813.3490846165,0.654773384763741,25.1072916738177,8670,184,17.445652173913,1.52724594992636
"result_final_linear_100",36.58,138705.974849505,0.702636826944383,23.3969852790616,9114,139,26.3165467625899,1.42321034374014
"result_final_linear_100",37.16,75624.4811737431,0.709896068685043,25.4526073192147,9298,153,24.2875816993464,1.40865690642903
"result_final_linear_100",32.21,31023.672843477,0.655799554996614,24.6515413216933,8718,193,16.6891191709845,1.52485617347691
"result_final_linear_100",17.67,2740.98687313251,0.560106129668685,25.7208638998122,5578,235,7.51914893617021,1.78537592615086
"result_final_linear_100",12.37,1500.94535625411,0.537970409478789,24.256521859863,4290,201,6.15422885572139,1.85883829738674
"result_final_linear_100",25.92,6648.12055296097,0.606020942408377,25.0067355460187,7514,236,10.9830508474576,1.65010799136069
"result_final_linear_100",26.73,16247.6852670974,0.611551623403723,24.8678195035212,7556,224,11.9330357142857,1.63518493244165
"result_final_linear_100",14,1285.91274253599,0.544303797468354,25.1112324609406,5022,227,6.16740088105727,1.83720930232558
"result_final_linear_100",30.37,26738.5687699886,0.63945265864634,25.2166154677864,8436,210,14.4619047619048,1.56383742639667
"result_final_linear_100",11.77,986.599196759855,0.535733802902423,25.2952319261213,4014,192,6.13020833333333,1.86659866258642
"result_final_linear_100",36.28,99938.390469771,0.698990785432207,24.7633368663974,9108,165,21.9878787878788,1.43063402385436
"result_final_linear_100",26.97,8778.97031793144,0.613233688806785,24.7184423100898,7712,213,12.6619718309859,1.63069971244694
"result_final_linear_100",40.4,144476.814681422,0.756345177664975,23.9456890281688,9244,120,33.6666666666667,1.32214765100671
"result_final_linear_100",8.18,676.506011732441,0.523310156160948,25.8251434866633,3062,165,4.95757575757576,1.91091265519495
"result_final_linear_100",29.17,13272.9548608499,0.629655969419504,24.3359447217425,8046,206,14.1601941747573,1.58816885500494
"result_final_linear_100",2.93,215.401166811303,0.507661733172951,25.3791967945068,1180,72,4.06944444444444,1.96981559699186
"result_final_linear_100",4.6,175.483477795493,0.512352309344791,24.510285839422,1804,105,4.38095238095238,1.95178197064989
"result_final_linear_100",24.96,6910.49237365565,0.599744245524297,25.2811785399478,7374,231,10.8051948051948,1.66737739872068
"result_final_linear_100",14.16,1336.6008607113,0.544946673438294,25.2429258405646,4788,225,6.29333333333333,1.83504193849021
"result_final_linear_100",23.45,3948.57061398402,0.590435788661782,24.8225332478769,7134,220,10.6590909090909,1.69366427171783
"result_final_linear_100",33.04,32883.2262750565,0.66375892149088,24.7026927640054,8740,185,17.8594594594595,1.50657108721625
"result_final_linear_100",43.53,135262.88724655,0.813571531479614,22.8309140029581,9654,102,42.6764705882353,1.22914822029396
"result_final_linear_100",9.41,647.469798342975,0.52739127903592,26.1946556513351,3278,182,5.17032967032967,1.89612540015454
"result_final_linear_100",2.07,47.2921434440495,0.505340832860313,24.6568518782877,800,49,4.22448979591837,1.97886245277239
"result_final_linear_100",35.25,64138.1586319231,0.687002652519894,23.4566120908063,8624,158,22.3101265822785,1.45559845559846
"result_final_linear_100",25.12,6861.85851369387,0.600770218228498,24.2074184140618,7350,213,11.7934272300469,1.66452991452991
"result_final_linear_100",14.76,991.717770121313,0.547392756229129,25.7655699586333,5260,255,5.78823529411765,1.8268418582825
"result_final_linear_100",21.43,2527.06087870279,0.578955124898681,24.8385251461438,6700,242,8.85537190082645,1.72724958635612
"result_final_linear_100",5.64,216.514588250589,0.515403102468866,25.7026756378011,2226,137,4.11678832116788,1.94022891055532
"result_final_linear_100",14.22,1976.43172171451,0.545188763188,24.8764904511108,5000,236,6.02542372881356,1.83422709256237
"result_final_linear_100",38.84,96980.9503769497,0.732630570196454,24.8193558041828,9326,139,27.9424460431655,1.36494440810988
"result_final_linear_100",3.15,130.902243413097,0.508265547100499,25.8508355539559,1316,88,3.57954545454545,1.96747547754259
"result_final_linear_100",35.7,62662.279296672,0.692142088266954,25.9421893923974,8658,168,21.25,1.4447900466563
"result_final_linear_100",1.81,43.0730318397019,0.504651282314848,25.7906943680457,778,53,3.41509433962264,1.98156635095224
"result_final_linear_100",19.27,2493.06696075431,0.567761445952599,25.4646662256114,6134,230,8.37826086956522,1.76130310912919
"result_final_linear_100",4.1,75.3798296129223,0.51092168353756,25.2447217285127,1662,100,4.1,1.95724713242961
"result_final_linear_100",9.66,518.814229360696,0.528242310840837,25.1863897460395,3426,172,5.61627906976744,1.89307062209431
"result_final_linear_100",34.2,54307.3595385413,0.675564681724846,24.9924509545277,8850,176,19.4318181818182,1.48024316109423
"result_final_linear_100",27.2,8099.69573101909,0.614864864864865,24.8245359161409,7698,215,12.6511627906977,1.62637362637363
"result_final_linear_100",37.3,146968.412704181,0.711691259931896,23.8001446810061,9224,147,25.3741496598639,1.40510366826156
"result_final_linear_100",36.6,106527.059668581,0.702882483370288,23.2490708890277,9008,144,25.4166666666667,1.42271293375394
"result_final_linear_100",33.5,42593.8066032515,0.668341708542714,24.4058431492904,8760,178,18.8202247191011,1.49624060150376
"result_final_linear_100",25.04,6193.53798139881,0.600256245996156,24.322183915479,7598,232,10.7931034482759,1.66595517609392
"result_final_linear_100",21.9,5826.04633623396,0.581533879374535,25.7548950058344,6858,244,8.97540983606557,1.71959026888604
"result_final_linear_100",17.58,1898.31382500144,0.559690343609942,25.2840085066157,5658,221,7.95475113122172,1.7867022567338
"result_final_linear_100",9.58,646.958618674341,0.527969169683522,25.8524047673735,3552,190,5.04210526315789,1.8940499889405
"result_final_linear_100",2.01,56.636250039446,0.50518121358973,24.6974654796448,838,56,3.58928571428571,1.97948770282682
"result_final_linear_100",3.62,61.7619742259171,0.509569630961193,26.741881222277,1492,101,3.58415841584158,1.96244034031957
"result_final_linear_100",38.27,72379.2989870888,0.724615565207184,25.1204329165501,9280,142,26.9507042253521,1.38004211890491
"result_final_linear_100",11.78,392.675452201702,0.535770678974857,24.9306227628927,4172,198,5.94949494949495,1.86647018816595
"result_final_linear_100",2.59,44.1786623705372,0.506736721635541,23.7393843086014,944,56,4.625,1.97341135407042
"result_final_linear_100",29.59,12014.0492874106,0.633012676436213,25.337015597464,8068,207,14.2946859903382,1.57974719500071
"result_final_linear_100",36.37,126674.360064275,0.700077016173396,26.2765604422345,9136,157,23.1656050955414,1.42841426999843
"result_final_linear_100",7.86,537.101264450803,0.522276385897291,24.2449503720695,2850,148,5.31081081081081,1.91469502930323
"result_final_linear_100",35.55,68968.5914888106,0.690412426352437,24.2015100221252,8802,153,23.2352941176471,1.44840961986036
"result_final_linear_100",1.46,18.9755061566581,0.503731724772518,26.9997914788474,628,42,3.47619047619048,1.9851836817536
"result_final_linear_100",39.58,190643.954053197,0.743539256706867,25.4084192725588,9508,140,28.2714285714286,1.34491890102615
"result_final_linear_100",17.98,1965.03684302204,0.56155004792551,25.1960559786002,5894,249,7.22088353413655,1.78078517434772
"result_final_linear_100",37.61,121860.797323677,0.715727888034874,25.2062563137331,9268,141,26.6737588652482,1.39717903510178
"result_final_linear_100",13.99,1467.77289422893,0.544263747389736,25.4403035225702,4600,208,6.72596153846154,1.83734449482618
"result_final_linear_100",13.09,705.579223290604,0.540720462888073,24.5093894032642,4638,226,5.79203539823009,1.84938442066506
"result_final_linear_100",39.54,97825.6822014281,0.742934381912018,24.7045462330235,9392,132,29.9545454545455,1.34601389348329
"result_final_linear_100",10.78,547.624208249726,0.532148395562448,25.7022409394854,3928,199,5.41708542713568,1.87917507285362
"result_final_linear_100",34.96,65984.6246831565,0.68376787216148,24.8024330983445,8762,156,22.4102564102564,1.46248462484625
"result_final_linear_100",28.5,8857.92189073703,0.624454148471616,25.1028225905933,7968,229,12.4454148471616,1.6013986013986
"result_final_linear_100",12.53,826.425528057457,0.538575210886029,25.1120853142053,4386,205,6.11219512195122,1.85675088601806
"result_final_linear_100",3.34,197.178529577654,0.508790398989367,24.2798515676621,1340,85,3.92941176470588,1.9654458928202
"result_final_linear_100",35.92,179200.907676155,0.694709453599306,25.5941955901849,8880,137,26.2189781021898,1.4394506866417
"result_final_linear_100",42.4,426169.970268689,0.791208791208791,23.9279416813486,9784,96,44.1666666666667,1.26388888888889
"result_final_linear_100",21.7,9106.36729324931,0.580429948109711,24.9054826809102,6442,220,9.86363636363636,1.72286079182631
"result_final_linear_100",2.79,61.2604028196598,0.50727965349893,24.7449371633913,1082,68,4.10294117647059,1.97129924904845
"result_final_linear_100",13.47,2614.18189378727,0.542201892349145,25.1751063294733,4468,204,6.60294117647059,1.84433144574136
"result_final_linear_100",36.54,168660.402677744,0.702146492586855,25.4104494680193,9396,134,27.2686567164179,1.42420422313268
"result_final_linear_100",25.11,8850.30453431315,0.600705863479586,24.8527588271431,7360,231,10.8701298701299,1.66470823875017
"result_final_linear_100",24.06,4708.98472681631,0.594116726646847,25.5614188752632,7208,238,10.109243697479,1.68317092441401
"result_final_linear_100",28.99,20633.0298778684,0.628240290188446,25.4247579979073,8016,180,16.1055555555556,1.5917476411773
"result_final_linear_100",21.22,3051.78041129819,0.577820155493619,25.0013375106332,6560,256,8.2890625,1.73064229499873
"result_final_linear_100",3.91,200.072754548155,0.510384022945769,24.5067704294162,1496,93,4.20430107526882,1.95930898116349
"result_final_linear_100",16.99,2487.72152434697,0.557001945916929,25.8204213116824,5566,229,7.41921397379913,1.79532586435369
"result_final_linear_100",31.67,20273.0404295268,0.650823887989332,24.0854535652673,8498,187,16.9358288770053,1.53651397629153
"result_final_linear_100",28.21,7056.31096069475,0.622258819450464,24.6647474349312,7970,235,12.0042553191489,1.60704833542276
"result_final_linear_100",4.8,122.703332611402,0.512931034482759,25.1253887763001,1802,108,4.44444444444444,1.94957983193277
"result_final_linear_100",34.44,46655.6981290352,0.678113363673976,24.3875479581405,8734,175,19.68,1.47467968273337
"result_final_linear_100",26.89,5847.71166700955,0.612670744992877,23.9776967688248,7672,215,12.506976744186,1.63219805772124
"result_final_linear_100",8.91,554.964248255903,0.525711317596814,25.8089499195638,3034,149,5.97986577181208,1.90218465254144
"result_final_linear_100",37.95,203652.475645933,0.720255368543238,25.3914059969235,9206,153,24.8039215686275,1.3883964544722
"result_final_linear_100",8.62,296.350926351585,0.524750200987711,25.7236672420523,3078,170,5.07058823529412,1.90566863646312
"result_final_linear_100",2.04,94.9284009510864,0.505260986177017,22.1649818857484,788,51,4,1.97917517354022
"result_final_linear_100",11.68,618.667960844711,0.535402521823472,23.9469238836931,3998,198,5.8989898989899,1.86775362318841
"result_final_linear_100",44.78,1063704.65611412,0.840999086201645,26.1896865038818,10050,94,47.6382978723404,1.18906193408185
"result_final_linear_100",5.17,179.556365143994,0.514011599544691,25.4778569788988,2054,127,4.07086614173228,1.94548138774649
"result_final_linear_100",14.6,3108.83551019027,0.546734955185659,23.9231861695673,4688,206,7.0873786407767,1.82903981264637
"result_final_linear_100",29.14,28152.9472475083,0.6294190797655,25.0646000432208,8302,210,13.8761904761905,1.58876658199266
"result_final_linear_100",5.03,162.115897383797,0.513601211400141,25.376772953817,1800,105,4.79047619047619,1.9470359060756
"result_final_linear_100",22.37,2618.28465662781,0.58416735646023,25.0308993882978,6986,244,9.16803278688525,1.71183820687878
"result_final_linear_100",28.55,13059.7362313184,0.624836029733275,24.7195850436543,8082,203,14.064039408867,1.60041987403779
"result_final_linear_100",6.9,274.697134361141,0.519241494701617,24.8532764977461,2560,152,4.53947368421053,1.92588614393126
"result_final_linear_100",42.01,205891.808655473,0.783966472894416,24.4127614948724,9600,119,35.3025210084034,1.27556475254354
"result_final_linear_100",29.74,12017.8882852185,0.63423000541614,25.0915085547763,8102,190,15.6526315789474,1.57671505835468
"result_final_linear_100",3.71,201.001364457248,0.509821570392333,24.7930945315247,1404,85,4.36470588235294,1.96147055769031
"result_final_linear_100",6.2,367.700148858034,0.517089305402426,25.6033379251599,2222,123,5.04065040650407,1.93390191897654
"result_final_linear_100",19.46,6182.31986860993,0.568704985171586,25.4580140677464,6532,261,7.45593869731801,1.75838092873107
"result_final_linear_100",20.54,3524.00272861101,0.574215927157104,24.783574021833,6464,230,8.9304347826087,1.74150515982884
"result_final_linear_100",41.5,611437.855798008,0.774834437086093,26.2712888030053,9612,123,33.739837398374,1.29059829059829
"result_final_linear_100",20.01,2030.0029607406,0.571479602772023,24.5654147983333,6218,221,9.05429864253394,1.74984373046631
"result_final_linear_100",15.45,941.650981287413,0.550276602668402,25.3705388013885,5190,234,6.6025641025641,1.81726788882318
"result_final_linear_100",44.62,367124.529577383,0.837314786815845,24.9346731256114,9322,99,45.0707070707071,1.19429396894186
"result_final_linear_100",13.9,1308.07859104874,0.543903979785218,25.0182722902757,4644,211,6.58767772511848,1.83855981416957
"result_final_linear_100",23.62,3029.10884872929,0.59145113829952,24.5586727409313,6976,228,10.359649122807,1.69075674260278
"result_final_linear_100",9.44,371.704094158746,0.527493010251631,24.8671100974194,3498,183,5.15846994535519,1.89575971731449
"result_final_linear_100",23.92,10005.7863788434,0.593262632563943,25.2693965245407,7016,220,10.8727272727273,1.68559411146162
"result_final_linear_100",40.9,159046.527284676,0.764553686934023,23.6265327226077,9454,118,34.6610169491525,1.30795262267344
"result_final_linear_100",25.77,5363.66311571972,0.605020784089983,24.820262373861,7424,236,10.9194915254237,1.65283578068166
"result_final_linear_100",20.49,3467.35136313435,0.573955099978344,25.060883102798,6360,223,9.18834080717489,1.74229656646963
"result_final_linear_100",10.87,1210.8858993554,0.532469084174682,24.9042027043171,3768,192,5.66145833333333,1.87804330752833
"result_final_linear_100",22.2,3454.88296528175,0.583208395802099,25.2996889906986,6810,241,9.21161825726141,1.7146529562982
"result_final_linear_100",5.11,114.38908800139,0.513835490334109,25.1256517569147,2096,136,3.75735294117647,1.94614817156708
"result_final_linear_100",26.62,6233.76770566033,0.61078741468287,24.8918835716082,7778,235,11.3276595744681,1.63723085309349
"result_final_linear_100",10.57,526.809779573358,0.531404123833858,26.2660053094222,3862,224,4.71875,1.88180699988818
"result_final_linear_100",36.98,228948.507415165,0.70761284527285,24.9332026921014,9252,139,26.6043165467626,1.41320215804506
"result_final_linear_100",33.41,17898.0164237147,0.667435100731683,24.2106795010722,8870,184,18.1576086956522,1.49827301396606
"result_final_linear_100",31.63,13896.2996729403,0.650461421368091,24.9821749918369,8518,211,14.9905213270142,1.5373701916045
"result_final_linear_100",5.43,145.093177815973,0.514778727342006,25.2875207474608,2048,123,4.41463414634146,1.94258221423284
"result_final_linear_100",41.27,152418.14381814,0.770836067725423,25.9773755157891,9648,145,28.4620689655172,1.29729269538566
"result_final_linear_100",38.2,53464.18588181,0.723653395784543,25.7438787752349,9480,165,23.1515151515152,1.38187702265372
"result_final_linear_100",33.22,34819.7547774177,0.665537173609727,25.3898362690729,8844,207,16.048309178744,1.50254567235699
"result_final_linear_100",25.43,7575.6378258428,0.602780696790882,24.8581022571737,7548,223,11.4035874439462,1.6589781413437
"result_final_linear_100",32.08,72149.4521199583,0.654587509637625,24.5202914158849,8454,180,17.8222222222222,1.52767962308598
"result_final_linear_100",21.35,2395.53756306647,0.578521515262964,25.2291836306827,6624,242,8.82231404958678,1.72854418308964
"result_final_linear_100",29.37,15022.7032594796,0.631244972741085,23.6518119622507,8306,209,14.0526315789474,1.58417103213932
"result_final_linear_100",8.02,250.640454148055,0.522791860861657,24.7039053771323,3124,185,4.33513513513514,1.91280713198522
"result_final_linear_100",31.74,49810.6670735131,0.651460202328689,24.5384014780534,8634,179,17.731843575419,1.53501318488134
"result_final_linear_100",32.33,22312.2918552009,0.656926511989127,25.8381816961087,8462,185,17.4756756756757,1.52224028372987
"result_final_linear_100",25.74,8651.90615581032,0.604821632187653,24.6450181082739,7432,223,11.542600896861,1.65338001615944
"result_final_linear_100",27.84,16249.6053744726,0.619505494505495,25.6481130308733,7720,201,13.8507462686567,1.61419068736142
"result_final_linear_100",34.06,79326.4104245563,0.67409527703946,23.9140447954006,8644,172,19.8023255813953,1.48346982104944
"result_final_linear_100",2.33,71.6449484232447,0.506035956686182,24.8895101602565,924,62,3.75806451612903,1.97614415890243
"result_final_linear_100",34.64,102069.961420369,0.680266444629475,24.4819263201092,8868,169,20.4970414201183,1.47001223990208
"result_final_linear_100",40.92,274424.043309144,0.764888658726049,24.8352091841828,9398,120,34.1,1.3073798239675
"result_final_linear_100",38.99,191981.123068572,0.734794652535228,23.2910285182275,8992,131,29.763358778626,1.36092443861662
"result_final_linear_100",29.86,21839.0418646385,0.635211012497736,24.5382203938458,8430,222,13.4504504504505,1.57428001140576
"result_final_linear_100",7.82,269.414081370626,0.522147955137646,25.4673200761317,2910,160,4.8875,1.91516597960512
"result_final_linear_100",34.84,24824.0074879554,0.682446585672392,25.1794348881508,8608,169,20.6153846153846,1.46531614487416
"result_final_linear_100",2.9,186.156026228127,0.507579717720857,25.1239803713295,1128,78,3.71794871794872,1.97013388259526
"result_final_linear_100",22.12,2346.91991491205,0.582759652798563,24.7711822173604,6490,233,9.49356223175966,1.71597329224448
"result_final_linear_100",10.95,746.982976896531,0.532755010469638,25.2013660736587,4070,218,5.02293577981651,1.87703537338574
"result_final_linear_100",13.64,848.181320100576,0.542871511189339,25.2217039767619,4692,210,6.4952380952381,1.84205650764243
"result_final_linear_100",39.86,147280.997911034,0.747823924396916,24.6384554238931,9414,130,30.6615384615385,1.3372131692717
"result_final_linear_100",12.25,1963.59706949657,0.537519142419602,25.0302297177424,4126,203,6.03448275862069,1.86039886039886
"result_final_linear_100",26.98,7012.2412468931,0.613304216361498,24.1940340446424,7890,220,12.2636363636364,1.63051218844152
"result_final_linear_100",1.46,47.9328356871932,0.503731724772518,24.565570625851,504,27,5.40740740740741,1.9851836817536
"result_final_linear_100",11.49,724.725074979845,0.534706699691899,25.8494041387234,4112,221,5.19909502262443,1.87018415998192
"result_final_linear_100",3.13,146.022453596459,0.508210482136299,25.2727222356264,1164,75,4.17333333333333,1.96768865489832
"result_final_linear_100",7.19,585.822485494325,0.520147957182088,24.7029372903116,2486,137,5.24817518248175,1.92252989979528
"result_final_linear_100",20.41,1658.97476962601,0.573538949340636,25.1572166676817,6490,239,8.53974895397489,1.74356074883779
"result_final_concave_100",3.68,195.565099354507,0.500365190762123,26.2115393618511,1388,81,4.54320987654321,1.99854030308716
"result_final_concave_100",16.55,4832.88538483598,0.51003019100217,24.3540707199368,5588,236,7.01271186440678,1.96066824600143
"result_final_concave_100",10.21,597.519518024078,0.503253511599115,25.1209751047959,3564,179,5.70391061452514,1.98707008883544
"result_final_concave_100",18.95,4188.77399368738,0.514050380298616,24.6487822457833,6096,246,7.70325203252033,1.94533461762851
"result_final_concave_100",25.94,6354.27860162099,0.532674138416016,25.2603646417481,7516,217,11.9539170506912,1.87732035006176
"result_final_concave_100",19.32,2337.57995647561,0.514758981988385,25.0874911769656,6102,249,7.75903614457831,1.94265672866406
"result_final_concave_100",29.37,17237.3145134839,0.547319530938335,24.1852782475291,8110,201,14.6119402985075,1.82708626948792
"result_final_concave_100",8.18,470.062607983643,0.501992043733434,25.4732128572436,3036,169,4.84023668639053,1.99206344499559
"result_final_concave_100",12.27,552.084127913466,0.504938572330623,25.0622599259696,4432,216,5.68055555555556,1.98043891831108
"result_final_concave_100",24.58,6702.55907986266,0.528043376638355,24.4459418206822,7102,221,11.1221719457014,1.89378381444007
"result_final_concave_100",41.33,237733.204175911,0.665003203431016,25.490101283755,9530,131,31.5496183206107,1.50375215463715
"result_final_concave_100",10.19,674.465169960775,0.503239242632385,24.917199871124,3670,204,4.99509803921569,1.98712643069948
"result_final_concave_100",12.68,745.169253246321,0.505327878543732,24.4758664575216,4064,190,6.67368421052632,1.97891318183716
"result_final_concave_100",10.38,607.237152128903,0.503376351403574,25.3709974293383,3790,208,4.99038461538461,1.98658518067383
"result_final_concave_100",7.01,781.600009623427,0.501424752124803,25.6842428873626,2464,132,5.31060606060606,1.99431718470711
"result_final_concave_100",0.74,16.8372363315135,0.500013895269537,22.748750330235,316,25,2.96,1.99994442046644
"result_final_concave_100",33.83,112394.41898562,0.575170678201391,25.1200786600957,8750,173,19.5549132947977,1.73861435900573
"result_final_concave_100",18.98,1849.97336647441,0.514106892912198,25.0790078805072,6170,252,7.53174603174603,1.94512077894039
"result_final_concave_100",37.76,240940.248420898,0.612769593352393,25.4801959693378,9392,148,25.5135135135135,1.63193476120301
"result_final_concave_100",9.27,533.955988510532,0.502623435464191,24.1689427061347,3330,164,5.65243902439024,1.98956103007108
"result_final_concave_100",42.75,510103.913972932,0.693288031623062,27.0788637767366,9372,111,38.5135135135135,1.44240193741538
"result_final_concave_100",21.64,1885.27442114573,0.51982213507532,24.5675629618925,6872,259,8.35521235521236,1.92373493263249
"result_final_concave_100",10.8,396.988310465483,0.503691924358598,25.5197175860655,3760,183,5.9016393442623,1.98534054575801
"result_final_concave_100",33.84,21670.6665637899,0.575247975278591,24.1413929710015,8956,183,18.4918032786885,1.7383807383515
"result_final_concave_100",12.22,1239.87553808839,0.50489237883119,25.1318081071521,4240,214,5.71028037383178,1.98062011218107
"result_final_concave_100",27.23,8236.60298885931,0.537640232504219,24.9658042814976,7600,208,13.0913461538462,1.85997985184666
"result_final_concave_100",21.87,3336.38105030394,0.520387246123327,24.5767014241147,6658,234,9.34615384615385,1.92164586555415
"result_final_concave_100",27.36,4701.62375767114,0.538174526294352,24.649519636728,7854,234,11.6923076923077,1.85813328417008
"result_final_concave_100",20.69,4164.00223378144,0.517613290785761,25.8153953053778,6404,219,9.44748858447489,1.93194420970519
"result_final_concave_100",1.09,55.0991509456736,0.500030362601012,25.4937293671851,416,30,3.63333333333333,1.9998785569706
"result_final_concave_100",29.6,11471.2540353302,0.548480770592818,24.8854230453791,8516,201,14.726368159204,1.82321797520661
"result_final_concave_100",26.09,8321.04311591787,0.533221514083967,25.5902204578615,7578,214,12.1915887850467,1.87539319698666
"result_final_concave_100",13.3,1403.28629550755,0.50595313016385,24.0740542157254,4610,222,5.99099099099099,1.97646766149298
"result_final_concave_100",4.05,132.967027195039,0.500445807271286,26.1477638754723,1536,90,4.5,1.99821835945148
"result_final_concave_100",13.53,1296.07734292117,0.506196606365627,25.7458949586309,4622,214,6.32242990654206,1.9755169975946
"result_final_concave_100",8.85,393.439008148723,0.502367909441843,26.1202830305844,3170,169,5.23668639053254,1.99057300676521
"result_final_concave_100",19.81,1784.89805780669,0.515737182147487,24.4583880237135,6110,230,8.61304347826087,1.93897208620112
"result_final_concave_100",1.67,43.9962910814792,0.500072121294275,26.442116926958,624,42,3.97619047619048,1.99971155642875
"result_final_concave_100",28.09,15524.0929639458,0.541298237575083,24.0495503744523,8110,219,12.8264840182648,1.84741041182734
"result_final_concave_100",2.4,204.228127065149,0.50015121475856,25.2749585634788,956,62,3.87096774193548,1.99939532383768
"result_final_concave_100",39.01,144650.212955428,0.62857693884232,24.573834436969,9186,139,28.0647482014388,1.59089514458126
"result_final_concave_100",31.82,27686.7917177579,0.561108750347214,24.9644246468537,8586,204,15.5980392156863,1.7821857160153
"result_final_concave_100",6.21,207.692573579234,0.501098406653116,24.9973742748898,2322,138,4.5,1.99561600420783
"result_final_concave_100",11.68,757.663026394842,0.50441084692565,24.5747201523794,4280,217,5.38248847926267,1.98251089582021
"result_final_concave_100",32.1,42627.3831857764,0.562903444394115,25.1072916738177,8670,184,17.445652173913,1.77650360813897
"result_final_concave_100",36.58,147432.08448031,0.599767161116264,23.3969852790616,9114,139,26.3165467625899,1.66731369243164
"result_final_concave_100",37.16,83418.1474152623,0.605945533079584,25.4526073192147,9298,153,24.2875816993464,1.65031334568591
"result_final_concave_100",32.21,34397.4687355465,0.563622133021637,24.6515413216933,8718,193,16.6891191709845,1.774238344117
"result_final_concave_100",17.67,2949.20112111639,0.511787356680312,25.7208638998122,5578,235,7.51914893617021,1.9539365069244
"result_final_concave_100",12.37,1605.70188049602,0.505031789869303,24.256521859863,4290,201,6.15422885572139,1.98007337371533
"result_final_concave_100",25.92,7643.08647651656,0.53260172822452,25.0067355460187,7514,236,10.9830508474576,1.87757558229035
"result_final_concave_100",26.73,17476.8574195858,0.535644470249512,24.8678195035212,7556,224,11.9330357142857,1.8669099664824
"result_final_concave_100",14,1374.20646565084,0.506714168265278,25.1112324609406,5022,227,6.16740088105727,1.97349918875068
"result_final_concave_100",30.37,28972.6985479817,0.552558780823654,25.2166154677864,8436,210,14.4619047619048,1.80976220938772
"result_final_concave_100",11.77,1010.65150881747,0.50448892144224,25.2952319261213,4014,192,6.13020833333333,1.98220408317627
"result_final_concave_100",36.28,107782.490025311,0.596721949072214,24.7633368663974,9108,165,21.9878787878788,1.67582238520772
"result_final_concave_100",26.97,9372.10553308211,0.536590855472699,24.7184423100898,7712,213,12.6619718309859,1.86361729761323
"result_final_concave_100",40.4,158815.058368614,0.649133066284612,23.9456890281688,9244,120,33.6666666666667,1.54051619296428
"result_final_concave_100",8.18,692.702086945238,0.501992043733434,25.8251434866633,3062,165,4.95757575757576,1.99206344499559
"result_final_concave_100",29.17,14267.7250827114,0.546330131468758,24.3359447217425,8046,206,14.1601941747573,1.83039510801206
"result_final_concave_100",2.93,216.96859392599,0.500227878356018,25.3791967945068,1180,72,4.06944444444444,1.99908890181504
"result_final_concave_100",4.6,179.713107501777,0.500581921065543,24.510285839422,1804,105,4.38095238095238,1.99767502164559
"result_final_concave_100",24.96,7911.94199032647,0.529279138373285,25.2811785399478,7374,231,10.8051948051948,1.88936220511818
"result_final_concave_100",14.16,1425.48552912553,0.506896623078383,25.2429258405646,4788,225,6.29333333333333,1.97278883794293
"result_final_concave_100",23.45,4256.32154507364,0.524615367054457,24.8225332478769,7134,220,10.6590909090909,1.90615842157783
"result_final_concave_100",33.04,35120.3310760666,0.56930493129601,24.7026927640054,8740,185,17.8594594594595,1.75652790802905
"result_final_concave_100",43.53,147341.511564306,0.711345047534265,22.8309140029581,9654,102,42.6764705882353,1.40578753372403
"result_final_concave_100",9.41,671.625562885815,0.50271211489156,26.1946556513351,3278,182,5.17032967032967,1.98921006750695
"result_final_concave_100",2.07,47.9810371684903,0.500111723934598,24.6568518782877,800,49,4.22448979591837,1.9995532040972
"result_final_concave_100",35.25,69789.3247770488,0.586982963047226,23.4566120908063,8624,158,22.3101265822785,1.70362695845321
"result_final_concave_100",25.12,7313.34228342081,0.529812602352691,24.2074184140618,7350,213,11.7934272300469,1.88745982175469
"result_final_concave_100",14.76,1060.5691766226,0.507610024009181,25.7655699586333,5260,255,5.78823529411765,1.97001625795694
"result_final_concave_100",21.43,2735.00302567255,0.51931670895415,24.8385251461438,6700,242,8.85537190082645,1.92560721185709
"result_final_concave_100",5.64,220.522259758553,0.500894744057115,25.7026756378011,2226,137,4.11678832116788,1.99642741686659
"result_final_concave_100",14.22,2079.50044445655,0.506965877656821,24.8764904511108,5000,236,6.02542372881356,1.97251934315967
"result_final_concave_100",38.84,106626.556711227,0.626290002708393,24.8193558041828,9326,139,27.9424460431655,1.59670439520908
"result_final_concave_100",3.15,132.522019567166,0.500264601093685,25.8508355539559,1316,88,3.57954545454545,1.99894215543892
"result_final_concave_100",35.7,68140.8729918912,0.591106713999162,25.9421893923974,8658,168,21.25,1.69174190770809
"result_final_concave_100",1.81,43.6428841985091,0.500084964289712,25.7906943680457,778,53,3.41509433962264,1.99966020058278
"result_final_concave_100",19.27,2675.7838186504,0.514661736484871,25.4646662256114,6134,230,8.37826086956522,1.94302379428861
"result_final_concave_100",4.1,77.1140139343808,0.500457369913494,25.2447217285127,1662,100,4.1,1.99817219231451
"result_final_concave_100",9.66,535.101812949283,0.502874908662199,25.1863897460395,3426,172,5.61627906976744,1.9885661081407
"result_final_concave_100",34.2,58505.7212062349,0.57808385983839,24.9924509545277,8850,176,19.4318181818182,1.72985282841068
"result_final_concave_100",27.2,8771.72771913571,0.537517850188238,24.8245359161409,7698,215,12.6511627906977,1.86040333293081
"result_final_concave_100",37.3,159842.412652447,0.607497114176617,23.8001446810061,9224,147,25.3741496598639,1.64609835448415
"result_final_concave_100",36.6,112548.860477725,0.599973729618064,23.2490708890277,9008,144,25.4166666666667,1.66673964314502
"result_final_concave_100",33.5,46959.1075147591,0.572663407685584,24.4058431492904,8760,178,18.8202247191011,1.74622646842671
"result_final_concave_100",25.04,6614.67608012707,0.529544882926038,24.322183915479,7598,232,10.7931034482759,1.88841405562155
"result_final_concave_100",21.9,6353.90202159493,0.52046185837242,25.7548950058344,6858,244,8.97540983606557,1.9213703826966
"result_final_concave_100",17.58,1984.9140750061,0.511638739442276,25.2840085066157,5658,221,7.95475113122172,1.95450407271755
"result_final_concave_100",9.58,684.736843135613,0.502822191330995,25.8524047673735,3552,190,5.04210526315789,1.98877459515649
"result_final_concave_100",2.01,57.6143642586152,0.500105210717763,24.6974654796448,838,56,3.58928571428571,1.99957924566468
"result_final_concave_100",3.62,63.5404281416867,0.500352930953623,26.741881222277,1492,101,3.58415841584158,1.99858927196469
"result_final_concave_100",38.27,82336.2474751107,0.6189450824335,25.1204329165501,9280,142,26.9507042253521,1.61565222566808
"result_final_concave_100",11.78,423.860499662012,0.504497649682742,24.9306227628927,4172,198,5.94949494949495,1.98216978935156
"result_final_concave_100",2.59,44.8985616585841,0.500176801518547,23.7393843086014,944,56,4.625,1.99929304390763
"result_final_concave_100",29.59,13296.5581718639,0.548429752965742,25.337015597464,8068,207,14.2946859903382,1.82338757989023
"result_final_concave_100",36.37,134812.460187368,0.597625126223714,26.2765604422345,9136,157,23.1656050955414,1.67328975325857
"result_final_concave_100",7.86,547.395351573809,0.501825877906578,24.2449503720695,2850,148,5.31081081081081,1.99272306197442
"result_final_concave_100",35.55,74109.5117830789,0.589710245282999,24.2015100221252,8802,153,23.2352941176471,1.6957480525374
"result_final_concave_100",1.46,19.1107883981591,0.500054886846065,26.9997914788474,628,42,3.47619047619048,1.99978047671362
"result_final_concave_100",39.58,205954.965562814,0.636590420174714,25.4084192725588,9508,140,28.2714285714286,1.57086875376721
"result_final_concave_100",17.98,2122.24270895774,0.51230955360606,25.1960559786002,5894,249,7.22088353413655,1.95194486021424
"result_final_concave_100",37.61,131162.794951599,0.611020282027249,25.2062563137331,9268,141,26.6737588652482,1.63660688427918
"result_final_concave_100",13.99,1552.61717555818,0.506702871652998,25.4403035225702,4600,208,6.72596153846154,1.97354318663665
"result_final_concave_100",13.09,759.262197397006,0.505736327632029,24.5093894032642,4638,226,5.79203539823009,1.9773149472616
"result_final_concave_100",39.54,112625.431580653,0.636010060598409,24.7045462330235,9392,132,29.9545454545455,1.57230217248312
"result_final_concave_100",10.78,569.560573648852,0.503676501760126,25.7022409394854,3928,199,5.41708542713568,1.98540133698007
"result_final_concave_100",34.96,71775.3457689419,0.584427159365111,24.8024330983445,8762,156,22.4102564102564,1.71107722147332
"result_final_concave_100",28.5,9870.46855533518,0.54314855640256,25.1028225905933,7968,229,12.4454148471616,1.84111692503301
"result_final_concave_100",12.53,867.992739091551,0.505183258193137,25.1120853142053,4386,205,6.11219512195122,1.97947969134339
"result_final_concave_100",3.34,199.346614964559,0.500298674887614,24.2798515676621,1340,85,3.92941176470588,1.99880601367701
"result_final_concave_100",35.92,195289.715353292,0.593195642385686,25.5941955901849,8880,137,26.2189781021898,1.68578446729354
"result_final_concave_100",42.4,456799.817934425,0.685805000661463,23.9279416813486,9784,96,44.1666666666667,1.45814043209877
"result_final_concave_100",21.7,9827.45518218455,0.519968382369779,24.9054826809102,6442,220,9.86363636363636,1.92319385929286
"result_final_concave_100",2.79,62.1438585047193,0.500206018128272,24.7449371633913,1082,68,4.10294117647059,1.99917626689482
"result_final_concave_100",13.47,2725.00146188779,0.506132477941626,25.1751063294733,4468,204,6.60294117647059,1.97576730121503
"result_final_concave_100",36.54,178580.923126945,0.599355372915316,25.4104494680193,9396,134,27.2686567164179,1.66845922334176
"result_final_concave_100",25.11,9625.01101643357,0.52977902892115,24.8527588271431,7360,231,10.8701298701299,1.88757943483798
"result_final_concave_100",24.06,5114.80557112947,0.526421257456355,25.5614188752632,7208,238,10.109243697479,1.89961933686333
"result_final_concave_100",28.99,22952.7998988939,0.545455533765715,25.4247579979073,8016,180,16.1055555555556,1.8333300115157
"result_final_concave_100",21.22,3251.94915063414,0.518821164686182,25.0013375106332,6560,256,8.2890625,1.92744642675645
"result_final_concave_100",3.91,201.245446853467,0.50041428272967,24.5067704294162,1496,93,4.20430107526882,1.99834424098605
"result_final_concave_100",16.99,2672.85552350962,0.510696930696416,25.8204213116824,5566,229,7.41921397379913,1.95810849819744
"result_final_concave_100",31.67,21401.260298623,0.560167380666818,24.0854535652673,8498,187,16.9358288770053,1.78518070582691
"result_final_concave_100",28.21,7621.29649864751,0.541832447958006,24.6647474349312,7970,235,12.0042553191489,1.84558898930598
"result_final_concave_100",4.8,125.737032741018,0.500636357208513,25.1253887763001,1802,108,4.44444444444444,1.99745780665207
"result_final_concave_100",34.44,50095.7054486475,0.580033428907217,24.3875479581405,8734,175,19.68,1.72403856426689
"result_final_concave_100",26.89,6564.93650633483,0.536273044518259,23.9776967688248,7672,215,12.506976744186,1.86472173125597
"result_final_concave_100",8.91,586.977461102543,0.502403458505465,25.8089499195638,3034,149,5.97986577181208,1.99043215780156
"result_final_concave_100",37.95,217308.487289702,0.615028427594794,25.3914059969235,9206,153,24.8039215686275,1.62594110309782
"result_final_concave_100",8.62,309.153779622938,0.502234543474375,25.7236672420523,3078,170,5.07058823529412,1.99110159385328
"result_final_concave_100",2.04,95.3455039415943,0.500108441863446,22.1649818857484,788,51,4,1.99956632660292
"result_final_concave_100",11.68,667.671975826999,0.50441084692565,23.9469238836931,3998,198,5.8989898989899,1.98251089582021
"result_final_concave_100",44.78,1119205.44531922,0.744945847899189,26.1896865038818,10050,94,47.6382978723404,1.34237945324494
"result_final_concave_100",5.17,186.259631591112,0.500744175719474,25.4778569788988,2054,127,4.07086614173228,1.99702772091795
"result_final_concave_100",14.6,3189.52467243287,0.507415210016447,23.9231861695673,4688,206,7.0873786407767,1.97077261434001
"result_final_concave_100",29.14,31488.9071254225,0.546183330012741,25.0646000432208,8302,210,13.8761904761905,1.830887075914
"result_final_concave_100",5.03,163.233140618581,0.500702283832943,25.376772953817,1800,105,4.79047619047619,1.99719480475477
"result_final_concave_100",22.37,2892.69015416678,0.521658537097982,25.0308993882978,6986,244,9.16803278688525,1.91696278098516
"result_final_concave_100",28.55,14793.8986403004,0.543379116938852,24.7195850436543,8082,203,14.064039408867,1.84033572293602
"result_final_concave_100",6.9,281.924175603277,0.501376997745784,24.8532764977461,2560,152,4.53947368421053,1.99450713633862
"result_final_concave_100",42.01,221159.703771237,0.677877140204539,24.4127614948724,9600,119,35.3025210084034,1.4751935722427
"result_final_concave_100",29.74,13106.1330314092,0.549200132845781,25.0915085547763,8102,190,15.6526315789474,1.82082985817632
"result_final_concave_100",3.71,203.396339860225,0.500371405159983,24.7930945315247,1404,85,4.36470588235294,1.9985154820753
"result_final_concave_100",6.2,374.060374036815,0.501094630274671,25.6033379251599,2222,123,5.04065040650407,1.99563104368502
"result_final_concave_100",19.46,6640.14463187921,0.515033778199063,25.4580140677464,6532,261,7.45593869731801,1.94162022439914
"result_final_concave_100",20.54,3792.58006741077,0.517282293413125,24.783574021833,6464,230,8.9304347826087,1.93318041760489
"result_final_concave_100",41.5,647855.476004499,0.668114598077017,26.2712888030053,9612,123,33.739837398374,1.49674921469793
"result_final_concave_100",20.01,2271.77973962249,0.516149853859589,24.5654147983333,6218,221,9.05429864253394,1.93742184081299
"result_final_concave_100",15.45,1015.71259863095,0.508489492540297,25.3705388013885,5190,234,6.6025641025641,1.96660897554486
"result_final_concave_100",44.62,390558.027154965,0.740281332281456,24.9346731256114,9322,99,45.0707070707071,1.35083779151653
"result_final_concave_100",13.9,1346.57061995234,0.506601764069538,25.0182722902757,4644,211,6.58767772511848,1.97393706639903
"result_final_concave_100",23.62,3393.81404819283,0.525108424875375,24.5586727409313,6976,228,10.359649122807,1.90436860775435
"result_final_concave_100",9.44,382.407737714138,0.502731348600429,24.8671100974194,3498,183,5.15846994535519,1.98913396346564
"result_final_concave_100",23.92,10543.0505019762,0.525997716646669,25.2693965245407,7016,220,10.8727272727273,1.90114893725239
"result_final_concave_100",40.9,170508.560648803,0.657431754570557,23.6265327226077,9454,118,34.6610169491525,1.52107042753542
"result_final_concave_100",25.77,5789.57629373904,0.532062907624168,24.820262373861,7424,236,10.9194915254237,1.87947700482509
"result_final_concave_100",20.49,3762.71809323302,0.517173003596472,25.060883102798,6360,223,9.18834080717489,1.93358894034666
"result_final_concave_100",10.87,1258.28947614761,0.50374621827637,24.9042027043171,3768,192,5.66145833333333,1.98512656516137
"result_final_concave_100",22.2,3757.49107127201,0.521219615529018,25.2996889906986,6810,241,9.21161825726141,1.91857706465064
"result_final_concave_100",5.11,117.671653354589,0.500726057647032,25.1256517569147,2096,136,3.75735294117647,1.99709998057443
"result_final_concave_100",26.62,6826.73068564438,0.535217714717588,24.8918835716082,7778,235,11.3276595744681,1.86839854605272
"result_final_concave_100",10.57,558.908846019693,0.503516961566112,26.2660053094222,3862,224,4.71875,1.98603041472457
"result_final_concave_100",36.98,243366.295009522,0.603985716476524,24.9332026921014,9252,139,26.6043165467626,1.65566829267703
"result_final_concave_100",33.41,19782.9782280019,0.571994018081073,24.2106795010722,8870,184,18.1576086956522,1.7482700314853
"result_final_concave_100",31.63,15539.9477453984,0.559918671916483,24.9821749918369,8518,211,14.9905213270142,1.78597366038395
"result_final_concave_100",5.43,150.76145941134,0.500825561386867,25.2875207474608,2048,123,4.41463414634146,1.9967031978776
"result_final_concave_100",41.27,165966.177318767,0.663921376542625,25.9773755157891,9648,145,28.4620689655172,1.50620244404165
"result_final_concave_100",38.2,58205.4331139011,0.618076009347428,25.7438787752349,9480,165,23.1515151515152,1.61792398487657
"result_final_concave_100",33.22,38142.6801778371,0.570600648828049,25.3898362690729,8844,207,16.048309178744,1.75253919190925
"result_final_concave_100",25.43,8625.37443069921,0.530868942892974,24.8581022571737,7548,223,11.4035874439462,1.88370409191861
"result_final_concave_100",32.08,76260.1305568939,0.56277360807807,24.5202914158849,8454,180,17.8222222222222,1.7769134615518
"result_final_concave_100",21.35,2632.62913277638,0.519126774505075,25.2291836306827,6624,242,8.82231404958678,1.92631173946553
"result_final_concave_100",29.37,16224.2739835116,0.547319530938335,23.6518119622507,8306,209,14.0526315789474,1.82708626948792
"result_final_concave_100",8.02,258.748772036908,0.50190790156077,24.7039053771323,3124,185,4.33513513513514,1.99239740376736
"result_final_concave_100",31.74,54505.0203502111,0.560604967550942,24.5384014780534,8634,179,17.731843575419,1.7837872617658
"result_final_concave_100",32.33,25173.0679765725,0.56441509988705,25.8381816961087,8462,185,17.4756756756757,1.77174565350948
"result_final_concave_100",25.74,9286.73058285292,0.531956039057786,24.6450181082739,7432,223,11.542600896861,1.87985458680237
"result_final_concave_100",27.84,17752.3276804066,0.540204394915623,25.6481130308733,7720,201,13.8507462686567,1.85115117428135
"result_final_concave_100",34.06,87687.6873685282,0.576968599446004,23.9140447954006,8644,172,19.8023255813953,1.7331965742333
"result_final_concave_100",2.33,72.4034059881974,0.500142315784657,24.8895101602565,924,62,3.75806451612903,1.99943089884553
"result_final_concave_100",34.64,111543.203286043,0.58169533651303,24.4819263201092,8868,169,20.4970414201183,1.71911297414639
"result_final_concave_100",40.92,291806.321654155,0.657774739795732,24.8352091841828,9398,120,34.1,1.52027729175271
"result_final_concave_100",38.99,212006.236979442,0.628305504719516,23.2910285182275,8992,131,29.763358778626,1.59158242684252
"result_final_concave_100",29.86,24031.0137033251,0.549824402458951,24.5382203938458,8430,222,13.4504504504505,1.81876249131132
"result_final_concave_100",7.82,280.537275101512,0.501805700396342,25.4673200761317,2910,160,4.8875,1.99280318898364
"result_final_concave_100",34.84,27920.2032771495,0.583392050504755,25.1794348881508,8608,169,20.6153846153846,1.71411317506777
"result_final_concave_100",2.9,188.371279648317,0.500223095741232,25.1239803713295,1128,78,3.71794871794872,1.99910801503117
"result_final_concave_100",22.12,2595.40365289011,0.521015463709946,24.7711822173604,6490,233,9.49356223175966,1.91932882928156
"result_final_concave_100",10.95,780.291413764065,0.503808870480615,25.2013660736587,4070,218,5.02293577981651,1.98487970060161
"result_final_concave_100",13.64,915.56034631173,0.506315307994618,25.2217039767619,4692,210,6.4952380952381,1.97505385322189
"result_final_concave_100",39.86,158995.255347806,0.640732539973465,24.6384554238931,9414,130,30.6615384615385,1.56071361701314
"result_final_concave_100",12.25,2021.87821699979,0.504920061803025,25.0302297177424,4126,203,6.03448275862069,1.98051152182206
"result_final_concave_100",26.98,7824.0055290287,0.536630748370327,24.1940340446424,7890,220,12.2636363636364,1.86347875710973
"result_final_concave_100",1.46,48.3839034525789,0.500054886846065,24.565570625851,504,27,5.40740740740741,1.99978047671362
"result_final_concave_100",11.49,754.371490131216,0.504248839121932,25.8494041387234,4112,221,5.19909502262443,1.9831478476804
"result_final_concave_100",3.13,147.737147852962,0.500261142074739,25.2727222356264,1164,75,4.17333333333333,1.99895597697772
"result_final_concave_100",7.19,612.095035371916,0.501504920082977,24.7029372903116,2486,137,5.24817518248175,1.99399838357427
"result_final_concave_100",20.41,1832.06548885202,0.516999215862346,25.1572166676817,6490,239,8.53974895397489,1.93423891046337
"result_final_convex_100",3.68,167.032558492058,0.594369432597358,26.2115393618511,1388,81,4.54320987654321,1.68245529658223
"result_final_convex_100",16.55,3181.73556191763,0.879024203938574,24.3540707199368,5588,236,7.01271186440678,1.13762510237987
"result_final_convex_100",10.21,447.143981440203,0.757146085239846,25.1209751047959,3564,179,5.70391061452514,1.32074908593528
"result_final_convex_100",18.95,3229.9683624723,0.911980592281588,24.6487822457833,6096,246,7.70325203252033,1.09651456233099
"result_final_convex_100",25.94,4445.95763233902,0.970760633131751,25.2603646417481,7516,217,11.9539170506912,1.03012005830307
"result_final_convex_100",19.32,1504.65362370467,0.916417966258997,25.0874911769656,6102,249,7.75903614457831,1.09120514527034
"result_final_convex_100",29.37,12055.2717604847,0.984606369728288,24.1852782475291,8110,201,14.6119402985075,1.01563429888836
"result_final_convex_100",8.18,411.701577462577,0.709070069542121,25.4732128572436,3036,169,4.84023668639053,1.41029785765142
"result_final_convex_100",12.27,347.54551915452,0.801962878084428,25.0622599259696,4432,216,5.68055555555556,1.24694050975103
"result_final_convex_100",24.58,5017.95125537522,0.962998055398162,24.4459418206822,7102,221,11.1221719457014,1.03842369607542
"result_final_convex_100",41.33,193614.932318926,0.999128553765378,25.490101283755,9530,131,31.5496183206107,1.00087220631553
"result_final_convex_100",10.19,518.460620338147,0.756689755305298,24.917199871124,3670,204,4.99509803921569,1.321545577945
"result_final_convex_100",12.68,595.562448325474,0.810325803622691,24.4758664575216,4064,190,6.67368421052632,1.23407152472418
"result_final_convex_100",10.38,498.644352853154,0.76100950446458,25.3709974293383,3790,208,4.99038461538461,1.31404403510514
"result_final_convex_100",7.01,557.725754645345,0.680015482030646,25.6842428873626,2464,132,5.31060606060606,1.47055475415622
"result_final_convex_100",0.74,16.4376025543312,0.518628906782708,22.748750330235,316,25,2.96,1.92816093920306
"result_final_convex_100",33.83,89251.8625248738,0.994015543024376,25.1200786600957,8750,173,19.5549132947977,1.00602048631696
"result_final_convex_100",18.98,1189.60451722344,0.912346627307113,25.0790078805072,6170,252,7.53174603174603,1.0960746388153
"result_final_convex_100",37.76,184919.226736417,0.997686866804552,25.4801959693378,9392,148,25.5135135135135,1.00231849618594
"result_final_convex_100",9.27,357.141630960853,0.735305791702692,24.1689427061347,3330,164,5.65243902439024,1.35997840800951
"result_final_convex_100",42.75,414390.629987207,0.999428827160084,27.0788637767366,9372,111,38.5135135135135,1.00057149926477
"result_final_convex_100",21.64,1253.48965296461,0.94056578490589,24.5675629618925,6872,259,8.35521235521236,1.06318985449812
"result_final_convex_100",10.8,279.850455720411,0.770433533461103,25.5197175860655,3760,183,5.9016393442623,1.29797050176099
"result_final_convex_100",33.84,14829.1596333553,0.994029115882185,24.1413929710015,8956,183,18.4918032786885,1.00600674972434
"result_final_convex_100",12.22,975.214370504321,0.800929693453409,25.1318081071521,4240,214,5.71028037383178,1.24854904016387
"result_final_convex_100",27.23,5356.27124865788,0.976840652721539,24.9658042814976,7600,208,13.0913461538462,1.02370841878247
"result_final_convex_100",21.87,2547.17160169232,0.942631459193689,24.5767014241147,6658,234,9.34615384615385,1.06085998960334
"result_final_convex_100",27.36,2850.48501187079,0.977390548252001,24.649519636728,7854,234,11.6923076923077,1.02313246407839
"result_final_convex_100",20.69,3096.77592342645,0.931422527523545,25.8153953053778,6404,219,9.44748858447489,1.07362659850926
"result_final_convex_100",1.09,51.0514251451237,0.527522064873416,25.4937293671851,416,30,3.63333333333333,1.89565530351789
"result_final_convex_100",29.6,6463.65580509875,0.985291962712302,24.8854230453791,8516,201,14.726368159204,1.0149275928804
"result_final_convex_100",26.09,4959.83670445795,0.971528508753673,25.5902204578615,7578,214,12.1915887850467,1.02930587315739
"result_final_convex_100",13.3,960.736751168124,0.82259428560903,24.0740542157254,4610,222,5.99099099099099,1.21566611572025
"result_final_convex_100",4.05,99.6929061265811,0.603984048062532,26.1477638754723,1536,90,4.5,1.65567286620866
"result_final_convex_100",13.53,755.53541066466,0.827027163803662,25.7458949586309,4622,214,6.32242990654206,1.20915012682389
"result_final_convex_100",8.85,278.385803259553,0.725303930385047,26.1202830305844,3170,169,5.23668639053254,1.37873236047283
"result_final_convex_100",19.81,1276.47040820532,0.922039177788735,24.4583880237135,6110,230,8.61304347826087,1.08455261347813
"result_final_convex_100",1.67,41.8171549252205,0.542356917232755,26.442116926958,624,42,3.97619047619048,1.84380427026221
"result_final_convex_100",28.09,11061.001963921,0.980281262002354,24.0495503744523,8110,219,12.8264840182648,1.02011538806461
"result_final_convex_100",2.4,186.653058115243,0.561167117959328,25.2749585634788,956,62,3.87096774193548,1.78200034890939
"result_final_convex_100",39.01,105141.089208687,0.998334775913683,24.573834436969,9186,139,28.0647482014388,1.0016680016829
"result_final_convex_100",31.82,19704.2735403186,0.990687635417496,24.9644246468537,8586,204,15.5980392156863,1.0093998998772
"result_final_convex_100",6.21,158.196757055706,0.659735546845244,24.9973742748898,2322,138,4.5,1.51575885941246
"result_final_convex_100",11.68,458.671859096849,0.789591064256653,24.5747201523794,4280,217,5.38248847926267,1.26647836490074
"result_final_convex_100",32.1,30250.5102988228,0.991229384193635,25.1072916738177,8670,184,17.445652173913,1.00884822014583
"result_final_convex_100",36.58,118154.084276633,0.996883412015162,23.3969852790616,9114,139,26.3165467625899,1.00312633147194
"result_final_convex_100",37.16,60605.0884390868,0.997304384309243,25.4526073192147,9298,153,24.2875816993464,1.00270290167492
"result_final_convex_100",32.21,22484.7477010366,0.991434723689051,24.6515413216933,8718,193,16.6891191709845,1.00863927408058
"result_final_convex_100",17.67,1835.04982180018,0.895316820228903,25.7208638998122,5578,235,7.51914893617021,1.11692305718587
"result_final_convex_100",12.37,954.419397427246,0.80402062205597,24.256521859863,4290,201,6.15422885572139,1.24374919320215
"result_final_convex_100",25.92,3964.89794152815,0.970656982753549,25.0067355460187,7514,236,10.9830508474576,1.03023005837058
"result_final_convex_100",26.73,12220.1412168767,0.974621556812126,24.8678195035212,7556,224,11.9330357142857,1.02603927956497
"result_final_convex_100",14,807.053712538051,0.835882501563234,25.1112324609406,5022,227,6.16740088105727,1.19634039249517
"result_final_convex_100",30.37,20062.8079779144,0.987403057405408,25.2166154677864,8436,210,14.4619047619048,1.01275764997902
"result_final_convex_100",11.77,833.29130032461,0.791503463741391,25.2952319261213,4014,192,6.13020833333333,1.2634183497733
"result_final_convex_100",36.28,81251.517493019,0.996644048056826,24.7633368663974,9108,165,21.9878787878788,1.00336725228001
"result_final_convex_100",26.97,6791.48318132826,0.9757076455394,24.7184423100898,7712,213,12.6619718309859,1.02489716522327
"result_final_convex_100",40.4,118964.619066276,0.998863337851726,23.9456890281688,9244,120,33.6666666666667,1.00113795561935
"result_final_convex_100",8.18,565.83858403217,0.709070069542121,25.8251434866633,3062,165,4.95757575757576,1.41029785765142
"result_final_convex_100",29.17,10560.360168776,0.98398854579913,24.3359447217425,8046,206,14.1601941747573,1.01627199246295
"result_final_convex_100",2.93,201.959579463013,0.574892865197988,25.3791967945068,1180,72,4.06944444444444,1.73945453237728
"result_final_convex_100",4.6,142.531219945971,0.618262221853446,24.510285839422,1804,105,4.38095238095238,1.61743668730425
"result_final_convex_100",24.96,4202.29036242134,0.965317588383207,25.2811785399478,7374,231,10.8051948051948,1.0359284985938
"result_final_convex_100",14.16,837.236321002661,0.838834152147758,25.2429258405646,4788,225,6.29333333333333,1.19213076558649
"result_final_convex_100",23.45,2905.57326563622,0.955355642142354,24.8225332478769,7134,220,10.6590909090909,1.04673061621066
"result_final_convex_100",33.04,27059.7983763626,0.992855821155128,24.7026927640054,8740,185,17.8594594594595,1.00719558539382
"result_final_convex_100",43.53,117385.278384406,0.999551214331133,22.8309140029581,9654,102,42.6764705882353,1.00044898716787
"result_final_convex_100",9.41,503.064553716504,0.73860767448895,26.1946556513351,3278,182,5.17032967032967,1.35389874020996
"result_final_convex_100",2.07,41.547540590966,0.552647607185428,24.6568518782877,800,49,4.22448979591837,1.80947132856123
"result_final_convex_100",35.25,50592.2938952623,0.99569650021325,23.4566120908063,8624,158,22.3101265822785,1.00432209994293
"result_final_convex_100",25.12,5279.88420553425,0.966258384083269,24.2074184140618,7350,213,11.7934272300469,1.03491986871477
"result_final_convex_100",14.76,657.310097881753,0.849614391419812,25.7655699586333,5260,255,5.78823529411765,1.17700454476633
"result_final_convex_100",21.43,1795.44863567827,0.938630134816189,24.8385251461438,6700,242,8.85537190082645,1.06538237257408
"result_final_convex_100",5.64,187.191830881998,0.645132066319896,25.7026756378011,2226,137,4.11678832116788,1.55007021384694
"result_final_convex_100",14.22,1434.19315050389,0.839932714723044,24.8764904511108,5000,236,6.02542372881356,1.1905715570678
"result_final_convex_100",38.84,77725.938326713,0.998257263375863,24.8193558041828,9326,139,27.9424460431655,1.00174577905724
"result_final_convex_100",3.15,117.721882081406,0.580601642277349,25.8508355539559,1316,88,3.57954545454545,1.72235131143895
"result_final_convex_100",35.7,50863.9700797113,0.996135680930796,25.9421893923974,8658,168,21.25,1.00387930996066
"result_final_convex_100",1.81,38.3280314050413,0.545953686366261,25.7906943680457,778,53,3.41509433962264,1.83165719908545
"result_final_convex_100",19.27,1784.55609537095,0.915828085711889,25.4646662256114,6134,230,8.37826086956522,1.0919079853537
"result_final_convex_100",4.1,67.3204945818159,0.605283015241005,25.2447217285127,1662,100,4.1,1.6521197106478
"result_final_convex_100",9.66,410.221466885588,0.744462294619846,25.1863897460395,3426,172,5.61627906976744,1.34325137381288
"result_final_convex_100",34.2,43833.1195617182,0.994500409318621,24.9924509545277,8850,176,19.4318181818182,1.00553000343675
"result_final_convex_100",27.2,6148.58417690583,0.976712194860805,24.8245359161409,7698,215,12.6511627906977,1.02384305761895
"result_final_convex_100",37.3,117871.206448962,0.99739823943137,23.8001446810061,9224,147,25.3741496598639,1.00260854738436
"result_final_convex_100",36.6,91483.7545987333,0.996898827788392,23.2490708890277,9008,144,25.4166666666667,1.00311081939828
"result_final_convex_100",33.5,32211.9369710639,0.99355248714056,24.4058431492904,8760,178,18.8202247191011,1.00648935304666
"result_final_convex_100",25.04,4748.92769574819,0.965790603685646,24.322183915479,7598,232,10.7931034482759,1.03542113185177
"result_final_convex_100",21.9,3797.20062935698,0.942896750599501,25.7548950058344,6858,244,8.97540983606557,1.06056150831381
"result_final_convex_100",17.58,1445.08785178104,0.894067188279889,25.2840085066157,5658,221,7.95475113122172,1.1184841733471
"result_final_convex_100",9.58,417.098016262237,0.742594708477599,25.8524047673735,3552,190,5.04210526315789,1.3466295794783
"result_final_convex_100",2.01,48.7226858409219,0.551101308574397,24.6974654796448,838,56,3.58928571428571,1.81454840415245
"result_final_convex_100",3.62,55.9523455613697,0.592810244708688,26.741881222277,1492,101,3.58415841584158,1.68688042915218
"result_final_convex_100",38.27,53467.2973358745,0.997973824988978,25.1204329165501,9280,142,26.9507042253521,1.00203028873131
"result_final_convex_100",11.78,283.404690572105,0.791715400191529,24.9306227628927,4172,198,5.94949494949495,1.26308014187685
"result_final_convex_100",2.59,38.2533753871769,0.566082379339821,23.7393843086014,944,56,4.625,1.76652734036029
"result_final_convex_100",29.59,9286.48614248694,0.985262698428011,25.337015597464,8068,207,14.2946859903382,1.01495773827173
"result_final_convex_100",36.37,107393.744063246,0.996717479389268,26.2765604422345,9136,157,23.1656050955414,1.00329333103774
"result_final_convex_100",7.86,461.765047890971,0.70120617240035,24.2449503720695,2850,148,5.31081081081081,1.42611408649874
"result_final_convex_100",35.55,56607.373916828,0.995993817487823,24.2015100221252,8802,153,23.2352941176471,1.00402229656634
"result_final_convex_100",1.46,17.8286087634029,0.536972798404996,26.9997914788474,628,42,3.47619047619048,1.86229172682557
"result_final_convex_100",39.58,161033.297526892,0.998573080538533,25.4084192725588,9508,140,28.2714285714286,1.00142895847012
"result_final_convex_100",17.98,1318.26135505854,0.899542062735328,25.1960559786002,5894,249,7.22088353413655,1.11167675356859
"result_final_convex_100",37.61,102200.395024525,0.997595984972312,25.2062563137331,9268,141,26.6737588652482,1.00240980824292
"result_final_convex_100",13.99,1033.13769343589,0.835696956283679,25.4403035225702,4600,208,6.72596153846154,1.19660600948814
"result_final_convex_100",13.09,431.331343784716,0.818490566861567,24.5093894032642,4638,226,5.79203539823009,1.22176117903767
"result_final_convex_100",39.54,75713.2468065545,0.99855739268465,24.7045462330235,9392,132,29.9545454545455,1.00144469143779
"result_final_convex_100",10.78,421.178549375642,0.769988757225902,25.7022409394854,3928,199,5.41708542713568,1.29872026132275
"result_final_convex_100",34.96,52757.3606360333,0.995391126131326,24.8024330983445,8762,156,22.4102564102564,1.00463021394071
"result_final_convex_100",28.5,6172.54533226065,0.981765058917188,25.1028225905933,7968,229,12.4454148471616,1.018573630134
"result_final_convex_100",12.53,613.123967203538,0.807288926792508,25.1120853142053,4386,205,6.11219512195122,1.23871388150109
"result_final_convex_100",3.34,180.758515771533,0.585535509010483,24.2798515676621,1340,85,3.92941176470588,1.70783835414172
"result_final_convex_100",35.92,141409.228458947,0.996335863039624,25.5941955901849,8880,137,26.2189781021898,1.00367761223529
"result_final_convex_100",42.4,372733.897248076,0.999364910646715,23.9279416813486,9784,96,44.1666666666667,1.00063549294809
"result_final_convex_100",21.7,6246.41496809267,0.941110099866911,24.9054826809102,6442,220,9.86363636363636,1.06257493160621
"result_final_convex_100",2.79,54.407992850241,0.571262985474225,24.7449371633913,1082,68,4.10294117647059,1.75050725397492
"result_final_convex_100",13.47,1967.36315081781,0.825877012872606,25.1751063294733,4468,204,6.60294117647059,1.21083403995197
"result_final_convex_100",36.54,144555.415074087,0.99685238043454,25.4104494680193,9396,134,27.2686567164179,1.00315755835793
"result_final_convex_100",25.11,6107.51370302494,0.966200196460275,24.8527588271431,7360,231,10.8701298701299,1.03498219485315
"result_final_convex_100",24.06,3496.98545334894,0.959623349714547,25.5614188752632,7208,238,10.109243697479,1.04207551879335
"result_final_convex_100",28.99,14109.8125969829,0.983414828834136,25.4247579979073,8016,180,16.1055555555556,1.0168648780551
"result_final_convex_100",21.22,2203.52558209645,0.936646483005702,25.0013375106332,6560,256,8.2890625,1.06763866425996
"result_final_convex_100",3.91,190.154983161449,0.600346397897894,24.5067704294162,1496,93,4.20430107526882,1.66570500547932
"result_final_convex_100",16.99,1644.37982206877,0.885617779867244,25.8204213116824,5566,229,7.41921397379913,1.12915528880857
"result_final_convex_100",31.67,16850.8483767928,0.990385850446825,24.0854535652673,8498,187,16.9358288770053,1.00970747870523
"result_final_convex_100",28.21,5438.74797884329,0.980725603466576,24.6647474349312,7970,235,12.0042553191489,1.01965320010541
"result_final_convex_100",4.8,103.159238816603,0.623445869315277,25.1253887763001,1802,108,4.44444444444444,1.60398849237431
"result_final_convex_100",34.44,38023.0535627297,0.994796473641849,24.3875479581405,8734,175,19.68,1.00523074467594
"result_final_convex_100",26.89,4347.79074738009,0.975349961418021,23.9776967688248,7672,215,12.506976744186,1.02527301948743
"result_final_convex_100",8.91,371.893870379474,0.726741364494461,25.8089499195638,3034,149,5.97986577181208,1.37600534227968
"result_final_convex_100",37.95,172722.606570206,0.997797668415046,25.3914059969235,9206,153,24.8039215686275,1.00220719255483
"result_final_convex_100",8.62,223.059541950057,0.719768198060178,25.7236672420523,3078,170,5.07058823529412,1.3893361816972
"result_final_convex_100",2.04,91.5178070592462,0.551874346488498,22.1649818857484,788,51,4,1.81200667572766
"result_final_convex_100",11.68,413.535853890829,0.789591064256653,23.9469238836931,3998,198,5.8989898989899,1.26647836490074
"result_final_convex_100",44.78,979351.532012981,0.999699384876966,26.1896865038818,10050,94,47.6382978723404,1.00030070551966
"result_final_convex_100",5.17,130.815966363762,0.633017655774031,25.4778569788988,2054,127,4.07086614173228,1.57973476865702
"result_final_convex_100",14.6,2604.96044569705,0.846784437554264,23.9231861695673,4688,206,7.0873786407767,1.18093809433752
"result_final_convex_100",29.14,18360.2434133157,0.983894100446377,25.0646000432208,8302,210,13.8761904761905,1.01636954581425
"result_final_convex_100",5.03,152.680471265038,0.629399001987643,25.376772953817,1800,105,4.79047619047619,1.58881726351964
"result_final_convex_100",22.37,1890.23157264667,0.946930151170066,25.0308993882978,6986,244,9.16803278688525,1.05604410078648
"result_final_convex_100",28.55,8110.82949389639,0.981939451197614,24.7195850436543,8082,203,14.064039408867,1.01839273162959
"result_final_convex_100",6.9,227.507607488902,0.677244439754876,24.8532764977461,2560,152,4.53947368421053,1.4765717387978
"result_final_convex_100",42.01,179972.319388396,0.999286312145747,24.4127614948724,9600,119,35.3025210084034,1.00071419756838
"result_final_convex_100",29.74,9012.43683799849,0.98569655123597,25.0915085547763,8102,190,15.6526315789474,1.01451100619769
"result_final_convex_100",3.71,181.400039436533,0.595149043329385,24.7930945315247,1404,85,4.36470588235294,1.68025137771506
"result_final_convex_100",6.2,325.725143037605,0.659480332015194,25.6033379251599,2222,123,5.04065040650407,1.51634544876307
"result_final_convex_100",19.46,4040.29207861758,0.91805350700597,25.4580140677464,6532,261,7.45593869731801,1.08926112951878
"result_final_convex_100",20.54,2461.76727646845,0.929886478906261,24.783574021833,6464,230,8.9304347826087,1.07540008666026
"result_final_convex_100",41.5,543533.978331927,0.999170630894578,26.2712888030053,9612,123,33.739837398374,1.00083005752949
"result_final_convex_100",20.01,1262.64080743243,0.924251189832161,24.5654147983333,6218,221,9.05429864253394,1.08195695174771
"result_final_convex_100",15.45,666.597365965732,0.861442100971993,25.3705388013885,5190,234,6.6025641025641,1.16084412274681
"result_final_convex_100",44.62,332194.297567789,0.999683242978188,24.9346731256114,9322,99,45.0707070707071,1.00031685738861
"result_final_convex_100",13.9,1085.75625054247,0.834021415795224,25.0182722902757,4644,211,6.58767772511848,1.19900997871442
"result_final_convex_100",23.62,1968.9628163403,0.95657945039669,24.5586727409313,6976,228,10.359649122807,1.04539147227688
"result_final_convex_100",9.44,305.512509805751,0.739313068826017,24.8671100974194,3498,183,5.15846994535519,1.35260695660086
"result_final_convex_100",23.92,7814.39346718206,0.958673924744658,25.2693965245407,7016,220,10.8727272727273,1.04310754072752
"result_final_convex_100",40.9,137342.754408612,0.99901361035371,23.6265327226077,9454,118,34.6610169491525,1.00098736357149
"result_final_convex_100",25.77,4027.48051319974,0.969869998753534,24.820262373861,7424,236,10.9194915254237,1.03106602048232
"result_final_convex_100",20.49,2204.55450616384,0.929368741932853,25.060883102798,6360,223,9.18834080717489,1.07599917544058
"result_final_convex_100",10.87,958.345807141629,0.771987054919508,24.9042027043171,3768,192,5.66145833333333,1.2953585084458
"result_final_convex_100",22.2,2226.02780200511,0.945497717367675,25.2996889906986,6810,241,9.21161825726141,1.05764401291635
"result_final_convex_100",5.11,90.5315022253897,0.6314673056059,25.1256517569147,2096,136,3.75735294117647,1.58361326251165
"result_final_convex_100",26.62,4386.11399284292,0.974110566986831,24.8918835716082,7778,235,11.3276595744681,1.02657750966941
"result_final_convex_100",10.57,347.680205361955,0.765294367750755,26.2660053094222,3862,224,4.71875,1.30668673668546
"result_final_convex_100",36.98,194943.002086044,0.997179388206975,24.9332026921014,9252,139,26.6043165467626,1.00282859014775
"result_final_convex_100",33.41,14078.4764240138,0.993420977317034,24.2106795010722,8870,184,18.1576086956522,1.00662259287169
"result_final_convex_100",31.63,9759.65428590935,0.990303980791203,24.9821749918369,8518,211,14.9905213270142,1.00979095247204
"result_final_convex_100",5.43,105.301734428282,0.639726277486824,25.2875207474608,2048,123,4.41463414634146,1.56316855378916
"result_final_convex_100",41.27,130416.284280575,0.999113259903375,25.9773755157891,9648,145,28.4620689655172,1.00088752710249
"result_final_convex_100",38.2,43926.2727008091,0.99793638086851,25.7438787752349,9480,165,23.1515151515152,1.00206788646155
"result_final_convex_100",33.22,26143.685804536,0.993135757847405,25.3898362690729,8844,207,16.048309178744,1.00691168563649
"result_final_convex_100",25.43,4249.95277768913,0.968022321673166,24.8581022571737,7548,223,11.4035874439462,1.03303402990911
"result_final_convex_100",32.08,59516.4503572344,0.991191601554122,24.5202914158849,8454,180,17.8222222222222,1.00888667582743
"result_final_convex_100",21.35,1548.53277913547,0.937880152134053,25.2291836306827,6624,242,8.82231404958678,1.06623431333374
"result_final_convex_100",29.37,11619.2604486274,0.984606369728288,23.6518119622507,8306,209,14.0526315789474,1.01563429888836
"result_final_convex_100",8.02,196.866455582709,0.705146536019284,24.7039053771323,3124,185,4.33513513513514,1.41814495132492
"result_final_convex_100",31.74,37260.4140922205,0.990527704903516,24.5384014780534,8634,179,17.731843575419,1.00956287749408
"result_final_convex_100",32.33,15430.8387978127,0.991654030967266,25.8381816961087,8462,185,17.4756756756757,1.00841621046464
"result_final_convex_100",25.74,6448.39256021693,0.969710553920697,24.6450181082739,7432,223,11.542600896861,1.03123555369882
"result_final_convex_100",27.84,11610.8118060262,0.979328102938496,25.6481130308733,7720,201,13.8507462686567,1.02110824451936
"result_final_convex_100",34.06,58476.7957207365,0.994321086457671,23.9140447954006,8644,172,19.8023255813953,1.00571134779265
"result_final_convex_100",2.33,65.2852646179766,0.559357980471515,24.8895101602565,924,62,3.75806451612903,1.78776389166208
"result_final_convex_100",34.64,79283.0368033649,0.995032585754285,24.4819263201092,8868,169,20.4970414201183,1.00499221263387
"result_final_convex_100",40.92,241211.93484601,0.999019238704562,24.8352091841828,9398,120,34.1,1.00098172413247
"result_final_convex_100",38.99,153069.749917938,0.998325816429839,23.2910285182275,8992,131,29.763358778626,1.00167699116121
"result_final_convex_100",29.86,15183.1026038932,0.986035835638549,24.5382203938458,8430,222,13.4504504504505,1.01416192379297
"result_final_convex_100",7.82,209.667134101121,0.700218521753438,25.4673200761317,2910,160,4.8875,1.42812560498381
"result_final_convex_100",34.84,18499.5313580292,0.995259387296196,25.1794348881508,8608,169,20.6153846153846,1.0047631931578
"result_final_convex_100",2.9,167.528704034038,0.574114818833442,25.1239803713295,1128,78,3.71794871794872,1.74181185922343
"result_final_convex_100",22.12,1518.94407503087,0.944813308908709,24.7711822173604,6490,233,9.49356223175966,1.05841015422934
"result_final_convex_100",10.95,546.94053183589,0.773756385746232,25.2013660736587,4070,218,5.02293577981651,1.29239644211217
"result_final_convex_100",13.64,494.469291068979,0.829124255302031,25.2217039767619,4692,210,6.4952380952381,1.2060918416091
"result_final_convex_100",39.86,124838.510885459,0.99867876565324,24.6384554238931,9414,130,30.6615384615385,1.00132298231644
"result_final_convex_100",12.25,1602.70850285211,0.801549948306487,25.0302297177424,4126,203,6.03448275862069,1.24758288876794
"result_final_convex_100",26.98,4803.77923451569,0.975752053294011,24.1940340446424,7890,220,12.2636363636364,1.02485052081021
"result_final_convex_100",1.46,44.0541737696975,0.536972798404996,24.565570625851,504,27,5.40740740740741,1.86229172682557
"result_final_convex_100",11.49,537.98092421497,0.785524621015135,25.8494041387234,4112,221,5.19909502262443,1.27303457236986
"result_final_convex_100",3.13,132.815526058395,0.580082459209134,25.2727222356264,1164,75,4.17333333333333,1.72389284337845
"result_final_convex_100",7.19,428.656472312153,0.684536602352104,24.7029372903116,2486,137,5.24817518248175,1.46084226404249
"result_final_convex_100",20.41,1055.52062571415,0.928534383441807,25.1572166676817,6490,239,8.53974895397489,1.07696604221945
"result_final_linear_500",3.68,450.66459342374,0.172147555047183,26.2115393618511,1388,81,4.54320987654321,5.80897009966778
"result_final_linear_500",16.55,7873.9967127393,0.199665031702357,24.3540707199368,5588,236,7.01271186440678,5.00838825644098
"result_final_linear_500",10.21,1523.24722404689,0.184112858578195,25.1209751047959,3564,179,5.70391061452514,5.43145116382671
"result_final_linear_500",18.95,6330.95761273784,0.206997829140595,24.6487822457833,6096,246,7.70325203252033,4.83096853793954
"result_final_linear_500",25.94,11480.5848769418,0.235365156041442,25.2603646417481,7516,217,11.9539170506912,4.24871725627868
"result_final_linear_500",19.32,4822.28000177637,0.208217198307009,25.0874911769656,6102,249,7.75903614457831,4.80267724343085
"result_final_linear_500",29.37,26359.6602818866,0.255046401617737,24.1852782475291,8110,201,14.6119402985075,3.92085516069659
"result_final_linear_500",8.18,871.800769049631,0.180032155601741,25.4732128572436,3036,169,4.84023668639053,5.55456327597474
"result_final_linear_500",12.27,1427.24035780429,0.188654495408898,25.0622599259696,4432,216,5.68055555555556,5.30069531517156
"result_final_linear_500",24.58,12141.9064556033,0.228808931496875,24.4459418206822,7102,221,11.1221719457014,4.37045876425352
"result_final_linear_500",41.33,295200.11510009,0.403590837174107,25.490101283755,9530,131,31.5496183206107,2.47775694562809
"result_final_linear_500",10.19,1285.41874091348,0.184070832735546,24.917199871124,3670,204,4.99509803921569,5.43269123705599
"result_final_linear_500",12.68,1725.91957337098,0.189611743246765,24.4758664575216,4064,190,6.67368421052632,5.27393495190104
"result_final_linear_500",10.38,1397.0888924938,0.184471615001441,25.3709974293383,3790,208,4.99038461538461,5.42088819459942
"result_final_linear_500",7.01,1759.15621692229,0.177838551129301,25.6842428873626,2464,132,5.31060606060606,5.62307775029572
"result_final_linear_500",0.74,47.7739945729161,0.167708579731693,22.748750330235,316,25,2.96,5.96272415877494
"result_final_linear_500",33.83,135420.134534004,0.29038486856541,25.1200786600957,8750,173,19.5549132947977,3.44370560677044
"result_final_linear_500",18.98,3854.65315055997,0.207095751750933,25.0790078805072,6170,252,7.53174603174603,4.82868427548753
"result_final_linear_500",37.76,307589.710909529,0.337088388214905,25.4801959693378,9392,148,25.5135135135135,2.96658097686375
"result_final_linear_500",9.27,1643.28125284136,0.182177780454993,24.1689427061347,3330,164,5.65243902439024,5.48914361291744
"result_final_linear_500",42.75,645091.396843419,0.441233140655106,27.0788637767366,9372,111,38.5135135135135,2.26637554585153
"result_final_linear_500",21.64,4759.73056153958,0.216488009724831,24.5675629618925,6872,259,8.35521235521236,4.61919346605412
"result_final_linear_500",10.8,1414.21889529719,0.185369908561929,25.5197175860655,3760,183,5.9016393442623,5.3946188340807
"result_final_linear_500",33.84,35681.4382369909,0.290481208289428,24.1413929710015,8956,183,18.4918032786885,3.44256348246674
"result_final_linear_500",12.22,1998.96973376851,0.188539026590489,25.1318081071521,4240,214,5.71028037383178,5.30394167236273
"result_final_linear_500",27.23,15634.6864003413,0.242187239990681,24.9658042814976,7600,208,13.0913461538462,4.12903669094407
"result_final_linear_500",21.87,7077.45504515767,0.217371950031995,24.5767014241147,6658,234,9.34615384615385,4.60040957378728
"result_final_linear_500",27.36,9846.25140658925,0.242910647405029,24.649519636728,7854,234,11.6923076923077,4.11674008810573
"result_final_linear_500",20.69,8087.8725635067,0.212964206116914,25.8153953053778,6404,219,9.44748858447489,4.69562476358593
"result_final_linear_500",1.09,153.730574548967,0.168211424975766,25.4937293671851,416,30,3.63333333333333,5.94489940349812
"result_final_linear_500",29.6,20843.0717276256,0.256559766763848,24.8854230453791,8516,201,14.726368159204,3.89772727272728
"result_final_linear_500",26.09,19261.6506680624,0.236126641321364,25.5902204578615,7578,214,12.1915887850467,4.23501555946421
"result_final_linear_500",13.3,2711.7387708605,0.191095437513776,24.0740542157254,4610,222,5.99099099099099,5.23298731257208
"result_final_linear_500",4.05,439.020882628284,0.172742821136016,26.1477638754723,1536,90,4.5,5.78895257946847
"result_final_linear_500",13.53,2899.45148775596,0.191657246714099,25.7458949586309,4622,214,6.32242990654206,5.21764773910026
"result_final_linear_500",8.85,1231.83975840552,0.181338903809808,26.1202830305844,3170,169,5.23668639053254,5.51453647833242
"result_final_linear_500",19.81,5442.1788115655,0.209872019681227,24.4583880237135,6110,230,8.61304347826087,4.76480857962339
"result_final_linear_500",1.67,118.84284139237,0.169059367639221,26.442116926958,624,42,3.97619047619048,5.91508186718193
"result_final_linear_500",28.09,24186.2947121977,0.247104910484176,24.0495503744523,8110,219,12.8264840182648,4.04686413572521
"result_final_linear_500",2.4,430.285491721549,0.170153417015342,25.2749585634788,956,62,3.87096774193548,5.87704918032786
"result_final_linear_500",39.01,216120.618121902,0.356896249049096,24.573834436969,9186,139,28.0647482014388,2.80193474340056
"result_final_linear_500",31.82,39067.3642692932,0.272741819345548,24.9644246468537,8586,204,15.5980392156863,3.66647110589615
"result_final_linear_500",6.21,599.650282027503,0.176399781827757,24.9973742748898,2322,138,4.5,5.66894125173259
"result_final_linear_500",11.68,1824.36419369917,0.187309127926705,24.5747201523794,4280,217,5.38248847926267,5.33876811594203
"result_final_linear_500",32.1,69705.4989674845,0.275010125556906,25.1072916738177,8670,184,17.445652173913,3.63622974963181
"result_final_linear_500",36.58,181681.791682545,0.320918935330432,23.3969852790616,9114,139,26.3165467625899,3.11605171870073
"result_final_linear_500",37.16,121430.801537978,0.328592344697762,25.4526073192147,9298,153,24.2875816993464,3.04328453214513
"result_final_linear_500",32.21,52693.1217227784,0.275916805730799,24.6515413216933,8718,193,16.6891191709845,3.62428086738457
"result_final_linear_500",17.67,6345.59854070845,0.202968222271528,25.7208638998122,5578,235,7.51914893617021,4.92687963075429
"result_final_linear_500",12.37,4073.85119771372,0.188886254391826,24.256521859863,4290,201,6.15422885572139,5.29419148693371
"result_final_linear_500",25.92,16866.8128084622,0.235264227642276,25.0067355460187,7514,236,10.9830508474576,4.25053995680346
"result_final_linear_500",26.73,27219.1732514137,0.239467921691669,24.8678195035212,7556,224,11.9330357142857,4.17592466220827
"result_final_linear_500",14,3023.12775625715,0.192825112107623,25.1112324609406,5022,227,6.16740088105727,5.18604651162792
"result_final_linear_500",30.37,42384.9359576902,0.261835821456774,25.2166154677864,8436,210,14.4619047619048,3.81918713198335
"result_final_linear_500",11.77,1717.89282872494,0.187511954604382,25.2952319261213,4014,192,6.13020833333333,5.33299331293212
"result_final_linear_500",36.28,136869.364582783,0.317141150706749,24.7633368663974,9108,165,21.9878787878788,3.15317011927181
"result_final_linear_500",26.97,14963.5468323189,0.24076088748228,24.7184423100898,7712,213,12.6619718309859,4.1534985622347
"result_final_linear_500",40.4,211162.093217038,0.383033419023137,23.9456890281688,9244,120,33.6666666666667,2.61073825503355
"result_final_linear_500",8.18,1237.41455411691,0.180032155601741,25.8251434866633,3062,165,4.95757575757576,5.55456327597474
"result_final_linear_500",29.17,23091.002936918,0.253752731702074,24.3359447217425,8046,206,14.1601941747573,3.94084427502471
"result_final_linear_500",2.93,337.06341971927,0.170967116966377,25.3791967945068,1180,72,4.06944444444444,5.84907798495932
"result_final_linear_500",4.6,426.946999182979,0.173643975245723,24.510285839422,1804,105,4.38095238095238,5.75890985324946
"result_final_linear_500",24.96,20491.6452250654,0.230580137659784,25.2811785399478,7374,231,10.8051948051948,4.33688699360341
"result_final_linear_500",14.16,2874.8448687727,0.193228885287232,25.2429258405646,4788,225,6.29333333333333,5.17520969245107
"result_final_linear_500",23.45,9054.62875623339,0.223797690396141,24.8225332478769,7134,220,10.6590909090909,4.46832135858916
"result_final_linear_500",33.04,47899.2461690957,0.283057152519445,24.7026927640054,8740,185,17.8594594594595,3.53285543608125
"result_final_linear_500",43.53,188179.492675129,0.466039448708426,22.8309140029581,9654,102,42.6764705882353,2.14574110146981
"result_final_linear_500",9.41,1399.63331060161,0.182460875344921,26.1946556513351,3278,182,5.17032967032967,5.48062700077272
"result_final_linear_500",2.07,152.203276244363,0.169655076832458,24.6568518782877,800,49,4.22448979591837,5.89431226386196
"result_final_linear_500",35.25,93005.0901661023,0.305064782096584,23.4566120908063,8624,158,22.3101265822785,3.27799227799228
"result_final_linear_500",25.12,11331.5041585916,0.231339594661394,24.2074184140618,7350,213,11.7934272300469,4.32264957264957
"result_final_linear_500",14.76,2842.34794893265,0.194771958687506,25.7655699586333,5260,255,5.78823529411765,5.13420929141247
"result_final_linear_500",21.43,5981.35328650363,0.215691657287177,24.8385251461438,6700,242,8.85537190082645,4.63624793178058
"result_final_linear_500",5.64,446.534801718967,0.175403375715667,25.7026756378011,2226,137,4.11678832116788,5.70114455277659
"result_final_linear_500",14.22,3972.26331799004,0.193381126290635,24.8764904511108,5000,236,6.02542372881356,5.17113546281185
"result_final_linear_500",38.84,140834.300622618,0.35401713359574,24.8193558041828,9326,139,27.9424460431655,2.82472204054938
"result_final_linear_500",3.15,316.032648860236,0.171309808083488,25.8508355539559,1316,88,3.57954545454545,5.83737738771296
"result_final_linear_500",35.7,96866.9768574203,0.310178485287024,25.9421893923974,8658,168,21.25,3.22395023328149
"result_final_linear_500",1.81,149.835244787007,0.169266837904463,25.7906943680457,778,53,3.41509433962264,5.90783175476118
"result_final_linear_500",19.27,5381.87013947425,0.208050923897637,25.4646662256114,6134,230,8.37826086956522,4.80651554564598
"result_final_linear_500",4.1,373.34384169977,0.172823932240043,25.2447217285127,1662,100,4.1,5.78623566214808
"result_final_linear_500",9.66,1095.54257615893,0.182970794345202,25.1863897460395,3426,172,5.61627906976744,5.46535311047155
"result_final_linear_500",34.2,78105.3200124646,0.294012511170688,24.9924509545277,8850,176,19.4318181818182,3.40121580547113
"result_final_linear_500",27.2,14916.3495690652,0.242021276595745,24.8245359161409,7698,215,12.6511627906977,4.13186813186813
"result_final_linear_500",37.3,203420.026520567,0.330521876647338,23.8001446810061,9224,147,25.3741496598639,3.02551834130781
"result_final_linear_500",36.6,132904.69581406,0.321175278622087,23.2490708890277,9008,144,25.4166666666667,3.11356466876972
"result_final_linear_500",33.5,71856.7904826867,0.287257019438445,24.4058431492904,8760,178,18.8202247191011,3.4812030075188
"result_final_linear_500",25.04,10607.1229384622,0.230958836578753,24.322183915479,7598,232,10.7931034482759,4.32977588046958
"result_final_linear_500",21.9,12450.0348839516,0.217488164856586,25.7548950058344,6858,244,8.97540983606557,4.59795134443022
"result_final_linear_500",17.58,3685.11686280005,0.202695391274409,25.2840085066157,5658,221,7.95475113122172,4.933511283669
"result_final_linear_500",9.58,1739.44025078032,0.182807003356112,25.8524047673735,3552,190,5.04210526315789,5.47024994470249
"result_final_linear_500",2.01,244.543651418445,0.169565142155081,24.6974654796448,838,56,3.58928571428571,5.89743851413411
"result_final_linear_500",3.62,239.15958130386,0.172051840479846,26.741881222277,1492,101,3.58415841584158,5.81220170159783
"result_final_linear_500",38.27,122078.804745208,0.344802547059152,25.1204329165501,9280,142,26.9507042253521,2.90021059452454
"result_final_linear_500",11.78,1309.49292311344,0.187534543599337,24.9306227628927,4172,198,5.94949494949495,5.33235094082974
"result_final_linear_500",2.59,173.007901408128,0.170443211842312,23.7393843086014,944,56,4.625,5.86705677035214
"result_final_linear_500",29.59,26408.5360913401,0.256493388219008,25.337015597464,8068,207,14.2946859903382,3.89873597500356
"result_final_linear_500",36.37,166758.75669584,0.31826139148702,26.2765604422345,9136,157,23.1656050955414,3.14207134999215
"result_final_linear_500",7.86,1518.42457416567,0.179421271955447,24.2449503720695,2850,148,5.31081081081081,5.57347514651616
"result_final_linear_500",35.55,96928.0223373597,0.308446996889208,24.2015100221252,8802,153,23.2352941176471,3.24204809930178
"result_final_linear_500",1.46,58.7501249570343,0.168750214063089,26.9997914788474,628,42,3.47619047619048,5.925918408768
"result_final_linear_500",39.58,257755.93782067,0.367027092698335,25.4084192725588,9508,140,28.2714285714286,2.72459450513076
"result_final_linear_500",17.98,4879.83676566206,0.203918253692009,25.1960559786002,5894,249,7.22088353413655,4.90392587173861
"result_final_linear_500",37.61,166754.163107422,0.334907939234527,25.2062563137331,9268,141,26.6737588652482,2.98589517550889
"result_final_linear_500",13.99,3507.1067428964,0.192799982067203,25.4403035225702,4600,208,6.72596153846154,5.18672247413092
"result_final_linear_500",13.09,1906.34535676904,0.190587925703384,24.5093894032642,4638,226,5.79203539823009,5.24692210332527
"result_final_linear_500",39.54,193319.420721123,0.366291045680359,24.7045462330235,9392,132,29.9545454545455,2.73006946741647
"result_final_linear_500",10.78,1418.04600354501,0.185326741722405,25.7022409394854,3928,199,5.41708542713568,5.39587536426809
"result_final_linear_500",34.96,98827.4810230194,0.301893798737468,24.8024330983445,8762,156,22.4102564102564,3.31242312423124
"result_final_linear_500",28.5,17830.9959441712,0.24956369982548,25.1028225905933,7968,229,12.4454148471616,4.00699300699301
"result_final_linear_500",12.53,2075.4033162508,0.189259363437696,25.1120853142053,4386,205,6.11219512195122,5.28375443009032
"result_final_linear_500",3.34,429.450885399068,0.171608138337535,24.2798515676621,1340,85,3.92941176470588,5.82722946410097
"result_final_linear_500",35.92,256314.083600475,0.312768449824287,25.5941955901849,8880,137,26.2189781021898,3.19725343320849
"result_final_linear_500",42.4,545733.951452114,0.431137724550898,23.9279416813486,9784,96,44.1666666666667,2.31944444444445
"result_final_linear_500",21.7,16373.1826351842,0.216717409355107,24.9054826809102,6442,220,9.86363636363636,4.61430395913154
"result_final_linear_500",2.79,211.135953074703,0.170750557692645,24.7449371633913,1082,68,4.10294117647059,5.85649624524228
"result_final_linear_500",13.47,4562.66813530616,0.19151008122524,25.1751063294733,4468,204,6.60294117647059,5.2216572287068
"result_final_linear_500",36.54,217071.437326826,0.320407957184691,25.4104494680193,9396,134,27.2686567164179,3.12102111566342
"result_final_linear_500",25.11,15337.4459383413,0.231291886716699,24.8527588271431,7360,231,10.8701298701299,4.32354119375084
"result_final_linear_500",24.06,9948.62229293627,0.226456730482495,25.5614188752632,7208,238,10.109243697479,4.41585462207006
"result_final_linear_500",28.99,40698.0985719909,0.25260574152467,25.4247579979073,8016,180,16.1055555555556,3.9587382058865
"result_final_linear_500",21.22,6542.60451993464,0.21490534126248,25.0013375106332,6560,256,8.2890625,4.65321147499366
"result_final_linear_500",3.91,357.360456019376,0.172516562236306,24.5067704294162,1496,93,4.20430107526882,5.79654490581746
"result_final_linear_500",16.99,5481.06822171377,0.200939217157658,25.8204213116824,5566,229,7.41921397379913,4.97662932176846
"result_final_linear_500",31.67,27106.5678701198,0.271549497277749,24.0854535652673,8498,187,16.9358288770053,3.68256988145763
"result_final_linear_500",28.21,12746.251606987,0.24781663157168,24.6647474349312,7970,235,12.0042553191489,4.03524167711381
"result_final_linear_500",4.8,446.46026349084,0.173976608187135,25.1253887763001,1802,108,4.44444444444444,5.74789915966385
"result_final_linear_500",34.44,67540.9101181881,0.296436968710436,24.3875479581405,8734,175,19.68,3.37339841366687
"result_final_linear_500",26.89,15732.0081637926,0.240327405410736,23.9776967688248,7672,215,12.506976744186,4.16099028860621
"result_final_linear_500",8.91,2323.34584160263,0.181457797964103,25.8089499195638,3034,149,5.97986577181208,5.51092326270721
"result_final_linear_500",37.95,261175.504612754,0.339906874828814,25.3914059969235,9206,153,24.8039215686275,2.941982272361
"result_final_linear_500",8.62,901.131575575164,0.180886020824261,25.7236672420523,3078,170,5.07058823529412,5.5283431823156
"result_final_linear_500",2.04,246.007483805206,0.169610083800817,22.1649818857484,788,51,4,5.89587586770111
"result_final_linear_500",11.68,1974.45385848822,0.187309127926705,23.9469238836931,3998,198,5.8989898989899,5.33876811594203
"result_final_linear_500",44.78,1270980.32729653,0.514056972630795,26.1896865038818,10050,94,47.6382978723404,1.94530967040927
"result_final_linear_500",5.17,526.550021098102,0.174599083092446,25.4778569788988,2054,127,4.07086614173228,5.72740693873246
"result_final_linear_500",14.6,4583.44426925589,0.19435593991807,23.9231861695673,4688,206,7.0873786407767,5.14519906323185
"result_final_linear_500",29.14,50844.3233474266,0.253560437987547,25.0646000432208,8302,210,13.8761904761905,3.94383290996331
"result_final_linear_500",5.03,474.611963493072,0.174362458002093,25.376772953817,1800,105,4.79047619047619,5.73517953037801
"result_final_linear_500",22.37,5983.37360734064,0.219337157064956,25.0308993882978,6986,244,9.16803278688525,4.55919103439393
"result_final_linear_500",28.55,26242.1034346715,0.249868858191992,24.7195850436543,8082,203,14.064039408867,4.00209937018894
"result_final_linear_500",6.9,735.387908463711,0.177637855371112,24.8532764977461,2560,152,4.53947368421053,5.6294307196563
"result_final_linear_500",42.01,271036.550132205,0.420552614402785,24.4127614948724,9600,119,35.3025210084034,2.37782376271771
"result_final_linear_500",29.74,22042.1446600163,0.257494685919519,25.0915085547763,8102,190,15.6526315789474,3.88357529177342
"result_final_linear_500",3.71,408.160522655642,0.172195497058245,24.7930945315247,1404,85,4.36470588235294,5.80735278845155
"result_final_linear_500",6.2,928.298440956604,0.176382098533283,25.6033379251599,2222,123,5.04065040650407,5.66950959488274
"result_final_linear_500",19.46,11337.0851332374,0.208685287868581,25.4580140677464,6532,261,7.45593869731801,4.79190464365532
"result_final_linear_500",20.54,6672.75150953493,0.212425814040528,24.783574021833,6464,230,8.9304347826087,4.70752579914423
"result_final_linear_500",41.5,755407.75758179,0.407665505226481,26.2712888030053,9612,123,33.739837398374,2.45299145299145
"result_final_linear_500",20.01,5471.83357641994,0.210560951854484,24.5654147983333,6218,221,9.05429864253394,4.74921865233155
"result_final_linear_500",15.45,2762.5485618059,0.196605045924892,25.3705388013885,5190,234,6.6025641025641,5.08633944411592
"result_final_linear_500",44.62,459002.558422031,0.507235757464737,24.9346731256114,9322,99,45.0707070707071,1.97146984470928
"result_final_linear_500",13.9,2747.81142072222,0.192574368150302,25.0182722902757,4644,211,6.58767772511848,5.19279907084785
"result_final_linear_500",23.62,8634.36935312146,0.224528190957728,24.5586727409313,6976,228,10.359649122807,4.45378371301388
"result_final_linear_500",9.44,958.84837093519,0.18252176717188,24.8671100974194,3498,183,5.15846994535519,5.47879858657244
"result_final_linear_500",23.92,14771.8755493675,0.225837093327001,25.2693965245407,7016,220,10.8727272727273,4.42797055730809
"result_final_linear_500",40.9,205224.74441193,0.393737508327781,23.6265327226077,9454,118,34.6610169491525,2.53976311336718
"result_final_linear_500",25.77,10699.6681695027,0.234511736644236,24.820262373861,7424,236,10.9194915254237,4.26417890340832
"result_final_linear_500",20.49,7008.16999033901,0.212247403966792,25.060883102798,6360,223,9.18834080717489,4.71148283234813
"result_final_linear_500",10.87,2813.98483962996,0.185521303831984,24.9042027043171,3768,192,5.66145833333333,5.39021653764164
"result_final_linear_500",22.2,7543.724193731,0.218662169758291,25.2996889906986,6810,241,9.21161825726141,4.57326478149101
"result_final_linear_500",5.11,471.437108069224,0.17449750822928,25.1256517569147,2096,136,3.75735294117647,5.73074085783538
"result_final_linear_500",26.62,11974.3019727708,0.238882739761703,24.8918835716082,7778,235,11.3276595744681,4.18615426546743
"result_final_linear_500",10.57,1497.82922551154,0.184875860500693,26.2660053094222,3862,224,4.71875,5.40903499944089
"result_final_linear_500",36.98,295654.29869992,0.326156712555636,24.9332026921014,9252,139,26.6043165467626,3.06601079022533
"result_final_linear_500",33.41,33464.0677095001,0.28642092132995,24.2106795010722,8870,184,18.1576086956522,3.4913650698303
"result_final_linear_500",31.63,24809.5899018112,0.271234180981473,24.9821749918369,8518,211,14.9905213270142,3.68685095802253
"result_final_linear_500",5.43,636.110329659881,0.175042108575342,25.2875207474608,2048,123,4.41463414634146,5.71291107116422
"result_final_linear_500",41.27,221008.333678669,0.402177634732589,25.9773755157891,9648,145,28.4620689655172,2.48646347692832
"result_final_linear_500",38.2,77448.2449028013,0.343715239154616,25.7438787752349,9480,165,23.1515151515152,2.90938511326861
"result_final_linear_500",33.22,53569.192130999,0.284679000767329,25.3898362690729,8844,207,16.048309178744,3.51272836178496
"result_final_linear_500",25.43,17325.1746534973,0.232834795641178,24.8581022571737,7548,223,11.4035874439462,4.29489070671851
"result_final_linear_500",32.08,93194.0859930251,0.27484622855293,24.5202914158849,8454,180,17.8222222222222,3.63839811542991
"result_final_linear_500",21.35,6170.41171725184,0.215390935232096,25.2291836306827,6624,242,8.82231404958678,4.6427209154482
"result_final_linear_500",29.37,28268.1695979121,0.255046401617737,23.6518119622507,8306,209,14.0526315789474,3.92085516069659
"result_final_linear_500",8.02,690.048681714198,0.17972566337098,24.7039053771323,3124,185,4.33513513513514,5.56403565992606
"result_final_linear_500",31.74,77031.2646940427,0.272103962369449,24.5384014780534,8634,179,17.731843575419,3.67506592440668
"result_final_linear_500",32.33,40955.2491035493,0.27691615173712,25.8381816961087,8462,185,17.4756756756757,3.61120141864933
"result_final_linear_500",25.74,13645.5207253649,0.234362178880263,24.6450181082739,7432,223,11.542600896861,4.26690008079719
"result_final_linear_500",27.84,29380.3389322981,0.245642701525054,25.6481130308733,7720,201,13.8507462686567,4.0709534368071
"result_final_linear_500",34.06,122247.001992378,0.292624478565723,23.9140447954006,8644,172,19.8023255813953,3.41734910524719
"result_final_linear_500",2.33,164.823193514089,0.170047182129986,24.8895101602565,924,62,3.75806451612903,5.88072079451213
"result_final_linear_500",34.64,151192.025886315,0.298502009499452,24.4819263201092,8868,169,20.4970414201183,3.3500611995104
"result_final_linear_500",40.92,343919.325705761,0.394182012276488,24.8352091841828,9398,120,34.1,2.53689911983751
"result_final_linear_500",38.99,287723.934178748,0.356554263339372,23.2910285182275,8992,131,29.763358778626,2.8046221930831
"result_final_linear_500",29.86,36242.0423461591,0.258304485526994,24.5382203938458,8430,222,13.4504504504505,3.8714000570288
"result_final_linear_500",7.82,1077.28640063982,0.179345499824896,25.4673200761317,2910,160,4.8875,5.5758298980256
"result_final_linear_500",34.84,46599.4846816914,0.300608968444362,25.1794348881508,8608,169,20.6153846153846,3.32658072437078
"result_final_linear_500",2.9,380.532864886995,0.17092061256821,25.1239803713295,1128,78,3.71794871794872,5.85066941297631
"result_final_linear_500",22.12,6382.587175233,0.218346977683077,24.7711822173604,6490,233,9.49356223175966,4.5798664612224
"result_final_linear_500",10.95,1607.57324277763,0.185694922323011,25.2013660736587,4070,218,5.02293577981651,5.3851768669287
"result_final_linear_500",13.64,2315.5853985232,0.191928171393013,25.2217039767619,4692,210,6.4952380952381,5.21028253821213
"result_final_linear_500",39.86,199550.486314422,0.372291692460072,24.6384554238931,9414,130,30.6615384615385,2.6860658463585
"result_final_linear_500",12.25,3162.26808762728,0.188608275120903,25.0302297177424,4126,203,6.03448275862069,5.3019943019943
"result_final_linear_500",26.98,15958.5141911133,0.240815249653717,24.1940340446424,7890,220,12.2636363636364,4.15256094220761
"result_final_linear_500",1.46,171.992589807009,0.168750214063089,24.565570625851,504,27,5.40740740740741,5.925918408768
"result_final_linear_500",11.49,1840.68078609944,0.186883722894365,25.8494041387234,4112,221,5.19909502262443,5.3509207999096
"result_final_linear_500",3.13,407.065221176648,0.171278533161236,25.2727222356264,1164,75,4.17333333333333,5.83844327449157
"result_final_linear_500",7.19,1552.13500053336,0.178168973527097,24.7029372903116,2486,137,5.24817518248175,5.6126494989764
"result_final_linear_500",20.41,4672.48898703415,0.211963034967642,25.1572166676817,6490,239,8.53974895397489,4.71780374418898
"result_final_concave_500",3.68,462.102707972943,0.166869649259892,26.2115393618511,1388,81,4.54320987654321,5.99270151543583
"result_final_concave_500",16.55,8420.21210376671,0.172314527160548,24.3540707199368,5588,236,7.01271186440678,5.80334123000718
"result_final_concave_500",10.21,1663.95027648304,0.168482048264065,25.1209751047959,3564,179,5.70391061452514,5.93535044417718
"result_final_concave_500",18.95,7097.16090266124,0.174621457276925,24.6487822457833,6096,246,7.70325203252033,5.72667308814255
"result_final_concave_500",25.94,14123.383188017,0.185645801630439,25.2603646417481,7516,217,11.9539170506912,5.38660175030878
"result_final_concave_500",19.32,5634.2127958779,0.175030693805855,25.0874911769656,6102,249,7.75903614457831,5.71328364332033
"result_final_concave_500",29.37,31713.1568765016,0.194725609660535,24.1852782475291,8110,201,14.6119402985075,5.13543134743961
"result_final_concave_500",8.18,941.663511795684,0.167776304893521,25.4732128572436,3036,169,4.84023668639053,5.96031722497792
"result_final_concave_500",12.27,1628.89961871733,0.169428504006079,25.0622599259696,4432,216,5.68055555555556,5.90219459155539
"result_final_concave_500",24.58,14825.428237984,0.182851489809605,24.4459418206822,7102,221,11.1221719457014,5.46891907220037
"result_final_concave_500",41.33,341686.15938374,0.284190959391261,25.490101283755,9530,131,31.5496183206107,3.51876077318577
"result_final_concave_500",10.19,1426.42899448281,0.168474051986321,24.917199871124,3670,204,4.99509803921569,5.9356321534974
"result_final_concave_500",12.68,1956.58482930805,0.169647776512541,24.4758664575216,4064,190,6.67368421052632,5.89456590918583
"result_final_concave_500",10.38,1541.60924374751,0.168550899891086,25.3709974293383,3790,208,4.99038461538461,5.93292590336912
"result_final_concave_500",7.01,1829.33955404562,0.167459702130173,25.6842428873626,2464,132,5.31060606060606,5.97158592353557
"result_final_concave_500",0.74,48.0498854427349,0.166674386403877,22.748750330235,316,25,2.96,5.99972210233221
"result_final_concave_500",33.83,145039.464521564,0.213080055808927,25.1200786600957,8750,173,19.5549132947977,4.69307179502862
"result_final_concave_500",18.98,4553.33555747385,0.17465406591003,25.0790078805072,6170,252,7.53174603174603,5.72560389470196
"result_final_concave_500",37.76,348176.791455273,0.240403465904939,25.4801959693378,9392,148,25.5135135135135,4.15967380601502
"result_final_concave_500",9.27,1785.13352827832,0.168129246792869,24.1689427061347,3330,164,5.65243902439024,5.9478051503554
"result_final_concave_500",42.75,769178.838171263,0.311331564167869,27.0788637767366,9372,111,38.5135135135135,3.2120096870769
"result_final_concave_500",21.64,5922.63926518474,0.177977914712925,24.5675629618925,6872,259,8.35521235521236,5.61867466316245
"result_final_concave_500",10.8,1595.57838229081,0.168727882224009,25.5197175860655,3760,183,5.9016393442623,5.92670272879005
"result_final_concave_500",33.84,44265.0297521564,0.213133104534254,24.1413929710015,8956,183,18.4918032786885,4.69190369175748
"result_final_concave_500",12.22,2259.86371729954,0.169402501224988,25.1318081071521,4240,214,5.71028037383178,5.90310056090537
"result_final_concave_500",27.23,19924.3205414759,0.188682831708138,24.9658042814976,7600,208,13.0913461538462,5.29989925923329
"result_final_concave_500",21.87,8627.26900947881,0.178309398841488,24.5767014241147,6658,234,9.34615384615385,5.60822932777072
"result_final_concave_500",27.36,12391.7520803418,0.189012105556121,24.649519636728,7854,234,11.6923076923077,5.2906664208504
"result_final_concave_500",20.69,9649.61518541167,0.176687153205271,25.8153953053778,6404,219,9.44748858447489,5.65972104852594
"result_final_concave_500",1.09,154.695328912287,0.166683535461247,25.4937293671851,416,30,3.63333333333333,5.99939278485303
"result_final_concave_500",29.6,25641.7049098442,0.195461773391555,24.8854230453791,8516,201,14.726368159204,5.11608987603305
"result_final_concave_500",26.09,24164.5627909983,0.185978487273693,25.5902204578615,7578,214,12.1915887850467,5.37696598493331
"result_final_concave_500",13.3,2962.06109701358,0.170000422915316,24.0740542157254,4610,222,5.99099099099099,5.88233830746492
"result_final_concave_500",4.05,452.931712748401,0.166914484678365,26.1477638754723,1536,90,4.5,5.99109179725741
"result_final_concave_500",13.53,3226.08737450255,0.170137905627268,25.7458949586309,4622,214,6.32242990654206,5.87758498797302
"result_final_concave_500",8.85,1347.7974925593,0.167986338396334,26.1202830305844,3170,169,5.23668639053254,5.95286503382601
"result_final_concave_500",19.81,6803.93465987014,0.175596928513912,24.4583880237135,6110,230,8.61304347826087,5.69486043100562
"result_final_concave_500",1.67,121.278820169147,0.166706737905694,26.442116926958,624,42,3.97619047619048,5.99855778214375
"result_final_concave_500",28.09,28329.0314008129,0.190947118475817,24.0495503744523,8110,219,12.8264840182648,5.23705205913672
"result_final_concave_500",2.4,436.16257076084,0.166750691806989,25.2749585634788,956,62,3.87096774193548,5.99697661918838
"result_final_concave_500",39.01,278760.854144216,0.252878022289402,24.573834436969,9186,139,28.0647482014388,3.95447572290631
"result_final_concave_500",31.82,45436.5034238338,0.203627477715105,24.9644246468537,8586,204,15.5980392156863,4.9109285800765
"result_final_concave_500",6.21,638.868833345874,0.16727778759746,24.9973742748898,2322,138,4.5,5.97808002103911
"result_final_concave_500",11.68,1987.8193753282,0.169131633972199,24.5747201523794,4280,217,5.38248847926267,5.91255447910102
"result_final_concave_500",32.1,85354.2865071075,0.20481235126326,25.1072916738177,8670,184,17.445652173913,4.88251804069486
"result_final_concave_500",36.58,201712.599485838,0.230597074328749,23.3969852790616,9114,139,26.3165467625899,4.33656846215819
"result_final_concave_500",37.16,149848.910082315,0.235207410320802,25.4526073192147,9298,153,24.2875816993464,4.25156672842955
"result_final_concave_500",32.21,62002.4739183298,0.205288573589525,24.6515413216933,8718,193,16.6891191709845,4.87119172058501
"result_final_concave_500",17.67,7257.05397372802,0.173319761355902,25.7208638998122,5578,235,7.51914893617021,5.769682534622
"result_final_concave_500",12.37,4493.85595506041,0.169480986907045,24.256521859863,4290,201,6.15422885572139,5.90036686857664
"result_final_concave_500",25.92,20467.6689746922,0.185601829966216,25.0067355460187,7514,236,10.9830508474576,5.38787791145176
"result_final_concave_500",26.73,31760.5732110596,0.187457242207044,24.8678195035212,7556,224,11.9330357142857,5.33454983241199
"result_final_concave_500",14,3345.90507052876,0.170430454419762,25.1112324609406,5022,227,6.16740088105727,5.86749594375339
"result_final_concave_500",30.37,49272.50748089,0.198066433998627,25.2166154677864,8436,210,14.4619047619048,5.04881104693858
"result_final_concave_500",11.77,1870.46033554374,0.169175528021061,25.2952319261213,4014,192,6.13020833333333,5.91102041588136
"result_final_concave_500",36.28,152425.013354842,0.228356803134878,24.7633368663974,9108,165,21.9878787878788,4.37911192603863
"result_final_concave_500",26.97,18186.4676371349,0.188037558667768,24.7184423100898,7712,213,12.6619718309859,5.31808648806613
"result_final_concave_500",40.4,252618.904311839,0.270081872483303,23.9456890281688,9244,120,33.6666666666667,3.70258096482141
"result_final_concave_500",8.18,1294.93817762301,0.167776304893521,25.8251434866633,3062,165,4.95757575757576,5.96031722497792
"result_final_concave_500",29.17,28318.0187792274,0.194100300404046,24.3359447217425,8046,206,14.1601941747573,5.15197554006029
"result_final_concave_500",2.93,341.145316353061,0.166793304230623,25.3791967945068,1180,72,4.06944444444444,5.99544450907521
"result_final_concave_500",4.6,441.240411892563,0.166990207180911,24.510285839422,1804,105,4.38095238095238,5.98837510822798
"result_final_concave_500",24.96,25959.76695445,0.183593665229374,25.2811785399478,7374,231,10.8051948051948,5.44681102559091
"result_final_concave_500",14.16,3189.81473326248,0.170533683071881,25.2429258405646,4788,225,6.29333333333333,5.86394418971467
"result_final_concave_500",23.45,11347.8671130326,0.180805928064733,24.8225332478769,7134,220,10.6590909090909,5.53079210788916
"result_final_concave_500",33.04,57204.0792217879,0.209089560608959,24.7026927640054,8740,185,17.8594594594595,4.78263954014523
"result_final_concave_500",43.53,226644.560891063,0.330148754911669,22.8309140029581,9654,102,42.6764705882353,3.02893766862016
"result_final_concave_500",9.41,1485.47747794455,0.168178865504628,26.1946556513351,3278,182,5.17032967032967,5.94605033753472
"result_final_concave_500",2.07,155.247986663707,0.166728744766701,24.6568518782877,800,49,4.22448979591837,5.99776602048599
"result_final_concave_500",35.25,105718.043841364,0.221330271445587,23.4566120908063,8624,158,22.3101265822785,4.51813479226607
"result_final_concave_500",25.12,13112.939306253,0.18391484080514,24.2074184140618,7350,213,11.7934272300469,5.43729910877346
"result_final_concave_500",14.76,3255.52698114644,0.170937795641606,25.7655699586333,5260,255,5.78823529411765,5.8500812897847
"result_final_concave_500",21.43,7293.43060735725,0.177681875074369,24.8385251461438,6700,242,8.85537190082645,5.62803605928544
"result_final_concave_500",5.64,464.090016769807,0.16716434041924,25.7026756378011,2226,137,4.11678832116788,5.98213708433299
"result_final_concave_500",14.22,4346.5192785623,0.170572878960824,24.8764904511108,5000,236,6.02542372881356,5.86259671579837
"result_final_concave_500",38.84,163618.834579476,0.251034136629198,24.8193558041828,9326,139,27.9424460431655,3.98352197604543
"result_final_concave_500",3.15,323.723008454269,0.166813719154601,25.8508355539559,1316,88,3.57954545454545,5.9947107771946
"result_final_concave_500",35.7,116705.12800458,0.224280140106941,25.9421893923974,8658,168,21.25,4.45870953854042
"result_final_concave_500",1.81,151.941193589964,0.166713874397802,25.7906943680457,778,53,3.41509433962264,5.99830100291391
"result_final_concave_500",19.27,6224.55958754215,0.174974485220122,25.4646662256114,6134,230,8.37826086956522,5.71511897144305
"result_final_concave_500",4.1,390.38668240662,0.166920916111114,25.2447217285127,1662,100,4.1,5.99086096157255
"result_final_concave_500",9.66,1190.97848328526,0.168269984000187,25.1863897460395,3426,172,5.61627906976744,5.9428305407035
"result_final_concave_500",34.2,89852.1115320177,0.21508780087473,24.9924509545277,8850,176,19.4318181818182,4.64926414205338
"result_final_concave_500",27.2,18316.0040688703,0.188607479615542,24.8245359161409,7698,215,12.6511627906977,5.30201666465404
"result_final_concave_500",37.3,224424.352381574,0.236379138359081,23.8001446810061,9224,147,25.3741496598639,4.23049177242076
"result_final_concave_500",36.6,143364.967220176,0.230749800798642,23.2490708890277,9008,144,25.4166666666667,4.33369821572511
"result_final_concave_500",33.5,87079.9187633542,0.211365890379859,24.4058431492904,8760,178,18.8202247191011,4.73113234213352
"result_final_concave_500",25.04,12414.9431357512,0.18375359907107,24.322183915479,7598,232,10.7931034482759,5.44207027810776
"result_final_concave_500",21.9,14759.893991459,0.178353203442963,25.7548950058344,6858,244,8.97540983606557,5.606851913483
"result_final_concave_500",17.58,4363.77023187951,0.173234555621122,25.2840085066157,5658,221,7.95475113122172,5.77252036358774
"result_final_concave_500",9.58,1855.27411919599,0.168240472848994,25.8524047673735,3552,190,5.04210526315789,5.94387297578247
"result_final_concave_500",2.01,249.083467558475,0.166725125266052,24.6974654796448,838,56,3.58928571428571,5.9978962283234
"result_final_concave_500",3.62,247.742143119984,0.166862831728976,26.741881222277,1492,101,3.58415841584158,5.99294635982345
"result_final_concave_500",38.27,148614.771202904,0.245202543076719,25.1204329165501,9280,142,26.9507042253521,4.07826112834042
"result_final_concave_500",11.78,1473.07644023995,0.169180435671345,24.9306227628927,4172,198,5.94949494949495,5.91084894675783
"result_final_concave_500",2.59,178.185912760485,0.166764912892636,23.7393843086014,944,56,4.625,5.99646521953814
"result_final_concave_500",29.59,33374.3312505393,0.195429379767783,25.337015597464,8068,207,14.2946859903382,5.11693789945115
"result_final_concave_500",36.37,186191.455041048,0.229019061833401,26.2765604422345,9136,157,23.1656050955414,4.36644876629285
"result_final_concave_500",7.86,1627.2421181472,0.167683518811921,24.2449503720695,2850,148,5.31081081081081,5.96361530987211
"result_final_concave_500",35.55,110983.011071883,0.223277069298064,24.2015100221252,8802,153,23.2352941176471,4.47874026268702
"result_final_concave_500",1.46,59.7303738667088,0.166697161590619,26.9997914788474,628,42,3.47619047619048,5.99890238356809
"result_final_concave_500",39.58,289285.689088164,0.259447537628949,25.4084192725588,9508,140,28.2714285714286,3.85434376883606
"result_final_concave_500",17.98,5719.83198370845,0.173619421300082,25.1960559786002,5894,249,7.22088353413655,5.75972430107119
"result_final_concave_500",37.61,188170.730044835,0.239060906332752,25.2062563137331,9268,141,26.6737588652482,4.18303442139589
"result_final_concave_500",13.99,3956.38523936847,0.170424064727601,25.4403035225702,4600,208,6.72596153846154,5.86771593318326
"result_final_concave_500",13.09,2107.39709252709,0.169878077625018,24.5093894032642,4638,226,5.79203539823009,5.886574736308
"result_final_concave_500",39.54,269846.250192542,0.258965994303701,24.7045462330235,9392,132,29.9545454545455,3.86151086241561
"result_final_concave_500",10.78,1578.88671960667,0.168719229311416,25.7022409394854,3928,199,5.41708542713568,5.92700668490036
"result_final_concave_500",34.96,114247.942178007,0.219520360388964,24.8024330983445,8762,156,22.4102564102564,4.55538610736662
"result_final_concave_500",28.5,21998.6454905498,0.192101381882404,25.1028225905933,7968,229,12.4454148471616,5.20558462516504
"result_final_concave_500",12.53,2307.48210601254,0.169566293907279,25.1120853142053,4386,205,6.11219512195122,5.89739845671695
"result_final_concave_500",3.34,437.745855454364,0.166832663265139,24.2798515676621,1340,85,3.92941176470588,5.99403006838504
"result_final_concave_500",35.92,286201.831298345,0.225788560744453,25.5941955901849,8880,137,26.2189781021898,4.42892233646769
"result_final_concave_500",42.4,604930.138117437,0.303886511518846,23.9279416813486,9784,96,44.1666666666667,3.29070216049383
"result_final_concave_500",21.7,18182.6092940343,0.178063651564046,24.9054826809102,6442,220,9.86363636363636,5.6159692964643
"result_final_concave_500",2.79,217.467446999878,0.166781152630619,24.7449371633913,1082,68,4.10294117647059,5.99588133447407
"result_final_concave_500",13.47,4868.85561349278,0.170101685761564,25.1751063294733,4468,204,6.60294117647059,5.87883650607511
"result_final_concave_500",36.54,240877.248015481,0.230292907973751,25.4104494680193,9396,134,27.2686567164179,4.34229611670882
"result_final_concave_500",25.11,17447.3870001334,0.183894613665432,24.8527588271431,7360,231,10.8701298701299,5.43789717418992
"result_final_concave_500",24.06,12137.5271493865,0.18188112312621,25.5614188752632,7208,238,10.109243697479,5.49809668431663
"result_final_concave_500",28.99,49804.8851929866,0.193549009291463,25.4247579979073,8016,180,16.1055555555556,5.16665005757851
"result_final_concave_500",21.22,8035.00948249702,0.177392020812359,25.0013375106332,6560,256,8.2890625,5.63723213378225
"result_final_concave_500",3.91,373.196557182837,0.166896950942437,24.5067704294162,1496,93,4.20430107526882,5.99172120493023
"result_final_concave_500",16.99,6173.63302629232,0.172695391071989,25.8204213116824,5566,229,7.41921397379913,5.79054249098718
"result_final_concave_500",31.67,30608.5919483427,0.203008441818936,24.0854535652673,8498,187,16.9358288770053,4.92590352913454
"result_final_concave_500",28.21,16105.601781271,0.191279749543607,24.6647474349312,7970,235,12.0042553191489,5.22794494652987
"result_final_concave_500",4.8,468.218334543324,0.167020498667233,25.1253887763001,1802,108,4.44444444444444,5.98728903326035
"result_final_concave_500",34.44,79357.5469127802,0.216441183013476,24.3875479581405,8734,175,19.68,4.62019282133446
"result_final_concave_500",26.89,20299.1862383337,0.187842507698302,23.9776967688248,7672,215,12.506976744186,5.32360865627988
"result_final_concave_500",8.91,2536.92947824738,0.168006214120888,25.8089499195638,3034,149,5.97986577181208,5.95216078900781
"result_final_concave_500",37.95,283167.145877673,0.242148016668341,25.3914059969235,9206,153,24.8039215686275,4.12970551548912
"result_final_concave_500",8.62,970.712835183326,0.167911789415872,25.7236672420523,3078,170,5.07058823529412,5.95550796926636
"result_final_concave_500",2.04,251.019638006358,0.166726920858461,22.1649818857484,788,51,4,5.99783163301461
"result_final_concave_500",11.68,2191.14277087906,0.169131633972199,23.9469238836931,3998,198,5.8989898989899,5.91255447910102
"result_final_concave_500",44.78,1386528.00124869,0.368745531939759,26.1896865038818,10050,94,47.6382978723404,2.71189726622469
"result_final_concave_500",5.17,544.162038706558,0.167080508249741,25.4778569788988,2054,127,4.07086614173228,5.98513860458974
"result_final_concave_500",14.6,4939.83156054038,0.170827364383428,23.9231861695673,4688,206,7.0873786407767,5.85386307170006
"result_final_concave_500",29.14,58576.3320665799,0.194007670357761,25.0646000432208,8302,210,13.8761904761905,5.15443537957001
"result_final_concave_500",5.03,502.626152320815,0.167057190029293,25.376772953817,1800,105,4.79047619047619,5.98597402377385
"result_final_concave_500",22.37,7260.20427862515,0.179056995814667,25.0308993882978,6986,244,9.16803278688525,5.58481390492584
"result_final_concave_500",28.55,31401.1747142755,0.192245633395691,24.7195850436543,8082,203,14.064039408867,5.20167861468012
"result_final_concave_500",6.9,783.994909215653,0.167433072533192,24.8532764977461,2560,152,4.53947368421053,5.97253568169311
"result_final_concave_500",42.01,309707.471863656,0.296211350673388,24.4127614948724,9600,119,35.3025210084034,3.3759678612135
"result_final_concave_500",29.74,27676.3649085075,0.195919034301459,25.0915085547763,8102,190,15.6526315789474,5.1041492908816
"result_final_concave_500",3.71,421.328536254576,0.166873105096388,24.7930945315247,1404,85,4.36470588235294,5.99257741037651
"result_final_concave_500",6.2,979.619068671034,0.167275683461335,25.6033379251599,2222,123,5.04065040650407,5.97815521842507
"result_final_concave_500",19.46,12504.4456815341,0.175189608352694,25.4580140677464,6532,261,7.45593869731801,5.7081011219957
"result_final_concave_500",20.54,7556.1608851749,0.176494401855905,24.783574021833,6464,230,8.9304347826087,5.66590208802446
"result_final_concave_500",41.5,822711.959352775,0.287047327475938,26.2712888030053,9612,123,33.739837398374,3.48374607348966
"result_final_concave_500",20.01,6676.29309622049,0.175836257774906,24.5654147983333,6218,221,9.05429864253394,5.68710920406492
"result_final_concave_500",15.45,3166.85748525315,0.171437048910575,25.3705388013885,5190,234,6.6025641025641,5.8330448777243
"result_final_concave_500",44.62,519465.155941625,0.363083294356714,24.9346731256114,9322,99,45.0707070707071,2.75418895758267
"result_final_concave_500",13.9,3127.7908869591,0.170366883987644,25.0182722902757,4644,211,6.58767772511848,5.86968533199519
"result_final_concave_500",23.62,10773.4945872673,0.181098954276402,24.5586727409313,6976,228,10.359649122807,5.52184303877178
"result_final_concave_500",9.44,1045.88625561527,0.168189628876729,24.8671100974194,3498,183,5.15846994535519,5.94566981732821
"result_final_concave_500",23.92,16374.9598072792,0.181628472982995,25.2693965245407,7016,220,10.8727272727273,5.50574468626197
"result_final_concave_500",40.9,227787.406118858,0.277365417250002,23.6265327226077,9454,118,34.6610169491525,3.60535213767712
"result_final_concave_500",25.77,13451.5219308218,0.185274905445907,24.820262373861,7424,236,10.9194915254237,5.39738502412547
"result_final_concave_500",20.49,8115.07508985175,0.176430796809679,25.060883102798,6360,223,9.18834080717489,5.66794470173327
"result_final_concave_500",10.87,3043.37317259276,0.168758346896702,24.9042027043171,3768,192,5.66145833333333,5.92563282580687
"result_final_concave_500",22.2,9269.45195918813,0.178798588242523,25.2996889906986,6810,241,9.21161825726141,5.59288532325321
"result_final_concave_500",5.11,496.548654186952,0.16707042289319,25.1256517569147,2096,136,3.75735294117647,5.98549990287216
"result_final_concave_500",26.62,14560.7348453716,0.18719606156234,24.8918835716082,7778,235,11.3276595744681,5.34199273026361
"result_final_concave_500",10.57,1628.28891137701,0.168629739606169,26.2660053094222,3862,224,4.71875,5.93015207362282
"result_final_concave_500",36.98,326836.985869167,0.233735434293449,24.9332026921014,9252,139,26.6043165467626,4.27834146338516
"result_final_concave_500",33.41,43036.1909880187,0.21091038771597,24.2106795010722,8870,184,18.1576086956522,4.74135015742651
"result_final_concave_500",31.63,30030.0433963089,0.202845175318495,24.9821749918369,8518,211,14.9905213270142,4.92986830191974
"result_final_concave_500",5.43,676.565154316664,0.167125817290961,25.2875207474608,2048,123,4.41463414634146,5.98351598938798
"result_final_concave_500",41.27,271532.933473645,0.283204910557069,25.9773755157891,9648,145,28.4620689655172,3.53101222020827
"result_final_concave_500",38.2,92409.4602908366,0.24452150040591,25.7438787752349,9480,165,23.1515151515152,4.08961992438286
"result_final_concave_500",33.22,62202.5479916265,0.209965113980376,25.3898362690729,8844,207,16.048309178744,4.76269595954623
"result_final_concave_500",25.43,21217.9351391449,0.184552223703352,24.8581022571737,7548,223,11.4035874439462,5.41852045959302
"result_final_concave_500",32.08,100107.188347969,0.204726424469886,24.5202914158849,8454,180,17.8222222222222,4.88456730775901
"result_final_concave_500",21.35,7521.61219309595,0.177570731967072,25.2291836306827,6624,242,8.82231404958678,5.63155869732764
"result_final_concave_500",29.37,36007.5026129083,0.194725609660535,23.6518119622507,8306,209,14.0526315789474,5.13543134743961
"result_final_concave_500",8.02,748.199490111053,0.167729315216642,24.7039053771323,3124,185,4.33513513513514,5.96198701883677
"result_final_concave_500",31.74,86166.1727792232,0.203295984582093,24.5384014780534,8634,179,17.731843575419,4.91893630882901
"result_final_concave_500",32.33,49805.3426943787,0.205815173217082,25.8381816961087,8462,185,17.4756756756757,4.8587282675474
"result_final_concave_500",25.74,15400.8340728778,0.185210122218616,24.6450181082739,7432,223,11.542600896861,5.39927293401185
"result_final_concave_500",27.84,35159.500738345,0.19026758937575,25.6481130308733,7720,201,13.8507462686567,5.25575587140672
"result_final_concave_500",34.06,137499.46812037,0.214317117660142,23.9140447954006,8644,172,19.8023255813953,4.66598287116651
"result_final_concave_500",2.33,167.532518506194,0.166745745997125,24.8895101602565,924,62,3.75806451612903,5.99715449422765
"result_final_concave_500",34.64,170108.812587091,0.217601106312036,24.4819263201092,8868,169,20.4970414201183,4.59556487073195
"result_final_concave_500",40.92,375704.222357344,0.277670839119922,24.8352091841828,9398,120,34.1,3.60138645876355
"result_final_concave_500",38.99,338631.120889096,0.252658463879453,23.2910285182275,8992,131,29.763358778626,3.95791213421259
"result_final_concave_500",29.86,42024.9418066463,0.19631661128647,24.5382203938458,8430,222,13.4504504504505,5.0938124565566
"result_final_concave_500",7.82,1174.76496262205,0.167672254607581,25.4673200761317,2910,160,4.8875,5.96401594491822
"result_final_concave_500",34.84,60335.1097837841,0.218791289147729,25.1794348881508,8608,169,20.6153846153846,4.57056587533883
"result_final_concave_500",2.9,386.478504337051,0.166790645624032,25.1239803713295,1128,78,3.71794871794872,5.99554007515584
"result_final_concave_500",22.12,7965.56395406359,0.178678503374535,24.7711822173604,6490,233,9.49356223175966,5.59664414640781
"result_final_concave_500",10.95,1724.98814965609,0.168793506968219,25.2013660736587,4070,218,5.02293577981651,5.92439850300808
"result_final_concave_500",13.64,2625.84097235669,0.170204965033405,25.2217039767619,4692,210,6.4952380952381,5.87526926610946
"result_final_concave_500",39.86,228554.546307713,0.262911029232367,24.6384554238931,9414,130,30.6615384615385,3.80356808506568
"result_final_concave_500",12.25,3340.2827337361,0.169418083858521,25.0302297177424,4126,203,6.03448275862069,5.9025576091103
"result_final_concave_500",26.98,20140.3735105914,0.188062054519594,24.1940340446424,7890,220,12.2636363636364,5.31739378554865
"result_final_concave_500",1.46,174.613231358096,0.166697161590619,24.565570625851,504,27,5.40740740740741,5.99890238356809
"result_final_concave_500",11.49,2061.517652588,0.169040581354314,25.8494041387234,4112,221,5.19909502262443,5.915739238402
"result_final_concave_500",3.13,419.285672120322,0.166811796129623,25.2727222356264,1164,75,4.17333333333333,5.99477988488859
"result_final_concave_500",7.19,1624.04959697475,0.167504414370557,24.7029372903116,2486,137,5.24817518248175,5.96999191787136
"result_final_concave_500",20.41,5729.6226672418,0.176329693995681,25.1572166676817,6490,239,8.53974895397489,5.67119455231683
"result_final_convex_500",3.68,363.645782564381,0.226640375750029,26.2115393618511,1388,81,4.54320987654321,4.41227648291115
"result_final_convex_500",16.55,4375.74835646388,0.592373015484429,24.3540707199368,5588,236,7.01271186440678,1.68812551189933
"result_final_convex_500",10.21,778.806833985679,0.384062123970502,25.1209751047959,3564,179,5.70391061452514,2.60374542967639
"result_final_convex_500",18.95,3733.43759362622,0.674503128708897,24.6487822457833,6096,246,7.70325203252033,1.48257281165494
"result_final_convex_500",25.94,4745.85456835271,0.869111547575756,25.2603646417481,7516,217,11.9539170506912,1.15060029151532
"result_final_convex_500",19.32,1874.63966636843,0.686801051589693,25.0874911769656,6102,249,7.75903614457831,1.45602572635171
"result_final_convex_500",29.37,12576.222728257,0.927496233349913,24.1852782475291,8110,201,14.6119402985075,1.07817149444178
"result_final_convex_500",8.18,557.659616149723,0.327708835108235,25.4732128572436,3036,169,4.84023668639053,3.05148928825713
"result_final_convex_500",12.27,613.188942770418,0.447486848107393,25.0622599259696,4432,216,5.68055555555556,2.23470254875515
"result_final_convex_500",24.58,5397.07760801902,0.83884279663518,24.4459418206822,7102,221,11.1221719457014,1.19211848037709
"result_final_convex_500",41.33,193997.482175722,0.995657904438202,25.490101283755,9530,131,31.5496183206107,1.00436103157766
"result_final_convex_500",10.19,776.378180790032,0.383475593423767,24.917199871124,3670,204,4.99509803921569,2.60772788972499
"result_final_convex_500",12.68,806.158340107359,0.460753559282851,24.4758664575216,4064,190,6.67368421052632,2.1703576236209
"result_final_convex_500",10.38,698.888152200248,0.389071726042094,25.3709974293383,3790,208,4.99038461538461,2.57022017552571
"result_final_convex_500",7.01,1228.78774260761,0.298260505589385,25.6842428873626,2464,132,5.31060606060606,3.3527737707811
"result_final_convex_500",0.74,45.3429682012163,0.177279670878591,22.748750330235,316,25,2.96,5.64080469601528
"result_final_convex_500",33.83,90355.241402514,0.970777244415891,25.1200786600957,8750,173,19.5549132947977,1.0301024315848
"result_final_convex_500",18.98,1503.24273265336,0.675505341491835,25.0790078805072,6170,252,7.53174603174603,1.48037319407649
"result_final_convex_500",37.76,186019.940014686,0.988540364674279,25.4801959693378,9392,148,25.5135135135135,1.0115924809297
"result_final_convex_500",9.27,786.315575913471,0.357156628075922,24.1689427061347,3330,164,5.65243902439024,2.79989204004756
"result_final_convex_500",42.75,414980.828775855,0.997150645695578,27.0788637767366,9372,111,38.5135135135135,1.00285749632387
"result_final_convex_500",21.64,1454.65641652871,0.75990771141762,24.5675629618925,6872,259,8.35521235521236,1.31594927249058
"result_final_convex_500",10.8,536.468316438528,0.401630215630712,25.5197175860655,3760,183,5.9016393442623,2.48985250880495
"result_final_convex_500",33.84,15063.0333520613,0.970841976137281,24.1413929710015,8956,183,18.4918032786885,1.03003374862172
"result_final_convex_500",12.22,1308.66872745653,0.445882126794723,25.1318081071521,4240,214,5.71028037383178,2.24274520081937
"result_final_convex_500",27.23,5758.69227187731,0.894020891518072,24.9658042814976,7600,208,13.0913461538462,1.11854209391234
"result_final_convex_500",21.87,2815.87741360028,0.766694809365422,24.5767014241147,6658,234,9.34615384615385,1.30429994801671
"result_final_convex_500",27.36,3039.7113951351,0.896328559029113,24.649519636728,7854,234,11.6923076923077,1.11566232039196
"result_final_convex_500",20.69,3502.47571369288,0.730923094061826,25.8153953053778,6404,219,9.44748858447489,1.36813299254629
"result_final_convex_500",1.09,145.287488913775,0.182539161137492,25.4937293671851,416,30,3.63333333333333,5.47827651758945
"result_final_convex_500",29.6,6864.96070303638,0.93054594489082,24.8854230453791,8516,201,14.726368159204,1.07463796440199
"result_final_convex_500",26.09,5520.2722800584,0.872197459428882,25.5902204578615,7578,214,12.1915887850467,1.14652936578697
"result_final_convex_500",13.3,1453.31020712857,0.481155409200122,24.0740542157254,4610,222,5.99099099099099,2.07833057860123
"result_final_convex_500",4.05,330.799049368725,0.233734184988436,26.1477638754723,1536,90,4.5,4.2783643310433
"result_final_convex_500",13.53,1339.5400739959,0.488818130285184,25.7458949586309,4622,214,6.32242990654206,2.04575063411945
"result_final_convex_500",8.85,572.556592116794,0.345582887116588,26.1202830305844,3170,169,5.23668639053254,2.89366180236417
"result_final_convex_500",19.81,1490.59960433448,0.70285771603138,24.4583880237135,6110,230,8.61304347826087,1.42276306739066
"result_final_convex_500",1.67,99.4543615200085,0.191606803783011,26.442116926958,624,42,3.97619047619048,5.21902135131104
"result_final_convex_500",28.09,11604.7038217366,0.908614348858207,24.0495503744523,8110,219,12.8264840182648,1.10057694032307
"result_final_convex_500",2.4,381.320956375526,0.203665915416547,25.2749585634788,956,62,3.87096774193548,4.91000174454696
"result_final_convex_500",39.01,105655.716706756,0.991728972028401,24.573834436969,9186,139,28.0647482014388,1.00834000841448
"result_final_convex_500",31.82,20214.7176629842,0.955110294309061,24.9644246468537,8586,204,15.5980392156863,1.046999499386
"result_final_convex_500",6.21,359.842428141161,0.27942371564101,24.9973742748898,2322,138,4.5,3.57879429706228
"result_final_convex_500",11.68,889.156270635441,0.428744428570783,24.5747201523794,4280,217,5.38248847926267,2.33239182450369
"result_final_convex_500",32.1,30903.0356474885,0.95763325088595,25.1072916738177,8670,184,17.445652173913,1.04424110072917
"result_final_convex_500",36.58,118920.094430874,0.984608930564122,23.3969852790616,9114,139,26.3165467625899,1.0156316573597
"result_final_convex_500",37.16,61051.2533694564,0.986665698159283,25.4526073192147,9298,153,24.2875816993464,1.01351450837461
"result_final_convex_500",32.21,23142.545575138,0.95859229227744,24.6515413216933,8718,193,16.6891191709845,1.04319637040288
"result_final_convex_500",17.67,2486.10376584304,0.631068000466442,25.7208638998122,5578,235,7.51914893617021,1.58461528592936
"result_final_convex_500",12.37,1807.06944560373,0.450705044795185,24.256521859863,4290,201,6.15422885572139,2.21874596601073
"result_final_convex_500",25.92,4482.0261136807,0.868696300628471,25.0067355460187,7514,236,10.9830508474576,1.1511502918529
"result_final_convex_500",26.73,13030.4603421057,0.884801970635008,24.8678195035212,7556,224,11.9330357142857,1.13019639782483
"result_final_convex_500",14,1379.40575153135,0.504616748095993,25.1112324609406,5022,227,6.16740088105727,1.98170196247583
"result_final_convex_500",30.37,20826.7596928058,0.940036703825797,25.2166154677864,8436,210,14.4619047619048,1.0637882498951
"result_final_convex_500",11.77,1075.75380006242,0.431575487025574,25.2952319261213,4014,192,6.13020833333333,2.3170917488665
"result_final_convex_500",36.28,81976.5170750737,0.983442504915344,24.7633368663974,9108,165,21.9878787878788,1.01683626140003
"result_final_convex_500",26.97,7190.45070757117,0.889295335498999,24.7184423100898,7712,213,12.6619718309859,1.12448582611634
"result_final_convex_500",40.4,119371.148648463,0.99434241232169,23.9456890281688,9244,120,33.6666666666667,1.00568977809676
"result_final_convex_500",8.18,877.984314179362,0.327708835108235,25.8251434866633,3062,165,4.95757575757576,3.05148928825713
"result_final_convex_500",29.17,10922.5382897718,0.92476144378364,24.3359447217425,8046,206,14.1601941747573,1.08135996231474
"result_final_convex_500",2.93,306.271059599609,0.212889493964016,25.3791967945068,1180,72,4.06944444444444,4.69727266188639
"result_final_convex_500",4.6,327.832033071285,0.244667266720758,24.510285839422,1804,105,4.38095238095238,4.08718343652121
"result_final_convex_500",24.96,4824.25233467185,0.847714460915316,25.2811785399478,7374,231,10.8051948051948,1.17964249296898
"result_final_convex_500",14.16,1417.86605881207,0.510033941613509,25.2429258405646,4788,225,6.29333333333333,1.96065382793245
"result_final_convex_500",23.45,3241.74286324353,0.810600658611561,24.8225332478769,7134,220,10.6590909090909,1.23365308105332
"result_final_convex_500",33.04,27475.0391895417,0.965271531340098,24.7026927640054,8740,185,17.8594594594595,1.0359779269691
"result_final_convex_500",43.53,117537.72812275,0.997760092609013,22.8309140029581,9654,102,42.6764705882353,1.00224493583937
"result_final_convex_500",9.41,862.394272437814,0.361076827732425,26.1946556513351,3278,182,5.17032967032967,2.76949370104981
"result_final_convex_500",2.07,128.84621384689,0.19812350716791,24.6568518782877,800,49,4.22448979591837,5.04735664280614
"result_final_convex_500",35.25,51216.706290192,0.978846635072077,23.4566120908063,8624,158,22.3101265822785,1.02161049971466
"result_final_convex_500",25.12,5690.17359792493,0.851354128087114,24.2074184140618,7350,213,11.7934272300469,1.17459934357384
"result_final_convex_500",14.76,1019.84172992325,0.530497583587382,25.7655699586333,5260,255,5.78823529411765,1.88502272383166
"result_final_convex_500",21.43,2102.65754878828,0.753629557457404,24.8385251461438,6700,242,8.85537190082645,1.3269118628704
"result_final_convex_500",5.64,332.355708710484,0.266641704080269,25.7026756378011,2226,137,4.11678832116788,3.7503510692347
"result_final_convex_500",14.22,2065.07518113696,0.512070058305041,24.8764904511108,5000,236,6.02542372881356,1.95285778533901
"result_final_convex_500",38.84,78157.0298136764,0.991346638995889,24.8193558041828,9326,139,27.9424460431655,1.00872889528619
"result_final_convex_500",3.15,255.798298613648,0.21683711783093,25.8508355539559,1316,88,3.57954545454545,4.61175655719474
"result_final_convex_500",35.7,51351.7322550222,0.980972517704672,25.9421893923974,8658,168,21.25,1.0193965498033
"result_final_convex_500",1.81,131.949854326458,0.193862845310727,25.7906943680457,778,53,3.41509433962264,5.15828599542724
"result_final_convex_500",19.27,2184.09897457152,0.685147409577255,25.4646662256114,6134,230,8.37826086956522,1.45953992676848
"result_final_convex_500",4.1,247.345764026022,0.234708806169916,25.2447217285127,1662,100,4.1,4.26059855323901
"result_final_convex_500",9.66,645.837229001954,0.36815369392676,25.1863897460395,3426,172,5.61627906976744,2.71625686906441
"result_final_convex_500",34.2,44425.9433962389,0.973093935949602,24.9924509545277,8850,176,19.4318181818182,1.02765001718374
"result_final_convex_500",27.2,6497.19027809681,0.893483148985856,24.8245359161409,7698,215,12.6511627906977,1.11921528809474
"result_final_convex_500",37.3,118786.052781511,0.987125185891554,23.8001446810061,9224,147,25.3741496598639,1.01304273692178
"result_final_convex_500",36.6,92056.868088552,0.984684127573819,23.2490708890277,9008,144,25.4166666666667,1.01555409699141
"result_final_convex_500",33.5,32858.6797045827,0.968572941166649,24.4058431492904,8760,178,18.8202247191011,1.03244676523329
"result_final_convex_500",25.04,5124.12301504626,0.849541408737784,24.322183915479,7598,232,10.7931034482759,1.17710565925887
"result_final_convex_500",21.9,4611.38080998858,0.767573082049884,25.7548950058344,6858,244,8.97540983606557,1.30280754156907
"result_final_convex_500",17.58,1787.35473019636,0.627974689913487,25.2840085066157,5658,221,7.95475113122172,1.59242086673551
"result_final_convex_500",9.58,958.957609819617,0.365878480617311,25.8524047673735,3552,190,5.04210526315789,2.7331478973915
"result_final_convex_500",2.01,206.636710082514,0.197132043361774,24.6974654796448,838,56,3.58928571428571,5.07274202076227
"result_final_convex_500",3.62,175.335341408023,0.225509542691332,26.741881222277,1492,101,3.58415841584158,4.43440214576089
"result_final_convex_500",38.27,53917.2917162057,0.989950572540068,25.1204329165501,9280,142,26.9507042253521,1.01015144365657
"result_final_convex_500",11.78,512.699334522319,0.431890685680037,24.9306227628927,4172,198,5.94949494949495,2.31540070938423
"result_final_convex_500",2.59,132.87044860794,0.206926376159671,23.7393843086014,944,56,4.625,4.83263670180146
"result_final_convex_500",29.59,9618.43375028639,0.930415446347754,25.337015597464,8068,207,14.2946859903382,1.07478869135868
"result_final_convex_500",36.37,108138.842641328,0.983800102930429,26.2765604422345,9136,157,23.1656050955414,1.01646665518871
"result_final_convex_500",7.86,786.23079251286,0.319430602685224,24.2449503720695,2850,148,5.31081081081081,3.13057043249368
"result_final_convex_500",35.55,57161.8538559222,0.980285014755574,24.2015100221252,8802,153,23.2352941176471,1.0201114828317
"result_final_convex_500",1.46,50.8285755553177,0.188272199575212,26.9997914788474,628,42,3.47619047619048,5.31145863412784
"result_final_convex_500",39.58,161608.261242026,0.992905893566788,25.4084192725588,9508,140,28.2714285714286,1.00714479235059
"result_final_convex_500",17.98,1756.89879655142,0.641690462025389,25.1960559786002,5894,249,7.22088353413655,1.55838376784294
"result_final_convex_500",37.61,102770.861970429,0.988094409733219,25.2062563137331,9268,141,26.6737588652482,1.01204904121459
"result_final_convex_500",13.99,1558.46394453598,0.50427879360204,25.4403035225702,4600,208,6.72596153846154,1.98303004744072
"result_final_convex_500",13.09,813.465018589062,0.47420201275124,24.5093894032642,4638,226,5.79203539823009,2.10880589518836
"result_final_convex_500",39.54,76087.2826170429,0.99282834693992,24.7045462330235,9392,132,29.9545454545455,1.00722345718893
"result_final_convex_500",10.78,673.490384795631,0.401026418035521,25.7022409394854,3928,199,5.41708542713568,2.49360130661373
"result_final_convex_500",34.96,53384.0523379244,0.977372774765056,24.8024330983445,8762,156,22.4102564102564,1.02315106970356
"result_final_convex_500",28.5,6534.09486116728,0.915023463156957,25.1028225905933,7968,229,12.4454148471616,1.09286815067
"result_final_convex_500",12.53,941.65322482623,0.455877984338414,25.1120853142053,4386,205,6.11219512195122,2.19356940750546
"result_final_convex_500",3.34,360.961302793262,0.220303536513481,24.2798515676621,1340,85,3.92941176470588,4.53919177070862
"result_final_convex_500",35.92,142943.270183492,0.981943954492921,25.5941955901849,8880,137,26.2189781021898,1.01838806117647
"result_final_convex_500",42.4,373335.421805503,0.996832599562756,23.9279416813486,9784,96,44.1666666666667,1.00317746474045
"result_final_convex_500",21.7,7426.45929315195,0.761687335407714,24.9054826809102,6442,220,9.86363636363636,1.31287465803107
"result_final_convex_500",2.79,163.4361356237,0.210413964926224,24.7449371633913,1082,68,4.10294117647059,4.75253626987459
"result_final_convex_500",13.47,2788.19972076584,0.486814578517845,25.1751063294733,4468,204,6.60294117647059,2.05417019975983
"result_final_convex_500",36.54,145476.248165769,0.984457588565997,25.4104494680193,9396,134,27.2686567164179,1.01578779178963
"result_final_convex_500",25.11,6803.02811362949,0.851128316870937,24.8527588271431,7360,231,10.8701298701299,1.17491097426575
"result_final_convex_500",24.06,3828.75237222768,0.826188459687784,25.5614188752632,7208,238,10.109243697479,1.21037759396676
"result_final_convex_500",28.99,14984.751306549,0.922233244007292,25.4247579979073,8016,180,16.1055555555556,1.0843243902755
"result_final_convex_500",21.22,2595.83284889552,0.747276185049763,25.0013375106332,6560,256,8.2890625,1.33819332129982
"result_final_convex_500",3.91,262.696896713345,0.231025578845147,24.5067704294162,1496,93,4.20430107526882,4.32852502739658
"result_final_convex_500",16.99,2310.97305142347,0.60761593934563,25.8204213116824,5566,229,7.41921397379913,1.64577644404284
"result_final_convex_500",31.67,17178.5335374067,0.95370943008248,24.0854535652673,8498,187,16.9358288770053,1.04853739352616
"result_final_convex_500",28.21,5656.14281446506,0.910526229092153,24.6647474349312,7970,235,12.0042553191489,1.09826600052703
"result_final_convex_500",4.8,292.082682636827,0.248759779396056,25.1253887763001,1802,108,4.44444444444444,4.01994246187153
"result_final_convex_500",34.44,38502.1634495246,0.974512860223724,24.3875479581405,8734,175,19.68,1.02615372337973
"result_final_convex_500",26.89,4596.00348758515,0.887811600586115,23.9776967688248,7672,215,12.506976744186,1.12636509743714
"result_final_convex_500",8.91,989.573022690274,0.347219001838512,25.8089499195638,3034,149,5.97986577181208,2.88002671139839
"result_final_convex_500",37.95,173598.987902092,0.989084500274474,25.3914059969235,9206,153,24.8039215686275,1.01103596277416
"result_final_convex_500",8.62,464.714040594095,0.339364875619941,25.7236672420523,3078,170,5.07058823529412,2.94668090848598
"result_final_convex_500",2.04,204.885569516866,0.197627154836893,22.1649818857484,788,51,4,5.06003337863831
"result_final_convex_500",11.68,814.527827645619,0.428744428570783,23.9469238836931,3998,198,5.8989898989899,2.33239182450369
"result_final_convex_500",44.78,979959.113611287,0.998498729603168,26.1896865038818,10050,94,47.6382978723404,1.00150352759831
"result_final_convex_500",5.17,388.997080532407,0.256497475858964,25.4778569788988,2054,127,4.07086614173228,3.89867384328512
"result_final_convex_500",14.6,3152.74634643851,0.525019689479509,23.9231861695673,4688,206,7.0873786407767,1.90469047168759
"result_final_convex_500",29.14,19635.2790599337,0.924344501659678,25.0646000432208,8302,210,13.8761904761905,1.08184772907123
"result_final_convex_500",5.03,281.513291422313,0.253544146723686,25.376772953817,1800,105,4.79047619047619,3.9440863175982
"result_final_convex_500",22.37,2149.39673834601,0.781115438261089,25.0308993882978,6986,244,9.16803278688525,1.28022050393241
"result_final_convex_500",28.55,8799.6696595198,0.915781393032864,24.7195850436543,8082,203,14.064039408867,1.09196365814796
"result_final_convex_500",6.9,440.536966051123,0.295607972563825,24.8532764977461,2560,152,4.53947368421053,3.38285869398901
"result_final_convex_500",42.01,180280.553850141,0.996441718737211,24.4127614948724,9600,119,35.3025210084034,1.00357098784192
"result_final_convex_500",29.74,9370.78426359376,0.932353092482723,25.0915085547763,8102,190,15.6526315789474,1.07255503098847
"result_final_convex_500",3.71,323.386667434112,0.227207823882259,24.7930945315247,1404,85,4.36470588235294,4.40125688857532
"result_final_convex_500",6.2,585.045311604129,0.279194905677622,25.6033379251599,2222,123,5.04065040650407,3.58172724381537
"result_final_convex_500",19.46,5292.73052364392,0.691416784317768,25.4580140677464,6532,261,7.45593869731801,1.4463056475939
"result_final_convex_500",20.54,2970.54845704252,0.726216183972093,24.783574021833,6464,230,8.9304347826087,1.37700043330132
"result_final_convex_500",41.5,544463.652689931,0.995866866047326,26.2712888030053,9612,123,33.739837398374,1.00415028764746
"result_final_convex_500",20.01,1644.6295440316,0.709328139491859,24.5654147983333,6218,221,9.05429864253394,1.40978475873856
"result_final_convex_500",15.45,935.372445741957,0.554255944305163,25.3705388013885,5190,234,6.6025641025641,1.80422061373404
"result_final_convex_500",44.62,332448.667456551,0.998418219051828,24.9346731256114,9322,99,45.0707070707071,1.00158428694307
"result_final_convex_500",13.9,1352.4371770196,0.501240597150943,25.0182722902757,4644,211,6.58767772511848,1.99504989357209
"result_final_convex_500",23.62,2301.18129708275,0.815024247355833,24.5586727409313,6976,228,10.359649122807,1.22695736138438
"result_final_convex_500",9.44,481.788336437799,0.361920887189369,24.8671100974194,3498,183,5.15846994535519,2.76303478300429
"result_final_convex_500",23.92,8524.30053140735,0.822681186282758,25.2693965245407,7016,220,10.8727272727273,1.2155377036376
"result_final_convex_500",40.9,137673.53417368,0.995087434583206,23.6265327226077,9454,118,34.6610169491525,1.00493681785747
"result_final_convex_500",25.77,4330.14166610322,0.865553488057334,24.820262373861,7424,236,10.9194915254237,1.1553301024116
"result_final_convex_500",20.49,2832.88326021193,0.724639846045691,25.060883102798,6360,223,9.18834080717489,1.3799958772029
"result_final_convex_500",10.87,1481.69592524256,0.403747985731597,24.9042027043171,3768,192,5.66145833333333,2.476792542229
"result_final_convex_500",22.2,2715.74906338125,0.776264884777012,25.2996889906986,6810,241,9.21161825726141,1.28822006458177
"result_final_convex_500",5.11,291.755461138649,0.25522794159833,25.1256517569147,2096,136,3.75735294117647,3.91806631255825
"result_final_convex_500",26.62,4752.46540590846,0.882700142180087,24.8918835716082,7778,235,11.3276595744681,1.13288754834706
"result_final_convex_500",10.57,724.160811340209,0.394721206456512,26.2660053094222,3862,224,4.71875,2.53343368342733
"result_final_convex_500",36.98,196117.797942818,0.986054282851877,24.9332026921014,9252,139,26.6043165467626,1.01414295073877
"result_final_convex_500",33.41,14306.102951873,0.96794836043994,24.2106795010722,8870,184,18.1576086956522,1.03311296435844
"result_final_convex_500",31.63,10103.4852776286,0.953329958434009,24.9821749918369,8518,211,14.9905213270142,1.04895476236019
"result_final_convex_500",5.43,364.502596149781,0.262065305242195,25.2875207474608,2048,123,4.41463414634146,3.81584276894579
"result_final_convex_500",41.27,130708.925313242,0.99558197009394,25.9773755157891,9648,145,28.4620689655172,1.00443763551247
"result_final_convex_500",38.2,44167.9196362648,0.989766377538928,25.7438787752349,9480,165,23.1515151515152,1.01033943230777
"result_final_convex_500",33.22,26726.2662868964,0.966595962836872,25.3898362690729,8844,207,16.048309178744,1.03455842818243
"result_final_convex_500",25.43,4992.42673645791,0.85824375125817,24.8581022571737,7548,223,11.4035874439462,1.16517014954553
"result_final_convex_500",32.08,60644.3634215145,0.957456952233912,24.5202914158849,8454,180,17.8222222222222,1.04443337913713
"result_final_convex_500",21.35,1901.73438418764,0.751217968471575,25.2291836306827,6624,242,8.82231404958678,1.33117156666872
"result_final_convex_500",29.37,12072.0213218793,0.927496233349913,23.6518119622507,8306,209,14.0526315789474,1.07817149444178
"result_final_convex_500",8.02,370.428189324803,0.32354870742101,24.7039053771323,3124,185,4.33513513513514,3.09072475662458
"result_final_convex_500",31.74,38325.9204185539,0.954367502448759,24.5384014780534,8634,179,17.731843575419,1.0478143874704
"result_final_convex_500",32.33,15918.240509198,0.959618254041365,25.8381816961087,8462,185,17.4756756756757,1.04208105232322
"result_final_convex_500",25.74,6961.73162302948,0.86491889677353,24.6450181082739,7432,223,11.542600896861,1.1561777684941
"result_final_convex_500",27.84,12386.6236613955,0.904534339887495,25.6481130308733,7720,201,13.8507462686567,1.10554122259679
"result_final_convex_500",34.06,59655.6581060845,0.972236107273917,23.9140447954006,8644,172,19.8023255813953,1.02855673896327
"result_final_convex_500",2.33,143.665140320737,0.202477537079701,24.8895101602565,924,62,3.75806451612903,4.93881945831044
"result_final_convex_500",34.64,80438.2948383844,0.975646818141395,24.4819263201092,8868,169,20.4970414201183,1.02496106316935
"result_final_convex_500",40.92,241720.760608538,0.995115356201132,24.8352091841828,9398,120,34.1,1.00490862066235
"result_final_convex_500",38.99,153911.783263367,0.991684767054709,23.2910285182275,8992,131,29.763358778626,1.00838495580605
"result_final_convex_500",29.86,15985.3859642923,0.933872821358009,24.5382203938458,8430,222,13.4504504504505,1.07080961896485
"result_final_convex_500",7.82,492.290130126459,0.318407653522028,25.4673200761317,2910,160,4.8875,3.14062802491906
"result_final_convex_500",34.84,18789.258978832,0.976738040248632,25.1794348881508,8608,169,20.6153846153846,1.02381596578899
"result_final_convex_500",2.9,332.381163293563,0.212356637943495,25.1239803713295,1128,78,3.71794871794872,4.70905929611715
"result_final_convex_500",22.12,1818.95537518078,0.773963393955871,24.7711822173604,6490,233,9.49356223175966,1.2920507711467
"result_final_convex_500",10.95,918.161273938742,0.406176777277445,25.2013660736587,4070,218,5.02293577981651,2.46198221056083
"result_final_convex_500",13.64,942.996837919118,0.492499428719177,25.2217039767619,4692,210,6.4952380952381,2.0304592080455
"result_final_convex_500",39.86,125252.531160198,0.993428557926105,24.6384554238931,9414,130,30.6615384615385,1.00661491158218
"result_final_convex_500",12.25,2138.15832794265,0.446844606929768,25.0302297177424,4126,203,6.03448275862069,2.2379144438397
"result_final_convex_500",26.98,5180.53530405064,0.889479816543604,24.1940340446424,7890,220,12.2636363636364,1.12425260405105
"result_final_convex_500",1.46,149.993627094716,0.188272199575212,24.565570625851,504,27,5.40740740740741,5.31145863412784
"result_final_convex_500",11.49,850.902516608313,0.422802077653686,25.8494041387234,4112,221,5.19909502262443,2.3651728618493
"result_final_convex_500",3.13,314.43836639327,0.216475321173231,25.2727222356264,1164,75,4.17333333333333,4.61946421689226
"result_final_convex_500",7.19,1029.12683705039,0.302644081473489,24.7029372903116,2486,137,5.24817518248175,3.30421132021245
"result_final_convex_500",20.41,1338.51662033557,0.722110185051252,25.1572166676817,6490,239,8.53974895397489,1.38483021109725
"result_final_linear_1000",3.68,765.857603664358,0.094180225281602,26.2115393618511,1388,81,4.54320987654321,10.6179401993355
"result_final_linear_1000",16.55,10361.2967654859,0.110904379028507,24.3540707199368,5588,236,7.01271186440678,9.01677651288196
"result_final_linear_1000",10.21,2823.41938746986,0.101390033762802,25.1209751047959,3564,179,5.70391061452514,9.86290232765343
"result_final_linear_1000",18.95,10031.7680357885,0.115447617691048,24.6487822457833,6096,246,7.70325203252033,8.66193707587906
"result_final_linear_1000",25.94,19350.7780622602,0.133378957605446,25.2603646417481,7516,217,11.9539170506912,7.49743451255739
"result_final_linear_1000",19.32,8365.7972655989,0.116206717750763,25.0874911769656,6102,249,7.75903614457831,8.6053544868617
"result_final_linear_1000",29.37,39304.2682866253,0.146162282970842,24.1852782475291,8110,201,14.6119402985075,6.84171032139318
"result_final_linear_1000",8.18,1718.20725249076,0.0989205145331925,25.4732128572436,3036,169,4.84023668639053,10.1091265519495
"result_final_linear_1000",12.27,2943.66053944948,0.104151579547208,25.0622599259696,4432,216,5.68055555555556,9.60139063034313
"result_final_linear_1000",24.58,20243.0951483729,0.129183652495632,24.4459418206822,7102,221,11.1221719457014,7.74091752850704
"result_final_linear_1000",41.33,358438.390692101,0.252811651656828,25.490101283755,9530,131,31.5496183206107,3.95551389125617
"result_final_linear_1000",10.19,2715.14837381872,0.101364544418235,24.917199871124,3670,204,4.99509803921569,9.86538247411197
"result_final_linear_1000",12.68,3496.85035292442,0.104735402773113,24.4758664575216,4064,190,6.67368421052632,9.54786990380213
"result_final_linear_1000",10.38,2636.60038886998,0.10160767329539,25.3709974293383,3790,208,4.99038461538461,9.84177638919885
"result_final_linear_1000",7.01,2608.76315711766,0.0975975818386003,25.6842428873626,2464,132,5.31060606060606,10.2461555005915
"result_final_linear_1000",0.74,82.7698912515463,0.0915294247828412,22.748750330235,316,25,2.96,10.9254483175499
"result_final_linear_1000",33.83,152534.915209388,0.169853941525272,25.1200786600957,8750,173,19.5549132947977,5.88741121354086
"result_final_linear_1000",18.98,6962.79544692866,0.115508539819224,25.0790078805072,6170,252,7.53174603174603,8.65736855097506
"result_final_linear_1000",37.76,370054.468266428,0.202709744658676,25.4801959693378,9392,148,25.5135135135135,4.93316195372752
"result_final_linear_1000",9.27,2964.46127061287,0.100217600212077,24.1689427061347,3330,164,5.65243902439024,9.97828722583493
"result_final_linear_1000",42.75,805175.543363079,0.283065512978986,27.0788637767366,9372,111,38.5135135135135,3.53275109170306
"result_final_linear_1000",21.64,8919.74831288635,0.121382985315075,24.5675629618925,6872,259,8.35521235521236,8.23838693210824
"result_final_linear_1000",10.8,2974.21993953483,0.102153000458085,25.5197175860655,3760,183,5.9016393442623,9.78923766816146
"result_final_linear_1000",33.84,51889.936091893,0.169919868502157,24.1413929710015,8956,183,18.4918032786885,5.88512696493351
"result_final_linear_1000",12.22,3898.80962616514,0.104081197087908,25.1318081071521,4240,214,5.71028037383178,9.60788334472547
"result_final_linear_1000",27.23,26812.0191647702,0.137777609481796,24.9658042814976,7600,208,13.0913461538462,7.25807338188812
"result_final_linear_1000",21.87,12540.8625589705,0.121939038284457,24.5767014241147,6658,234,9.34615384615385,8.20081914757454
"result_final_linear_1000",27.36,16505.777273883,0.138246041412911,24.649519636728,7854,234,11.6923076923077,7.23348017621146
"result_final_linear_1000",20.69,14080.201736046,0.11917176300882,25.8153953053778,6404,219,9.44748858447489,8.39124952717188
"result_final_linear_1000",1.09,235.143888897972,0.0918290610986807,25.4937293671851,416,30,3.63333333333333,10.8897988069963
"result_final_linear_1000",29.6,32088.8327327196,0.147157190635452,24.8854230453791,8516,201,14.726368159204,6.79545454545452
"result_final_linear_1000",26.09,32304.8478845048,0.133868250892032,25.5902204578615,7578,214,12.1915887850467,7.47003111892845
"result_final_linear_1000",13.3,4388.30843225221,0.105641525526989,24.0740542157254,4610,222,5.99099099099099,9.46597462514419
"result_final_linear_1000",4.05,807.108090594168,0.0945366766835805,26.1477638754723,1536,90,4.5,10.5779051589369
"result_final_linear_1000",13.53,5113.00885542169,0.105985022123623,25.7458949586309,4622,214,6.32242990654206,9.4352954782005
"result_final_linear_1000",8.85,2399.9494614599,0.0997101132199311,26.1202830305844,3170,169,5.23668639053254,10.0290729566648
"result_final_linear_1000",19.81,10745.1469395792,0.117238556119241,24.4583880237135,6110,230,8.61304347826087,8.52961715924683
"result_final_linear_1000",1.67,268.783704830347,0.0923347074455598,26.442116926958,624,42,3.97619047619048,10.8301637343639
"result_final_linear_1000",28.09,34146.5678109393,0.14096959479328,24.0495503744523,8110,219,12.8264840182648,7.09372827145042
"result_final_linear_1000",2.4,639.624173031302,0.0929878048780488,25.2749585634788,956,62,3.87096774193548,10.7540983606557
"result_final_linear_1000",39.01,310468.674250236,0.217208590049503,24.573834436969,9186,139,28.0647482014388,4.60386948680112
"result_final_linear_1000",31.82,52842.2775387931,0.157904488396869,24.9644246468537,8586,204,15.5980392156863,6.33294221179231
"result_final_linear_1000",6.21,1243.43534991045,0.0967316082055302,24.9973742748898,2322,138,4.5,10.3378825034652
"result_final_linear_1000",11.68,3139.06855395991,0.103332085361288,24.5747201523794,4280,217,5.38248847926267,9.67753623188405
"result_final_linear_1000",32.1,100508.92102064,0.159427095562339,25.1072916738177,8670,184,17.445652173913,6.27245949926361
"result_final_linear_1000",36.58,214222.374526848,0.19112771984811,23.3969852790616,9114,139,26.3165467625899,5.23210343740146
"result_final_linear_1000",37.16,167703.692151868,0.196596170692029,25.4526073192147,9298,153,24.2875816993464,5.08656906429025
"result_final_linear_1000",32.21,70943.6142679002,0.160036828064874,24.6515413216933,8718,193,16.6891191709845,6.24856173476914
"result_final_linear_1000",17.67,10406.6980961329,0.112946373451497,25.7208638998122,5578,235,7.51914893617021,8.85375926150859
"result_final_linear_1000",12.37,6892.88833093091,0.104292872189758,24.256521859863,4290,201,6.15422885572139,9.58838297386736
"result_final_linear_1000",25.92,26332.0902395671,0.13331413763317,25.0067355460187,7514,236,10.9830508474576,7.50107991360692
"result_final_linear_1000",26.73,39450.0942189447,0.136020197894815,24.8678195035212,7556,224,11.9330357142857,7.35184932441654
"result_final_linear_1000",14,4979.06415648996,0.106699751861042,25.1112324609406,5022,227,6.16740088105727,9.37209302325583
"result_final_linear_1000",30.37,57406.4714914827,0.150639292127296,25.2166154677864,8436,210,14.4619047619048,6.63837426396668
"result_final_linear_1000",11.77,3003.20950952525,0.103455553861848,25.2952319261213,4014,192,6.13020833333333,9.66598662586424
"result_final_linear_1000",36.28,162764.397690832,0.188453803383414,24.7633368663974,9108,165,21.9878787878788,5.30634023854363
"result_final_linear_1000",26.97,23869.9798862722,0.136855124337087,24.7184423100898,7712,213,12.6619718309859,7.30699712446942
"result_final_linear_1000",40.4,270660.055835515,0.236883942766296,23.9456890281688,9244,120,33.6666666666667,4.22147651006711
"result_final_linear_1000",8.18,1955.58612442932,0.0989205145331925,25.8251434866633,3062,165,4.95757575757576,10.1091265519495
"result_final_linear_1000",29.17,35511.1054193634,0.145313173173584,24.3359447217425,8046,206,14.1601941747573,6.88168855004941
"result_final_linear_1000",2.93,497.449792226884,0.0934740531743815,25.3791967945068,1180,72,4.06944444444444,10.6981559699186
"result_final_linear_1000",4.6,776.38013848891,0.0950767390871039,24.510285839422,1804,105,4.38095238095238,10.5178197064989
"result_final_linear_1000",24.96,35562.6498086352,0.130313976104473,25.2811785399478,7374,231,10.8051948051948,7.67377398720685
"result_final_linear_1000",14.16,4964.80342734744,0.106947074653643,25.2429258405646,4788,225,6.29333333333333,9.35041938490214
"result_final_linear_1000",23.45,16435.340427068,0.125997860258415,24.8225332478769,7134,220,10.6590909090909,7.93664271717831
"result_final_linear_1000",33.04,67214.486459367,0.164861138467599,24.7026927640054,8740,185,17.8594594594595,6.06571087216248
"result_final_linear_1000",43.53,236975.399944075,0.303814494001184,22.8309140029581,9654,102,42.6764705882353,3.29148220293961
"result_final_linear_1000",9.41,2367.78841011345,0.10038896707632,26.1946556513351,3278,182,5.17032967032967,9.96125400154538
"result_final_linear_1000",2.07,323.427311840836,0.0926902217636982,24.6568518782877,800,49,4.22448979591837,10.7886245277239
"result_final_linear_1000",35.25,115334.231069931,0.179986101459347,23.4566120908063,8624,158,22.3101265822785,5.55598455598455
"result_final_linear_1000",25.12,16969.465689453,0.130799329234209,24.2074184140618,7350,213,11.7934272300469,7.64529914529915
"result_final_linear_1000",14.76,5231.87518797927,0.107893271226773,25.7655699586333,5260,255,5.78823529411765,9.26841858282499
"result_final_linear_1000",21.43,10843.7443963243,0.120882502269335,24.8385251461438,6700,242,8.85537190082645,8.27249586356119
"result_final_linear_1000",5.64,830.623137186038,0.0961326867435511,25.7026756378011,2226,137,4.11678832116788,10.4022891055532
"result_final_linear_1000",14.22,6189.35914313159,0.107040355386957,24.8764904511108,5000,236,6.02542372881356,9.34227092562373
"result_final_linear_1000",38.84,176183.503163889,0.215079476719651,24.8193558041828,9326,139,27.9424460431655,4.64944408109876
"result_final_linear_1000",3.15,539.084692804915,0.0936789669681288,25.8508355539559,1316,88,3.57954545454545,10.6747547754259
"result_final_linear_1000",35.7,130903.293375454,0.183556951184699,25.9421893923974,8658,168,21.25,5.44790046656298
"result_final_linear_1000",1.81,256.466638910271,0.0924584977259673,25.7906943680457,778,53,3.41509433962264,10.8156635095224
"result_final_linear_1000",19.27,9077.54683266949,0.116103145269153,25.4646662256114,6134,230,8.37826086956522,8.61303109129194
"result_final_linear_1000",4.1,760.870311410495,0.0945852648190157,25.2447217285127,1662,100,4.1,10.5724713242961
"result_final_linear_1000",9.66,2074.56967835522,0.100697772922844,25.1863897460395,3426,172,5.61627906976744,9.93070622094307
"result_final_linear_1000",34.2,100249.979046092,0.172341540073337,24.9924509545277,8850,176,19.4318181818182,5.80243161094224
"result_final_linear_1000",27.2,24233.6652178647,0.13767019667171,24.8245359161409,7698,215,12.6511627906977,7.26373626373624
"result_final_linear_1000",37.3,235426.457324888,0.197979160088412,23.8001446810061,9224,147,25.3741496598639,5.05103668261562
"result_final_linear_1000",36.6,150153.506081314,0.191309595654798,23.2490708890277,9008,144,25.4166666666667,5.22712933753943
"result_final_linear_1000",33.5,100544.559113504,0.167717528373266,24.4058431492904,8760,178,18.8202247191011,5.9624060150376
"result_final_linear_1000",25.04,16215.9098302727,0.130555942594399,24.322183915479,7598,232,10.7931034482759,7.65955176093915
"result_final_linear_1000",21.9,20375.5056940918,0.122012185596001,25.7548950058344,6858,244,8.97540983606557,8.19590268886041
"result_final_linear_1000",17.58,6927.07191579901,0.112777428094469,25.2840085066157,5658,221,7.95475113122172,8.86702256733804
"result_final_linear_1000",9.58,2759.55026715222,0.100598562559801,25.8524047673735,3552,190,5.04210526315789,9.94049988940496
"result_final_linear_1000",2.01,441.672135375876,0.0926365346618894,24.6974654796448,838,56,3.58928571428571,10.7948770282682
"result_final_linear_1000",3.62,475.844091243242,0.0941229320885174,26.741881222277,1492,101,3.58415841584158,10.6244034031957
"result_final_linear_1000",38.27,163042.965132011,0.208315054162589,25.1204329165501,9280,142,26.9507042253521,4.80042118904908
"result_final_linear_1000",11.78,2584.10536751154,0.103469306373296,24.9306227628927,4172,198,5.94949494949495,9.66470188165953
"result_final_linear_1000",2.59,383.130930060835,0.0931609299834546,23.7393843086014,944,56,4.625,10.7341135407042
"result_final_linear_1000",29.59,41991.1846582188,0.147113516224066,25.337015597464,8068,207,14.2946859903382,6.79747195000708
"result_final_linear_1000",36.37,199790.386320209,0.189245456978854,26.2765604422345,9136,157,23.1656050955414,5.28414269998428
"result_final_linear_1000",7.86,2680.52921404675,0.0985517787237684,24.2449503720695,2850,148,5.31081081081081,10.1469502930323
"result_final_linear_1000",35.55,121093.108240695,0.182345451973405,24.2015100221252,8802,153,23.2352941176471,5.48409619860357
"result_final_linear_1000",1.46,135.249536801885,0.0921502983148484,26.9997914788474,628,42,3.47619047619048,10.851836817536
"result_final_linear_1000",39.58,302723.765938501,0.22476006249535,25.4084192725588,9508,140,28.2714285714286,4.4491890102615
"result_final_linear_1000",17.98,8617.61123940436,0.113535062705905,25.1960559786002,5894,249,7.22088353413655,8.80785174347721
"result_final_linear_1000",37.61,200183.024377286,0.201134788355524,25.2062563137331,9268,141,26.6737588652482,4.97179035101779
"result_final_linear_1000",13.99,6308.68112248081,0.106684362635045,25.4403035225702,4600,208,6.72596153846154,9.37344494826187
"result_final_linear_1000",13.09,3306.09628687749,0.105331410357407,24.5093894032642,4638,226,5.79203539823009,9.49384420665055
"result_final_linear_1000",39.54,306454.778392815,0.224208262256174,24.7045462330235,9392,132,29.9545454545455,4.46013893483296
"result_final_linear_1000",10.78,2770.58109741741,0.102126782811749,25.7022409394854,3928,199,5.41708542713568,9.79175072853618
"result_final_linear_1000",34.96,125631.834228216,0.177782637218456,24.8024330983445,8762,156,22.4102564102564,5.62484624846249
"result_final_linear_1000",28.5,28202.0102137214,0.142572283150548,25.1028225905933,7968,229,12.4454148471616,7.01398601398603
"result_final_linear_1000",12.53,3747.62811973108,0.104520415357224,25.1120853142053,4386,205,6.11219512195122,9.56750886018063
"result_final_linear_1000",3.34,649.496191972972,0.09385741751306,24.2798515676621,1340,85,3.92941176470588,10.6544589282019
"result_final_linear_1000",35.92,304643.6450072,0.185373756074983,25.5941955901849,8880,137,26.2189781021898,5.39450686641697
"result_final_linear_1000",42.4,621275.367574629,0.274809160305343,23.9279416813486,9784,96,44.1666666666667,3.6388888888889
"result_final_linear_1000",21.7,22362.1821689209,0.121527238863883,24.9054826809102,6442,220,9.86363636363636,8.22860791826311
"result_final_linear_1000",2.79,448.155957482986,0.093344600109467,24.7449371633913,1082,68,4.10294117647059,10.7129924904845
"result_final_linear_1000",13.47,6550.11852083701,0.105895022823786,25.1751063294733,4468,204,6.60294117647059,9.44331445741359
"result_final_linear_1000",36.54,256491.724433444,0.190765345998918,25.4104494680193,9396,134,27.2686567164179,5.24204223132682
"result_final_linear_1000",25.11,21685.488005914,0.130768827812604,24.8527588271431,7360,231,10.8701298701299,7.64708238750165
"result_final_linear_1000",24.06,16860.8983659602,0.127686047684703,25.5614188752632,7208,238,10.109243697479,7.83170924414008
"result_final_linear_1000",28.99,61867.9768869006,0.144561389222532,25.4247579979073,8016,180,16.1055555555556,6.91747641177299
"result_final_linear_1000",21.22,12178.5832926021,0.120388764937804,25.0013375106332,6560,256,8.2890625,8.30642294998729
"result_final_linear_1000",3.91,782.808142110574,0.0944011631905216,24.5067704294162,1496,93,4.20430107526882,10.5930898116349
"result_final_linear_1000",16.99,8772.34200565945,0.111691177459937,25.8204213116824,5566,229,7.41921397379913,8.95325864353695
"result_final_linear_1000",31.67,35691.9746203043,0.157105741153749,24.0854535652673,8498,187,16.9358288770053,6.36513976291526
"result_final_linear_1000",28.21,21542.2329743798,0.141433046356311,24.6647474349312,7970,235,12.0042553191489,7.07048335422762
"result_final_linear_1000",4.8,889.384411304612,0.0952762209767814,25.1253887763001,1802,108,4.44444444444444,10.4957983193277
"result_final_linear_1000",34.44,89584.0334177613,0.174009979828007,24.3875479581405,8734,175,19.68,5.74679682733375
"result_final_linear_1000",26.89,27565.626882,0.136575068651809,23.9776967688248,7672,215,12.506976744186,7.32198057721243
"result_final_linear_1000",8.91,4388.28900928105,0.0997820109761307,25.8089499195638,3034,149,5.97986577181208,10.0218465254144
"result_final_linear_1000",37.95,294154.685196553,0.204751691140076,25.3914059969235,9206,153,24.8039215686275,4.883964544722
"result_final_linear_1000",8.62,1609.95543639053,0.0994363315850182,25.7236672420523,3078,170,5.07058823529412,10.0566863646312
"result_final_linear_1000",2.04,465.627945145339,0.0926633622157479,22.1649818857484,788,51,4,10.7917517354022
"result_final_linear_1000",11.68,3687.37635859326,0.103332085361288,23.9469238836931,3998,198,5.8989898989899,9.67753623188405
"result_final_linear_1000",44.78,1406816.24978085,0.345946623230172,26.1896865038818,10050,94,47.6382978723404,2.89061934081854
"result_final_linear_1000",5.17,915.907526971808,0.0956497180839797,25.4778569788988,2054,127,4.07086614173228,10.4548138774649
"result_final_linear_1000",14.6,6888.65935800852,0.107638013612301,23.9231861695673,4688,206,7.0873786407767,9.29039812646374
"result_final_linear_1000",29.14,67931.9511880464,0.145187067163873,25.0646000432208,8302,210,13.8761904761905,6.88766581992663
"result_final_linear_1000",5.03,1006.5929856843,0.0955077083982823,25.376772953817,1800,105,4.79047619047619,10.470359060756
"result_final_linear_1000",22.37,10587.1610928557,0.123177252748996,25.0308993882978,6986,244,9.16803278688525,8.11838206878787
"result_final_linear_1000",28.55,38734.400495191,0.14277150564492,24.7195850436543,8082,203,14.064039408867,7.00419874037787
"result_final_linear_1000",6.9,1419.31935141661,0.0974767040100513,24.8532764977461,2560,152,4.53947368421053,10.2588614393126
"result_final_linear_1000",42.01,322358.455576473,0.266265668763488,24.4127614948724,9600,119,35.3025210084034,3.75564752543542
"result_final_linear_1000",29.74,35207.9824655251,0.147772683296176,25.0915085547763,8102,190,15.6526315789474,6.76715058354684
"result_final_linear_1000",3.71,790.74583955516,0.0942089248500621,24.7930945315247,1404,85,4.36470588235294,10.6147055769031
"result_final_linear_1000",6.2,1656.44042962408,0.0967209733965766,25.6033379251599,2222,123,5.04065040650407,10.3390191897655
"result_final_linear_1000",19.46,15877.6268030112,0.116498394422426,25.4580140677464,6532,261,7.45593869731801,8.58380928731065
"result_final_linear_1000",20.54,10565.0434409367,0.118834684293961,24.783574021833,6464,230,8.9304347826087,8.41505159828845
"result_final_linear_1000",41.5,843539.844873581,0.25601750547046,26.2712888030053,9612,123,33.739837398374,3.9059829059829
"result_final_linear_1000",20.01,10527.0394530788,0.11766869180188,24.5654147983333,6218,221,9.05429864253394,8.49843730466308
"result_final_linear_1000",15.45,4931.99357948523,0.109019405583135,25.3705388013885,5190,234,6.6025641025641,9.17267888823178
"result_final_linear_1000",44.62,532107.645645364,0.339796294023806,24.9346731256114,9322,99,45.0707070707071,2.94293968941857
"result_final_linear_1000",13.9,5183.73229023855,0.106546219527286,25.0182722902757,4644,211,6.58767772511848,9.38559814169572
"result_final_linear_1000",23.62,15518.2389982058,0.126461141097387,24.5586727409313,6976,228,10.359649122807,7.90756742602778
"result_final_linear_1000",9.44,1802.38950945588,0.100425833924769,24.8671100974194,3498,183,5.15846994535519,9.95759717314491
"result_final_linear_1000",23.92,20344.8759896182,0.127292196493107,25.2693965245407,7016,220,10.8727272727273,7.85594111461617
"result_final_linear_1000",40.9,236795.800775062,0.245126503525508,23.6265327226077,9454,118,34.6610169491525,4.07952622673435
"result_final_linear_1000",25.77,18721.93241322,0.132831093534706,24.820262373861,7424,236,10.9194915254237,7.52835780681668
"result_final_linear_1000",20.49,11420.0458167173,0.118723029370922,25.060883102798,6360,223,9.18834080717489,8.42296566469625
"result_final_linear_1000",10.87,4601.58839185631,0.102244961169169,24.9042027043171,3768,192,5.66145833333333,9.78043307528333
"result_final_linear_1000",22.2,13663.6541801241,0.12275165667403,25.2996889906986,6810,241,9.21161825726141,8.14652956298198
"result_final_linear_1000",5.11,917.245421104133,0.0955887537902064,25.1256517569147,2096,136,3.75735294117647,10.4614817156708
"result_final_linear_1000",26.62,19333.2919980593,0.135642722466635,24.8918835716082,7778,235,11.3276595744681,7.37230853093484
"result_final_linear_1000",10.57,2586.45218189711,0.101853011856087,26.2660053094222,3862,224,4.71875,9.8180699988818
"result_final_linear_1000",36.98,346490.228196874,0.194854987322986,24.9332026921014,9252,139,26.6043165467626,5.13202158045064
"result_final_linear_1000",33.41,52137.7566208515,0.167147769773338,24.2106795010722,8870,184,18.1576086956522,5.9827301396606
"result_final_linear_1000",31.63,36532.2084532587,0.156894692154118,24.9821749918369,8518,211,14.9905213270142,6.37370191604505
"result_final_linear_1000",5.43,1324.94232889804,0.0959156972321673,25.2875207474608,2048,123,4.41463414634146,10.4258221423284
"result_final_linear_1000",41.27,290888.734642497,0.251703595765654,25.9773755157891,9648,145,28.4620689655172,3.97292695385663
"result_final_linear_1000",38.2,101566.849308495,0.207521826729349,25.7438787752349,9480,165,23.1515151515152,4.81877022653721
"result_final_linear_1000",33.22,71032.4935779864,0.16596252298822,25.3898362690729,8844,207,16.048309178744,6.02545672356993
"result_final_linear_1000",25.43,28559.2803926981,0.131756100146651,24.8581022571737,7548,223,11.4035874439462,7.58978141343703
"result_final_linear_1000",32.08,106806.155951488,0.159316945017827,24.5202914158849,8454,180,17.8222222222222,6.27679623085983
"result_final_linear_1000",21.35,11089.2505810411,0.120693623877849,25.2291836306827,6624,242,8.82231404958678,8.28544183089634
"result_final_linear_1000",29.37,46495.5057234017,0.146162282970842,23.6518119622507,8306,209,14.0526315789474,6.84171032139318
"result_final_linear_1000",8.02,1377.17246867554,0.098735481654823,24.7039053771323,3124,185,4.33513513513514,10.1280713198521
"result_final_linear_1000",31.74,94802.6995711743,0.157477045171411,24.5384014780534,8634,179,17.731843575419,6.35013184881338
"result_final_linear_1000",32.33,59094.5754547138,0.160709620728145,25.8381816961087,8462,185,17.4756756756757,6.22240283729865
"result_final_linear_1000",25.74,19874.5450753532,0.132735137453974,24.6450181082739,7432,223,11.542600896861,7.53380016159437
"result_final_linear_1000",27.84,44097.5797189406,0.140018627755355,25.6481130308733,7720,201,13.8507462686567,7.14190687361421
"result_final_linear_1000",34.06,148809.79532375,0.171388470135676,23.9140447954006,8644,172,19.8023255813953,5.83469821049439
"result_final_linear_1000",2.33,297.312776625742,0.092924353278088,24.8895101602565,924,62,3.75806451612903,10.7614415890243
"result_final_linear_1000",34.64,183582.838573832,0.175434829289242,24.4819263201092,8868,169,20.4970414201183,5.70012239902081
"result_final_linear_1000",40.92,386855.27538024,0.245471165032408,24.8352091841828,9398,120,34.1,4.07379823967502
"result_final_linear_1000",38.99,362402.449820854,0.216955300309377,23.2910285182275,8992,131,29.763358778626,4.60924438616621
"result_final_linear_1000",29.86,49401.1143855865,0.148306339070495,24.5382203938458,8430,222,13.4504504504505,6.74280011405761
"result_final_linear_1000",7.82,2175.84765511238,0.098506059116459,25.4673200761317,2910,160,4.8875,10.1516597960512
"result_final_linear_1000",34.84,71875.684198727,0.176892170702574,25.1794348881508,8608,169,20.6153846153846,5.65316144874155
"result_final_linear_1000",2.9,569.6994880625,0.0934462515638533,25.1239803713295,1128,78,3.71794871794872,10.7013388259526
"result_final_linear_1000",22.12,11921.3099435412,0.122553030779883,24.7711822173604,6490,233,9.49356223175966,8.15973292244478
"result_final_linear_1000",10.95,2607.25837873662,0.102350439629906,25.2013660736587,4070,218,5.02293577981651,9.77035373385741
"result_final_linear_1000",13.64,4396.06989421026,0.106150744874379,25.2217039767619,4692,210,6.4952380952381,9.42056507642429
"result_final_linear_1000",39.86,242045.187365685,0.22872138130372,24.6384554238931,9414,130,30.6615384615385,4.37213169271698
"result_final_linear_1000",12.25,4542.97902194939,0.104123405517651,25.0302297177424,4126,203,6.03448275862069,9.60398860398856
"result_final_linear_1000",26.98,27027.0436935892,0.136890255333508,24.1940340446424,7890,220,12.2636363636364,7.30512188441525
"result_final_linear_1000",1.46,337.748589738346,0.0921502983148484,24.565570625851,504,27,5.40740740740741,10.851836817536
"result_final_linear_1000",11.49,3559.81936283995,0.103073214472872,25.8494041387234,4112,221,5.19909502262443,9.70184159981924
"result_final_linear_1000",3.13,768.699564985566,0.093660262794048,25.2727222356264,1164,75,4.17333333333333,10.6768865489832
"result_final_linear_1000",7.19,2595.88126513668,0.0977966512470891,24.7029372903116,2486,137,5.24817518248175,10.2252989979528
"result_final_linear_1000",20.41,8845.98272292579,0.118545107910454,25.1572166676817,6490,239,8.53974895397489,8.43560748837797
"result_final_concave_1000",3.68,791.188595736986,0.0910298873140803,26.2115393618511,1388,81,4.54320987654321,10.9854030308716
"result_final_concave_1000",16.55,11270.0919892167,0.094280186455082,24.3540707199368,5588,236,7.01271186440678,10.6066824600143
"result_final_concave_1000",10.21,3116.45609870839,0.0919903886851752,25.1209751047959,3564,179,5.70391061452514,10.8707008883544
"result_final_concave_1000",18.95,11918.9975403477,0.0956631477745031,24.6487822457833,6096,246,7.70325203252033,10.4533461762851
"result_final_concave_1000",25.94,24986.5574518623,0.102320595282479,25.2603646417481,7516,217,11.9539170506912,9.7732035006176
"result_final_concave_1000",19.32,10081.9836315593,0.0959088425278068,25.0874911769656,6102,249,7.75903614457831,10.4265672866406
"result_final_concave_1000",29.37,49697.6096243983,0.107864826921917,24.1852782475291,8110,201,14.6119402985075,9.27086269487918
"result_final_concave_1000",8.18,1865.94109690156,0.0915697713885151,25.4732128572436,3036,169,4.84023668639053,10.9206344499559
"result_final_concave_1000",12.27,3365.51552074481,0.0925549777087982,25.0622599259696,4432,216,5.68055555555556,10.8043891831108
"result_final_concave_1000",24.58,25315.4681189311,0.10062550682247,24.4459418206822,7102,221,11.1221719457014,9.93783814440075
"result_final_concave_1000",41.33,423091.161744782,0.165630878882906,25.490101283755,9530,131,31.5496183206107,6.03752154637154
"result_final_concave_1000",10.19,3061.91280721044,0.0919856211532435,24.917199871124,3670,204,4.99509803921569,10.8712643069948
"result_final_concave_1000",12.68,4022.79724777553,0.0926858635925839,24.4758664575216,4064,190,6.67368421052632,10.7891318183716
"result_final_concave_1000",10.38,2908.37801797276,0.0920314410490917,25.3709974293383,3790,208,4.99038461538461,10.8658518067383
"result_final_concave_1000",7.01,2729.01109478996,0.0913811839907862,25.6842428873626,2464,132,5.31060606060606,10.9431718470711
"result_final_concave_1000",0.74,83.3039957069725,0.0909136844910712,22.748750330235,316,25,2.96,10.9994442046644
"result_final_concave_1000",33.83,166345.564233258,0.119244321214058,25.1200786600957,8750,173,19.5549132947977,8.38614359005725
"result_final_concave_1000",18.98,8420.55681361546,0.0956827210931411,25.0790078805072,6170,252,7.53174603174603,10.4512077894039
"result_final_concave_1000",37.76,424255.32760221,0.13662419835839,25.4801959693378,9392,148,25.5135135135135,7.31934761203004
"result_final_concave_1000",9.27,3212.51351359701,0.0917800813722903,24.1689427061347,3330,164,5.65243902439024,10.8956103007108
"result_final_concave_1000",42.75,968478.714337398,0.184365123171413,27.0788637767366,9372,111,38.5135135135135,5.42401937415382
"result_final_concave_1000",21.64,11103.9792610013,0.0976815353392836,24.5675629618925,6872,259,8.35521235521236,10.2373493263249
"result_final_concave_1000",10.8,3346.95384773392,0.0921369798547049,25.5197175860655,3760,183,5.9016393442623,10.8534054575801
"result_final_concave_1000",33.84,67140.0963505183,0.119277549477854,24.1413929710015,8956,183,18.4918032786885,8.38380738351493
"result_final_concave_1000",12.22,4409.26167214589,0.0925394584764527,25.1318081071521,4240,214,5.71028037383178,10.8062011218107
"result_final_concave_1000",27.23,34312.4716653478,0.104168852927106,24.9658042814976,7600,208,13.0913461538462,9.59979851846663
"result_final_concave_1000",21.87,15398.1011616225,0.0978812750793635,24.5767014241147,6658,234,9.34615384615385,10.2164586555415
"result_final_concave_1000",27.36,21237.6570728259,0.104369612925636,24.649519636728,7854,234,11.6923076923077,9.58133284170083
"result_final_concave_1000",20.69,17031.9432999608,0.0969044634966928,25.8153953053778,6404,219,9.44748858447489,10.3194420970519
"result_final_concave_1000",1.09,236.859815389468,0.0909191286312826,25.4937293671851,416,30,3.63333333333333,10.9987855697061
"result_final_concave_1000",29.6,41001.9163618223,0.108316781827846,24.8854230453791,8516,201,14.726368159204,9.23217975206609
"result_final_concave_1000",26.09,40033.9753712807,0.102522757293095,25.5902204578615,7578,214,12.1915887850467,9.75393196986666
"result_final_concave_1000",13.3,4902.56509315381,0.0928964274331354,24.0740542157254,4610,222,5.99099099099099,10.7646766149298
"result_final_concave_1000",4.05,841.702072534839,0.0910565728021032,26.1477638754723,1536,90,4.5,10.9821835945148
"result_final_concave_1000",13.53,5799.65448341534,0.0929785398312163,25.7458949586309,4622,214,6.32242990654206,10.755169975946
"result_final_concave_1000",8.85,2613.47826712847,0.0916949157733276,26.1202830305844,3170,169,5.23668639053254,10.905730067652
"result_final_concave_1000",19.81,13080.9608679554,0.0962489765876562,24.4583880237135,6110,230,8.61304347826087,10.3897208620112
"result_final_concave_1000",1.67,273.652453137099,0.0909329354733203,26.442116926958,624,42,3.97619047619048,10.9971155642875
"result_final_concave_1000",28.09,40726.8549775855,0.105550877161169,24.0495503744523,8110,219,12.8264840182648,9.47410411827339
"result_final_concave_1000",2.4,648.48806679915,0.0909590916313236,25.2749585634788,956,62,3.87096774193548,10.9939532383768
"result_final_concave_1000",39.01,401803.854545422,0.144739763746072,24.573834436969,9186,139,28.0647482014388,6.90895144581261
"result_final_concave_1000",31.82,66006.7063788753,0.113354816547796,24.9644246468537,8586,204,15.5980392156863,8.82185716015297
"result_final_concave_1000",6.21,1329.95635566972,0.0912728543722799,24.9973742748898,2322,138,4.5,10.9561600420782
"result_final_concave_1000",11.68,3504.41560303168,0.0923778230649874,24.5747201523794,4280,217,5.38248847926267,10.8251089582021
"result_final_concave_1000",32.1,122941.118713969,0.114089661550081,25.1072916738177,8670,184,17.445652173913,8.76503608138971
"result_final_concave_1000",36.58,243347.485371421,0.130324795434182,23.3969852790616,9114,139,26.3165467625899,7.67313692431638
"result_final_concave_1000",37.16,211858.271727876,0.133277650697501,25.4526073192147,9298,153,24.2875816993464,7.5031334568591
"result_final_concave_1000",32.21,84849.0278952971,0.114385282541001,24.6515413216933,8718,193,16.6891191709845,8.74238344117001
"result_final_concave_1000",17.67,11986.7482626733,0.0948823760662969,25.7208638998122,5578,235,7.51914893617021,10.539365069244
"result_final_concave_1000",12.37,7606.19300153001,0.0925863024064854,24.256521859863,4290,201,6.15422885572139,10.8007337371532
"result_final_concave_1000",25.92,31884.4116320551,0.102293880710186,25.0067355460187,7514,236,10.9830508474576,9.77575582290353
"result_final_concave_1000",26.73,47508.7702545819,0.103422245572458,24.8678195035212,7556,224,11.9330357142857,9.66909966482401
"result_final_concave_1000",14,5586.67977184865,0.0931533074714091,25.1112324609406,5022,227,6.16740088105727,10.7349918875068
"result_final_concave_1000",30.37,68529.2119792969,0.109918832600555,25.2166154677864,8436,210,14.4619047619048,9.09762209387721
"result_final_concave_1000",11.77,3371.28286497026,0.0924040128424761,25.2952319261213,4014,192,6.13020833333333,10.8220408317627
"result_final_concave_1000",36.28,189309.306914225,0.128895481629117,24.7633368663974,9108,165,21.9878787878788,7.75822385207725
"result_final_concave_1000",26.97,30323.639219167,0.103775638158104,24.7184423100898,7712,213,12.6619718309859,9.63617297613225
"result_final_concave_1000",40.4,338858.927986831,0.156124077889748,23.9456890281688,9244,120,33.6666666666667,6.40516192964279
"result_final_concave_1000",8.18,2094.02963356647,0.0915697713885151,25.8251434866633,3062,165,4.95757575757576,10.9206344499559
"result_final_concave_1000",29.17,44728.7307177972,0.107481218612237,24.3359447217425,8046,206,14.1601941747573,9.30395108012059
"result_final_concave_1000",2.93,508.272417110619,0.0909844506980822,25.3791967945068,1180,72,4.06944444444444,10.9908890181504
"result_final_concave_1000",4.6,812.763806878465,0.0911016448657853,24.510285839422,1804,105,4.38095238095238,10.9767502164559
"result_final_concave_1000",24.96,43480.9106974497,0.101075217430663,25.2811785399478,7374,231,10.8051948051948,9.89362205118178
"result_final_concave_1000",14.16,5662.37532276113,0.0932149892533832,25.2429258405646,4788,225,6.29333333333333,10.7278883794293
"result_final_concave_1000",23.45,20581.2685198852,0.0993879272442827,24.8225332478769,7134,220,10.6590909090909,10.0615842157783
"result_final_concave_1000",33.04,85915.1749753086,0.116750428167729,24.7026927640054,8740,185,17.8594594594595,8.56527908029043
"result_final_concave_1000",43.53,299263.018435263,0.197711476326267,22.8309140029581,9654,102,42.6764705882353,5.05787533724032
"result_final_concave_1000",9.41,2592.58394367677,0.0918096545222782,26.1946556513351,3278,182,5.17032967032967,10.8921006750695
"result_final_concave_1000",2.07,331.116360345041,0.0909460311946488,24.6568518782877,800,49,4.22448979591837,10.995532040972
"result_final_concave_1000",35.25,136647.414926899,0.124435845448087,23.4566120908063,8624,158,22.3101265822785,8.03626958453211
"result_final_concave_1000",25.12,21122.1541445727,0.101269943137841,24.2074184140618,7350,213,11.7934272300469,9.87459821754689
"result_final_concave_1000",14.76,6013.75377958636,0.0934565239138863,25.7655699586333,5260,255,5.78823529411765,10.7001625795694
"result_final_concave_1000",21.43,13393.6786003227,0.0975032145288134,24.8385251461438,6700,242,8.85537190082645,10.2560721185709
"result_final_concave_1000",5.64,881.886214277763,0.0912053077674609,25.7026756378011,2226,137,4.11678832116788,10.964274168666
"result_final_concave_1000",14.22,6879.61668515514,0.0932384116312504,24.8764904511108,5000,236,6.02542372881356,10.7251934315967
"result_final_concave_1000",38.84,221737.498029349,0.143532896717251,24.8193558041828,9326,139,27.9424460431655,6.96704395209082
"result_final_concave_1000",3.15,552.720115057654,0.0909966002351234,25.8508355539559,1316,88,3.57954545454545,10.9894215543892
"result_final_concave_1000",35.7,161148.864196233,0.126303785395771,25.9421893923974,8658,168,21.25,7.91741907708083
"result_final_concave_1000",1.81,260.219369575472,0.0909371821831901,25.7906943680457,778,53,3.41509433962264,10.9966020058278
"result_final_concave_1000",19.27,10898.1751843129,0.0958750898566072,25.4646662256114,6134,230,8.37826086956522,10.4302379428861
"result_final_concave_1000",4.1,791.947629467617,0.0910604008186001,25.2447217285127,1662,100,4.1,10.9817219231451
"result_final_concave_1000",9.66,2291.31938264001,0.0918639660486973,25.1863897460395,3426,172,5.61627906976744,10.885661081407
"result_final_concave_1000",34.2,121620.137805957,0.120503294772784,24.9924509545277,8850,176,19.4318181818182,8.29852828410674
"result_final_concave_1000",27.2,31060.447499733,0.104122920622147,24.8245359161409,7698,215,12.6511627906977,9.60403332930809
"result_final_concave_1000",37.3,261402.874372955,0.134030586448806,23.8001446810061,9224,147,25.3741496598639,7.46098354484152
"result_final_concave_1000",36.6,168246.019320652,0.130422368132446,23.2490708890277,9008,144,25.4166666666667,7.66739643145019
"result_final_concave_1000",33.5,124228.416616745,0.118171675941452,24.4058431492904,8760,178,18.8202247191011,8.46226468426705
"result_final_concave_1000",25.04,20177.062563261,0.101172175194449,24.322183915479,7598,232,10.7931034482759,9.88414055621557
"result_final_concave_1000",21.9,24248.5164626304,0.0979076755055128,25.7548950058344,6858,244,8.97540983606557,10.213703826966
"result_final_concave_1000",17.58,8250.63245470139,0.09483130751908,25.2840085066157,5658,221,7.95475113122172,10.5450407271755
"result_final_concave_1000",9.58,2964.34721313594,0.091846375222988,25.8524047673735,3552,190,5.04210526315789,10.8877459515649
"result_final_concave_1000",2.01,448.674342249941,0.0909438773005865,24.6974654796448,838,56,3.58928571428571,10.9957924566468
"result_final_concave_1000",3.62,493.720144535417,0.0910258297181097,26.741881222277,1492,101,3.58415841584158,10.9858927196469
"result_final_concave_1000",38.27,205129.399937268,0.139732675192405,25.1204329165501,9280,142,26.9507042253521,7.15652225668083
"result_final_concave_1000",11.78,2923.40999701856,0.0924069411140373,24.9306227628927,4172,198,5.94949494949495,10.8216978935156
"result_final_concave_1000",2.59,394.678802317346,0.0909675546063062,23.7393843086014,944,56,4.625,10.9929304390763
"result_final_concave_1000",29.59,52863.8175026484,0.108296886570521,25.337015597464,8068,207,14.2946859903382,9.23387579890229
"result_final_concave_1000",36.37,233943.743403793,0.129317632334593,26.2765604422345,9136,157,23.1656050955414,7.73289753258571
"result_final_concave_1000",7.86,2857.64143001847,0.0915144957399468,24.2449503720695,2850,148,5.31081081081081,10.9272306197442
"result_final_concave_1000",35.55,142710.250587045,0.125667916724558,24.2015100221252,8802,153,23.2352941176471,7.95748052537407
"result_final_concave_1000",1.46,137.639495976402,0.0909272369507971,26.9997914788474,628,42,3.47619047619048,10.9978047671362
"result_final_concave_1000",39.58,345407.86246184,0.149060452493066,25.4084192725588,9508,140,28.2714285714286,6.70868753767213
"result_final_concave_1000",17.98,10117.2783983638,0.0950620168243741,25.1960559786002,5894,249,7.22088353413655,10.5194486021424
"result_final_concave_1000",37.61,231450.077487275,0.13575762341382,25.2062563137331,9268,141,26.6737588652482,7.36606884279179
"result_final_concave_1000",13.99,7180.56949924963,0.0931494896943031,25.4403035225702,4600,208,6.72596153846154,10.7354318663665
"result_final_concave_1000",13.09,3746.21778534437,0.0928233663277276,24.5093894032642,4638,226,5.79203539823009,10.773149472616
"result_final_concave_1000",39.54,418905.441958017,0.14874263998085,24.7045462330235,9392,132,29.9545454545455,6.7230217248312
"result_final_concave_1000",10.78,3084.80045018774,0.0921318194413059,25.7022409394854,3928,199,5.41708542713568,10.8540133698007
"result_final_concave_1000",34.96,147936.779714753,0.123292822622179,24.8024330983445,8762,156,22.4102564102564,8.11077221473321
"result_final_concave_1000",28.5,36083.5167851383,0.106256722560263,25.1028225905933,7968,229,12.4454148471616,9.41116925033007
"result_final_concave_1000",12.53,4224.17197124593,0.0926372221746498,25.1120853142053,4386,205,6.11219512195122,10.7947969134339
"result_final_concave_1000",3.34,664.327988408518,0.0910078746887847,24.2798515676621,1340,85,3.92941176470588,10.9880601367701
"result_final_concave_1000",35.92,341560.26754132,0.12726136003226,25.5941955901849,8880,137,26.2189781021898,7.85784467293534
"result_final_concave_1000",42.4,689848.965677174,0.17916637865487,23.9279416813486,9784,96,44.1666666666667,5.58140432098764
"result_final_concave_1000",21.7,25215.7000865843,0.0977331901396585,24.9054826809102,6442,220,9.86363636363636,10.2319385929286
"result_final_concave_1000",2.79,461.701602091244,0.0909772190428573,24.7449371633913,1082,68,4.10294117647059,10.9917626689482
"result_final_concave_1000",13.47,7184.41181397481,0.0929569060958211,25.1751063294733,4468,204,6.60294117647059,10.7576730121503
"result_final_concave_1000",36.54,293161.589549192,0.130130522170239,25.4104494680193,9396,134,27.2686567164179,7.68459223341764
"result_final_concave_1000",25.11,25992.805291788,0.101257677582569,24.8527588271431,7360,231,10.8701298701299,9.87579434837981
"result_final_concave_1000",24.06,21017.8260656481,0.100038080809628,25.5614188752632,7208,238,10.109243697479,9.99619336863324
"result_final_concave_1000",28.99,76461.8452087572,0.10714323847532,25.4247579979073,8016,180,16.1055555555556,9.33330011515702
"result_final_concave_1000",21.22,15080.2478074648,0.0973286756329384,25.0013375106332,6560,256,8.2890625,10.2744642675645
"result_final_concave_1000",3.91,817.168278105874,0.0910461367833315,24.5067704294162,1496,93,4.20430107526882,10.9834424098605
"result_final_concave_1000",16.99,10025.1157030056,0.0945082665627931,25.8204213116824,5566,229,7.41921397379913,10.5810849819744
"result_final_concave_1000",31.67,45946.9205733564,0.112971282972761,24.0854535652673,8498,187,16.9358288770053,8.85180705826908
"result_final_concave_1000",28.21,28375.9426281725,0.105754192499001,24.6647474349312,7970,235,12.0042553191489,9.45588989305976
"result_final_concave_1000",4.8,933.58318612883,0.0911196762133955,25.1253887763001,1802,108,4.44444444444444,10.9745780665207
"result_final_concave_1000",34.44,110330.320903587,0.121353543797996,24.3875479581405,8734,175,19.68,8.24038564266892
"result_final_concave_1000",26.89,35181.8029336354,0.103656833634099,23.9776967688248,7672,215,12.506976744186,9.64721731255969
"result_final_concave_1000",8.91,4758.11902305387,0.0917067598241156,25.8089499195638,3034,149,5.97986577181208,10.9043215780156
"result_final_concave_1000",37.95,322747.249578126,0.13775222200984,25.3914059969235,9206,153,24.8039215686275,7.25941103097827
"result_final_concave_1000",8.62,1739.80981581483,0.0916504939259099,25.7236672420523,3078,170,5.07058823529412,10.9110159385327
"result_final_concave_1000",2.04,473.645142923877,0.090944945821456,22.1649818857484,788,51,4,10.9956632660292
"result_final_concave_1000",11.68,4145.87858727115,0.0923778230649874,23.9469238836931,3998,198,5.8989898989899,10.8251089582021
"result_final_concave_1000",44.78,1528616.97049206,0.226050281645047,26.1896865038818,10050,94,47.6382978723404,4.42379453244937
"result_final_concave_1000",5.17,962.699118291813,0.0911553993515531,25.4778569788988,2054,127,4.07086614173228,10.9702772091795
"result_final_concave_1000",14.6,7709.73482194606,0.0933905094889232,23.9231861695673,4688,206,7.0873786407767,10.7077261434001
"result_final_concave_1000",29.14,78820.4920868962,0.107424415471462,25.0646000432208,8302,210,13.8761904761905,9.30887075914001
"result_final_concave_1000",5.03,1061.04082350442,0.0911415179571059,25.376772953817,1800,105,4.79047619047619,10.9719480475477
"result_final_concave_1000",22.37,13256.7929645409,0.0983320155562888,25.0308993882978,6986,244,9.16803278688525,10.1696278098517
"result_final_concave_1000",28.55,47816.6467502283,0.106344997388559,24.7195850436543,8082,203,14.064039408867,9.40335722936022
"result_final_concave_1000",6.9,1519.44940451702,0.0913653247931512,24.8532764977461,2560,152,4.53947368421053,10.9450713633862
"result_final_concave_1000",42.01,379965.465159485,0.173854515811253,24.4127614948724,9600,119,35.3025210084034,5.75193572242702
"result_final_concave_1000",29.74,45521.0390234114,0.108597694907556,25.0915085547763,8102,190,15.6526315789474,9.2082985817632
"result_final_concave_1000",3.71,819.80394797101,0.0910319441389037,24.7930945315247,1404,85,4.36470588235294,10.985154820753
"result_final_concave_1000",6.2,1744.04895555325,0.0912716014906465,25.6033379251599,2222,123,5.04065040650407,10.9563104368502
"result_final_concave_1000",19.46,17841.4826232388,0.0960042803102113,25.4580140677464,6532,261,7.45593869731801,10.4162022439914
"result_final_concave_1000",20.54,12751.5849655365,0.096788516599859,24.783574021833,6464,230,8.9304347826087,10.3318041760489
"result_final_concave_1000",41.5,916416.784984349,0.16757458164502,26.2712888030053,9612,123,33.739837398374,5.96749214697931
"result_final_concave_1000",20.01,13083.0868632071,0.0963928038392116,24.5654147983333,6218,221,9.05429864253394,10.3742184081299
"result_final_concave_1000",15.45,5703.78099121042,0.0937550707830077,25.3705388013885,5190,234,6.6025641025641,10.6660897554486
"result_final_concave_1000",44.62,624491.985839541,0.221809266839895,24.9346731256114,9322,99,45.0707070707071,4.50837791516535
"result_final_concave_1000",13.9,5960.66646976426,0.0931153259616086,25.0182722902757,4644,211,6.58767772511848,10.7393706639904
"result_final_concave_1000",23.62,19577.6961213618,0.0995650393968285,24.5586727409313,6976,228,10.359649122807,10.0436860775435
"result_final_concave_1000",9.44,1976.57620567544,0.0918160697897972,24.8671100974194,3498,183,5.15846994535519,10.8913396346564
"result_final_concave_1000",23.92,24336.5850765446,0.0998852381289497,25.2693965245407,7016,220,10.8727272727273,10.0114893725239
"result_final_concave_1000",40.9,279594.59355133,0.16101233542358,23.6265327226077,9454,118,34.6610169491525,6.21070427535424
"result_final_concave_1000",25.77,24148.1763741844,0.102095301377552,24.820262373861,7424,236,10.9194915254237,9.79477004825095
"result_final_concave_1000",20.49,13657.9215455152,0.0967502612464689,25.060883102798,6360,223,9.18834080717489,10.3358894034666
"result_final_concave_1000",10.87,5015.55199329762,0.0921551487269403,24.9042027043171,3768,192,5.66145833333333,10.8512656516137
"result_final_concave_1000",22.2,16966.216960815,0.0981761748526102,25.2996889906986,6810,241,9.21161825726141,10.1857706465064
"result_final_concave_1000",5.11,962.28064816899,0.0911493954704483,25.1256517569147,2096,136,3.75735294117647,10.9709998057443
"result_final_concave_1000",26.62,24719.4836665342,0.103263269454099,24.8918835716082,7778,235,11.3276595744681,9.68398546052723
"result_final_concave_1000",10.57,2840.3281476681,0.092078452540725,26.2660053094222,3862,224,4.71875,10.8603041472457
"result_final_concave_1000",36.98,395200.724840843,0.132333195621772,24.9332026921014,9252,139,26.6043165467626,7.55668292677031
"result_final_concave_1000",33.41,69119.3308831939,0.117886989152384,24.2106795010722,8870,184,18.1576086956522,8.482700314853
"result_final_concave_1000",31.63,47802.704413317,0.11287017263771,24.9821749918369,8518,211,14.9905213270142,8.85973660383947
"result_final_concave_1000",5.43,1398.56406859985,0.0911823729460493,25.2875207474608,2048,123,4.41463414634146,10.967031978776
"result_final_concave_1000",41.27,368771.053711845,0.164961393644808,25.9773755157891,9648,145,28.4620689655172,6.06202444041654
"result_final_concave_1000",38.2,130661.610525417,0.139290512793207,25.7438787752349,9480,165,23.1515151515152,7.1792398487657
"result_final_concave_1000",33.22,88562.5712238558,0.117296660316638,25.3898362690729,8844,207,16.048309178744,8.52539191909247
"result_final_concave_1000",25.43,35455.0346636062,0.101656586387641,24.8581022571737,7548,223,11.4035874439462,9.83704091918609
"result_final_concave_1000",32.08,117725.888372514,0.114036338116008,24.5202914158849,8454,180,17.8222222222222,8.769134615518
"result_final_concave_1000",21.35,13634.2987485638,0.0974362819352305,25.2291836306827,6624,242,8.82231404958678,10.2631173946553
"result_final_concave_1000",29.37,60160.2249156876,0.107864826921917,23.6518119622507,8306,209,14.0526315789474,9.27086269487918
"result_final_concave_1000",8.02,1494.41020723567,0.0915417774292849,24.7039053771323,3124,185,4.33513513513514,10.9239740376736
"result_final_concave_1000",31.74,107951.033295579,0.113149401814415,24.5384014780534,8634,179,17.731843575419,8.83787261765799
"result_final_concave_1000",32.33,74877.2171186523,0.114712358584662,25.8381816961087,8462,185,17.4756756756757,8.7174565350948
"result_final_concave_1000",25.74,25109.0177409448,0.102055959472861,24.6450181082739,7432,223,11.542600896861,9.79854586802374
"result_final_concave_1000",27.84,54599.2784236354,0.105135758335741,25.6481130308733,7720,201,13.8507462686567,9.51151174281347
"result_final_concave_1000",34.06,168629.770813891,0.120019696542822,23.9140447954006,8644,172,19.8023255813953,8.33196574233304
"result_final_concave_1000",2.33,304.189620367188,0.0909561484082414,24.8895101602565,924,62,3.75806451612903,10.9943089884553
"result_final_concave_1000",34.64,208152.137152606,0.122083281740485,24.4819263201092,8868,169,20.4970414201183,8.19112974146387
"result_final_concave_1000",40.92,427841.182948175,0.161218218576777,24.8352091841828,9398,120,34.1,6.20277291752712
"result_final_concave_1000",38.99,428060.551257286,0.144595923954516,23.2910285182275,8992,131,29.763358778626,6.91582426842515
"result_final_concave_1000",29.86,59637.7595317368,0.108842057599971,24.5382203938458,8430,222,13.4504504504505,9.18762491311324
"result_final_concave_1000",7.82,2345.02488126827,0.0915077856727383,25.4673200761317,2910,160,4.8875,10.9280318898364
"result_final_concave_1000",34.84,96428.2254199903,0.122833044670572,25.1794348881508,8608,169,20.6153846153846,8.14113175067765
"result_final_concave_1000",2.9,580.647185431047,0.0909828685010221,25.1239803713295,1128,78,3.71794871794872,10.9910801503117
"result_final_concave_1000",22.12,14988.5553693243,0.098103768997176,24.7711822173604,6490,233,9.49356223175966,10.1932882928156
"result_final_concave_1000",10.95,2868.32405777596,0.0921761186466531,25.2013660736587,4070,218,5.02293577981651,10.8487970060162
"result_final_concave_1000",13.64,5052.34663529967,0.0930185959524762,25.2217039767619,4692,210,6.4952380952381,10.7505385322189
"result_final_concave_1000",39.86,291320.08003229,0.151351504532427,24.6384554238931,9414,130,30.6615384615385,6.60713617013137
"result_final_concave_1000",12.25,4976.20847006642,0.0925487586021946,25.0302297177424,4126,203,6.03448275862069,10.8051152182206
"result_final_concave_1000",26.98,34427.2002569831,0.10379056026101,24.1940340446424,7890,220,12.2636363636364,9.63478757109726
"result_final_concave_1000",1.46,342.157623954998,0.0909272369507971,24.565570625851,504,27,5.40740740740741,10.9978047671362
"result_final_concave_1000",11.49,3982.32901456824,0.0923234997088841,25.8494041387234,4112,221,5.19909502262443,10.831478476804
"result_final_concave_1000",3.13,789.891804587166,0.0909954557734094,25.2727222356264,1164,75,4.17333333333333,10.9895597697772
"result_final_concave_1000",7.19,2766.91687877117,0.0914078133034198,24.7029372903116,2486,137,5.24817518248175,10.9399838357427
"result_final_concave_1000",20.41,10914.3196733171,0.0966894582946964,25.1572166676817,6490,239,8.53974895397489,10.3423891046337
"result_final_convex_1000",3.68,577.378765483718,0.128048828016202,26.2115393618511,1388,81,4.54320987654321,7.80952091083153
"result_final_convex_1000",16.55,5420.38098165611,0.421368501138585,24.3540707199368,5588,236,7.01271186440678,2.37321963387839
"result_final_convex_1000",10.21,1196.76081255447,0.238071096466634,25.1209751047959,3564,179,5.70391061452514,4.20042590151279
"result_final_convex_1000",18.95,4204.3364287542,0.509419224659215,24.6487822457833,6096,246,7.70325203252033,1.96301975189289
"result_final_convex_1000",25.94,5095.49516324376,0.768913062856728,25.2603646417481,7516,217,11.9539170506912,1.30053714562309
"result_final_convex_1000",19.32,2307.3135568777,0.52354855188952,25.0874911769656,6102,249,7.75903614457831,1.91004252879878
"result_final_convex_1000",29.37,13185.31677976,0.865052934991651,24.1852782475291,8110,201,14.6119402985075,1.15599862106664
"result_final_convex_1000",8.18,797.399558562999,0.196311650430509,25.4732128572436,3036,169,4.84023668639053,5.09394117876862
"result_final_convex_1000",12.27,895.020608302433,0.288686446363374,25.0622599259696,4432,216,5.68055555555556,3.46396587923385
"result_final_convex_1000",24.58,5803.4778108664,0.72286162907982,24.4459418206822,7102,221,11.1221719457014,1.38339062383622
"result_final_convex_1000",41.33,194471.467160025,0.991372234599139,25.490101283755,9530,131,31.5496183206107,1.00870285156246
"result_final_convex_1000",10.19,1010.10625112354,0.237621506935015,24.917199871124,3670,204,4.99509803921569,4.20837327773315
"result_final_convex_1000",12.68,1154.67276943635,0.299799779905518,24.4758664575216,4064,190,6.67368421052632,3.33555948678532
"result_final_convex_1000",10.38,1046.56137980375,0.241924377890165,25.3709974293383,3790,208,4.99038461538461,4.1335230815557
"result_final_convex_1000",7.01,1773.83385889631,0.175586985995713,25.6842428873626,2464,132,5.31060606060606,5.69518289940016
"result_final_convex_1000",0.74,78.0084040739259,0.0974548181383504,22.748750330235,316,25,2.96,10.2611653184798
"result_final_convex_1000",33.83,91680.6250527209,0.94333192558373,25.1200786600957,8750,173,19.5549132947977,1.06007225333883
"result_final_convex_1000",18.98,1859.70735499617,0.510560899443294,25.0790078805072,6170,252,7.53174603174603,1.95863020668128
"result_final_convex_1000",37.76,187373.455482819,0.977389182584232,25.4801959693378,9392,148,25.5135135135135,1.02313389366146
"result_final_convex_1000",9.27,1361.66722681216,0.217776909599689,24.1689427061347,3330,164,5.65243902439024,4.59185504027112
"result_final_convex_1000",42.75,415713.383600033,0.994329928483448,27.0788637767366,9372,111,38.5135135135135,1.00570240455821
"result_final_convex_1000",21.64,1680.97645361395,0.613306281567316,24.5675629618925,6872,259,8.35521235521236,1.63050669796579
"result_final_convex_1000",10.8,961.258864002698,0.251689985577913,25.5197175860655,3760,183,5.9016393442623,3.97314179069886
"result_final_convex_1000",33.84,15351.5326761239,0.943453910628373,24.1413929710015,8956,183,18.4918032786885,1.05993518998079
"result_final_convex_1000",12.22,1553.69236984188,0.287355021047556,25.1318081071521,4240,214,5.71028037383178,3.48001575317699
"result_final_convex_1000",27.23,6222.52783386975,0.808693797353667,24.9658042814976,7600,208,13.0913461538462,1.23656197595722
"result_final_convex_1000",21.87,3085.91027755493,0.622177117235141,24.5767014241147,6658,234,9.34615384615385,1.60725936762806
"result_final_convex_1000",27.36,3267.0359056692,0.812469710272834,24.649519636728,7854,234,11.6923076923077,1.23081511514342
"result_final_convex_1000",20.69,3936.29991430024,0.576487079573661,25.8153953053778,6404,219,9.44748858447489,1.73464425384789
"result_final_convex_1000",1.09,219.982454254129,0.100635767013688,25.4937293671851,416,30,3.63333333333333,9.93682494479308
"result_final_convex_1000",29.6,7363.072170441,0.870362070044209,24.8854230453791,8516,201,14.726368159204,1.14894712719869
"result_final_convex_1000",26.09,6156.2906037376,0.773746336327177,25.5902204578615,7578,214,12.1915887850467,1.29241322775989
"result_final_convex_1000",13.3,1915.76944624768,0.317267861543635,24.0740542157254,4610,222,5.99099099099099,3.15191080223065
"result_final_convex_1000",4.05,562.194412735772,0.13258578764216,26.1477638754723,1536,90,4.5,7.54228652846964
"result_final_convex_1000",13.53,1901.9538201034,0.323950177217704,25.7458949586309,4622,214,6.32242990654206,3.0868944372516
"result_final_convex_1000",8.85,1037.26520964168,0.209249607623293,26.1202830305844,3170,169,5.23668639053254,4.77898148225098
"result_final_convex_1000",19.81,1725.65735773085,0.542398256794199,24.4583880237135,6110,230,8.61304347826087,1.84366374241396
"result_final_convex_1000",1.67,226.582863085585,0.106163235446292,26.442116926958,624,42,3.97619047619048,9.41945670547974
"result_final_convex_1000",28.09,12233.1901781343,0.832840007200823,24.0495503744523,8110,219,12.8264840182648,1.20071081042444
"result_final_convex_1000",2.4,562.795585694861,0.113600491546934,25.2749585634788,956,62,3.87096774193548,8.80277881180514
"result_final_convex_1000",39.01,106292.658963204,0.983629187262474,24.573834436969,9186,139,28.0647482014388,1.01664327670378
"result_final_convex_1000",31.82,20825.4465141618,0.914250646749435,24.9644246468537,8586,204,15.5980392156863,1.09379195251919
"result_final_convex_1000",6.21,660.570431702,0.16270140915489,24.9973742748898,2322,138,4.5,6.14622826682472
"result_final_convex_1000",11.68,1331.35422144086,0.273305133087585,24.5747201523794,4280,217,5.38248847926267,3.65891408149855
"result_final_convex_1000",32.1,31693.2674988622,0.918875000935346,25.1072916738177,8670,184,17.445652173913,1.08828730674148
"result_final_convex_1000",36.58,119856.16561141,0.96974920422795,23.3969852790616,9114,139,26.3165467625899,1.0311944527927
"result_final_convex_1000",37.16,61601.9550884582,0.973738770278317,25.4526073192147,9298,153,24.2875816993464,1.02696948147004
"result_final_convex_1000",32.21,23940.9252980027,0.920638690743047,24.6515413216933,8718,193,16.6891191709845,1.08620244842513
"result_final_convex_1000",17.67,3206.87761940319,0.461540909667183,25.7208638998122,5578,235,7.51914893617021,2.16665517412335
"result_final_convex_1000",12.37,2747.64843295222,0.291364848504164,24.256521859863,4290,201,6.15422885572139,3.43212300706105
"result_final_convex_1000",25.92,5130.00957128728,0.768264692106664,25.0067355460187,7514,236,10.9830508474576,1.30163472338927
"result_final_convex_1000",26.73,13953.1031995741,0.793764665342869,24.8678195035212,7556,224,11.9330357142857,1.25981924323634
"result_final_convex_1000",14,1935.00787393852,0.337942960167168,25.1112324609406,5022,227,6.16740088105727,2.95907924670287
"result_final_convex_1000",30.37,21725.2483017714,0.887078858267864,25.2166154677864,8436,210,14.4619047619048,1.12729549428405
"result_final_convex_1000",11.77,1323.25092926788,0.275604989843656,25.2952319261213,4014,192,6.13020833333333,3.62838133143843
"result_final_convex_1000",36.28,82863.6255636104,0.967493800556508,24.7633368663974,9108,165,21.9878787878788,1.03359835424764
"result_final_convex_1000",26.97,7636.91422957849,0.801010390326419,24.7184423100898,7712,213,12.6619718309859,1.24842325652292
"result_final_convex_1000",40.4,119875.188304942,0.98877298593936,23.9456890281688,9244,120,33.6666666666667,1.01135449109178
"result_final_convex_1000",8.18,1173.05465608941,0.196311650430509,25.8251434866633,3062,165,4.95757575757576,5.09394117876862
"result_final_convex_1000",29.17,11345.5945255658,0.860317543893039,24.3359447217425,8046,206,14.1601941747573,1.16236151069857
"result_final_convex_1000",2.93,414.992045859347,0.119356556742105,25.3791967945068,1180,72,4.06944444444444,8.37825777900673
"result_final_convex_1000",4.6,519.318621973536,0.139649845825146,24.510285839422,1804,105,4.38095238095238,7.1607669460093
"result_final_convex_1000",24.96,5582.16707157022,0.736109462084842,25.2811785399478,7374,231,10.8051948051948,1.35849360931696
"result_final_convex_1000",14.16,1925.54140367853,0.342809067234128,25.2429258405646,4788,225,6.29333333333333,2.91707570067577
"result_final_convex_1000",23.45,3612.72224266759,0.681999444849153,24.8225332478769,7134,220,10.6590909090909,1.46627685337953
"result_final_convex_1000",33.04,27973.462446097,0.933012187294705,24.7026927640054,8740,185,17.8594594594595,1.07179736086784
"result_final_convex_1000",43.53,117727.151441798,0.995539998632726,22.8309140029581,9654,102,42.6764705882353,1.00447998209354
"result_final_convex_1000",9.41,1224.92565803862,0.220692466609932,26.1946556513351,3278,182,5.17032967032967,4.53119227566328
"result_final_convex_1000",2.07,260.011186419411,0.110169971634342,24.6568518782877,800,49,4.22448979591837,9.076883520666
"result_final_convex_1000",35.25,51979.6225047143,0.958657144678229,23.4566120908063,8624,158,22.3101265822785,1.04312579899005
"result_final_convex_1000",25.12,6144.08290457174,0.741603457907297,24.2074184140618,7350,213,11.7934272300469,1.34842952704382
"result_final_convex_1000",14.76,1514.84521766724,0.361513729967678,25.7655699586333,5260,255,5.78823529411765,2.76614666914423
"result_final_convex_1000",21.43,2448.98044706577,0.605186355547468,24.8385251461438,6700,242,8.85537190082645,1.65238358537574
"result_final_convex_1000",5.64,497.695684649397,0.154116781623329,25.7026756378011,2226,137,4.11678832116788,6.48858605446396
"result_final_convex_1000",14.22,2696.08445751916,0.344647186069836,24.8764904511108,5000,236,6.02542372881356,2.90151795928886
"result_final_convex_1000",38.84,78689.6916830068,0.98287890091062,24.8193558041828,9326,139,27.9424460431655,1.01741933728918
"result_final_convex_1000",3.15,428.766042115388,0.121838262181331,25.8508355539559,1316,88,3.57954545454545,8.20760229255164
"result_final_convex_1000",35.7,51948.7898788692,0.962734796295407,25.9421893923974,8658,168,21.25,1.03870765225064
"result_final_convex_1000",1.81,224.568500078541,0.107547078016902,25.7906943680457,778,53,3.41509433962264,9.29825355034603
"result_final_convex_1000",19.27,2649.78166952762,0.521633320905901,25.4646662256114,6134,230,8.37826086956522,1.91705544857322
"result_final_convex_1000",4.1,516.264480366107,0.133211964157909,25.2447217285127,1662,100,4.1,7.50683323619944
"result_final_convex_1000",9.66,904.300598350819,0.225991094018446,25.1863897460395,3426,172,5.61627906976744,4.42495313518141
"result_final_convex_1000",34.2,45145.6635401241,0.947707196136468,24.9924509545277,8850,176,19.4318181818182,1.05517822812438
"result_final_convex_1000",27.2,6902.14789743696,0.807816171609707,24.8245359161409,7698,215,12.6511627906977,1.23790539870889
"result_final_convex_1000",37.3,119910.355301616,0.974632255235531,23.8001446810061,9224,147,25.3741496598639,1.02602801685271
"result_final_convex_1000",36.6,92756.1641884579,0.969894782400173,23.2490708890277,9008,144,25.4166666666667,1.03103967373175
"result_final_convex_1000",33.5,33643.7136606821,0.939187079500249,24.4058431492904,8760,178,18.8202247191011,1.0647505931748
"result_final_convex_1000",25.04,5541.40048444332,0.738862870198409,24.322183915479,7598,232,10.7931034482759,1.35343111737563
"result_final_convex_1000",21.9,5508.95954935581,0.62333214658712,25.7548950058344,6858,244,8.97540983606557,1.60428112921052
"result_final_convex_1000",17.58,2092.27996278843,0.458246429779372,25.2840085066157,5658,221,7.95475113122172,2.18223194991713
"result_final_convex_1000",9.58,1478.42167136094,0.224282592663875,25.8524047673735,3552,190,5.04210526315789,4.45866078201917
"result_final_convex_1000",2.01,380.317982857957,0.109558515431437,24.6974654796448,838,56,3.58928571428571,9.12754244671937
"result_final_convex_1000",3.62,338.167201553374,0.127328929413571,26.741881222277,1492,101,3.58415841584158,7.85367476665062
"result_final_convex_1000",38.27,54474.4681760805,0.980144077306722,25.1204329165501,9280,142,26.9507042253521,1.02025816729704
"result_final_convex_1000",11.78,852.133841578833,0.275861558946044,24.9306227628927,4172,198,5.94949494949495,3.62500670198703
"result_final_convex_1000",2.59,290.413624329372,0.115628464143952,23.7393843086014,944,56,4.625,8.64838954148044
"result_final_convex_1000",29.59,10007.9312326287,0.870134272254242,25.337015597464,8068,207,14.2946859903382,1.14924791711665
"result_final_convex_1000",36.37,109049.00135879,0.968184705045269,26.2765604422345,9136,157,23.1656050955414,1.03286077004619
"result_final_convex_1000",7.86,1427.04156795631,0.190412534943491,24.2449503720695,2850,148,5.31081081081081,5.25175509215699
"result_final_convex_1000",35.55,57837.4067369406,0.961414246057313,24.2015100221252,8802,153,23.2352941176471,1.04013436882273
"result_final_convex_1000",1.46,114.832860973627,0.104124105305053,26.9997914788474,628,42,3.47619047619048,9.6039240584137
"result_final_convex_1000",39.58,162319.180293252,0.985942326014836,25.4084192725588,9508,140,28.2714285714286,1.01425810984501
"result_final_convex_1000",17.98,2269.72384223844,0.47296805579598,25.1960559786002,5894,249,7.22088353413655,2.1143076952989
"result_final_convex_1000",37.61,103472.866637162,0.976519583726166,25.2062563137331,9268,141,26.6737588652482,1.02404500295246
"result_final_convex_1000",13.99,2139.43319927309,0.337640550125481,25.4403035225702,4600,208,6.72596153846154,2.96172956603808
"result_final_convex_1000",13.09,1234.27991742057,0.311262034734789,24.5093894032642,4638,226,5.79203539823009,3.21272718290893
"result_final_convex_1000",39.54,76552.2843147984,0.985789749107335,24.7045462330235,9392,132,29.9545454545455,1.01441509298056
"result_final_convex_1000",10.78,1017.1387976173,0.251216965838983,25.7022409394854,3928,199,5.41708542713568,3.98062287178863
"result_final_convex_1000",34.96,54150.3246963852,0.955840044360883,24.8024330983445,8762,156,22.4102564102564,1.04620015231591
"result_final_convex_1000",28.5,6975.31230046809,0.843648916499568,25.1028225905933,7968,229,12.4454148471616,1.18532719054409
"result_final_convex_1000",12.53,1371.66215629631,0.295693449633125,25.1120853142053,4386,205,6.11219512195122,3.38188079999989
"result_final_convex_1000",3.34,534.238802332341,0.124026509904715,24.2798515676621,1340,85,3.92941176470588,8.06279238824234
"result_final_convex_1000",35.92,144822.521776573,0.964603751814387,25.5941955901849,8880,137,26.2189781021898,1.03669511767815
"result_final_convex_1000",42.4,374081.295825844,0.993699022231671,23.9279416813486,9784,96,44.1666666666667,1.00634093183888
"result_final_convex_1000",21.7,8729.35425450964,0.615622903650185,24.9054826809102,6442,220,9.86363636363636,1.62437101360386
"result_final_convex_1000",2.79,338.028542829409,0.11780586746715,24.7449371633913,1082,68,4.10294117647059,8.48854154296558
"result_final_convex_1000",13.47,3490.10218580842,0.322196454166611,25.1751063294733,4468,204,6.60294117647059,3.10369647793483
"result_final_convex_1000",36.54,146599.980786893,0.969456277712172,25.4104494680193,9396,134,27.2686567164179,1.0315060338357
"result_final_convex_1000",25.11,7594.08483984747,0.741261591984154,24.8527588271431,7360,231,10.8701298701299,1.34905141560522
"result_final_convex_1000",24.06,4216.49220700814,0.704310457421263,25.5614188752632,7208,238,10.109243697479,1.41982841439181
"result_final_convex_1000",28.99,16023.6868269282,0.855961160598881,25.4247579979073,8016,180,16.1055555555556,1.16827730746608
"result_final_convex_1000",21.22,2992.63667787002,0.59705170939752,25.0013375106332,6560,256,8.2890625,1.67489680417981
"result_final_convex_1000",3.91,516.816994420256,0.130849171427778,24.5067704294162,1496,93,4.20430107526882,7.64238694894563
"result_final_convex_1000",16.99,3028.9635608305,0.436927722840258,25.8204213116824,5566,229,7.41921397379913,2.28870805793571
"result_final_convex_1000",31.67,17564.182209283,0.911692576412498,24.0854535652673,8498,187,16.9358288770053,1.09686096593546
"result_final_convex_1000",28.21,5907.71842287535,0.836051118715569,24.6647474349312,7970,235,12.0042553191489,1.1960991111839
"result_final_convex_1000",4.8,563.950503000145,0.142316721285043,25.1253887763001,1802,108,4.44444444444444,7.02658121245726
"result_final_convex_1000",34.44,39082.3363003633,0.950396676077051,24.3875479581405,8734,175,19.68,1.05219223211901
"result_final_convex_1000",26.89,4892.19150441743,0.798611361508129,23.9776967688248,7672,215,12.506976744186,1.25217352043622
"result_final_convex_1000",8.91,1949.48903675974,0.210447835724376,25.8089499195638,3034,149,5.97986577181208,4.75177136679943
"result_final_convex_1000",37.95,174675.971714836,0.978451265466375,25.3914059969235,9206,153,24.8039215686275,1.02202330897222
"result_final_convex_1000",8.62,794.612347730257,0.204717253397786,25.7236672420523,3078,170,5.07058823529412,4.88478613015045
"result_final_convex_1000",2.04,395.622628357491,0.109863777019531,22.1649818857484,788,51,4,9.10218114767914
"result_final_convex_1000",11.68,1342.41179502584,0.273305133087585,23.9469238836931,3998,198,5.8989898989899,3.65891408149855
"result_final_convex_1000",44.78,980713.818619713,0.997008543932679,26.1896865038818,10050,94,47.6382978723404,1.00300043172702
"result_final_convex_1000",5.17,600.157062297909,0.147393098108063,25.4778569788988,2054,127,4.07086614173228,6.78457819827383
"result_final_convex_1000",14.6,3577.10398624472,0.356455976305145,23.9231861695673,4688,206,7.0873786407767,2.80539552279507
"result_final_convex_1000",29.14,21164.5613725654,0.859597699598932,25.0646000432208,8302,210,13.8761904761905,1.16333489545933
"result_final_convex_1000",5.03,602.891488786758,0.145450248760113,25.376772953817,1800,105,4.79047619047619,6.87520309194707
"result_final_convex_1000",22.37,2435.52614481586,0.641351843959261,25.0308993882978,6986,244,9.16803278688525,1.55920655630565
"result_final_convex_1000",28.55,9630.84634952363,0.844935573163155,24.7195850436543,8082,203,14.064039408867,1.18352219004857
"result_final_convex_1000",6.9,753.115227392342,0.173755297446528,24.8532764977461,2560,152,4.53947368421053,5.75522021311461
"result_final_convex_1000",42.01,180662.795919638,0.992924179566304,24.4127614948724,9600,119,35.3025210084034,1.00712624445986
"result_final_convex_1000",29.74,9797.34731880014,0.873522321902843,25.0915085547763,8102,190,15.6526315789474,1.14479043628976
"result_final_convex_1000",3.71,561.644217761289,0.128410415852286,24.7930945315247,1404,85,4.36470588235294,7.78753026662827
"result_final_convex_1000",6.2,1008.41380129617,0.162546618129941,25.6033379251599,2222,123,5.04065040650407,6.15208123986063
"result_final_convex_1000",19.46,6516.82037044789,0.528919971210466,25.4580140677464,6532,261,7.45593869731801,1.89064519101337
"result_final_convex_1000",20.54,3539.57297675764,0.570665486754374,24.783574021833,6464,230,8.9304347826087,1.75234007174228
"result_final_convex_1000",41.5,545614.689600727,0.991785740804526,26.2712888030053,9612,123,33.739837398374,1.00828229208943
"result_final_convex_1000",20.01,2118.88130658757,0.550126328781254,24.5654147983333,6218,221,9.05429864253394,1.81776429827562
"result_final_convex_1000",15.45,1361.98472431956,0.383892131045964,25.3705388013885,5190,234,6.6025641025641,2.60489840538114
"result_final_convex_1000",44.62,332764.689100245,0.996848369529513,24.9346731256114,9322,99,45.0707070707071,1.00316159464852
"result_final_convex_1000",13.9,1618.01476386407,0.334928002874621,25.0182722902757,4644,211,6.58767772511848,2.98571630743681
"result_final_convex_1000",23.62,2674.82173152475,0.688271551693444,24.5586727409313,6976,228,10.359649122807,1.45291491060406
"result_final_convex_1000",9.44,781.491708597908,0.221322036988502,24.8671100974194,3498,183,5.15846994535519,4.51830289295571
"result_final_convex_1000",23.92,9266.439362175,0.699239135953358,25.2693965245407,7016,220,10.8727272727273,1.43012590197283
"result_final_convex_1000",40.9,138082.969844213,0.990244225178524,23.6265327226077,9454,118,34.6610169491525,1.00985188761865
"result_final_convex_1000",25.77,4675.10926942648,0.763372804147733,24.820262373861,7424,236,10.9194915254237,1.3099759312443
"result_final_convex_1000",20.49,3493.01607419018,0.568725415059851,25.060883102798,6360,223,9.18834080717489,1.75831776375734
"result_final_convex_1000",10.87,2168.42276517727,0.253351884034105,24.9042027043171,3768,192,5.66145833333333,3.94707939043937
"result_final_convex_1000",22.2,3231.87001379151,0.6348519349731,25.2996889906986,6810,241,9.21161825726141,1.57517043724908
"result_final_convex_1000",5.11,578.436395974755,0.14655713029379,25.1256517569147,2096,136,3.75735294117647,6.82327770744002
"result_final_convex_1000",26.62,5175.95639996595,0.790395312814002,24.8918835716082,7778,235,11.3276595744681,1.26518968899215
"result_final_convex_1000",10.57,1150.50977552566,0.246298615029955,26.2660053094222,3862,224,4.71875,4.06011215239022
"result_final_convex_1000",36.98,197555.912844319,0.972551108735397,24.9332026921014,9252,139,26.6043165467626,1.02822359772978
"result_final_convex_1000",33.41,14583.0474051256,0.938015858925023,24.2106795010722,8870,184,18.1576086956522,1.0660800566272
"result_final_convex_1000",31.63,10522.2000869337,0.911000809887377,24.9821749918369,8518,211,14.9905213270142,1.09769386497431
"result_final_convex_1000",5.43,772.013125446138,0.151073811253904,25.2875207474608,2048,123,4.41463414634146,6.6192809441958
"result_final_convex_1000",41.27,131071.862931961,0.99122201343863,25.9773755157891,9648,145,28.4620689655172,1.00885572196981
"result_final_convex_1000",38.2,44466.114766133,0.979783810578268,25.7438787752349,9480,165,23.1515151515152,1.0206333164556
"result_final_convex_1000",33.22,27431.8418987634,0.935484659152767,25.3898362690729,8844,207,16.048309178744,1.06896461659314
"result_final_convex_1000",25.43,5892.09621865131,0.752098725502919,24.8581022571737,7548,223,11.4035874439462,1.3296126772869
"result_final_convex_1000",32.08,61978.8425178949,0.918551136963567,24.5202914158849,8454,180,17.8222222222222,1.08867101651594
"result_final_convex_1000",21.35,2313.51823960892,0.602088925457642,25.2291836306827,6624,242,8.82231404958678,1.6608842277574
"result_final_convex_1000",29.37,12599.1813202433,0.865052934991651,23.6518119622507,8306,209,14.0526315789474,1.15599862106664
"result_final_convex_1000",8.02,633.961026927784,0.193339856763319,24.7039053771323,3124,185,4.33513513513514,5.17223927203055
"result_final_convex_1000",31.74,39613.41739422,0.91289340984362,24.5384014780534,8634,179,17.731843575419,1.09541813887264
"result_final_convex_1000",32.33,16520.5051090059,0.922529032606456,25.8381816961087,8462,185,17.4756756756757,1.08397672556132
"result_final_convex_1000",25.74,7543.67153812029,0.762388316963089,24.6450181082739,7432,223,11.542600896861,1.31166752919748
"result_final_convex_1000",27.84,13286.083611183,0.826024731293912,25.6481130308733,7720,201,13.8507462686567,1.21061750588698
"result_final_convex_1000",34.06,61093.8509884984,0.946084823373574,23.9140447954006,8644,172,19.8023255813953,1.05698767731436
"result_final_convex_1000",2.33,242.046794086333,0.112863157522637,24.8895101602565,924,62,3.75806451612903,8.86028728905116
"result_final_convex_1000",34.64,81850.0908320791,0.952551354103989,24.4819263201092,8868,169,20.4970414201183,1.049812165708
"result_final_convex_1000",40.92,242350.351915108,0.990299405864022,24.8352091841828,9398,120,34.1,1.00979561744512
"result_final_convex_1000",38.99,154952.417448493,0.983542410920816,23.2910285182275,8992,131,29.763358778626,1.0167329734808
"result_final_convex_1000",29.86,16940.1178098224,0.876188208799226,24.5382203938458,8430,222,13.4504504504505,1.14130730128228
"result_final_convex_1000",7.82,1001.03887257413,0.189687596974645,25.4673200761317,2910,160,4.8875,5.2718259704332
"result_final_convex_1000",34.84,19144.9994778473,0.954629317689087,25.1794348881508,8608,169,20.6153846153846,1.04752701542913
"result_final_convex_1000",2.9,481.911178394101,0.119022410044927,25.1239803713295,1128,78,3.71794871794872,8.40177912396945
"result_final_convex_1000",22.12,2182.73722799344,0.631785784050724,24.7711822173604,6490,233,9.49356223175966,1.58281497501962
"result_final_convex_1000",10.95,1280.76747520399,0.255263275334032,25.2013660736587,4070,218,5.02293577981651,3.91752397085488
"result_final_convex_1000",13.64,1401.75979652042,0.327184559553489,25.2217039767619,4692,210,6.4952380952381,3.05637894821414
"result_final_convex_1000",39.86,125764.540046898,0.986971305081408,24.6384554238931,9414,130,30.6615384615385,1.01320068258471
"result_final_convex_1000",12.25,2598.08203677872,0.288153254370407,25.0302297177424,4126,203,6.03448275862069,3.47037552008539
"result_final_convex_1000",26.98,5644.6803154894,0.801309121274802,24.1940340446424,7890,220,12.2636363636364,1.24795783980232
"result_final_convex_1000",1.46,298.756963181431,0.104124105305053,24.565570625851,504,27,5.40740740740741,9.6039240584137
"result_final_convex_1000",11.49,1251.13722328056,0.268504544737304,25.8494041387234,4112,221,5.19909502262443,3.72433174633363
"result_final_convex_1000",3.13,592.049396090736,0.121610359651887,25.2727222356264,1164,75,4.17333333333333,8.22298365749865
"result_final_convex_1000",7.19,1549.24352988269,0.178626549861487,24.7029372903116,2486,137,5.24817518248175,5.59827192976315
"result_final_convex_1000",20.41,1680.95838884521,0.565622013832707,25.1572166676817,6490,239,8.53974895397489,1.76796513492095
"result_final_linear_5000",3.68,2460.50056524876,0.0203708716838116,26.2115393618511,1388,81,4.54320987654321,49.0897009966777
"result_final_linear_5000",16.55,22912.3053555942,0.0243404453907743,24.3540707199368,5588,236,7.01271186440678,41.0838825644098
"result_final_linear_5000",10.21,8587.7678465934,0.0220679858139643,25.1209751047959,3564,179,5.70391061452514,45.3145116382672
"result_final_linear_5000",18.95,30510.1619920954,0.0254390232419454,24.6487822457833,6096,246,7.70325203252033,39.3096853793954
"result_final_linear_5000",25.94,61280.5707347539,0.0298621807536914,25.2603646417481,7516,217,11.9539170506912,33.487172562787
"result_final_linear_5000",19.32,26027.9733934109,0.0256234358524842,25.0874911769656,6102,249,7.75903614457831,39.0267724343084
"result_final_linear_5000",29.37,103581.577370089,0.0331032090849866,24.1852782475291,8110,201,14.6119402985075,30.2085516069659
"result_final_linear_5000",8.18,5219.65494315166,0.0214842927404523,25.4732128572436,3036,169,4.84023668639053,46.5456327597474
"result_final_linear_5000",12.27,9990.21918871875,0.0227236817907494,25.0622599259696,4432,216,5.68055555555556,44.0069531517155
"result_final_linear_5000",24.58,59335.2210174888,0.0288146342581626,24.4459418206822,7102,221,11.1221719457014,34.7045876425352
"result_final_linear_5000",41.33,575569.556818557,0.0633811185411648,25.490101283755,9530,131,31.5496183206107,15.7775694562809
"result_final_linear_5000",10.19,10424.2866349768,0.0220619483591718,24.917199871124,3670,204,4.99509803921569,45.32691237056
"result_final_linear_5000",12.68,12245.4447227531,0.0228627085449766,24.4758664575216,4064,190,6.67368421052632,43.7393495190105
"result_final_linear_5000",10.38,7770.00599696361,0.0221195472428313,25.3709974293383,3790,208,4.99038461538461,45.2088819459941
"result_final_linear_5000",7.01,6326.55271732114,0.0211726347282211,25.6842428873626,2464,132,5.31060606060606,47.2307775029574
"result_final_linear_5000",0.74,263.927000273184,0.0197522118258558,22.748750330235,316,25,2.96,50.6272415877493
"result_final_linear_5000",33.83,238738.618452962,0.039312725393157,25.1200786600957,8750,173,19.5549132947977,25.4370560677044
"result_final_linear_5000",18.98,22509.5811579176,0.0254538143021407,25.0790078805072,6170,252,7.53174603174603,39.2868427548754
"result_final_linear_5000",37.76,575892.45291895,0.0483891031222789,25.4801959693378,9392,148,25.5135135135135,20.6658097686375
"result_final_linear_5000",9.27,7980.22322780274,0.021790557985268,24.1689427061347,3330,164,5.65243902439024,45.8914361291745
"result_final_linear_5000",42.75,1260254.90902676,0.0731863215084692,27.0788637767366,9372,111,38.5135135135135,13.6637554585153
"result_final_linear_5000",21.64,28955.4706298054,0.026887549925198,24.5675629618925,6872,259,8.35521235521236,37.1919346605411
"result_final_linear_5000",10.8,9838.01862266232,0.0222488276962985,25.5197175860655,3760,183,5.9016393442623,44.9461883408072
"result_final_linear_5000",33.84,139664.762651383,0.0393303847434251,24.1413929710015,8956,183,18.4918032786885,25.4256348246675
"result_final_linear_5000",12.22,12339.15352747,0.0227069310721252,25.1318081071521,4240,214,5.71028037383178,44.0394167236272
"result_final_linear_5000",27.23,75149.0400835152,0.0309689884541891,24.9658042814976,7600,208,13.0913461538462,32.2903669094407
"result_final_linear_5000",21.87,36752.4675741787,0.0270240355847022,24.5767014241147,6658,234,9.34615384615385,37.0040957378727
"result_final_linear_5000",27.36,49295.5339772905,0.0310873733223774,24.649519636728,7854,234,11.6923076923077,32.1674008810573
"result_final_linear_5000",20.69,40229.3157356814,0.0263461238211347,25.8153953053778,6404,219,9.44748858447489,37.9562476358593
"result_final_linear_5000",1.09,559.123630764182,0.0198220007976096,25.4937293671851,416,30,3.63333333333333,50.4489940349812
"result_final_linear_5000",29.6,87071.3752866256,0.0333586050037908,24.8854230453791,8516,201,14.726368159204,29.9772727272727
"result_final_linear_5000",26.09,80228.7910046658,0.0299848676016569,25.5902204578615,7578,214,12.1915887850467,33.3501555946421
"result_final_linear_5000",13.3,12279.7689903337,0.0230787659381904,24.0740542157254,4610,222,5.99099099099099,43.3298731257209
"result_final_linear_5000",4.05,2790.79312423326,0.0204542789840011,26.1477638754723,1536,90,4.5,48.8895257946848
"result_final_linear_5000",13.53,14751.2850453599,0.023160759293633,25.7458949586309,4622,214,6.32242990654206,43.1764773910027
"result_final_linear_5000",8.85,7082.69168295919,0.0216706489307324,26.1202830305844,3170,169,5.23668639053254,46.1453647833241
"result_final_linear_5000",19.81,31267.305300402,0.025874502692639,24.4583880237135,6110,230,8.61304347826087,38.648085796234
"result_final_linear_5000",1.67,834.972819365078,0.0199398539542071,26.442116926958,624,42,3.97619047619048,50.1508186718193
"result_final_linear_5000",28.09,77378.7202942464,0.0317776668095505,24.0495503744523,8110,219,12.8264840182648,31.4686413572522
"result_final_linear_5000",2.4,1293.56991224262,0.0200922266139657,25.2749585634788,956,62,3.87096774193548,49.7704918032788
"result_final_linear_5000",39.01,614040.372151179,0.0525780394658575,24.573834436969,9186,139,28.0647482014388,19.0193474340056
"result_final_linear_5000",31.82,134041.545584005,0.0361471333594885,24.9644246468537,8586,204,15.5980392156863,27.6647110589616
"result_final_linear_5000",6.21,4213.4352986,0.0209690148654419,24.9973742748898,2322,138,4.5,47.689412517326
"result_final_linear_5000",11.68,9938.69161315377,0.0225287731613746,24.5747201523794,4280,217,5.38248847926267,44.3876811594203
"result_final_linear_5000",32.1,203443.614172983,0.0365466386780774,25.1072916738177,8670,184,17.445652173913,27.3622974963181
"result_final_linear_5000",36.58,354943.63787869,0.0451253006218781,23.3969852790616,9114,139,26.3165467625899,22.1605171870073
"result_final_linear_5000",37.16,343014.439815937,0.0466573609337412,25.4526073192147,9298,153,24.2875816993464,21.4328453214513
"result_final_linear_5000",32.21,143738.058822401,0.0367069347354058,24.6515413216933,8718,193,16.6891191709845,27.2428086738457
"result_final_linear_5000",17.67,26729.4566506995,0.0248331237011097,25.7208638998122,5578,235,7.51914893617021,40.2687963075428
"result_final_linear_5000",12.37,17013.9397292035,0.0227573150367602,24.256521859863,4290,201,6.15422885572139,43.941914869337
"result_final_linear_5000",25.92,64193.203842514,0.0298459356668601,25.0067355460187,7514,236,10.9830508474576,33.5053995680345
"result_final_linear_5000",26.73,88734.2273438479,0.030525732521758,24.8678195035212,7556,224,11.9330357142857,32.7592466220827
"result_final_linear_5000",14,13590.4091872179,0.0233315246880087,25.1112324609406,5022,227,6.16740088105727,42.860465116279
"result_final_linear_5000",30.37,120212.995407662,0.0342561115402213,25.2166154677864,8436,210,14.4619047619048,29.1918713198334
"result_final_linear_5000",11.77,9940.83555512574,0.0225581211025688,25.2952319261213,4014,192,6.13020833333333,44.329933129321
"result_final_linear_5000",36.28,314598.995639474,0.0443819129078093,24.7633368663974,9108,165,21.9878787878788,22.5317011927182
"result_final_linear_5000",26.97,69204.3183333266,0.0307361439039069,24.7184423100898,7712,213,12.6619718309859,32.534985622347
"result_final_linear_5000",40.4,543951.939251848,0.0584542958022755,23.9456890281688,9244,120,33.6666666666667,17.1073825503355
"result_final_linear_5000",8.18,5667.91407058071,0.0214842927404523,25.8251434866633,3062,165,4.95757575757576,46.5456327597474
"result_final_linear_5000",29.17,90728.5812843933,0.0328856037848855,24.3359447217425,8046,206,14.1601941747573,30.4084427502471
"result_final_linear_5000",2.93,1437.04826226626,0.0202057838457808,25.3791967945068,1180,72,4.06944444444444,49.490779849593
"result_final_linear_5000",4.6,2502.28350647182,0.020580748155499,24.510285839422,1804,105,4.38095238095238,48.5890985324947
"result_final_linear_5000",24.96,83101.8112095342,0.0290960977728147,25.2811785399478,7374,231,10.8051948051948,34.3688699360341
"result_final_linear_5000",14.16,14254.9330800119,0.0233906655331023,25.2429258405646,4788,225,6.29333333333333,42.7520969245106
"result_final_linear_5000",23.45,47427.4370325955,0.0280243817612711,24.8225332478769,7134,220,10.6590909090909,35.6832135858915
"result_final_linear_5000",33.04,166355.295049539,0.0379815764396243,24.7026927640054,8740,185,17.8594594594595,26.3285543608124
"result_final_linear_5000",43.53,483197.09353292,0.0802735013575561,22.8309140029581,9654,102,42.6764705882353,12.4574110146981
"result_final_linear_5000",9.41,7626.61408963434,0.0218310724674004,26.1946556513351,3278,182,5.17032967032967,45.8062700077271
"result_final_linear_5000",2.07,1174.95595491539,0.0200227768542997,24.6568518782877,800,49,4.22448979591837,49.9431226386194
"result_final_linear_5000",35.25,228039.963619689,0.0420522812144829,23.4566120908063,8624,158,22.3101265822785,23.7799227799228
"result_final_linear_5000",25.12,51042.9177741752,0.0292171307279311,24.2074184140618,7350,213,11.7934272300469,34.2264957264957
"result_final_linear_5000",14.76,15040.0419668373,0.0236171603994193,25.7655699586333,5260,255,5.78823529411765,42.3420929141248
"result_final_linear_5000",21.43,33151.7055190178,0.0267648190981649,24.8385251461438,6700,242,8.85537190082645,37.3624793178058
"result_final_linear_5000",5.64,2841.36554692177,0.0208283668406043,25.7026756378011,2226,137,4.11678832116788,48.011445527766
"result_final_linear_5000",14.22,15286.4613801319,0.0234129778534737,24.8764904511108,5000,236,6.02542372881356,42.7113546281185
"result_final_linear_5000",38.84,408594.343074481,0.0519555540453294,24.8193558041828,9326,139,27.9424460431655,19.2472204054938
"result_final_linear_5000",3.15,1516.2667884049,0.0202536675136192,25.8508355539559,1316,88,3.57954545454545,49.3737738771296
"result_final_linear_5000",35.7,263293.138296705,0.0430301813558188,25.9421893923974,8658,168,21.25,23.2395023328149
"result_final_linear_5000",1.81,719.093522208225,0.0199687219733222,25.7906943680457,778,53,3.41509433962264,50.0783175476117
"result_final_linear_5000",19.27,27927.6538287834,0.0255982598383501,25.4646662256114,6134,230,8.37826086956522,39.0651554564599
"result_final_linear_5000",4.1,2247.15654401392,0.0204656522759769,25.2447217285127,1662,100,4.1,48.8623566214806
"result_final_linear_5000",9.66,6994.27591991797,0.021904110718321,25.1863897460395,3426,172,5.61627906976744,45.6535311047155
"result_final_linear_5000",34.2,213422.694585558,0.0399805565682343,24.9924509545277,8850,176,19.4318181818182,25.0121580547112
"result_final_linear_5000",27.2,71077.3180136585,0.0309418565113907,24.8245359161409,7698,215,12.6511627906977,32.3186813186813
"result_final_linear_5000",37.3,352570.488955711,0.0470473474900578,23.8001446810061,9224,147,25.3741496598639,21.2551834130781
"result_final_linear_5000",36.6,257566.407372086,0.0451760011400884,23.2490708890277,9008,144,25.4166666666667,22.1356466876971
"result_final_linear_5000",33.5,215572.090628427,0.0387416254005243,24.4058431492904,8760,178,18.8202247191011,25.812030075188
"result_final_linear_5000",25.04,49721.8433915252,0.0291564240594953,24.322183915479,7598,232,10.7931034482759,34.2977588046958
"result_final_linear_5000",21.9,49607.1352249089,0.0270419999307503,25.7548950058344,6858,244,8.97540983606557,36.9795134443022
"result_final_linear_5000",17.58,21081.5033065061,0.024792294595749,25.2840085066157,5658,221,7.95475113122172,40.3351128366902
"result_final_linear_5000",9.58,7479.94064188304,0.021880641367528,25.8524047673735,3552,190,5.04210526315789,45.702499447025
"result_final_linear_5000",2.01,1046.1293928162,0.0200102511951219,24.6974654796448,838,56,3.58928571428571,49.974385141341
"result_final_linear_5000",3.62,1586.87420568079,0.0203574702495364,26.741881222277,1492,101,3.58415841584158,49.1220170159783
"result_final_linear_5000",38.27,350095.706858642,0.0499947356912038,25.1204329165501,9280,142,26.9507042253521,20.0021059452454
"result_final_linear_5000",11.78,8552.74047712038,0.0225613904077008,24.9306227628927,4172,198,5.94949494949495,44.3235094082975
"result_final_linear_5000",2.59,1444.61872635101,0.0201326468819302,23.7393843086014,944,56,4.625,49.6705677035213
"result_final_linear_5000",29.59,103669.175729526,0.0333473839756371,25.337015597464,8068,207,14.2946859903382,29.9873597500355
"result_final_linear_5000",36.37,358536.809215721,0.0446016135928727,26.2765604422345,9136,157,23.1656050955414,22.4207134999214
"result_final_linear_5000",7.86,7052.41297818036,0.0213973535463315,24.2449503720695,2850,148,5.31081081081081,46.7347514651618
"result_final_linear_5000",35.55,224471.574668155,0.042697671337242,24.2015100221252,8802,153,23.2352941176471,23.4204809930179
"result_final_linear_5000",1.46,523.616881914018,0.0198968610046562,26.9997914788474,628,42,3.47619047619048,50.2591840876801
"result_final_linear_5000",39.58,488085.04838459,0.054806697991691,25.4084192725588,9508,140,28.2714285714286,18.2459450513075
"result_final_linear_5000",17.98,23798.6463423483,0.0249754873600039,25.1960559786002,5894,249,7.22088353413655,40.039258717386
"result_final_linear_5000",37.61,337889.211002109,0.0479410476490522,25.2062563137331,9268,141,26.6737588652482,20.8589517550889
"result_final_linear_5000",13.99,18021.1986075519,0.023327845598466,25.4403035225702,4600,208,6.72596153846154,42.8672247413091
"result_final_linear_5000",13.09,10546.6750288814,0.0230047830678867,24.5093894032642,4638,226,5.79203539823009,43.4692210332529
"result_final_linear_5000",39.54,678114.464112889,0.0546427344865607,24.7045462330235,9392,132,29.9545454545455,18.3006946741648
"result_final_linear_5000",10.78,8503.73534730586,0.0222426094804075,25.7022409394854,3928,199,5.41708542713568,44.9587536426809
"result_final_linear_5000",34.96,229212.484291579,0.0414520980982002,24.8024330983445,8762,156,22.4102564102564,24.1242312423124
"result_final_linear_5000",28.5,80369.7605326943,0.0321854602745892,25.1028225905933,7968,229,12.4454148471616,31.0699300699301
"result_final_linear_5000",12.53,11399.1650729529,0.0228114967648723,25.1120853142053,4386,205,6.11219512195122,43.8375443009032
"result_final_linear_5000",3.34,1743.62477143844,0.0202953811525492,24.2798515676621,1340,85,3.92941176470588,49.2722946410097
"result_final_linear_5000",35.92,457145.548608581,0.0435302429215803,25.5941955901849,8880,137,26.2189781021898,22.9725343320849
"result_final_linear_5000",42.4,839989.947209513,0.0704500978473581,23.9279416813486,9784,96,44.1666666666667,14.1944444444444
"result_final_linear_5000",21.7,46955.3713306443,0.0269229446755837,24.9054826809102,6442,220,9.86363636363636,37.1430395913154
"result_final_linear_5000",2.79,1439.9680940435,0.0201755423694692,24.7449371633913,1082,68,4.10294117647059,49.5649624524225
"result_final_linear_5000",13.47,16737.7946847839,0.0231392715127302,25.1751063294733,4468,204,6.60294117647059,43.2165722870681
"result_final_linear_5000",36.54,414232.010192522,0.0450243355611369,25.4104494680193,9396,134,27.2686567164179,22.2102111566341
"result_final_linear_5000",25.11,55838.7757482202,0.0292095214693298,24.8527588271431,7360,231,10.8701298701299,34.2354119375084
"result_final_linear_5000",24.06,48414.4260717819,0.0284425867247953,25.5614188752632,7208,238,10.109243697479,35.1585462207006
"result_final_linear_5000",28.99,144140.67402389,0.0326932196444768,25.4247579979073,8016,180,16.1055555555556,30.5873820588649
"result_final_linear_5000",21.22,37334.2791957415,0.0266438490520093,25.0013375106332,6560,256,8.2890625,37.5321147499365
"result_final_linear_5000",3.91,2540.12552358297,0.0204225636491544,24.5067704294162,1496,93,4.20430107526882,48.9654490581747
"result_final_linear_5000",16.99,22632.2795431422,0.024530069355587,25.8204213116824,5566,229,7.41921397379913,40.7662932176846
"result_final_linear_5000",31.67,100456.244920629,0.0359380012938312,24.0854535652673,8498,187,16.9358288770053,27.8256988145763
"result_final_linear_5000",28.21,66243.9831809082,0.0318954678135233,24.6647474349312,7970,235,12.0042553191489,31.352416771138
"result_final_linear_5000",4.8,2847.93792291624,0.0206274917663373,25.1253887763001,1802,108,4.44444444444444,48.4789915966387
"result_final_linear_5000",34.44,191122.830159617,0.0404302030143812,24.3875479581405,8734,175,19.68,24.7339841366687
"result_final_linear_5000",26.89,77958.0638568036,0.0306655313722941,23.9776967688248,7672,215,12.506976744186,32.6099028860621
"result_final_linear_5000",8.91,12266.2134961868,0.0216876305031559,25.8089499195638,3034,149,5.97986577181208,46.1092326270721
"result_final_linear_5000",37.95,425978.081231272,0.0489720216250345,25.3914059969235,9206,153,24.8039215686275,20.41982272361
"result_final_linear_5000",8.62,5096.93123617825,0.0216060037168568,25.7236672420523,3078,170,5.07058823529412,46.2834318231561
"result_final_linear_5000",2.04,1148.08712444185,0.0200165101472019,22.1649818857484,788,51,4,49.9587586770109
"result_final_linear_5000",11.68,11861.5848600622,0.0225287731613746,23.9469238836931,3998,198,5.8989898989899,44.3876811594203
"result_final_linear_5000",44.78,1716928.88209009,0.0956654308582516,26.1896865038818,10050,94,47.6382978723404,10.4530967040927
"result_final_linear_5000",5.17,2871.34017224795,0.0207150549496159,25.4778569788988,2054,127,4.07086614173228,48.2740693873246
"result_final_linear_5000",14.6,18168.8421897496,0.0235560214045347,23.9231861695673,4688,206,7.0873786407767,42.4519906323184
"result_final_linear_5000",29.14,125939.82156616,0.0328533145405821,25.0646000432208,8302,210,13.8761904761905,30.4383290996331
"result_final_linear_5000",5.03,3259.27527490386,0.0206817553250566,25.376772953817,1800,105,4.79047619047619,48.3517953037801
"result_final_linear_5000",22.37,34102.3247887078,0.0273284447464119,25.0308993882978,6986,244,9.16803278688525,36.5919103439392
"result_final_linear_5000",28.55,96016.79541247,0.0322362336168197,24.7195850436543,8082,203,14.064039408867,31.0209937018894
"result_final_linear_5000",6.9,4387.40672700974,0.0211441938634144,24.8532764977461,2560,152,4.53947368421053,47.2943071965629
"result_final_linear_5000",42.01,552511.396527213,0.0676670672936673,24.4127614948724,9600,119,35.3025210084034,14.7782376271771
"result_final_linear_5000",29.74,96195.0120500752,0.0335168347437818,25.0915085547763,8102,190,15.6526315789474,29.8357529177341
"result_final_linear_5000",3.71,2322.31604671085,0.0203775852910615,24.7930945315247,1404,85,4.36470588235294,49.0735278845155
"result_final_linear_5000",6.2,4560.35962826263,0.0209665161607582,25.6033379251599,2222,123,5.04065040650407,47.6950959488273
"result_final_linear_5000",19.46,33942.3579166404,0.0256943602570074,25.4580140677464,6532,261,7.45593869731801,38.9190464365533
"result_final_linear_5000",20.54,31537.3391163182,0.0262637747648291,24.783574021833,6464,230,8.9304347826087,38.0752579914423
"result_final_linear_5000",41.5,1051322.00394616,0.0643918547055586,26.2712888030053,9612,123,33.739837398374,15.5299145299145
"result_final_linear_5000",20.01,36028.7932441272,0.0259792984062956,24.5654147983333,6218,221,9.05429864253394,38.4921865233154
"result_final_linear_5000",15.45,15326.4130075897,0.0238872173016344,25.3705388013885,5190,234,6.6025641025641,41.8633944411591
"result_final_linear_5000",44.62,880875.003443568,0.0933297381104856,24.9346731256114,9322,99,45.0707070707071,10.7146984470928
"result_final_linear_5000",13.9,16091.0265129541,0.023294824274235,25.0182722902757,4644,211,6.58767772511848,42.9279907084785
"result_final_linear_5000",23.62,47677.7755602507,0.0281390225392171,24.5586727409313,6976,228,10.359649122807,35.5378371301387
"result_final_linear_5000",9.44,5768.45868721831,0.0218397900910634,24.8671100974194,3498,183,5.15846994535519,45.7879858657245
"result_final_linear_5000",23.92,54426.1667986738,0.028344907752377,25.2693965245407,7016,220,10.8727272727273,35.2797055730809
"result_final_linear_5000",40.9,461592.532811083,0.0609844185326592,23.6265327226077,9454,118,34.6610169491525,16.3976311336717
"result_final_linear_5000",25.77,59314.5164797673,0.0297249352282329,24.820262373861,7424,236,10.9194915254237,33.6417890340832
"result_final_linear_5000",20.49,32986.2131571073,0.0262365080465004,25.060883102798,6360,223,9.18834080717489,38.1148283234814
"result_final_linear_5000",10.87,12522.8893162072,0.0222706408837294,24.9042027043171,3768,192,5.66145833333333,44.9021653764165
"result_final_linear_5000",22.2,40393.4271959307,0.0272237385401358,25.2996889906986,6810,241,9.21161825726141,36.73264781491
"result_final_linear_5000",5.11,2840.63901382177,0.0207007585260554,25.1256517569147,2096,136,3.75735294117647,48.3074085783538
"result_final_linear_5000",26.62,58194.0729673715,0.0304307077275253,24.8918835716082,7778,235,11.3276595744681,32.8615426546743
"result_final_linear_5000",10.57,7913.62639378317,0.0221776943431132,26.2660053094222,3862,224,4.71875,45.0903499944091
"result_final_linear_5000",36.98,541405.974391557,0.0461678217168979,24.9332026921014,9252,139,26.6043165467626,21.6601079022533
"result_final_linear_5000",33.41,142163.348585664,0.0385896997548665,24.2106795010722,8870,184,18.1576086956522,25.913650698303
"result_final_linear_5000",31.63,101642.92931011,0.0358827944178821,24.9821749918369,8518,211,14.9905213270142,27.8685095802252
"result_final_linear_5000",5.43,3927.55598893575,0.0207774460241192,25.2875207474608,2048,123,4.41463414634146,48.129110711642
"result_final_linear_5000",41.27,568442.214127412,0.0630332821740204,25.9773755157891,9648,145,28.4620689655172,15.8646347692832
"result_final_linear_5000",38.2,241766.755013278,0.0497664680302786,25.7438787752349,9480,165,23.1515151515152,20.0938511326861
"result_final_linear_5000",33.22,167350.236622928,0.0382741663705453,25.3898362690729,8844,207,16.048309178744,26.1272836178496
"result_final_linear_5000",25.43,73596.1135303941,0.0294560292624735,24.8581022571737,7548,223,11.4035874439462,33.9489070671852
"result_final_linear_5000",32.08,171671.011598944,0.036517699686008,24.5202914158849,8454,180,17.8222222222222,27.3839811542992
"result_final_linear_5000",21.35,34449.4135361436,0.0267185297165084,25.2291836306827,6624,242,8.82231404958678,37.4272091544819
"result_final_linear_5000",29.37,128882.512035194,0.0331032090849866,23.6518119622507,8306,209,14.0526315789474,30.2085516069659
"result_final_linear_5000",8.02,4363.11593528221,0.0214406593970135,24.7039053771323,3124,185,4.33513513513514,46.6403565992607
"result_final_linear_5000",31.74,173505.275775317,0.0360351799647356,24.5384014780534,8634,179,17.731843575419,27.7506592440668
"result_final_linear_5000",32.33,141328.104706589,0.0368840172892128,25.8381816961087,8462,185,17.4756756756757,27.1120141864933
"result_final_linear_5000",25.74,62353.2995109303,0.0297009111052451,24.6450181082739,7432,223,11.542600896861,33.6690008079719
"result_final_linear_5000",27.84,111376.90099975,0.0315362562058597,25.6481130308733,7720,201,13.8507462686567,31.709534368071
"result_final_linear_5000",34.06,251916.943119622,0.0397243273853272,23.9140447954006,8644,172,19.8023255813953,25.1734910524719
"result_final_linear_5000",2.33,1033.49482625499,0.020077415323136,24.8895101602565,924,62,3.75806451612903,49.8072079451213
"result_final_linear_5000",34.64,293684.982481015,0.0408153069890593,24.4819263201092,8868,169,20.4970414201183,24.500611995104
"result_final_linear_5000",40.92,551730.235729751,0.0610911196591802,24.8352091841828,9398,120,34.1,16.3689911983751
"result_final_linear_5000",38.99,585801.082526806,0.0525038510856189,23.2910285182275,8992,131,29.763358778626,19.046221930831
"result_final_linear_5000",29.86,115025.286592816,0.0336541691057223,24.5382203938458,8430,222,13.4504504504505,29.714000570288
"result_final_linear_5000",7.82,6110.30742387883,0.0213865778227359,25.4673200761317,2910,160,4.8875,46.7582989802561
"result_final_linear_5000",34.84,192442.526040401,0.0412102507020162,25.1794348881508,8608,169,20.6153846153846,24.2658072437078
"result_final_linear_5000",2.9,1615.24942367174,0.0201992885523497,25.1239803713295,1128,78,3.71794871794872,49.506694129763
"result_final_linear_5000",22.12,39979.8416835259,0.0271748991583737,24.7711822173604,6490,233,9.49356223175966,36.7986646122239
"result_final_linear_5000",10.95,8058.35666811005,0.0222956648013921,25.2013660736587,4070,218,5.02293577981651,44.8517686692869
"result_final_linear_5000",13.64,13906.6059487295,0.0232003352711721,25.2217039767619,4692,210,6.4952380952381,43.1028253821213
"result_final_linear_5000",39.86,457406.343834995,0.0559889772282943,24.6384554238931,9414,130,30.6615384615385,17.860658463585
"result_final_linear_5000",12.25,12590.5865685192,0.0227169762474921,25.0302297177424,4126,203,6.03448275862069,44.019943019943
"result_final_linear_5000",26.98,74600.4927514927,0.0307450042525958,24.1940340446424,7890,220,12.2636363636364,32.5256094220761
"result_final_linear_5000",1.46,890.878259890409,0.0198968610046562,24.565570625851,504,27,5.40740740740741,50.2591840876801
"result_final_linear_5000",11.49,10451.5989730747,0.0224672611568444,25.8494041387234,4112,221,5.19909502262443,44.5092079990961
"result_final_linear_5000",3.13,2042.93637294149,0.0202492960720086,25.2727222356264,1164,75,4.17333333333333,49.384432744916
"result_final_linear_5000",7.19,7287.98145069963,0.0212194859859024,24.7029372903116,2486,137,5.24817518248175,47.1264949897641
"result_final_linear_5000",20.41,28035.5645515499,0.0261930698119852,25.1572166676817,6490,239,8.53974895397489,38.1780374418896
"result_final_concave_5000",3.68,2501.08051136597,0.019635943653266,26.2115393618511,1388,81,4.54320987654321,50.9270151543581
"result_final_concave_5000",16.55,24427.616355555,0.0203942567545628,24.3540707199368,5588,236,7.01271186440678,49.0334123000717
"result_final_concave_5000",10.21,8957.18418198163,0.0198595909279042,25.1209751047959,3564,179,5.70391061452514,50.353504441772
"result_final_concave_5000",18.95,33253.1873466961,0.0207182044803624,24.6487822457833,6096,246,7.70325203252033,48.2667308814257
"result_final_concave_5000",25.94,69511.8966316612,0.0222885840030525,25.2603646417481,7516,217,11.9539170506912,44.866017503088
"result_final_concave_5000",19.32,28430.1234398806,0.0207758377461872,25.0874911769656,6102,249,7.75903614457831,48.1328364332033
"result_final_concave_5000",29.37,117989.644153338,0.0236103461009826,24.1852782475291,8110,201,14.6119402985075,42.354313474396
"result_final_concave_5000",8.18,5390.72980883634,0.0197616069416352,25.4732128572436,3036,169,4.84023668639053,50.6031722497793
"result_final_concave_5000",12.27,10558.1965437536,0.0199912254850737,25.0622599259696,4432,216,5.68055555555556,50.0219459155539
"result_final_concave_5000",24.58,66365.4669514854,0.0218870149415539,24.4459418206822,7102,221,11.1221719457014,45.6891907220037
"result_final_concave_5000",41.33,645559.145057596,0.0381860004258229,25.490101283755,9530,131,31.5496183206107,26.1876077318577
"result_final_concave_5000",10.19,10957.3053393038,0.0198584799190598,24.917199871124,3670,204,4.99509803921569,50.356321534974
"result_final_concave_5000",12.68,12993.000303647,0.0200217600124335,24.4758664575216,4064,190,6.67368421052632,49.9456590918581
"result_final_concave_5000",10.38,8102.24136810076,0.0198691580047022,25.3709974293383,3790,208,4.99038461538461,50.3292590336914
"result_final_concave_5000",7.01,6488.69200409652,0.0197176980746659,25.6842428873626,2464,132,5.31060606060606,50.7158592353557
"result_final_concave_5000",0.74,264.752422901473,0.019608911621727,22.748750330235,316,25,2.96,50.997221023322
"result_final_concave_5000",33.83,269224.261544345,0.0263638563686205,25.1200786600957,8750,173,19.5549132947977,37.9307179502862
"result_final_concave_5000",18.98,24610.4880396862,0.0207227949458906,25.0790078805072,6170,252,7.53174603174603,48.2560389470197
"result_final_concave_5000",37.76,634849.859220689,0.0306779162428681,25.4801959693378,9392,148,25.5135135135135,32.5967380601502
"result_final_concave_5000",9.27,8254.14035997281,0.0198105903499384,24.1689427061347,3330,164,5.65243902439024,50.478051503554
"result_final_concave_5000",42.75,1372934.35222227,0.0432524139318944,27.0788637767366,9372,111,38.5135135135135,23.1200968707691
"result_final_concave_5000",21.64,32177.9991633097,0.0211923913256142,24.5675629618925,6872,259,8.35521235521236,47.1867466316248
"result_final_concave_5000",10.8,10298.1353911194,0.0198937564832028,25.5197175860655,3760,183,5.9016393442623,50.2670272879004
"result_final_concave_5000",33.84,166723.589921837,0.0263719778055998,24.1413929710015,8956,183,18.4918032786885,37.9190369175747
"result_final_concave_5000",12.22,13010.526146784,0.0199876054423947,25.1318081071521,4240,214,5.71028037383178,50.0310056090536
"result_final_concave_5000",27.23,84809.3759067287,0.0227277930943868,24.9658042814976,7600,208,13.0913461538462,43.9989925923329
"result_final_concave_5000",21.87,40443.1764682916,0.0212394072247429,24.5767014241147,6658,234,9.34615384615385,47.0822932777073
"result_final_concave_5000",27.36,56312.317909756,0.0227755858484535,24.649519636728,7854,234,11.6923076923077,43.9066642085038
"result_final_concave_5000",20.69,43866.415218533,0.021009634594231,25.8153953053778,6404,219,9.44748858447489,47.5972104852594
"result_final_concave_5000",1.09,561.123142289727,0.0196101779602142,25.4937293671851,416,30,3.63333333333333,50.9939278485302
"result_final_concave_5000",29.6,99796.7684313864,0.0237186594546914,24.8854230453791,8516,201,14.726368159204,42.1608987603305
"result_final_concave_5000",26.09,88487.8499178913,0.0223365556800159,25.5902204578615,7578,214,12.1915887850467,44.7696598493331
"result_final_concave_5000",13.3,12962.9874287725,0.0200708972030607,24.0740542157254,4610,222,5.99099099099099,49.8233830746493
"result_final_concave_5000",4.05,2841.40623063535,0.0196421522106261,26.1477638754723,1536,90,4.5,50.9109179725741
"result_final_concave_5000",13.53,15561.8730689897,0.0200900638043595,25.7458949586309,4622,214,6.32242990654206,49.7758498797302
"result_final_concave_5000",8.85,7332.91197339419,0.01979075224265,26.1202830305844,3170,169,5.23668639053254,50.5286503382602
"result_final_concave_5000",19.81,33876.6617691726,0.0208556644012738,24.4583880237135,6110,230,8.61304347826087,47.9486043100561
"result_final_concave_5000",1.67,840.3174481758,0.0196133895648338,26.442116926958,624,42,3.97619047619048,50.9855778214373
"result_final_concave_5000",28.09,87181.0668499746,0.0230571361921593,24.0495503744523,8110,219,12.8264840182648,43.3705205913671
"result_final_concave_5000",2.4,1302.12204749127,0.0196194739492298,25.2749585634788,956,62,3.87096774193548,50.9697661918839
"result_final_concave_5000",39.01,687571.4433564,0.0327388426269274,24.573834436969,9186,139,28.0647482014388,30.5447572290631
"result_final_concave_5000",31.82,155950.574484444,0.0249318824814609,24.9644246468537,8586,204,15.5980392156863,40.1092858007649
"result_final_concave_5000",6.21,4329.10057449459,0.0196924821164077,24.9973742748898,2322,138,4.5,50.7808002103911
"result_final_concave_5000",11.68,10472.2793138062,0.0199499078597415,24.5747201523794,4280,217,5.38248847926267,50.1255447910102
"result_final_concave_5000",32.1,225529.862505781,0.0251097418713895,25.1072916738177,8670,184,17.445652173913,39.8251804069487
"result_final_concave_5000",36.58,403976.391380785,0.0290987946555266,23.3969852790616,9114,139,26.3165467625899,34.3656846215819
"result_final_concave_5000",37.16,391103.692262261,0.0298367921938577,25.4526073192147,9298,153,24.2875816993464,33.5156672842955
"result_final_concave_5000",32.21,162488.669632991,0.025181357898598,24.6515413216933,8718,193,16.6891191709845,39.71191720585
"result_final_concave_5000",17.67,28583.611786328,0.0205352195526156,25.7208638998122,5578,235,7.51914893617021,48.6968253462198
"result_final_concave_5000",12.37,17737.9416493759,0.0199985326333596,24.256521859863,4290,201,6.15422885572139,50.0036686857664
"result_final_concave_5000",25.92,71244.2199598662,0.022282246080008,25.0067355460187,7514,236,10.9830508474576,44.8787791145174
"result_final_concave_5000",26.73,97411.067149738,0.0225502032402709,24.8678195035212,7556,224,11.9330357142857,44.3454983241201
"result_final_concave_5000",14,14379.5864915516,0.020130866966434,25.1112324609406,5022,227,6.16740088105727,49.6749594375339
"result_final_concave_5000",30.37,135007.803072866,0.0241032910076226,25.2166154677864,8436,210,14.4619047619048,41.4881104693858
"result_final_concave_5000",11.77,10501.0187388981,0.0199560152824506,25.2952319261213,4014,192,6.13020833333333,50.1102041588134
"result_final_concave_5000",36.28,367498.210731181,0.0287429672071118,24.7633368663974,9108,165,21.9878787878788,34.7911192603863
"result_final_concave_5000",26.97,78653.5513212542,0.0226342332297283,24.7184423100898,7712,213,12.6619718309859,44.1808648806613
"result_final_concave_5000",40.4,642377.218230717,0.0356813955618844,23.9456890281688,9244,120,33.6666666666667,28.025809648214
"result_final_concave_5000",8.18,5859.16414975945,0.0197616069416352,25.8251434866633,3062,165,4.95757575757576,50.6031722497793
"result_final_concave_5000",29.17,102978.574504365,0.0235184796003276,24.3359447217425,8046,206,14.1601941747573,42.519755400603
"result_final_concave_5000",2.93,1455.04526029619,0.0196253731783156,25.3791967945068,1180,72,4.06944444444444,50.954445090752
"result_final_concave_5000",4.6,2550.86464308645,0.0196526391771508,24.510285839422,1804,105,4.38095238095238,50.8837510822797
"result_final_concave_5000",24.96,90343.3126810329,0.0219934365948284,25.2811785399478,7374,231,10.8051948051948,45.4681102559089
"result_final_concave_5000",14.16,15067.6636662681,0.0201452708125125,25.2429258405646,4788,225,6.29333333333333,49.6394418971467
"result_final_concave_5000",23.45,52340.6103516646,0.0215945777029456,24.8225332478769,7134,220,10.6590909090909,46.3079210788917
"result_final_concave_5000",33.04,192946.010293823,0.0257556744493102,24.7026927640054,8740,185,17.8594594594595,38.8263954014523
"result_final_concave_5000",43.53,607718.986075592,0.046971783849742,22.8309140029581,9654,102,42.6764705882353,21.2893766862016
"result_final_concave_5000",9.41,7950.30097634494,0.0198174796743814,26.1946556513351,3278,182,5.17032967032967,50.4605033753473
"result_final_concave_5000",2.07,1185.87118146018,0.0196164358266224,24.6568518782877,800,49,4.22448979591837,50.9776602048601
"result_final_concave_5000",35.25,265206.947725337,0.0276385501761169,23.4566120908063,8624,158,22.3101265822785,36.1813479226607
"result_final_concave_5000",25.12,57673.6060086996,0.0220395432619015,24.2074184140618,7350,213,11.7934272300469,45.3729910877347
"result_final_concave_5000",14.76,15941.4747693179,0.0202016884462819,25.7655699586333,5260,255,5.78823529411765,49.5008128978471
"result_final_concave_5000",21.43,36473.0371612149,0.0211504309074819,24.8385251461438,6700,242,8.85537190082645,47.2803605928545
"result_final_concave_5000",5.64,2913.17817575862,0.0196767616340528,25.7026756378011,2226,137,4.11678832116788,50.8213708433297
"result_final_concave_5000",14.22,16096.419359447,0.0201507407768298,24.8764904511108,5000,236,6.02542372881356,49.6259671579838
"result_final_concave_5000",38.84,497417.65325262,0.0324304482915503,24.8193558041828,9326,139,27.9424460431655,30.8352197604542
"result_final_concave_5000",3.15,1535.73859453558,0.0196281995923359,25.8508355539559,1316,88,3.57954545454545,50.9471077719458
"result_final_concave_5000",35.7,300322.511227902,0.0281000736129238,25.9421893923974,8658,168,21.25,35.5870953854042
"result_final_concave_5000",1.81,724.205763174165,0.0196143774058937,25.7906943680457,778,53,3.41509433962264,50.9830100291392
"result_final_concave_5000",19.27,30437.0098995263,0.0207679188391955,25.4646662256114,6134,230,8.37826086956522,48.1511897144306
"result_final_concave_5000",4.1,2282.43999350805,0.0196430428477289,25.2447217285127,1662,100,4.1,50.9086096157255
"result_final_concave_5000",9.66,7310.71127831671,0.0198301329368187,25.1863897460395,3426,172,5.61627906976744,50.4283054070351
"result_final_concave_5000",34.2,246413.366528665,0.0266719004613082,24.9924509545277,8850,176,19.4318181818182,37.4926414205339
"result_final_concave_5000",27.2,80816.5009377576,0.0227168608431107,24.8245359161409,7698,215,12.6511627906977,44.0201666465403
"result_final_concave_5000",37.3,393828.032828456,0.0300255958678785,23.8001446810061,9224,147,25.3741496598639,33.3049177242076
"result_final_concave_5000",36.6,300351.168340557,0.0291231184913211,23.2490708890277,9008,144,25.4166666666667,34.336982157251
"result_final_concave_5000",33.5,245308.039293495,0.0261019435168639,24.4058431492904,8760,178,18.8202247191011,38.3113234213353
"result_final_concave_5000",25.04,56502.6933943967,0.0220163920584822,24.322183915479,7598,232,10.7931034482759,45.4207027810777
"result_final_concave_5000",21.9,53662.0101239696,0.0212456227300344,25.7548950058344,6858,244,8.97540983606557,47.0685191348298
"result_final_concave_5000",17.58,22721.9084688488,0.0205232595326432,25.2840085066157,5658,221,7.95475113122172,48.7252036358773
"result_final_concave_5000",9.58,7779.04595465768,0.0198260345730628,25.8524047673735,3552,190,5.04210526315789,50.4387297578245
"result_final_concave_5000",2.01,1052.59134187219,0.0196159347937312,24.6974654796448,838,56,3.58928571428571,50.978962283234
"result_final_concave_5000",3.62,1612.03874762696,0.0196349996514526,26.741881222277,1492,101,3.58415841584158,50.9294635982344
"result_final_concave_5000",38.27,415123.506989137,0.0314637457282236,25.1204329165501,9280,142,26.9507042253521,31.7826112834042
"result_final_concave_5000",11.78,9014.31051064204,0.0199566981688209,24.9306227628927,4172,198,5.94949494949495,50.1084894675782
"result_final_concave_5000",2.59,1462.36748092358,0.0196214426455091,23.7393843086014,944,56,4.625,50.9646521953816
"result_final_concave_5000",29.59,117231.112557143,0.0237138896479873,25.337015597464,8068,207,14.2946859903382,42.1693789945115
"result_final_concave_5000",36.37,404182.679306372,0.028847967110428,26.2765604422345,9136,157,23.1656050955414,34.6644876629286
"result_final_concave_5000",7.86,7260.01850546388,0.0197487356128808,24.2449503720695,2850,148,5.31081081081081,50.6361530987212
"result_final_concave_5000",35.55,256647.807611146,0.0279427934579743,24.2015100221252,8802,153,23.2352941176471,35.7874026268702
"result_final_concave_5000",1.46,527.252053867217,0.019612064024262,26.9997914788474,628,42,3.47619047619048,50.9890238356812
"result_final_concave_5000",39.58,561349.646985355,0.0338484644389902,25.4084192725588,9508,140,28.2714285714286,29.5434376883607
"result_final_concave_5000",17.98,25578.0306858804,0.0205772989998543,25.1960559786002,5894,249,7.22088353413655,48.597243010712
"result_final_concave_5000",37.61,383762.497333077,0.0304596258108929,25.2062563137331,9268,141,26.6737588652482,32.8303442139589
"result_final_concave_5000",13.99,19042.7351271354,0.0201299754947786,25.4403035225702,4600,208,6.72596153846154,49.6771593318325
"result_final_concave_5000",13.09,11191.9595087625,0.0200538456331327,24.5093894032642,4638,226,5.79203539823009,49.86574736308
"result_final_concave_5000",39.54,773445.934099667,0.0337665484429233,24.7045462330235,9392,132,29.9545454545455,29.615108624156
"result_final_concave_5000",10.78,8890.91029376204,0.0198925536145338,25.7022409394854,3928,199,5.41708542713568,50.2700668490035
"result_final_concave_5000",34.96,259527.689343675,0.0273568911909121,24.8024330983445,8762,156,22.4102564102564,36.5538610736661
"result_final_concave_5000",28.5,92142.937501426,0.0232256496401268,25.1028225905933,7968,229,12.4454148471616,43.0558462516504
"result_final_concave_5000",12.53,12014.9111984543,0.0200104115903728,25.1120853142053,4386,205,6.11219512195122,49.9739845671695
"result_final_concave_5000",3.34,1767.35900273225,0.0196308224838773,24.2798515676621,1340,85,3.92941176470588,50.9403006838504
"result_final_concave_5000",35.92,499125.228828139,0.028337262899386,25.5941955901849,8880,137,26.2189781021898,35.2892233646767
"result_final_concave_5000",42.4,914840.272896056,0.0418287152839414,23.9279416813486,9784,96,44.1666666666667,23.9070216049383
"result_final_concave_5000",21.7,50790.1519301396,0.0212045485696807,24.9054826809102,6442,220,9.86363636363636,47.1596929646429
"result_final_concave_5000",2.79,1455.99004237445,0.0196236908664829,24.7449371633913,1082,68,4.10294117647059,50.958813344741
"result_final_concave_5000",13.47,17647.4678828917,0.0200850138135649,25.1751063294733,4468,204,6.60294117647059,49.7883650607512
"result_final_concave_5000",36.54,459729.161700731,0.0290503770185844,25.4104494680193,9396,134,27.2686567164179,34.4229611670881
"result_final_concave_5000",25.11,62395.8391547411,0.0220366385930398,24.8527588271431,7360,231,10.8701298701299,45.3789717418993
"result_final_concave_5000",24.06,53776.7486111804,0.0217481290337117,25.5614188752632,7208,238,10.109243697479,45.9809668431663
"result_final_concave_5000",28.99,160860.595292077,0.0234375912368014,25.4247579979073,8016,180,16.1055555555556,42.666500575785
"result_final_concave_5000",21.22,40962.2828420487,0.021109372978976,25.0013375106332,6560,256,8.2890625,47.3723213378226
"result_final_concave_5000",3.91,2579.75013545194,0.0196397241669814,24.5067704294162,1496,93,4.20430107526882,50.9172120493023
"result_final_concave_5000",16.99,24172.8878623167,0.0204476293139852,25.8204213116824,5566,229,7.41921397379913,48.905424909872
"result_final_concave_5000",31.67,118055.078084132,0.0248391446233927,24.0854535652673,8498,187,16.9358288770053,40.2590352913454
"result_final_concave_5000",28.21,75954.8836714608,0.0231056543545406,24.6647474349312,7970,235,12.0042553191489,43.2794494652988
"result_final_concave_5000",4.8,2905.98154474478,0.0196568347790359,25.1253887763001,1802,108,4.44444444444444,50.8728903326035
"result_final_concave_5000",34.44,219227.196615482,0.026880327123509,24.3875479581405,8734,175,19.68,37.2019282133445
"result_final_concave_5000",26.89,87988.6958437865,0.0226059780080314,23.9776967688248,7672,215,12.506976744186,44.2360865627987
"result_final_concave_5000",8.91,12685.501138443,0.0197935109701128,25.8089499195638,3034,149,5.97986577181208,50.5216078900782
"result_final_concave_5000",37.95,475735.526738513,0.0309625752318336,25.3914059969235,9206,153,24.8039215686275,32.2970551548913
"result_final_concave_5000",8.62,5300.80936647026,0.0197804059667048,25.7236672420523,3078,170,5.07058823529412,50.5550796926636
"result_final_concave_5000",2.04,1155.38621105572,0.0196161833498736,22.1649818857484,788,51,4,50.978316330146
"result_final_concave_5000",11.68,12485.9955158051,0.0199499078597415,23.9469238836931,3998,198,5.8989898989899,50.1255447910102
"result_final_concave_5000",44.78,1805681.44596202,0.0551907670838107,26.1896865038818,10050,94,47.6382978723404,18.1189726622469
"result_final_concave_5000",5.17,2933.81103346284,0.0196651473589612,25.4778569788988,2054,127,4.07086614173228,50.8513860458976
"result_final_concave_5000",14.6,19245.9610349337,0.0201862664657144,23.9231861695673,4688,206,7.0873786407767,49.5386307170007
"result_final_concave_5000",29.14,137345.695143906,0.0235048816301699,25.0646000432208,8302,210,13.8761904761905,42.5443537957001
"result_final_concave_5000",5.03,3328.92592153254,0.0196619171731041,25.376772953817,1800,105,4.79047619047619,50.8597402377383
"result_final_concave_5000",22.37,37966.3374219316,0.0213455650596613,25.0308993882978,6986,244,9.16803278688525,46.8481390492582
"result_final_concave_5000",28.55,108456.74299875,0.0232467389959666,24.7195850436543,8082,203,14.064039408867,43.0167861468012
"result_final_concave_5000",6.9,4512.43804535422,0.019714006223929,24.8532764977461,2560,152,4.53947368421053,50.7253568169312
"result_final_concave_5000",42.01,653551.182067619,0.0403882463769092,24.4127614948724,9600,119,35.3025210084034,24.7596786121351
"result_final_concave_5000",29.74,109912.774434509,0.0237860249674983,25.0915085547763,8102,190,15.6526315789474,42.041492908816
"result_final_concave_5000",3.71,2354.85963121436,0.0196364221771558,24.7930945315247,1404,85,4.36470588235294,50.9257741037651
"result_final_concave_5000",6.2,4673.71688110776,0.0196921905098863,25.6033379251599,2222,123,5.04065040650407,50.7815521842508
"result_final_concave_5000",19.46,36192.9922598009,0.0207982314561831,25.4580140677464,6532,261,7.45593869731801,48.0810112199569
"result_final_concave_5000",20.54,34553.4686833346,0.0209823865771972,24.783574021833,6464,230,8.9304347826087,47.6590208802443
"result_final_concave_5000",41.5,1103088.25535886,0.0387034937473317,26.2712888030053,9612,123,33.739837398374,25.8374607348966
"result_final_concave_5000",20.01,39653.9763921266,0.0208894336304436,24.5654147983333,6218,221,9.05429864253394,47.8710920406493
"result_final_concave_5000",15.45,16424.0879018453,0.0202714555571064,25.3705388013885,5190,234,6.6025641025641,49.3304487772432
"result_final_concave_5000",44.62,1055333.41486512,0.053931935896313,24.9346731256114,9322,99,45.0707070707071,18.5418895758267
"result_final_concave_5000",13.9,17052.3975194933,0.0201219983398532,25.0182722902757,4644,211,6.58767772511848,49.6968533199519
"result_final_concave_5000",23.62,53135.7159907534,0.0216363903233232,24.5586727409313,6976,228,10.359649122807,46.2184303877176
"result_final_concave_5000",9.44,6012.50247409996,0.0198189742136064,24.8671100974194,3498,183,5.15846994535519,50.4566981732821
"result_final_concave_5000",23.92,60427.4066061558,0.0217120154962737,25.2693965245407,7016,220,10.8727272727273,46.0574468626196
"result_final_concave_5000",40.9,565649.642180347,0.0369637647562815,23.6265327226077,9454,118,34.6610169491525,27.0535213767711
"result_final_concave_5000",25.77,67351.1221683269,0.0222351431917808,24.820262373861,7424,236,10.9194915254237,44.9738502412545
"result_final_concave_5000",20.49,36152.3974465421,0.0209733976074947,25.060883102798,6360,223,9.18834080717489,47.6794470173329
"result_final_concave_5000",10.87,13069.3503205092,0.0198979916492298,24.9042027043171,3768,192,5.66145833333333,50.2563282580686
"result_final_concave_5000",22.2,44412.4776033417,0.0213088522543904,25.2996889906986,6810,241,9.21161825726141,46.9288532325322
"result_final_concave_5000",5.11,2904.07855141322,0.0196637502526591,25.1256517569147,2096,136,3.75735294117647,50.8549990287215
"result_final_concave_5000",26.62,66194.1544635535,0.0225124186536131,24.8918835716082,7778,235,11.3276595744681,44.419927302636
"result_final_concave_5000",10.57,8293.91951212016,0.0198801146638053,26.2660053094222,3862,224,4.71875,50.3015207362284
"result_final_concave_5000",36.98,590678.165640784,0.0296003234379388,24.9332026921014,9252,139,26.6043165467626,33.7834146338515
"result_final_concave_5000",33.41,167201.585386432,0.0260325135438824,24.2106795010722,8870,184,18.1576086956522,38.4135015742649
"result_final_concave_5000",31.63,118203.747448227,0.0248147067119693,24.9821749918369,8518,211,14.9905213270142,40.2986830191974
"result_final_concave_5000",5.43,4010.0758419545,0.0196714243072616,25.2875207474608,2048,123,4.41463414634146,50.8351598938799
"result_final_concave_5000",41.27,661987.166798553,0.0380081853029494,25.9773755157891,9648,145,28.4620689655172,26.3101222020826
"result_final_concave_5000",38.2,293467.252468287,0.031351697810625,25.7438787752349,9480,165,23.1515151515152,31.8961992438286
"result_final_concave_5000",33.22,193277.656874282,0.0258886542061021,25.3898362690729,8844,207,16.048309178744,38.6269595954623
"result_final_concave_5000",25.43,81164.0828034544,0.0221311380338437,24.8581022571737,7548,223,11.4035874439462,45.1852045959302
"result_final_concave_5000",32.08,189736.991158584,0.025096827905322,24.5202914158849,8454,180,17.8222222222222,39.8456730775901
"result_final_concave_5000",21.35,38072.9090887049,0.0211346844447855,25.2291836306827,6624,242,8.82231404958678,47.3155869732764
"result_final_concave_5000",29.37,147599.461152839,0.0236103461009826,23.6518119622507,8306,209,14.0526315789474,42.354313474396
"result_final_concave_5000",8.02,4511.79767317431,0.0197550881951846,24.7039053771323,3124,185,4.33513513513514,50.6198701883677
"result_final_concave_5000",31.74,195106.747463725,0.0248822057170488,24.5384014780534,8634,179,17.731843575419,40.18936308829
"result_final_concave_5000",32.33,161461.203626355,0.0252606375688307,25.8381816961087,8462,185,17.4756756756757,39.587282675474
"result_final_concave_5000",25.74,71050.091120533,0.0222258132517499,24.6450181082739,7432,223,11.542600896861,44.9927293401184
"result_final_concave_5000",27.84,125137.259046076,0.0229581278088719,25.6481130308733,7720,201,13.8507462686567,43.5575587140673
"result_final_concave_5000",34.06,283734.429704108,0.0265534930510784,23.9140447954006,8644,172,19.8023255813953,37.659828711665
"result_final_concave_5000",2.33,1045.00209791912,0.0196187892898375,24.8895101602565,924,62,3.75806451612903,50.9715449422762
"result_final_concave_5000",34.64,322822.148482118,0.0270594627608834,24.4819263201092,8868,169,20.4970414201183,36.9556487073195
"result_final_concave_5000",40.92,620826.033075429,0.0370180281594255,24.8352091841828,9398,120,34.1,27.0138645876355
"result_final_concave_5000",38.99,645571.734718975,0.0327020514687712,23.2910285182275,8992,131,29.763358778626,30.5791213421259
"result_final_concave_5000",29.86,131532.355600035,0.0238446523386281,24.5382203938458,8430,222,13.4504504504505,41.938124565566
"result_final_concave_5000",7.82,6286.48140937343,0.019747173209506,25.4673200761317,2910,160,4.8875,50.6401594491821
"result_final_concave_5000",34.84,226920.112279943,0.0272437557031364,25.1794348881508,8608,169,20.6153846153846,36.7056587533883
"result_final_concave_5000",2.9,1637.35493857171,0.0196250051074207,25.1239803713295,1128,78,3.71794871794872,50.9554007515583
"result_final_concave_5000",22.12,44616.6453951552,0.0212917983314713,24.7711822173604,6490,233,9.49356223175966,46.966441464078
"result_final_concave_5000",10.95,8464.97921256731,0.0199028799049539,25.2013660736587,4070,218,5.02293577981651,50.2439850300808
"result_final_concave_5000",13.64,14743.5625388025,0.0200994146550378,25.2217039767619,4692,210,6.4952380952381,49.7526926610948
"result_final_concave_5000",39.86,539556.922932458,0.0344403840620593,24.6384554238931,9414,130,30.6615384615385,29.0356808506568
"result_final_concave_5000",12.25,13239.9971437384,0.0199897747939748,25.0302297177424,4126,203,6.03448275862069,50.025576091103
"result_final_concave_5000",26.98,83795.9052314934,0.0226377825601935,24.1940340446424,7890,220,12.2636363636364,44.1739378554863
"result_final_concave_5000",1.46,895.337455018892,0.019612064024262,24.565570625851,504,27,5.40740740740741,50.9890238356812
"result_final_concave_5000",11.49,10933.0528674754,0.0199372406034129,25.8494041387234,4112,221,5.19909502262443,50.1573923840202
"result_final_concave_5000",3.13,2065.86985770107,0.0196279333473475,25.2727222356264,1164,75,4.17333333333333,50.9477988488859
"result_final_concave_5000",7.19,7484.64395007281,0.0197238973197388,24.7029372903116,2486,137,5.24817518248175,50.6999191787135
"result_final_concave_5000",20.41,30728.3236962619,0.0209591117912895,25.1572166676817,6490,239,8.53974895397489,47.7119455231683
"result_final_convex_5000",3.68,2067.98097292856,0.028473402919457,26.2115393618511,1388,81,4.54320987654321,35.1204948291116
"result_final_convex_5000",16.55,9699.94829430591,0.12691989956795,24.3540707199368,5588,236,7.01271186440678,7.87898511899328
"result_final_convex_5000",10.21,4713.57580442697,0.0587020358910921,25.1209751047959,3564,179,5.70391061452514,17.0351842967638
"result_final_convex_5000",18.95,7184.86112921846,0.171719274009743,24.6487822457833,6096,246,7.70325203252033,5.82345811654935
"result_final_convex_5000",25.94,7696.98283427002,0.399403624063787,25.2603646417481,7516,217,11.9539170506912,2.50373291515325
"result_final_convex_5000",19.32,5493.34676909642,0.179921247132762,25.0874911769656,6102,249,7.75903614457831,5.55798726351708
"result_final_convex_5000",29.37,16997.1138212589,0.561972992273253,24.1852782475291,8110,201,14.6119402985075,1.77944494441783
"result_final_convex_5000",8.18,3411.80504721649,0.0464843364502133,25.4732128572436,3036,169,4.84023668639053,21.5126228825713
"result_final_convex_5000",12.27,4214.2046941379,0.0749358053755902,25.0622599259696,4432,216,5.68055555555556,13.3447554875515
"result_final_convex_5000",24.58,8329.44817533182,0.342593075586897,24.4459418206822,7102,221,11.1221719457014,2.91891480377091
"result_final_convex_5000",41.33,197962.32779325,0.96030085923857,25.490101283755,9530,131,31.5496183206107,1.04134031577657
"result_final_convex_5000",10.19,5078.39837935923,0.0585651232170693,24.917199871124,3670,204,4.99509803921569,17.07500889725
"result_final_convex_5000",12.68,4807.44890028489,0.0787320596325118,24.4758664575216,4064,190,6.67368421052632,12.701306236209
"result_final_convex_5000",10.38,4274.61362335137,0.0598804842232488,25.3709974293383,3790,208,4.99038461538461,16.699931755257
"result_final_convex_5000",7.01,4652.71318631863,0.0407739420880245,25.6842428873626,2464,132,5.31060606060606,24.525467707811
"result_final_convex_5000",0.74,256.35665258217,0.0210944754864066,22.748750330235,316,25,2.96,47.4057769601527
"result_final_convex_5000",33.83,100673.287047922,0.769968567416907,25.1200786600957,8750,173,19.5549132947977,1.29875431584799
"result_final_convex_5000",18.98,4614.0232284918,0.172370345649143,25.0790078805072,6170,252,7.53174603174603,5.80146194076494
"result_final_convex_5000",37.76,197405.764883889,0.897944310617481,25.4801959693378,9392,148,25.5135135135135,1.11365480929696
"result_final_convex_5000",9.27,5024.15332087356,0.0526408592524799,24.1689427061347,3330,164,5.65243902439024,18.9966504004756
"result_final_convex_5000",42.75,420955.562585941,0.974369252628655,27.0788637767366,9372,111,38.5135135135135,1.02630496323873
"result_final_convex_5000",21.64,4223.14706632503,0.240545206781687,24.5675629618925,6872,259,8.35521235521236,4.15722272490583
"result_final_convex_5000",10.8,4951.54764510516,0.0629078983987733,25.5197175860655,3760,183,5.9016393442623,15.8962550880495
"result_final_convex_5000",33.84,17594.9434196629,0.770375970909027,24.1413929710015,8956,183,18.4918032786885,1.29806748621718
"result_final_convex_5000",12.22,5464.47146275573,0.0744868858678917,25.1318081071521,4240,214,5.71028037383178,13.4251820081937
"result_final_convex_5000",27.23,9148.41288441869,0.458053532662078,24.9658042814976,7600,208,13.0913461538462,2.18315093912339
"result_final_convex_5000",21.87,6220.79558857502,0.247480066386095,24.5767014241147,6658,234,9.34615384615385,4.04072948016708
"result_final_convex_5000",27.36,5415.86301234961,0.464176439676014,24.649519636728,7854,234,11.6923076923077,2.15435320391957
"result_final_convex_5000",20.69,8061.42509328705,0.213718143372799,25.8153953053778,6404,219,9.44748858447489,4.67905992546291
"result_final_convex_5000",1.09,540.5823103808,0.0218433635581675,25.4937293671851,416,30,3.63333333333333,45.7804951758946
"result_final_convex_5000",29.6,11031.6901013878,0.573358448781431,24.8854230453791,8516,201,14.726368159204,1.74410964401993
"result_final_convex_5000",26.09,10986.789730657,0.406005032393771,25.5902204578615,7578,214,12.1915887850467,2.46302365786967
"result_final_convex_5000",13.3,5295.9264177501,0.0848821799851679,24.0740542157254,4610,222,5.99099099099099,11.7810357860123
"result_final_convex_5000",4.05,2296.01011876251,0.0296021121110303,26.1477638754723,1536,90,4.5,33.7813733104328
"result_final_convex_5000",13.53,6152.63050954275,0.087296321980182,25.7458949586309,4622,214,6.32242990654206,11.4552363411945
"result_final_convex_5000",8.85,4430.58160153002,0.0501646704880451,26.1202830305844,3170,169,5.23668639053254,19.9343480236417
"result_final_convex_5000",19.81,6118.17746304181,0.191374349524543,24.4583880237135,6110,230,8.61304347826087,5.22536067390658
"result_final_convex_5000",1.67,784.754249087117,0.0231546102605333,26.442116926958,624,42,3.97619047619048,43.1879435131105
"result_final_convex_5000",28.09,16209.6017135184,0.499126677246568,24.0495503744523,8110,219,12.8264840182648,2.00349940323066
"result_final_convex_5000",2.4,1211.55510998796,0.0249390567727012,25.2749585634788,956,62,3.87096774193548,40.0977474454696
"result_final_convex_5000",39.01,111116.400943,0.924958073654052,24.573834436969,9186,139,28.0647482014388,1.08113008414478
"result_final_convex_5000",31.82,24943.8990125218,0.681326545629026,24.9644246468537,8586,204,15.5980392156863,1.46772499385997
"result_final_convex_5000",6.21,3045.45164660453,0.0373333909174786,24.9973742748898,2322,138,4.5,26.7856729706228
"result_final_convex_5000",11.68,4576.58880988209,0.069824365386613,24.5747201523794,4280,217,5.38248847926267,14.3216482450369
"result_final_convex_5000",32.1,37463.27681049,0.694376449900945,25.1072916738177,8670,184,17.445652173913,1.44014100729173
"result_final_convex_5000",36.58,126645.637164489,0.866516155308317,23.3969852790616,9114,139,26.3165467625899,1.15404657359699
"result_final_convex_5000",37.16,65776.7334169208,0.882709854199683,25.4526073192147,9298,153,24.2875816993464,1.13287508374613
"result_final_convex_5000",32.21,29628.1224820616,0.699450516696039,24.6515413216933,8718,193,16.6891191709845,1.42969370402877
"result_final_convex_5000",17.67,8388.94013139658,0.146115884879891,25.7208638998122,5578,235,7.51914893617021,6.84388285929358
"result_final_convex_5000",12.37,8891.01120071602,0.0758426708889575,24.256521859863,4290,201,6.15422885572139,13.1851896601073
"result_final_convex_5000",25.92,10345.6109535969,0.398528168754549,25.0067355460187,7514,236,10.9830508474576,2.50923291852901
"result_final_convex_5000",26.73,19543.1460002767,0.434840465496065,24.8678195035212,7556,224,11.9330357142857,2.29969397824833
"result_final_convex_5000",14,5621.53842940884,0.0924663107974958,25.1112324609406,5022,227,6.16740088105727,10.8147496247583
"result_final_convex_5000",30.37,27422.6871213487,0.611391757302767,25.2166154677864,8436,210,14.4619047619048,1.63561249895096
"result_final_convex_5000",11.77,4405.60171198498,0.0705783668342376,25.2952319261213,4014,192,6.13020833333333,14.168647488665
"result_final_convex_5000",36.28,89334.4369817306,0.857564817745887,24.7633368663974,9108,165,21.9878787878788,1.16609261400031
"result_final_convex_5000",26.97,10267.4291906751,0.445913330287935,24.7184423100898,7712,213,12.6619718309859,2.2425882611634
"result_final_convex_5000",40.4,123656.128978173,0.948201837697173,23.9456890281688,9244,120,33.6666666666667,1.05462778096763
"result_final_convex_5000",8.18,3680.56607288823,0.0464843364502133,25.8251434866633,3062,165,4.95757575757576,21.5126228825713
"result_final_convex_5000",29.17,14190.4327911969,0.552080630284394,24.3359447217425,8046,206,14.1601941747573,1.81132962314738
"result_final_convex_5000",2.93,1265.35163043807,0.0263362647975951,25.3791967945068,1180,72,4.06944444444444,37.970456618864
"result_final_convex_5000",4.6,2019.6905804791,0.0313778998840526,24.510285839422,1804,105,4.38095238095238,31.8695643652122
"result_final_convex_5000",24.96,12408.4301907178,0.357889961424226,25.2811785399478,7374,231,10.8051948051948,2.79415492968982
"result_final_convex_5000",14.16,5600.84545993606,0.094301650397674,25.2429258405646,4788,225,6.29333333333333,10.6042682793245
"result_final_convex_5000",23.45,6705.11911710182,0.299916550271331,24.8225332478769,7134,220,10.6590909090909,3.33426081053317
"result_final_convex_5000",33.04,31386.2986662646,0.736643220290972,24.7026927640054,8740,185,17.8594594594595,1.35750926969097
"result_final_convex_5000",43.53,119048.439290092,0.980219793482751,22.8309140029581,9654,102,42.6764705882353,1.02017935839366
"result_final_convex_5000",9.41,4313.56741720975,0.0534969140272162,26.1946556513351,3278,182,5.17032967032967,18.6926670104981
"result_final_convex_5000",2.07,1072.03555031721,0.0241130633987934,24.6568518782877,800,49,4.22448979591837,41.4712964280615
"result_final_convex_5000",35.25,57529.3441007301,0.823835201943193,23.4566120908063,8624,158,22.3101265822785,1.21383499714662
"result_final_convex_5000",25.12,8833.01812466562,0.364468221167813,24.2074184140618,7350,213,11.7934272300469,2.74372343573836
"result_final_convex_5000",14.76,5553.06655250994,0.101543901521951,25.7655699586333,5260,255,5.78823529411765,9.84795723831655
"result_final_convex_5000",21.43,5504.54136012931,0.234365004953019,24.8385251461438,6700,242,8.85537190082645,4.26684862870402
"result_final_convex_5000",5.64,2123.26596625904,0.0350861918887803,25.7026756378011,2226,137,4.11678832116788,28.501240692347
"result_final_convex_5000",14.22,6782.37297872271,0.0950000716232084,24.8764904511108,5000,236,6.02542372881356,10.5263078533901
"result_final_convex_5000",38.84,82692.8341348484,0.921642886847604,24.8193558041828,9326,139,27.9424460431655,1.08501895286189
"result_final_convex_5000",3.15,1329.11233411787,0.0269430698204064,25.8508355539559,1316,88,3.57954545454545,37.1152955719474
"result_final_convex_5000",35.7,56342.1057246267,0.839140536865823,25.9421893923974,8658,168,21.25,1.191695498033
"result_final_convex_5000",1.81,671.085894736533,0.0234848789336622,25.7906943680457,778,53,3.41509433962264,42.5805899542724
"result_final_convex_5000",19.27,6110.0499798624,0.178790789938946,25.4646662256114,6134,230,8.37826086956522,5.59312926768478
"result_final_convex_5000",4.1,1896.84707911072,0.0297586140150518,25.2447217285127,1662,100,4.1,33.6037155323902
"result_final_convex_5000",9.66,3795.18273045585,0.0550651735984486,25.1863897460395,3426,172,5.61627906976744,18.1602986906442
"result_final_convex_5000",34.2,50263.4186603474,0.784787569861137,24.9924509545277,8850,176,19.4318181818182,1.27423017183738
"result_final_convex_5000",27.2,9685.63533604211,0.456645425515804,24.8245359161409,7698,215,12.6511627906977,2.1898828809474
"result_final_convex_5000",37.3,128235.624631461,0.886401159346546,23.8001446810061,9224,147,25.3741496598639,1.12815736921779
"result_final_convex_5000",36.6,97787.5036392366,0.86709890917875,23.2490708890277,9008,144,25.4166666666667,1.15327096991406
"result_final_convex_5000",33.5,39263.3919368359,0.756316575086632,24.4058431492904,8760,178,18.8202247191011,1.32219765233289
"result_final_convex_5000",25.04,8115.7679398063,0.361169041585482,24.322183915479,7598,232,10.7931034482759,2.76878659258872
"result_final_convex_5000",21.9,11147.5585223851,0.248397499815187,25.7548950058344,6858,244,8.97540983606557,4.02580541569066
"result_final_convex_5000",17.58,5321.06631411346,0.144468197141958,25.2840085066157,5658,221,7.95475113122172,6.92193866735511
"result_final_convex_5000",9.58,4430.43902517257,0.0545577281279916,25.8524047673735,3552,190,5.04210526315789,18.329208973915
"result_final_convex_5000",2.01,984.645015240781,0.0239663606967031,24.6974654796448,838,56,3.58928571428571,41.7251502076226
"result_final_convex_5000",3.62,1342.5421041289,0.0282951455079826,26.741881222277,1492,101,3.58415841584158,35.3417514576089
"result_final_convex_5000",38.27,58721.6849198929,0.909715770883697,25.1204329165501,9280,142,26.9507042253521,1.09924443656572
"result_final_convex_5000",11.78,3846.5688520778,0.0706627033394451,24.9306227628927,4172,198,5.94949494949495,14.1517370938423
"result_final_convex_5000",2.59,1276.38657616883,0.025429700255848,23.7393843086014,944,56,4.625,39.3240970180147
"result_final_convex_5000",29.59,12858.231735716,0.572863376962408,25.337015597464,8068,207,14.2946859903382,1.74561691358675
"result_final_convex_5000",36.37,115645.635917426,0.860291609069688,26.2765604422345,9136,157,23.1656050955414,1.16239655188709
"result_final_convex_5000",7.86,4880.02085099139,0.0448361443099339,24.2449503720695,2850,148,5.31081081081081,22.3034343249368
"result_final_convex_5000",35.55,62692.9570807678,0.834136308869829,24.2015100221252,8802,153,23.2352941176471,1.19884482831697
"result_final_convex_5000",1.46,489.897912348033,0.0226694058018495,26.9997914788474,628,42,3.47619047619048,44.1123163412785
"result_final_convex_5000",39.58,167642.077765472,0.935298024786126,25.4084192725588,9508,140,28.2714285714286,1.0691779235059
"result_final_convex_5000",17.98,6522.35854548131,0.151939484460128,25.1960559786002,5894,249,7.22088353413655,6.58156767842937
"result_final_convex_5000",37.61,108701.473104498,0.894278077146679,25.2062563137331,9268,141,26.6737588652482,1.1182204121459
"result_final_convex_5000",13.99,7238.40246094546,0.0923528985593062,25.4403035225702,4600,208,6.72596153846154,10.8280304744072
"result_final_convex_5000",13.09,4191.07840062523,0.0827418056017062,24.5093894032642,4638,226,5.79203539823009,12.0857889518836
"result_final_convex_5000",39.54,80129.1095611631,0.934610384560869,24.7045462330235,9392,132,29.9545454545455,1.06996457188934
"result_final_convex_5000",10.78,4434.18857653676,0.0627598923774049,25.7022409394854,3928,199,5.41708542713568,15.9337430661373
"result_final_convex_5000",34.96,59768.1175763427,0.813510325855301,24.8024330983445,8762,156,22.4102564102564,1.22924069703557
"result_final_convex_5000",28.5,10219.3105674112,0.519099889365301,25.1028225905933,7968,229,12.4454148471616,1.92641150669998
"result_final_convex_5000",12.53,5019.6782622033,0.0773190451497489,25.1120853142053,4386,205,6.11219512195122,12.9334240750547
"result_final_convex_5000",3.34,1515.27013984571,0.0274803429824155,24.2798515676621,1340,85,3.92941176470588,36.3896477070863
"result_final_convex_5000",35.92,158616.922297476,0.846302487506057,25.5941955901849,8880,137,26.2189781021898,1.18161061176468
"result_final_convex_5000",42.4,379452.565970519,0.971340928398031,23.9279416813486,9784,96,44.1666666666667,1.02950464740453
"result_final_convex_5000",21.7,15423.1834921807,0.242337495569817,24.9054826809102,6442,220,9.86363636363636,4.12647658031071
"result_final_convex_5000",2.79,1285.33738688384,0.0259584558233704,24.7449371633913,1082,68,4.10294117647059,38.523092698746
"result_final_convex_5000",13.47,7559.98973763098,0.0866593780532809,25.1751063294733,4468,204,6.60294117647059,11.5394319975983
"result_final_convex_5000",36.54,154697.42793745,0.86534540350019,25.4104494680193,9396,134,27.2686567164179,1.15560791789631
"result_final_convex_5000",25.11,12032.0628630197,0.364054729684567,24.8527588271431,7360,231,10.8701298701299,2.7468397426575
"result_final_convex_5000",24.06,7370.02399530872,0.322424015769317,25.5614188752632,7208,238,10.109243697479,3.10150593966755
"result_final_convex_5000",28.99,23023.8408725565,0.543190752733393,25.4247579979073,8016,180,16.1055555555556,1.84097390275496
"result_final_convex_5000",21.22,6146.16537268571,0.228328058886389,25.0013375106332,6560,256,8.2890625,4.37966321299818
"result_final_convex_5000",3.91,2147.37248775361,0.0291689926607516,24.5067704294162,1496,93,4.20430107526882,34.2829802739658
"result_final_convex_5000",16.99,7563.59514981933,0.134129266407519,25.8204213116824,5566,229,7.41921397379913,7.45549444042842
"result_final_convex_5000",31.67,20001.4524946814,0.674261578183751,24.0854535652673,8498,187,16.9358288770053,1.48310393526157
"result_final_convex_5000",28.21,7921.68647974263,0.504951043652383,24.6647474349312,7970,235,12.0042553191489,1.98039000527033
"result_final_convex_5000",4.8,2272.103063073,0.0320542053344857,25.1253887763001,1802,108,4.44444444444444,31.1971546187153
"result_final_convex_5000",34.44,43161.1617620437,0.794112618164898,24.3875479581405,8734,175,19.68,1.25926723379725
"result_final_convex_5000",26.89,8000.50026849366,0.44220766484426,23.9776967688248,7672,215,12.506976744186,2.26138097437137
"result_final_convex_5000",8.91,7799.91657841987,0.050510159903684,25.8089499195638,3034,149,5.97986577181208,19.7979971139839
"result_final_convex_5000",37.95,182621.531723313,0.902454074981386,25.3914059969235,9206,153,24.8039215686275,1.10808962774158
"result_final_convex_5000",8.62,3054.37541576202,0.0488650145431237,25.7236672420523,3078,170,5.07058823529412,20.4645390848599
"result_final_convex_5000",2.04,1078.39366694577,0.0240395804269944,22.1649818857484,788,51,4,41.5980637863831
"result_final_convex_5000",11.68,5469.18850344825,0.069824365386613,23.9469238836931,3998,198,5.8989898989899,14.3216482450369
"result_final_convex_5000",44.78,985598.569744607,0.987395622375907,26.1896865038818,10050,94,47.6382978723404,1.01276527598306
"result_final_convex_5000",5.17,2246.46230529197,0.0333505995692221,25.4778569788988,2054,127,4.07086614173228,29.9844684328512
"result_final_convex_5000",14.6,7327.7504851138,0.0995556362363186,23.9231861695673,4688,206,7.0873786407767,10.044634716876
"result_final_convex_5000",29.14,31297.727213306,0.550597943920715,25.0646000432208,8302,210,13.8761904761905,1.81620729071229
"result_final_convex_5000",5.03,2565.50071618584,0.0328530295148156,25.376772953817,1800,105,4.79047619047619,30.438593175982
"result_final_convex_5000",22.37,5088.29046648186,0.263162393475511,25.0308993882978,6986,244,9.16803278688525,3.79993503932414
"result_final_convex_5000",28.55,15318.704048497,0.521548674968729,24.7195850436543,8082,203,14.064039408867,1.91736658147959
"result_final_convex_5000",6.9,3099.13016889183,0.0402798370141338,24.8532764977461,2560,152,4.53947368421053,24.82631693989
"result_final_convex_5000",42.01,183446.277449452,0.967642163692849,24.4127614948724,9600,119,35.3025210084034,1.03343987841917
"result_final_convex_5000",29.74,12681.2688913907,0.58028864733383,25.0915085547763,8102,190,15.6526315789474,1.72328030988467
"result_final_convex_5000",3.71,2001.34380336988,0.0285630237908918,24.7930945315247,1404,85,4.36470588235294,35.0102988857532
"result_final_convex_5000",6.2,3420.25717016595,0.0372925567434277,25.6033379251599,2222,123,5.04065040650407,26.8150024381537
"result_final_convex_5000",19.46,12195.4012507823,0.183123805409009,25.4580140677464,6532,261,7.45593869731801,5.46078647593899
"result_final_convex_5000",20.54,6726.30551927465,0.209743230254193,24.783574021833,6464,230,8.9304347826087,4.76773433301316
"result_final_convex_5000",41.5,554032.922730045,0.962248233901419,26.2712888030053,9612,123,33.739837398374,1.03923287647463
"result_final_convex_5000",20.01,5907.33644004321,0.19624860633573,24.5654147983333,6218,221,9.05429864253394,5.09557758738557
"result_final_convex_5000",15.45,4862.65572290963,0.110620250498164,25.3705388013885,5190,234,6.6025641025641,9.0399361373404
"result_final_convex_5000",44.62,334835.746715961,0.986608886405595,24.9346731256114,9322,99,45.0707070707071,1.01357286943075
"result_final_convex_5000",13.9,6078.18079471661,0.0913389741730089,25.0182722902757,4644,211,6.58767772511848,10.9482289357209
"result_final_convex_5000",23.62,6241.6379210513,0.306062771688233,24.5586727409313,6976,228,10.359649122807,3.26730361384376
"result_final_convex_5000",9.44,3269.26521219601,0.0536824040098878,24.8671100974194,3498,183,5.15846994535519,18.628077830043
"result_final_convex_5000",23.92,12877.4049283226,0.31714749561732,25.2693965245407,7016,220,10.8727272727273,3.15310703637601
"result_final_convex_5000",40.9,141107.909205393,0.955020284116241,23.6265327226077,9454,118,34.6610169491525,1.04709817857469
"result_final_convex_5000",25.77,7035.63402182114,0.391998368717022,24.820262373861,7424,236,10.9194915254237,2.55103102411604
"result_final_convex_5000",20.49,7105.92313079783,0.208433695372258,25.060883102798,6360,223,9.18834080717489,4.79768877202902
"result_final_convex_5000",10.87,6778.30568144453,0.0634290153637486,24.9042027043171,3768,192,5.66145833333333,15.76565542229
"result_final_convex_5000",22.2,6443.0730768561,0.257736565749684,25.2996889906986,6810,241,9.21161825726141,3.87993064581767
"result_final_convex_5000",5.11,2215.95944457103,0.0331362904525321,25.1256517569147,2096,136,3.75735294117647,30.1783931255825
"result_final_convex_5000",26.62,7918.73784529354,0.429810729453066,24.8918835716082,7778,235,11.3276595744681,2.3266054834706
"result_final_convex_5000",10.57,4092.94384546731,0.0612292375574581,26.2660053094222,3862,224,4.71875,16.3320668342733
"result_final_convex_5000",36.98,208041.476556214,0.877840191399726,24.9332026921014,9252,139,26.6043165467626,1.13915950738766
"result_final_convex_5000",33.41,16632.8463848739,0.752524922272929,24.2106795010722,8870,184,18.1576086956522,1.32885964358442
"result_final_convex_5000",31.63,13544.4427654734,0.672369424598861,24.9821749918369,8518,211,14.9905213270142,1.48727762360194
"result_final_convex_5000",5.43,3089.13538871024,0.0342980721482918,25.2875207474608,2048,123,4.41463414634146,29.1561576894579
"result_final_convex_5000",41.27,133760.38634299,0.95959495408736,25.9773755157891,9648,145,28.4620689655172,1.04210635512467
"result_final_convex_5000",38.2,46705.9994143309,0.90816266523378,25.7438787752349,9480,165,23.1515151515152,1.10112432307772
"result_final_convex_5000",33.22,32388.9554930832,0.744427431116059,25.3898362690729,8844,207,16.048309178744,1.34331428182433
"result_final_convex_5000",25.43,11698.477413157,0.377439462660326,24.8581022571737,7548,223,11.4035874439462,2.64943149545532
"result_final_convex_5000",32.08,70511.9302086769,0.693450599053658,24.5202914158849,8454,180,17.8222222222222,1.44206379137128
"result_final_convex_5000",21.35,5714.70915177636,0.232048406534089,25.2291836306827,6624,242,8.82231404958678,4.3094456666872
"result_final_convex_5000",29.37,15991.4986004813,0.561972992273253,23.6518119622507,8306,209,14.0526315789474,1.77944494441783
"result_final_convex_5000",8.02,2821.54516196261,0.0456517244528448,24.7039053771323,3124,185,4.33513513513514,21.9049775662458
"result_final_convex_5000",31.74,48593.3886235822,0.677564673472234,24.5384014780534,8634,179,17.731843575419,1.47587387470398
"result_final_convex_5000",32.33,21033.9240948443,0.704949900001052,25.8381816961087,8462,185,17.4756756756757,1.41854052323223
"result_final_convex_5000",25.74,10860.2851137301,0.390700135765776,24.6450181082739,7432,223,11.542600896861,2.55950768494101
"result_final_convex_5000",27.84,18948.7732090187,0.487058318392232,25.6481130308733,7720,201,13.8507462686567,2.05314222596788
"result_final_convex_5000",34.06,71487.2374387054,0.77924260430877,23.9140447954006,8644,172,19.8023255813953,1.28329738963266
"result_final_convex_5000",2.33,925.564706808616,0.0247611020503504,24.8895101602565,924,62,3.75806451612903,40.3859245831043
"result_final_convex_5000",34.64,92141.5673020191,0.80170562442297,24.4819263201092,8868,169,20.4970414201183,1.24734063169353
"result_final_convex_5000",40.92,246992.700107032,0.955277529782924,24.8352091841828,9398,120,34.1,1.04681620662347
"result_final_convex_5000",38.99,162772.280898636,0.924573687203531,23.2910285182275,8992,131,29.763358778626,1.08157955806054
"result_final_convex_5000",29.86,23059.2904348459,0.586226197058242,24.5382203938458,8430,222,13.4504504504505,1.70582618964851
"result_final_convex_5000",7.82,4228.23154072505,0.0446348662082104,25.4673200761317,2910,160,4.8875,22.4040102491907
"result_final_convex_5000",34.84,21816.7334938705,0.809133722914502,25.1794348881508,8608,169,20.6153846153846,1.23588965788992
"result_final_convex_5000",2.9,1407.96881288056,0.0262547658246711,25.1239803713295,1128,78,3.71794871794872,38.0883229611715
"result_final_convex_5000",22.12,5345.40574603672,0.25521677693863,24.7711822173604,6490,233,9.49356223175966,3.91823771146699
"result_final_convex_5000",10.95,3990.07853616469,0.064030521123787,25.2013660736587,4070,218,5.02293577981651,15.6175521056084
"result_final_convex_5000",13.64,5318.19456700398,0.0884773936613691,25.2217039767619,4692,210,6.4952380952381,11.302322080455
"result_final_convex_5000",39.86,129588.882811184,0.939956415280821,24.6384554238931,9414,130,30.6615384615385,1.06387911582181
"result_final_convex_5000",12.25,5914.4199838113,0.0747558784830632,25.0302297177424,4126,203,6.03448275862069,13.376874438397
"result_final_convex_5000",26.98,9136.89788019809,0.446377548778803,24.1940340446424,7890,220,12.2636363636364,2.24025604051054
"result_final_convex_5000",1.46,849.180888945104,0.0226694058018495,24.565570625851,504,27,5.40740740740741,44.1123163412785
"result_final_convex_5000",11.49,5274.78791129797,0.0682619082412799,25.8494041387234,4112,221,5.19909502262443,14.6494586184931
"result_final_convex_5000",3.13,1820.80194349939,0.0268872336364601,25.2727222356264,1164,75,4.17333333333333,37.1923721689227
"result_final_convex_5000",7.19,5209.90089568367,0.0415976090855546,24.7029372903116,2486,137,5.24817518248175,24.0398432021245
"result_final_convex_5000",20.41,4812.93520209214,0.206354389962826,25.1572166676817,6490,239,8.53974895397489,4.84603211097252
"result_final_none_0",3.68,89.0028477357207,1,26.2115393618511,1388,81,4.54320987654321,1
"result_final_none_0",16.55,2800.01082671057,1,24.3540707199368,5588,236,7.01271186440678,1
"result_final_none_0",10.21,357.646166866967,1,25.1209751047959,3564,179,5.70391061452514,1
"result_final_none_0",18.95,3072.38978731764,1,24.6487822457833,6096,246,7.70325203252033,1
"result_final_none_0",25.94,4367.17395174044,1,25.2603646417481,7516,217,11.9539170506912,1
"result_final_none_0",19.32,1406.72779381542,1,25.0874911769656,6102,249,7.75903614457831,1
"result_final_none_0",29.37,11920.2724477027,1,24.1852782475291,8110,201,14.6119402985075,1
"result_final_none_0",8.18,350.968473992748,1,25.4732128572436,3036,169,4.84023668639053,1
"result_final_none_0",12.27,265.894229955591,1,25.0622599259696,4432,216,5.68055555555556,1
"result_final_none_0",24.58,4913.29362083889,1,24.4459418206822,7102,221,11.1221719457014,1
"result_final_none_0",41.33,193519.058774738,1,25.490101283755,9530,131,31.5496183206107,1
"result_final_none_0",10.19,407.325567725342,1,24.917199871124,3670,204,4.99509803921569,1
"result_final_none_0",12.68,539.322453889915,1,24.4758664575216,4064,190,6.67368421052632,1
"result_final_none_0",10.38,430.83639006699,1,25.3709974293383,3790,208,4.99038461538461,1
"result_final_none_0",7.01,335.049603513164,1,25.6842428873626,2464,132,5.31060606060606,1
"result_final_none_0",0.74,11.6181980411328,1,22.748750330235,316,25,2.96,1
"result_final_none_0",33.83,88970.4435554737,1,25.1200786600957,8750,173,19.5549132947977,1
"result_final_none_0",18.98,1104.36970113264,1,25.0790078805072,6170,252,7.53174603174603,1
"result_final_none_0",37.76,184642.194874923,1,25.4801959693378,9392,148,25.5135135135135,1
"result_final_none_0",9.27,261.523079924197,1,24.1689427061347,3330,164,5.65243902439024,1
"result_final_none_0",42.75,414242.861765557,1,27.0788637767366,9372,111,38.5135135135135,1
"result_final_none_0",21.64,1198.92081171741,1,24.5675629618925,6872,259,8.35521235521236,1
"result_final_none_0",10.8,242.533806238498,1,25.5197175860655,3760,183,5.9016393442623,1
"result_final_none_0",33.84,14770.3661505412,1,24.1413929710015,8956,183,18.4918032786885,1
"result_final_none_0",12.22,842.385646962032,1,25.1318081071521,4240,214,5.71028037383178,1
"result_final_none_0",27.23,5250.96965254917,1,24.9658042814976,7600,208,13.0913461538462,1
"result_final_none_0",21.87,2468.66261602324,1,24.5767014241147,6658,234,9.34615384615385,1
"result_final_none_0",27.36,2801.71160087953,1,24.649519636728,7854,234,11.6923076923077,1
"result_final_none_0",20.69,2978.65708212955,1,25.8153953053778,6404,219,9.44748858447489,1
"result_final_none_0",1.09,14.1568242579801,1,25.4937293671851,416,30,3.63333333333333,1
"result_final_none_0",29.6,6363.64459647157,1,24.8854230453791,8516,201,14.726368159204,1
"result_final_none_0",26.09,4812.02224536068,1,25.5902204578615,7578,214,12.1915887850467,1
"result_final_none_0",13.3,801.782503635995,1,24.0740542157254,4610,222,5.99099099099099,1
"result_final_none_0",4.05,70.5618756075586,1,26.1477638754723,1536,90,4.5,1
"result_final_none_0",13.53,588.872679674375,1,25.7458949586309,4622,214,6.32242990654206,1
"result_final_none_0",8.85,205.733002261811,1,26.1202830305844,3170,169,5.23668639053254,1
"result_final_none_0",19.81,1214.54713477222,1,24.4583880237135,6110,230,8.61304347826087,1
"result_final_none_0",1.67,27.5966307688354,1,26.442116926958,624,42,3.97619047619048,1
"result_final_none_0",28.09,10918.9043620151,1,24.0495503744523,8110,219,12.8264840182648,1
"result_final_none_0",2.4,107.526014511777,1,25.2749585634788,956,62,3.87096774193548,1
"result_final_none_0",39.01,105012.033723102,1,24.573834436969,9186,139,28.0647482014388,1
"result_final_none_0",31.82,19573.765609934,1,24.9644246468537,8586,204,15.5980392156863,1
"result_final_none_0",6.21,116.487195656731,1,24.9973742748898,2322,138,4.5,1
"result_final_none_0",11.68,337.640158092816,1,24.5747201523794,4280,217,5.38248847926267,1
"result_final_none_0",32.1,30084.6890873026,1,25.1072916738177,8670,184,17.445652173913,1
"result_final_none_0",36.58,117960.608297079,1,23.3969852790616,9114,139,26.3165467625899,1
"result_final_none_0",37.16,60493.0276903827,1,25.4526073192147,9298,153,24.2875816993464,1
"result_final_none_0",32.21,22317.9601857489,1,24.6515413216933,8718,193,16.6891191709845,1
"result_final_none_0",17.67,1649.80580979938,1,25.7208638998122,5578,235,7.51914893617021,1
"result_final_none_0",12.37,745.199178826768,1,24.256521859863,4290,201,6.15422885572139,1
"result_final_none_0",25.92,3835.98163104237,1,25.0067355460187,7514,236,10.9830508474576,1
"result_final_none_0",26.73,12006.2681651891,1,24.8678195035212,7556,224,11.9330357142857,1
"result_final_none_0",14,633.478172438105,1,25.1112324609406,5022,227,6.16740088105727,1
"result_final_none_0",30.37,19865.5430492566,1,25.2166154677864,8436,210,14.4619047619048,1
"result_final_none_0",11.77,738.552754422215,1,25.2952319261213,4014,192,6.13020833333333,1
"result_final_none_0",36.28,81068.5410070608,1,24.7633368663974,9108,165,21.9878787878788,1
"result_final_none_0",26.97,6685.1386236055,1,24.7184423100898,7712,213,12.6619718309859,1
"result_final_none_0",40.4,118862.776624925,1,23.9456890281688,9244,120,33.6666666666667,1
"result_final_none_0",8.18,453.031875126024,1,25.8251434866633,3062,165,4.95757575757576,1
"result_final_none_0",29.17,10466.1883112013,1,24.3359447217425,8046,206,14.1601941747573,1
"result_final_none_0",2.93,138.071514699761,1,25.3791967945068,1180,72,4.06944444444444,1
"result_final_none_0",4.6,71.5551900119594,1,24.510285839422,1804,105,4.38095238095238,1
"result_final_none_0",24.96,4043.84214383984,1,25.2811785399478,7374,231,10.8051948051948,1
"result_final_none_0",14.16,656.361354983818,1,25.2429258405646,4788,225,6.29333333333333,1
"result_final_none_0",23.45,2814.04445030806,1,24.8225332478769,7134,220,10.6590909090909,1
"result_final_none_0",33.04,26953.815270857,1,24.7026927640054,8740,185,17.8594594594595,1
"result_final_none_0",43.53,117347.13237532,1,22.8309140029581,9654,102,42.6764705882353,1
"result_final_none_0",9.41,407.511070374824,1,26.1946556513351,3278,182,5.17032967032967,1
"result_final_none_0",2.07,21.7245113995901,1,24.6568518782877,800,49,4.22448979591837,1
"result_final_none_0",35.25,50434.5726422745,1,23.4566120908063,8624,158,22.3101265822785,1
"result_final_none_0",25.12,5169.23933707824,1,24.2074184140618,7350,213,11.7934272300469,1
"result_final_none_0",14.76,558.240026850002,1,25.7655699586333,5260,255,5.78823529411765,1
"result_final_none_0",21.43,1710.42217738068,1,24.8385251461438,6700,242,8.85537190082645,1
"result_final_none_0",5.64,137.151957247207,1,25.7026756378011,2226,137,4.11678832116788,1
"result_final_none_0",14.22,1246.15148754208,1,24.8764904511108,5000,236,6.02542372881356,1
"result_final_none_0",38.84,77617.7341701083,1,24.8193558041828,9326,139,27.9424460431655,1
"result_final_none_0",3.15,69.523041358859,1,25.8508355539559,1316,88,3.57954545454545,1
"result_final_none_0",35.7,50740.8799866383,1,25.9421893923974,8658,168,21.25,1
"result_final_none_0",1.81,13.7496618958552,1,25.7906943680457,778,53,3.41509433962264,1
"result_final_none_0",19.27,1675.95821333781,1,25.4646662256114,6134,230,8.37826086956522,1
"result_final_none_0",4.1,51.9986406792124,1,25.2447217285127,1662,100,4.1,1
"result_final_none_0",9.66,323.068903399746,1,25.1863897460395,3426,172,5.61627906976744,1
"result_final_none_0",34.2,43682.8238546092,1,24.9924509545277,8850,176,19.4318181818182,1
"result_final_none_0",27.2,6057.34210772182,1,24.8245359161409,7698,215,12.6511627906977,1
"result_final_none_0",37.3,117640.884026467,1,23.8001446810061,9224,147,25.3741496598639,1
"result_final_none_0",36.6,91338.8810519754,1,23.2490708890277,9008,144,25.4166666666667,1
"result_final_none_0",33.5,32047.9316919208,1,24.4058431492904,8760,178,18.8202247191011,1
"result_final_none_0",25.04,4647.91600967782,1,24.322183915479,7598,232,10.7931034482759,1
"result_final_none_0",21.9,3577.73004064283,1,25.7548950058344,6858,244,8.97540983606557,1
"result_final_none_0",17.58,1336.84808531571,1,25.2840085066157,5658,221,7.95475113122172,1
"result_final_none_0",9.58,266.299274938633,1,25.8524047673735,3552,190,5.04210526315789,1
"result_final_none_0",2.01,18.6499335814724,1,24.6974654796448,838,56,3.58928571428571,1
"result_final_none_0",3.62,37.3509653193992,1,26.741881222277,1492,101,3.58415841584158,1
"result_final_none_0",38.27,53354.4805984799,1,25.1204329165501,9280,142,26.9507042253521,1
"result_final_none_0",11.78,250.185113375025,1,24.9306227628927,4172,198,5.94949494949495,1
"result_final_none_0",2.59,20.6439920888927,1,23.7393843086014,944,56,4.625,1
"result_final_none_0",29.59,9200.49189489099,1,25.337015597464,8068,207,14.2946859903382,1
"result_final_none_0",36.37,107205.507023524,1,26.2765604422345,9136,157,23.1656050955414,1
"result_final_none_0",7.86,372.558621904896,1,24.2449503720695,2850,148,5.31081081081081,1
"result_final_none_0",35.55,56467.0870308711,1,24.2015100221252,8802,153,23.2352941176471,1
"result_final_none_0",1.46,9.27296162847468,1,26.9997914788474,628,42,3.47619047619048,1
"result_final_none_0",39.58,160889.035459461,1,25.4084192725588,9508,140,28.2714285714286,1
"result_final_none_0",17.98,1202.13447072861,1,25.1960559786002,5894,249,7.22088353413655,1
"result_final_none_0",37.61,102056.874907611,1,25.2062563137331,9268,141,26.6737588652482,1
"result_final_none_0",13.99,880.200286318214,1,25.4403035225702,4600,208,6.72596153846154,1
"result_final_none_0",13.09,342.914583652303,1,24.5093894032642,4638,226,5.79203539823009,1
"result_final_none_0",39.54,75619.6816985214,1,24.7045462330235,9392,132,29.9545454545455,1
"result_final_none_0",10.78,347.117714886971,1,25.7022409394854,3928,199,5.41708542713568,1
"result_final_none_0",34.96,52599.1137467361,1,24.8024330983445,8762,156,22.4102564102564,1
"result_final_none_0",28.5,6081.04180096244,1,25.1028225905933,7968,229,12.4454148471616,1
"result_final_none_0",12.53,518.54595065614,1,25.1120853142053,4386,205,6.11219512195122,1
"result_final_none_0",3.34,135.61239099399,1,24.2798515676621,1340,85,3.92941176470588,1
"result_final_none_0",35.92,141022.324342334,1,25.5941955901849,8880,137,26.2189781021898,1
"result_final_none_0",42.4,372583.210646969,1,23.9279416813486,9784,96,44.1666666666667,1
"result_final_none_0",21.7,5932.23178405444,1,24.9054826809102,6442,220,9.86363636363636,1
"result_final_none_0",2.79,31.9780807846285,1,24.7449371633913,1082,68,4.10294117647059,1
"result_final_none_0",13.47,1696.76938585567,1,25.1751063294733,4468,204,6.60294117647059,1
"result_final_none_0",36.54,144322.659027373,1,25.4104494680193,9396,134,27.2686567164179,1
"result_final_none_0",25.11,5924.55206718084,1,24.8527588271431,7360,231,10.8701298701299,1
"result_final_none_0",24.06,3408.14862653503,1,25.5614188752632,7208,238,10.109243697479,1
"result_final_none_0",28.99,13885.0152106482,1,25.4247579979073,8016,180,16.1055555555556,1
"result_final_none_0",21.22,2091.34372052074,1,25.0013375106332,6560,256,8.2890625,1
"result_final_none_0",3.91,154.346214260986,1,24.5067704294162,1496,93,4.20430107526882,1
"result_final_none_0",16.99,1463.8901934172,1,25.8204213116824,5566,229,7.41921397379913,1
"result_final_none_0",31.67,16766.2650439345,1,24.0854535652673,8498,187,16.9358288770053,1
"result_final_none_0",28.21,5381.31816243257,1,24.6647474349312,7970,235,12.0042553191489,1
"result_final_none_0",4.8,73.3599250205365,1,25.1253887763001,1802,108,4.44444444444444,1
"result_final_none_0",34.44,37901.411162734,1,24.3875479581405,8734,175,19.68,1
"result_final_none_0",26.89,4283.23295438691,1,23.9776967688248,7672,215,12.506976744186,1
"result_final_none_0",8.91,264.002565189342,1,25.8089499195638,3034,149,5.97986577181208,1
"result_final_none_0",37.95,172501.960447109,1,25.3914059969235,9206,153,24.8039215686275,1
"result_final_none_0",8.62,166.411670812402,1,25.7236672420523,3078,170,5.07058823529412,1
"result_final_none_0",2.04,71.0514458584076,1,22.1649818857484,788,51,4,1
"result_final_none_0",11.68,347.35433485377,1,23.9469238836931,3998,198,5.8989898989899,1
"result_final_none_0",44.78,979199.476696776,1,26.1896865038818,10050,94,47.6382978723404,1
"result_final_none_0",5.17,58.696009359214,1,25.4778569788988,2054,127,4.07086614173228,1
"result_final_none_0",14.6,2393.98395760245,1,23.9231861695673,4688,206,7.0873786407767,1
"result_final_none_0",29.14,18035.1931917771,1,25.0646000432208,8302,210,13.8761904761905,1
"result_final_none_0",5.03,126.636669460082,1,25.376772953817,1800,105,4.79047619047619,1
"result_final_none_0",22.37,1819.48960429768,1,25.0308993882978,6986,244,9.16803278688525,1
"result_final_none_0",28.55,7935.72824986907,1,24.7195850436543,8082,203,14.064039408867,1
"result_final_none_0",6.9,171.148091439312,1,24.8532764977461,2560,152,4.53947368421053,1
"result_final_none_0",42.01,179895.108566871,1,24.4127614948724,9600,119,35.3025210084034,1
"result_final_none_0",29.74,8920.47677393781,1,25.0915085547763,8102,190,15.6526315789474,1
"result_final_none_0",3.71,118.682549840796,1,24.7930945315247,1404,85,4.36470588235294,1
"result_final_none_0",6.2,261.425909599398,1,25.6033379251599,2222,123,5.04065040650407,1
"result_final_none_0",19.46,3676.47753383639,1,25.4580140677464,6532,261,7.45593869731801,1
"result_final_none_0",20.54,2325.15412327973,1,24.783574021833,6464,230,8.9304347826087,1
"result_final_none_0",41.5,543300.891497327,1,26.2712888030053,9612,123,33.739837398374,1
"result_final_none_0",20.01,1160.5217315954,1,24.5654147983333,6218,221,9.05429864253394,1
"result_final_none_0",15.45,604.577817127917,1,25.3705388013885,5190,234,6.6025641025641,1
"result_final_none_0",44.62,332130.644559349,1,24.9346731256114,9322,99,45.0707070707071,1
"result_final_none_0",13.9,988.833354033656,1,25.0182722902757,4644,211,6.58767772511848,1
"result_final_none_0",23.62,1881.02895779068,1,24.5586727409313,6976,228,10.359649122807,1
"result_final_none_0",9.44,249.305413647126,1,24.8671100974194,3498,183,5.15846994535519,1
"result_final_none_0",23.92,7616.58086796369,1,25.2693965245407,7016,220,10.8727272727273,1
"result_final_none_0",40.9,137259.8098977,1,23.6265327226077,9454,118,34.6610169491525,1
"result_final_none_0",25.77,3947.29824562834,1,24.820262373861,7424,236,10.9194915254237,1
"result_final_none_0",20.49,2031.99989121506,1,25.060883102798,6360,223,9.18834080717489,1
"result_final_none_0",10.87,822.561394763392,1,24.9042027043171,3768,192,5.66145833333333,1
"result_final_none_0",22.2,2090.78540570034,1,25.2996889906986,6810,241,9.21161825726141,1
"result_final_none_0",5.11,51.3899380482292,1,25.1256517569147,2096,136,3.75735294117647,1
"result_final_none_0",26.62,4290.23180569157,1,24.8918835716082,7778,235,11.3276595744681,1
"result_final_none_0",10.57,249.746123375598,1,26.2660053094222,3862,224,4.71875,1
"result_final_none_0",36.98,194646.573992742,1,24.9332026921014,9252,139,26.6043165467626,1
"result_final_none_0",33.41,14020.7968818563,1,24.2106795010722,8870,184,18.1576086956522,1
"result_final_none_0",31.63,9672.64536808385,1,24.9821749918369,8518,211,14.9905213270142,1
"result_final_none_0",5.43,67.1396578595333,1,25.2875207474608,2048,123,4.41463414634146,1
"result_final_none_0",41.27,130342.982818732,1,25.9773755157891,9648,145,28.4620689655172,1
"result_final_none_0",38.2,43865.5743432369,1,25.7438787752349,9480,165,23.1515151515152,1
"result_final_none_0",33.22,25995.8003675272,1,25.3898362690729,8844,207,16.048309178744,1
"result_final_none_0",25.43,4062.92478246697,1,24.8581022571737,7548,223,11.4035874439462,1
"result_final_none_0",32.08,59226.2631425287,1,24.5202914158849,8454,180,17.8222222222222,1
"result_final_none_0",21.35,1455.79888187272,1,25.2291836306827,6624,242,8.82231404958678,1
"result_final_none_0",29.37,11501.5472137525,1,23.6518119622507,8306,209,14.0526315789474,1
"result_final_none_0",8.02,142.97756208381,1,24.7039053771323,3124,185,4.33513513513514,1
"result_final_none_0",31.74,36989.5677328381,1,24.5384014780534,8634,179,17.731843575419,1
"result_final_none_0",32.33,15308.6569740339,1,25.8381816961087,8462,185,17.4756756756757,1
"result_final_none_0",25.74,6312.62928630804,1,24.6450181082739,7432,223,11.542600896861,1
"result_final_none_0",27.84,11408.573203725,1,25.6481130308733,7720,201,13.8507462686567,1
"result_final_none_0",34.06,58178.7974359205,1,23.9140447954006,8644,172,19.8023255813953,1
"result_final_none_0",2.33,34.867043193355,1,24.8895101602565,924,62,3.75806451612903,1
"result_final_none_0",34.64,78991.2644688718,1,24.4819263201092,8868,169,20.4970414201183,1
"result_final_none_0",40.92,241084.318504986,1,24.8352091841828,9398,120,34.1,1
"result_final_none_0",38.99,152858.421234823,1,23.2910285182275,8992,131,29.763358778626,1
"result_final_none_0",29.86,14977.7101329628,1,24.5382203938458,8430,222,13.4504504504505,1
"result_final_none_0",7.82,166.340370443979,1,25.4673200761317,2910,160,4.8875,1
"result_final_none_0",34.84,18426.5360224697,1,25.1794348881508,8608,169,20.6153846153846,1
"result_final_none_0",2.9,87.4607037327537,1,25.1239803713295,1128,78,3.71794871794872,1
"result_final_none_0",22.12,1442.38512427584,1,24.7711822173604,6490,233,9.49356223175966,1
"result_final_none_0",10.95,430.094658042033,1,25.2013660736587,4070,218,5.02293577981651,1
"result_final_none_0",13.64,374.708498703114,1,25.2217039767619,4692,210,6.4952380952381,1
"result_final_none_0",39.86,124734.640781285,1,24.6384554238931,9414,130,30.6615384615385,1
"result_final_none_0",12.25,1405.39846588156,1,25.0302297177424,4126,203,6.03448275862069,1
"result_final_none_0",26.98,4711.33576478509,1,24.1940340446424,7890,220,12.2636363636364,1
"result_final_none_0",1.46,13.7943598304926,1,24.565570625851,504,27,5.40740740740741,1
"result_final_none_0",11.49,423.808612758522,1,25.8494041387234,4112,221,5.19909502262443,1
"result_final_none_0",3.13,93.6755723429606,1,25.2727222356264,1164,75,4.17333333333333,1
"result_final_none_0",7.19,359.371929089055,1,24.7029372903116,2486,137,5.24817518248175,1
"result_final_none_0",20.41,980.649222931173,1,25.1572166676817,6490,239,8.53974895397489,1
