"movement","habitat_cover","metapop_cap","alpha","mean_distance","edge_density","num_patches","mean_patch_size","mean_dispersal"
"result_final_linear_10",3.68,1.00797894488023e-18,91.2259433247462,26.2115393618511,1388,81,4.54320987654321,0.0109617940199336
"result_final_linear_10",16.55,5.52070833474912e-18,92.5782116707344,24.3540707199368,5588,236,7.01271186440678,0.0108016776512882
"result_final_linear_10",10.21,4.98059167529203e-18,91.858656954618,25.1209751047959,3564,179,5.70391061452514,0.0108862902327653
"result_final_linear_10",18.95,3.26403182203269e-17,92.8833371533349,24.6487822457833,6096,246,7.70325203252033,0.0107661937075879
"result_final_linear_10",25.94,2.80980502388163e-17,93.8989755553302,25.2603646417481,7516,217,11.9539170506912,0.0106497434512557
"result_final_linear_10",19.32,1.34474716400311e-17,92.9321784002949,25.0874911769656,6102,249,7.75903614457831,0.0107605354486862
"result_final_linear_10",29.37,4.71202516044865e-17,94.4807105784151,24.1852782475291,8110,201,14.6119402985075,0.0105841710321393
"result_final_linear_10",8.18,7.17060419285995e-18,91.6513614948495,25.4732128572436,3036,169,4.84023668639053,0.0109109126551949
"result_final_linear_10",12.27,2.22836057190534e-18,92.0798522188169,25.0622599259696,4432,216,5.68055555555556,0.0108601390630343
"result_final_linear_10",24.58,3.48257099632275e-17,93.6847858491503,24.4459418206822,7102,221,11.1221719457014,0.0106740917528507
"result_final_linear_10",41.33,2.46933443387052e-16,97.1293291834978,25.490101283755,9530,131,31.5496183206107,0.0102955513891256
"result_final_linear_10",10.19,2.76616743881256e-18,91.8565642515239,24.917199871124,3670,204,4.99509803921569,0.0108865382474112
"result_final_linear_10",12.68,8.74279830187837e-18,92.1252532072924,24.4758664575216,4064,190,6.67368421052632,0.0108547869903802
"result_final_linear_10",10.38,7.18855078809338e-18,91.8764865086525,25.3709974293383,3790,208,4.99038461538461,0.0108841776389199
"result_final_linear_10",7.01,2.78831713378073e-18,91.5364019372367,25.6842428873626,2464,132,5.31060606060606,0.0109246155500591
"result_final_linear_10",0.74,3.34739662929032e-19,90.9707456558399,22.748750330235,316,25,2.96,0.010992544831755
"result_final_linear_10",33.83,2.87075261808044e-16,95.3403262059824,25.1200786600957,8750,173,19.5549132947977,0.0104887411213541
"result_final_linear_10",18.98,9.615211376406e-18,92.8872787306246,25.0790078805072,6170,252,7.53174603174603,0.0107657368550975
"result_final_linear_10",37.76,2.49665635195426e-16,96.2156814246846,25.4801959693378,9392,148,25.5135135135135,0.0103933161953728
"result_final_linear_10",9.27,3.71472054249136e-18,91.7613981148105,24.1689427061347,3330,164,5.65243902439024,0.0108978287225835
"result_final_linear_10",42.75,3.65657884674647e-16,97.5298126064736,27.0788637767366,9372,111,38.5135135135135,0.0102532751091703
"result_final_linear_10",21.64,9.6066493776727e-18,93.2501904036558,24.5675629618925,6872,259,8.35521235521236,0.0107238386932108
"result_final_linear_10",10.8,4.16836001846662e-18,91.9208573784007,25.5197175860655,3760,183,5.9016393442623,0.0108789237668161
"result_final_linear_10",33.84,4.56549816800522e-17,95.3424025824303,24.1413929710015,8956,183,18.4918032786885,0.0104885126964933
"result_final_linear_10",12.22,8.09958338610027e-18,92.0743475706973,25.1318081071521,4240,214,5.71028037383178,0.0108607883344725
"result_final_linear_10",27.23,2.81771310992422e-17,94.1104960943562,24.9658042814976,7600,208,13.0913461538462,0.0106258073381888
"result_final_linear_10",21.87,2.22493075026485e-17,93.2828692869765,24.5767014241147,6658,234,9.34615384615385,0.0107200819147574
"result_final_linear_10",27.36,1.3700440938698e-17,94.1322828115281,24.649519636728,7854,234,11.6923076923077,0.0106233480176211
"result_final_linear_10",20.69,2.89468241685186e-17,93.1174564410839,25.8153953053778,6404,219,9.44748858447489,0.0107391249527172
"result_final_linear_10",1.09,1.90957983342227e-19,91.0002576086557,25.4937293671851,416,30,3.63333333333333,0.0109889798806996
"result_final_linear_10",29.6,2.21764854506691e-17,94.5220193340494,24.8854230453791,8516,201,14.726368159204,0.0105795454545455
"result_final_linear_10",26.09,1.93200410139705e-17,93.9231433945001,25.5902204578615,7578,214,12.1915887850467,0.0106470031118928
"result_final_linear_10",13.3,9.04234328506736e-18,92.194810718843,24.0740542157254,4610,222,5.99099099099099,0.0108465974625144
"result_final_linear_10",4.05,1.70812088782738e-18,91.2592733498193,26.1477638754723,1536,90,4.5,0.0109577905158937
"result_final_linear_10",13.53,6.79903718214104e-18,92.2208950130114,25.7458949586309,4622,214,6.32242990654206,0.0108435295478201
"result_final_linear_10",8.85,2.92362660093193e-18,91.7186556651238,26.1202830305844,3170,169,5.23668639053254,0.0109029072956665
"result_final_linear_10",19.81,1.19385099380353e-17,92.9976341791529,24.4583880237135,6110,230,8.61304347826087,0.0107529617159247
"result_final_linear_10",1.67,6.02123670244044e-27,91.049668506241,26.442116926958,624,42,3.97619047619048,0.0109830163734364
"result_final_linear_10",28.09,5.47570043501074e-17,94.2562785088869,24.0495503744523,8110,219,12.8264840182648,0.010609372827145
"result_final_linear_10",2.4,1.083071573167e-18,91.1127707244212,25.2749585634788,956,62,3.87096774193548,0.0109754098360656
"result_final_linear_10",39.01,1.37112513135601e-16,96.521491422422,24.573834436969,9186,139,28.0647482014388,0.0103603869486801
"result_final_linear_10",31.82,6.03281554048278e-17,94.9370613790799,24.9644246468537,8586,204,15.5980392156863,0.0105332942211792
"result_final_linear_10",6.21,2.62376197423648e-18,91.4596091586379,24.9973742748898,2322,138,4.5,0.0109337882503465
"result_final_linear_10",11.68,3.47400986302861e-18,92.0153358893149,24.5747201523794,4280,217,5.38248847926267,0.0108677536231884
"result_final_linear_10",32.1,1.1072818454381e-16,94.9916060436486,25.1072916738177,8670,184,17.445652173913,0.0105272459499264
"result_final_linear_10",36.58,2.81707137356574e-16,95.9397313324458,23.3969852790616,9114,139,26.3165467625899,0.0104232103437401
"result_final_linear_10",37.16,1.2292337342678e-16,96.0738747553816,25.4526073192147,9298,153,24.2875816993464,0.010408656906429
"result_final_linear_10",32.21,5.95014537825849e-17,95.0131748612435,24.6515413216933,8718,193,16.6891191709845,0.0105248561734769
"result_final_linear_10",17.67,1.42369055870614e-17,92.7181404567773,25.7208638998122,5578,235,7.51914893617021,0.0107853759261509
"result_final_linear_10",12.37,9.03665508107311e-18,92.0908823405776,24.256521859863,4290,201,6.15422885572139,0.0108588382973867
"result_final_linear_10",25.92,1.68445825630681e-17,93.8957615088217,25.0067355460187,7514,236,10.9830508474576,0.0106501079913607
"result_final_linear_10",26.73,6.29764634748982e-17,94.0275139879883,24.8678195035212,7556,224,11.9330357142857,0.0106351849324417
"result_final_linear_10",14,2.66198887580857e-18,92.274678111588,25.1112324609406,5022,227,6.16740088105727,0.0108372093023256
"result_final_linear_10",30.37,3.81176563637703e-17,94.6625700146827,25.2166154677864,8436,210,14.4619047619048,0.0105638374263967
"result_final_linear_10",11.77,1.22833901159115e-17,92.0251157745421,25.2952319261213,4014,192,6.13020833333333,0.0108665986625864
"result_final_linear_10",36.28,1.64488661603623e-16,95.871449205585,24.7633368663974,9108,165,21.9878787878788,0.0104306340238544
"result_final_linear_10",26.97,3.39241448163611e-17,94.067185326395,24.7184423100898,7712,213,12.6619718309859,0.0106306997124469
"result_final_linear_10",40.4,1.69552014591772e-16,96.8790637191157,23.9456890281688,9244,120,33.6666666666667,0.0103221476510067
"result_final_linear_10",8.18,8.44720226804189e-18,91.6513614948495,25.8251434866633,3062,165,4.95757575757576,0.0109109126551949
"result_final_linear_10",29.17,5.23393723156631e-17,94.4450370686437,24.3359447217425,8046,206,14.1601941747573,0.0105881688550049
"result_final_linear_10",2.93,2.08433222717728e-18,91.1592351902633,25.3791967945068,1180,72,4.06944444444444,0.0109698155969919
"result_final_linear_10",4.6,8.32945232933785e-19,91.3093415007657,24.510285839422,1804,105,4.38095238095238,0.0109517819706499
"result_final_linear_10",24.96,2.42694037686189e-17,93.7437537477513,25.2811785399478,7374,231,10.8051948051948,0.0106673773987207
"result_final_linear_10",14.16,7.78160366679197e-18,92.2931360743162,25.2429258405646,4788,225,6.29333333333333,0.0108350419384902
"result_final_linear_10",23.45,1.93799121582571e-17,93.5133154165649,24.8225332478769,7134,220,10.6590909090909,0.0106936642717178
"result_final_linear_10",33.04,9.32140423129667e-17,95.1785308164658,24.7026927640054,8740,185,17.8594594594595,0.0105065710872162
"result_final_linear_10",43.53,9.74699676976533e-17,97.7598504258708,22.8309140029581,9654,102,42.6764705882353,0.010229148220294
"result_final_linear_10",9.41,7.56775377656415e-18,91.7757425943186,26.1946556513351,3278,182,5.17032967032967,0.0108961254001545
"result_final_linear_10",2.07,4.24416072851693e-19,91.0841177127125,24.6568518782877,800,49,4.22448979591837,0.0109788624527724
"result_final_linear_10",35.25,1.11928784237313e-16,95.642540620384,23.4566120908063,8624,158,22.3101265822785,0.0104555984555985
"result_final_linear_10",25.12,3.35738556288592e-17,93.7687838108595,24.2074184140618,7350,213,11.7934272300469,0.0106645299145299
"result_final_linear_10",14.76,6.1146368242322e-18,92.3630374479889,25.7655699586333,5260,255,5.78823529411765,0.0108268418582825
"result_final_linear_10",21.43,1.1934007472119e-17,93.2205400787813,24.8385251461438,6700,242,8.85537190082645,0.0107272495863561
"result_final_linear_10",5.64,1.58747978549557e-18,91.4057656540608,25.7026756378011,2226,137,4.11678832116788,0.0109402289105553
"result_final_linear_10",14.22,1.26535285531517e-17,92.3000774726694,24.8764904511108,5000,236,6.02542372881356,0.0108342270925624
"result_final_linear_10",38.84,1.09377804451613e-16,96.4790509843513,24.8193558041828,9326,139,27.9424460431655,0.0103649444081099
"result_final_linear_10",3.15,1.4290336847757e-19,91.1786857465637,25.8508355539559,1316,88,3.57954545454545,0.0109674754775426
"result_final_linear_10",35.7,1.21998544884167e-16,95.7415128052412,25.9421893923974,8658,168,21.25,0.0104447900466563
"result_final_linear_10",1.81,2.18850946794225e-19,91.061690840969,25.7906943680457,778,53,3.41509433962264,0.0109815663509522
"result_final_linear_10",19.27,1.60566038169843e-17,92.9255490584281,25.4646662256114,6134,230,8.37826086956522,0.0107613031091292
"result_final_linear_10",4.1,1.28145160574415e-18,91.2637990102779,25.2447217285127,1662,100,4.1,0.0109572471324296
"result_final_linear_10",9.66,2.82434707841841e-18,91.8014795545078,25.1863897460395,3426,172,5.61627906976744,0.0108930706220943
"result_final_linear_10",34.2,1.26870264181133e-16,95.4176334106728,24.9924509545277,8850,176,19.4318181818182,0.0104802431610942
"result_final_linear_10",27.2,3.07159262779456e-17,94.105480868666,24.8245359161409,7698,215,12.6511627906977,0.0106263736263736
"result_final_linear_10",37.3,1.58067432820809e-16,96.1066830165542,23.8001446810061,9224,147,25.3741496598639,0.0104051036682616
"result_final_linear_10",36.6,2.19056598387741e-16,95.9443099273608,23.2490708890277,9008,144,25.4166666666667,0.0104227129337539
"result_final_linear_10",33.5,8.57030732030425e-17,95.2722063037249,24.4058431492904,8760,178,18.8202247191011,0.0104962406015038
"result_final_linear_10",25.04,3.11054980455103e-17,93.7562537522513,24.322183915479,7598,232,10.7931034482759,0.0106659551760939
"result_final_linear_10",21.9,1.61484127868133e-17,93.2871476349737,25.7548950058344,6858,244,8.97540983606557,0.010719590268886
"result_final_linear_10",17.58,1.3320071229143e-17,92.7067398542248,25.2840085066157,5658,221,7.95475113122172,0.0107867022567338
"result_final_linear_10",9.58,1.61151063799398e-18,91.7932266709981,25.8524047673735,3552,190,5.04210526315789,0.0108940499889405
"result_final_linear_10",2.01,2.3366276826033e-19,91.0789307357698,24.6974654796448,838,56,3.58928571428571,0.0109794877028268
"result_final_linear_10",3.62,2.24252705772084e-19,91.2205648519724,26.741881222277,1492,101,3.58415841584158,0.0109624403403196
"result_final_linear_10",38.27,6.06257820267131e-17,96.3387227667145,25.1204329165501,9280,142,26.9507042253521,0.0103800421189049
"result_final_linear_10",11.78,4.14702494497719e-18,92.0262037887007,24.9306227628927,4172,198,5.94949494949495,0.0108664701881659
"result_final_linear_10",2.59,1.79020462800578e-19,91.1293642180893,23.7393843086014,944,56,4.625,0.0109734113540704
"result_final_linear_10",29.59,4.04832845884771e-17,94.5202169360468,25.337015597464,8068,207,14.2946859903382,0.0105797471950007
"result_final_linear_10",36.37,2.60804472698718e-16,95.8918560491892,26.2765604422345,9136,157,23.1656050955414,0.0104284142699984
"result_final_linear_10",7.86,7.08031537477887e-18,91.6196006682046,24.2449503720695,2850,148,5.31081081081081,0.0109146950293032
"result_final_linear_10",35.55,1.18798968363215e-16,95.7083457083457,24.2015100221252,8802,153,23.2352941176471,0.0104484096198604
"result_final_linear_10",1.46,1.70889911876872e-20,91.0317049737639,26.9997914788474,628,42,3.47619047619048,0.0109851836817536
"result_final_linear_10",39.58,2.5112532662681e-16,96.6658133879432,25.4084192725588,9508,140,28.2714285714286,0.0103449189010261
"result_final_linear_10",17.98,1.10799914123733e-17,92.7576223649688,25.1960559786002,5894,249,7.22088353413655,0.0107807851743477
"result_final_linear_10",37.61,2.10334077896332e-16,96.1799346364926,25.2062563137331,9268,141,26.6737588652482,0.0103971790351018
"result_final_linear_10",13.99,1.24354982415843e-17,92.2735270136892,25.4403035225702,4600,208,6.72596153846154,0.0108373444948262
"result_final_linear_10",13.09,3.84393715458872e-18,92.171127985407,24.5093894032642,4638,226,5.79203539823009,0.0108493844206651
"result_final_linear_10",39.54,1.04775507664521e-16,96.655582555314,24.7045462330235,9392,132,29.9545454545455,0.0103460138934833
"result_final_linear_10",10.78,5.06573610142482e-18,91.9187340311547,25.7022409394854,3928,199,5.41708542713568,0.0108791750728536
"result_final_linear_10",34.96,1.3770036758591e-16,95.579590877028,24.8024330983445,8762,156,22.4102564102564,0.0104624846248462
"result_final_linear_10",28.5,2.67285167142466e-17,94.3271767810026,25.1028225905933,7968,229,12.4454148471616,0.0106013986013986
"result_final_linear_10",12.53,6.14405150354876e-18,92.1085885177541,25.1120853142053,4386,205,6.11219512195122,0.0108567508860181
"result_final_linear_10",3.34,3.48986597095634e-18,91.1955619292022,24.2798515676621,1340,85,3.92941176470588,0.0109654458928202
"result_final_linear_10",35.92,2.87191169394336e-16,95.790480746233,25.5941955901849,8880,137,26.2189781021898,0.0104394506866417
"result_final_linear_10",42.4,2.61644060411944e-16,97.4289580514208,23.9279416813486,9784,96,44.1666666666667,0.0102638888888889
"result_final_linear_10",21.7,4.63937799596941e-17,93.258694616484,24.9054826809102,6442,220,9.86363636363636,0.0107228607918263
"result_final_linear_10",2.79,4.83973660428137e-20,91.1469076998087,24.7449371633913,1082,68,4.10294117647059,0.0109712992490485
"result_final_linear_10",13.47,2.18730453444399e-17,92.2140756212967,25.1751063294733,4468,204,6.60294117647059,0.0108443314457414
"result_final_linear_10",36.54,3.49496828744724e-16,95.930584109324,25.4104494680193,9396,134,27.2686567164179,0.0104242042231327
"result_final_linear_10",25.11,3.1646366834136e-17,93.7672159062453,24.8527588271431,7360,231,10.8701298701299,0.0106647082387502
"result_final_linear_10",24.06,2.48488409809709e-17,93.6051671432798,25.5614188752632,7208,238,10.109243697479,0.010683170924414
"result_final_linear_10",28.99,3.78933667726834e-17,94.4131255650694,25.4247579979073,8016,180,16.1055555555556,0.0105917476411773
"result_final_linear_10",21.22,1.48400514525924e-17,93.1910665278698,25.0013375106332,6560,256,8.2890625,0.0107306422949987
"result_final_linear_10",3.91,3.89858424446772e-18,91.2466289360732,24.5067704294162,1496,93,4.20430107526882,0.0109593089811635
"result_final_linear_10",16.99,1.22490194697887e-17,92.6326831227961,25.8204213116824,5566,229,7.41921397379913,0.0107953258643537
"result_final_linear_10",31.67,6.7264296786907e-17,94.9080504472471,24.0854535652673,8498,187,16.9358288770053,0.0105365139762915
"result_final_linear_10",28.21,2.87538225391812e-17,94.2769343909229,24.6647474349312,7970,235,12.0042553191489,0.0106070483354228
"result_final_linear_10",4.8,1.23799832961445e-18,91.327705295472,25.1253887763001,1802,108,4.44444444444444,0.0109495798319328
"result_final_linear_10",34.44,9.24168748926146e-17,95.4683131407269,24.3875479581405,8734,175,19.68,0.0104746796827334
"result_final_linear_10",26.89,2.56321392521056e-17,94.0539288838573,23.9776967688248,7672,215,12.506976744186,0.0106321980577212
"result_final_linear_10",8.91,4.55299936028586e-18,91.7247351673581,25.8089499195638,3034,149,5.97986577181208,0.0109021846525414
"result_final_linear_10",37.95,2.98892288066662e-16,96.2612472851381,25.3914059969235,9206,153,24.8039215686275,0.0103883964544722
"result_final_linear_10",8.62,2.31767040499635e-18,91.6954322870675,25.7236672420523,3078,170,5.07058823529412,0.0109056686364631
"result_final_linear_10",2.04,1.95022340097964e-18,91.081523356144,22.1649818857484,788,51,4,0.0109791751735402
"result_final_linear_10",11.68,5.17799167271157e-18,92.0153358893149,23.9469238836931,3998,198,5.8989898989899,0.0108677536231884
"result_final_linear_10",44.78,7.8041956282908e-16,98.1444618228352,26.1896865038818,10050,94,47.6382978723404,0.0101890619340819
"result_final_linear_10",5.17,1.0431517889347e-18,91.3619021927627,25.4778569788988,2054,127,4.07086614173228,0.0109454813877465
"result_final_linear_10",14.6,3.32119773428168e-17,92.3442906574394,23.9231861695673,4688,206,7.0873786407767,0.0108290398126464
"result_final_linear_10",29.14,5.58348263991054e-17,94.4397057255571,25.0646000432208,8302,210,13.8761904761905,0.0105887665819927
"result_final_linear_10",5.03,3.04212223975012e-18,91.3489284752414,25.376772953817,1800,105,4.79047619047619,0.0109470359060756
"result_final_linear_10",22.37,1.37112763596427e-17,93.3546587137429,25.0308993882978,6986,244,9.16803278688525,0.0107118382068788
"result_final_linear_10",28.55,1.27938371850435e-17,94.3358859255347,24.7195850436543,8082,203,14.064039408867,0.0106004198740378
"result_final_linear_10",6.9,3.60411101634399e-18,91.5257569799449,24.8532764977461,2560,152,4.53947368421053,0.0109258861439313
"result_final_linear_10",42.01,1.95395488780881e-16,97.3182519970464,24.4127614948724,9600,119,35.3025210084034,0.0102755647525435
"result_final_linear_10",29.74,3.49919967223724e-17,94.5473140273442,25.0915085547763,8102,190,15.6526315789474,0.0105767150583547
"result_final_linear_10",3.71,5.57514345537667e-19,91.2286353128435,24.7930945315247,1404,85,4.36470588235294,0.0109614705576903
"result_final_linear_10",6.2,5.38306660921495e-18,91.4586583463339,25.6033379251599,2222,123,5.04065040650407,0.0109339019189765
"result_final_linear_10",19.46,1.20415931280288e-17,92.950789400794,25.4580140677464,6532,261,7.45593869731801,0.0107583809287311
"result_final_linear_10",20.54,1.69145089586587e-17,93.0968225700628,24.783574021833,6464,230,8.9304347826087,0.0107415051598288
"result_final_linear_10",41.5,7.03484533639396e-16,97.1760797342193,26.2712888030053,9612,123,33.739837398374,0.0102905982905983
"result_final_linear_10",20.01,1.15560463801278e-17,93.024608084849,24.5654147983333,6218,221,9.05429864253394,0.0107498437304663
"result_final_linear_10",15.45,7.87690907863783e-18,92.4447846052919,25.3705388013885,5190,234,6.6025641025641,0.0108172678888232
"result_final_linear_10",44.62,2.45774542122197e-16,98.0940909735015,24.9346731256114,9322,99,45.0707070707071,0.0101942939689419
"result_final_linear_10",13.9,1.45085801611651e-17,92.2631804543506,25.0182722902757,4644,211,6.58767772511848,0.0108385598141696
"result_final_linear_10",23.62,1.21798841852464e-17,93.5387479180954,24.5586727409313,6976,228,10.359649122807,0.0106907567426028
"result_final_linear_10",9.44,2.64645416463887e-18,91.7788227663369,24.8671100974194,3498,183,5.15846994535519,0.0108957597173145
"result_final_linear_10",23.92,5.16348886430148e-17,93.583940169258,25.2693965245407,7016,220,10.8727272727273,0.0106855941114616
"result_final_linear_10",40.9,1.71504871278009e-16,97.0124753775443,23.6265327226077,9454,118,34.6610169491525,0.0103079526226734
"result_final_linear_10",25.77,2.40601069419262e-17,93.8717183469068,24.820262373861,7424,236,10.9194915254237,0.0106528357806817
"result_final_linear_10",20.49,1.02358598343306e-17,93.0899639394933,25.060883102798,6360,223,9.18834080717489,0.0107422965664696
"result_final_linear_10",10.87,1.44078039891048e-17,91.9282973720038,24.9042027043171,3768,192,5.66145833333333,0.0108780433075283
"result_final_linear_10",22.2,9.29148238462075e-18,93.3301343570058,25.2996889906986,6810,241,9.21161825726141,0.0107146529562982
"result_final_linear_10",5.11,3.93806928525261e-19,91.3563368891285,25.1256517569147,2096,136,3.75735294117647,0.0109461481715671
"result_final_linear_10",26.62,1.1416667606694e-17,94.0094291278057,24.8918835716082,7778,235,11.3276595744681,0.0106372308530935
"result_final_linear_10",10.57,2.00033080762119e-18,91.8965021168153,26.2660053094222,3862,224,4.71875,0.0108818069998882
"result_final_linear_10",36.98,4.34289105032851e-16,96.0319395343167,24.9332026921014,9252,139,26.6043165467626,0.0104132021580451
"result_final_linear_10",33.41,4.16073120588298e-17,95.2537620873148,24.2106795010722,8870,184,18.1576086956522,0.0104982730139661
"result_final_linear_10",31.63,2.75461281357199e-17,94.9003386819166,24.9821749918369,8518,211,14.9905213270142,0.0105373701916045
"result_final_linear_10",5.43,1.57453193030285e-18,91.3861079973716,25.2875207474608,2048,123,4.41463414634146,0.0109425822142328
"result_final_linear_10",41.27,1.59708335708005e-16,97.1129042926119,25.9773755157891,9648,145,28.4620689655172,0.0102972926953857
"result_final_linear_10",38.2,7.87173912529181e-17,96.3216957605985,25.7438787752349,9480,165,23.1515151515152,0.0103818770226537
"result_final_linear_10",33.22,5.6875322820159e-17,95.2150108360899,25.3898362690729,8844,207,16.048309178744,0.010502545672357
"result_final_linear_10",25.43,1.53424925971737e-17,93.8176236726888,24.8581022571737,7548,223,11.4035874439462,0.0106589781413437
"result_final_linear_10",32.08,2.17091707410633e-16,94.987692996196,24.5202914158849,8454,180,17.8222222222222,0.010527679623086
"result_final_linear_10",21.35,1.04616289177918e-17,93.2092913012562,25.2291836306827,6624,242,8.82231404958678,0.0107285441830896
"result_final_linear_10",29.37,4.89048119857129e-17,94.4807105784151,23.6518119622507,8306,209,14.0526315789474,0.0105841710321393
"result_final_linear_10",8.02,1.71851613618443e-18,91.6354507053479,24.7039053771323,3124,185,4.33513513513514,0.0109128071319852
"result_final_linear_10",31.74,1.2415004119227e-16,94.9215708087663,24.5384014780534,8634,179,17.731843575419,0.0105350131848813
"result_final_linear_10",32.33,4.98255673033157e-17,95.0367956856357,25.8381816961087,8462,185,17.4756756756757,0.0105222402837299
"result_final_linear_10",25.74,3.84651846593198e-17,93.8669228435636,24.6450181082739,7432,223,11.542600896861,0.0106533800161594
"result_final_linear_10",27.84,3.90158194974747e-17,94.213494881972,25.6481130308733,7720,201,13.8507462686567,0.0106141906873614
"result_final_linear_10",34.06,8.68725141016243e-17,95.3882652470779,23.9140447954006,8644,172,19.8023255813953,0.0104834698210494
"result_final_linear_10",2.33,7.24251729592539e-19,91.1066751240625,24.8895101602565,924,62,3.75806451612903,0.0109761441589024
"result_final_linear_10",34.64,1.97620193135975e-16,95.5108721066168,24.4819263201092,8868,169,20.4970414201183,0.0104700122399021
"result_final_linear_10",40.92,3.32973620357014e-16,97.017866526537,24.8352091841828,9398,120,34.1,0.0103073798239675
"result_final_linear_10",38.99,6.42821790463004e-17,96.5164842118585,23.2910285182275,8992,131,29.763358778626,0.0103609244386166
"result_final_linear_10",29.86,5.3587694515957e-17,94.5690863984468,24.5382203938458,8430,222,13.4504504504505,0.0105742800114058
"result_final_linear_10",7.82,3.42018570409965e-18,91.615647610718,25.4673200761317,2910,160,4.8875,0.0109151659796051
"result_final_linear_10",34.84,2.46211779211527e-17,95.5537306428907,25.1794348881508,8608,169,20.6153846153846,0.0104653161448742
"result_final_linear_10",2.9,8.34836181361718e-19,91.1565903116785,25.1239803713295,1128,78,3.71794871794872,0.0109701338825953
"result_final_linear_10",22.12,9.82154181904549e-18,93.3186349693251,24.7711822173604,6490,233,9.49356223175966,0.0107159732922445
"result_final_linear_10",10.95,4.65499449858444e-18,91.9368160231262,25.2013660736587,4070,218,5.02293577981651,0.0108770353733857
"result_final_linear_10",13.64,5.24966475958422e-18,92.2334244702666,25.2217039767619,4692,210,6.4952380952381,0.0108420565076424
"result_final_linear_10",39.86,1.82153693926003e-16,96.7378715738,24.6384554238931,9414,130,30.6615384615385,0.0103372131692717
"result_final_linear_10",12.25,2.07555553620467e-17,92.0776495278069,25.0302297177424,4126,203,6.03448275862069,0.0108603988603989
"result_final_linear_10",26.98,2.58628686155501e-17,94.0688446872101,24.1940340446424,7890,220,12.2636363636364,0.0106305121884415
"result_final_linear_10",1.46,8.54449559384361e-20,91.0317049737639,24.565570625851,504,27,5.40740740740741,0.0109851836817536
"result_final_linear_10",11.49,4.3985424905356e-18,91.9947615682035,25.8494041387234,4112,221,5.19909502262443,0.0108701841599819
"result_final_linear_10",3.13,2.44740313224785e-18,91.1769135198223,25.2727222356264,1164,75,4.17333333333333,0.0109676886548983
"result_final_linear_10",7.19,7.72233432499867e-18,91.5538807560273,24.7029372903116,2486,137,5.24817518248175,0.0109225298997953
"result_final_linear_10",20.41,8.12883193490728e-18,93.079010151097,25.1572166676817,6490,239,8.53974895397489,0.0107435607488378
"result_final_concave_10",3.68,1.17391096943138e-18,90.921156120991,26.2115393618511,1388,81,4.54320987654321,0.0109985403030872
"result_final_concave_10",16.55,1.08044212230026e-17,91.2353131721517,24.3540707199368,5588,236,7.01271186440678,0.0109606682460014
"result_final_concave_10",10.21,7.59005968318594e-18,91.0160754336276,25.1209751047959,3564,179,5.70391061452514,0.0109870700888354
"result_final_concave_10",18.95,6.98013399543643e-17,91.3631272989502,24.6487822457833,6096,246,7.70325203252033,0.0109453346176285
"result_final_concave_10",25.94,7.50372222641288e-17,91.934407355606,25.2603646417481,7516,217,11.9539170506912,0.0108773203500618
"result_final_concave_10",19.32,2.91407476103339e-17,91.3854857002432,25.0874911769656,6102,249,7.75903614457831,0.0109426567286641
"result_final_concave_10",29.37,1.35990080855227e-16,92.3609524400046,24.1852782475291,8110,201,14.6119402985075,0.0108270862694879
"result_final_concave_10",8.18,1.00573715133993e-17,90.9747296314302,25.4732128572436,3036,169,4.84023668639053,0.0109920634449956
"result_final_concave_10",12.27,3.69016764130001e-18,91.0710407333892,25.0622599259696,4432,216,5.68055555555556,0.0109804389183111
"result_final_concave_10",24.58,8.95694296688261e-17,91.7954695111965,24.4459418206822,7102,221,11.1221719457014,0.0108937838144401
"result_final_concave_10",41.33,6.46611925624695e-16,95.2040742467942,25.490101283755,9530,131,31.5496183206107,0.0105037521546372
"result_final_concave_10",10.19,4.21201240623429e-18,91.0156087041893,24.917199871124,3670,204,4.99509803921569,0.0109871264306995
"result_final_concave_10",12.68,1.47170765372407e-17,91.0836968502801,24.4758664575216,4064,190,6.67368421052632,0.0109789131818372
"result_final_concave_10",10.38,1.10307471542505e-17,91.0200925542424,25.3709974293383,3790,208,4.99038461538461,0.0109865851806738
"result_final_concave_10",7.01,3.72698242294567e-18,90.9560806005289,25.6842428873626,2464,132,5.31060606060606,0.0109943171847071
"result_final_concave_10",0.74,3.45140233667458e-19,90.9095502463999,22.748750330235,316,25,2.96,0.0109999444204664
"result_final_concave_10",33.83,8.70411032624448e-16,93.1218839385335,25.1200786600957,8750,173,19.5549132947977,0.0107386143590057
"result_final_concave_10",18.98,2.05843191954449e-17,91.364912292618,25.0790078805072,6170,252,7.53174603174603,0.0109451207789404
"result_final_concave_10",37.76,7.34973339588936e-16,94.0562580998051,25.4801959693378,9392,148,25.5135135135135,0.010631934761203
"result_final_concave_10",9.27,5.44817036611725e-18,90.9954453379593,24.1689427061347,3330,164,5.65243902439024,0.0109895610300711
"result_final_concave_10",42.75,8.84391931375381e-16,95.7634082650061,27.0788637767366,9372,111,38.5135135135135,0.0104424019374154
"result_final_concave_10",21.64,2.25483102500304e-17,91.5437811487624,24.5675629618925,6872,259,8.35521235521236,0.0109237349326325
"result_final_concave_10",10.8,6.50615608448315e-18,91.0304050961943,25.5197175860655,3760,183,5.9016393442623,0.010985340545758
"result_final_concave_10",33.84,1.3842921145204e-16,93.1239098673936,24.1413929710015,8956,183,18.4918032786885,0.0107383807383515
"result_final_concave_10",12.22,1.3386107800014e-17,91.0695379481051,25.1318081071521,4240,214,5.71028037383178,0.0109806201121811
"result_final_concave_10",27.23,7.77235010941068e-17,92.0812021423739,24.9658042814976,7600,208,13.0913461538462,0.0108599798518467
"result_final_concave_10",21.87,5.26201861239676e-17,91.5612914308004,24.5767014241147,6658,234,9.34615384615385,0.0109216458655542
"result_final_concave_10",27.36,3.79071043885394e-17,92.09686175596,24.649519636728,7854,234,11.6923076923077,0.0108581332841701
"result_final_concave_10",20.69,6.58033182684651e-17,91.4750369026049,25.8153953053778,6404,219,9.44748858447489,0.0109319442097052
"result_final_concave_10",1.09,1.99763653427263e-19,90.9100945815717,25.4937293671851,416,30,3.63333333333333,0.0109998785569706
"result_final_concave_10",29.6,6.42679288922633e-17,92.39396289447,24.8854230453791,8516,201,14.726368159204,0.0108232179752066
"result_final_concave_10",26.09,5.17987201504001e-17,91.950698414939,25.5902204578615,7578,214,12.1915887850467,0.0108753931969867
"result_final_concave_10",13.3,1.56009017376791e-17,91.1039899938067,24.0740542157254,4610,222,5.99099099099099,0.010976467661493
"result_final_concave_10",4.05,2.02004895646756e-18,90.9238175963869,26.1477638754723,1536,90,4.5,0.0109982183594515
"result_final_concave_10",13.53,1.18376834286213e-17,91.11188112771,25.7458949586309,4622,214,6.32242990654206,0.0109755169975946
"result_final_concave_10",8.85,4.2148722398264e-18,90.9870667693535,26.1202830305844,3170,169,5.23668639053254,0.0109905730067652
"result_final_concave_10",19.81,2.63232497910585e-17,91.4162676456083,24.4583880237135,6110,230,8.61304347826087,0.0109389720862011
"result_final_concave_10",1.67,6.63932548911433e-27,90.9114748027691,26.442116926958,624,42,3.97619047619048,0.0109997115564287
"result_final_concave_10",28.09,1.54021763989417e-16,92.1879012625596,24.0495503744523,8110,219,12.8264840182648,0.0108474104118273
"result_final_concave_10",2.4,1.19619078517734e-18,90.9140885074673,25.2749585634788,956,62,3.87096774193548,0.0109993953238377
"result_final_concave_10",39.01,3.9196986701848e-16,94.4207251935301,24.573834436969,9186,139,28.0647482014388,0.0105908951445813
"result_final_concave_10",31.82,1.80466065102754e-16,92.7455737026169,24.9644246468537,8586,204,15.5980392156863,0.0107821857160153
"result_final_concave_10",6.21,3.39310480125552e-18,90.9453367248654,24.9973742748898,2322,138,4.5,0.0109956160042078
"result_final_concave_10",11.68,5.6184053980816e-18,91.0538591298449,24.5747201523794,4280,217,5.38248847926267,0.0109825108958202
"result_final_concave_10",32.1,3.32168936362939e-16,92.7944754961849,25.1072916738177,8670,184,17.445652173913,0.010776503608139
"result_final_concave_10",36.58,8.44358257289372e-16,93.7443135950423,23.3969852790616,9114,139,26.3165467625899,0.0106673136924316
"result_final_concave_10",37.16,3.65593854898518e-16,93.8939510549769,25.4526073192147,9298,153,24.2875816993464,0.0106503133456859
"result_final_concave_10",32.21,1.78679820738101e-16,92.8139853659377,24.6515413216933,8718,193,16.6891191709845,0.010774238344117
"result_final_concave_10",17.67,2.90557645883927e-17,91.2913818121789,25.7208638998122,5578,235,7.51914893617021,0.0109539365069244
"result_final_concave_10",12.37,1.50246764254307e-17,91.0740726372423,24.256521859863,4290,201,6.15422885572139,0.0109800733737153
"result_final_concave_10",25.92,4.49605190366368e-17,91.9322501999515,25.0067355460187,7514,236,10.9830508474576,0.0108775755822904
"result_final_concave_10",26.73,1.71619237503997e-16,92.0224795350631,24.8678195035212,7556,224,11.9330357142857,0.0108669099664824
"result_final_concave_10",14,4.72135199943979e-18,91.1286347954657,25.1112324609406,5022,227,6.16740088105727,0.0109734991887507
"result_final_concave_10",30.37,1.11885510481062e-16,92.5089729662648,25.2166154677864,8436,210,14.4619047619048,0.0108097622093877
"result_final_concave_10",11.77,1.99375398156245e-17,91.0564029247925,25.2952319261213,4014,192,6.13020833333333,0.0109822040831763
"result_final_concave_10",36.28,4.94608642835463e-16,93.6695988297432,24.7633368663974,9108,165,21.9878787878788,0.0106758223852077
"result_final_concave_10",26.97,9.29939355957817e-17,92.0503707563137,24.7184423100898,7712,213,12.6619718309859,0.0108636172976132
"result_final_concave_10",40.4,4.62517596078786e-16,94.872014016495,23.9456890281688,9244,120,33.6666666666667,0.0105405161929643
"result_final_concave_10",8.18,1.18479069787621e-17,90.9747296314302,25.8251434866633,3062,165,4.95757575757576,0.0109920634449956
"result_final_concave_10",29.17,1.50490507033232e-16,92.332734865806,24.3359447217425,8046,206,14.1601941747573,0.0108303951080121
"result_final_concave_10",2.93,2.35315149023011e-18,90.9166212698747,25.3791967945068,1180,72,4.06944444444444,0.010999088901815
"result_final_concave_10",4.6,1.00775847263422e-18,90.9283096683438,24.510285839422,1804,105,4.38095238095238,0.0109976750216456
"result_final_concave_10",24.96,6.31000690729217e-17,91.8327429250157,25.2811785399478,7374,231,10.8051948051948,0.0108893622051182
"result_final_concave_10",14.16,1.38885306116076e-17,91.1345342345501,25.2429258405646,4788,225,6.29333333333333,0.0109727888379429
"result_final_concave_10",23.45,4.81941486104243e-17,91.6913143331478,24.8225332478769,7134,220,10.6590909090909,0.0109061584215778
"result_final_concave_10",33.04,2.81677499585666e-16,92.9668019783192,24.7026927640054,8740,185,17.8594594594595,0.010756527908029
"result_final_concave_10",43.53,2.23471985982559e-16,96.1003669120773,22.8309140029581,9654,102,42.6764705882353,0.010405787533724
"result_final_concave_10",9.41,1.11628562786149e-17,90.9983514608401,26.1946556513351,3278,182,5.17032967032967,0.010989210067507
"result_final_concave_10",2.07,4.62377353756599e-19,90.9127835872017,24.6568518782877,800,49,4.22448979591837,0.0109995532040972
"result_final_concave_10",35.25,3.38998412402e-16,93.4262754000641,23.4566120908063,8624,158,22.3101265822785,0.0107036269584532
"result_final_concave_10",25.12,8.76844924962361e-17,91.8487890078692,24.2074184140618,7350,213,11.7934272300469,0.0108874598217547
"result_final_concave_10",14.76,1.11721071273113e-17,91.1575677269088,25.7655699586333,5260,255,5.78823529411765,0.0109700162579569
"result_final_concave_10",21.43,2.78161089866449e-17,91.5280936435957,24.8385251461438,6700,242,8.85537190082645,0.0109256072118571
"result_final_concave_10",5.64,2.00514735979935e-18,90.9386259819416,25.7026756378011,2226,137,4.11678832116788,0.0109964274168666
"result_final_concave_10",14.22,2.26370639321259e-17,91.1367725793443,24.8764904511108,5000,236,6.02542372881356,0.0109725193431597
"result_final_concave_10",38.84,3.14144230370486e-16,94.3689625287758,24.8193558041828,9326,139,27.9424460431655,0.0105967043952091
"result_final_concave_10",3.15,1.62811712768773e-19,90.9178342669532,25.8508355539559,1316,88,3.57954545454545,0.0109989421554389
"result_final_concave_10",35.7,3.68595933791096e-16,93.530129012847,25.9421893923974,8658,168,21.25,0.0106917419077081
"result_final_concave_10",1.81,2.35871386163931e-19,90.9118992554895,25.7906943680457,778,53,3.41509433962264,0.0109996602005828
"result_final_concave_10",19.27,3.47328034321489e-17,91.3824203253511,25.4646662256114,6134,230,8.37826086956522,0.0109430237942886
"result_final_concave_10",4.1,1.51860685739349e-18,90.9241992682018,25.2447217285127,1662,100,4.1,0.0109981721923145
"result_final_concave_10",9.66,4.20878870865354e-18,91.0036842076389,25.1863897460395,3426,172,5.61627906976744,0.0109885661081407
"result_final_concave_10",34.2,3.84914072387067e-16,93.1979232140243,24.9924509545277,8850,176,19.4318181818182,0.0107298528284107
"result_final_concave_10",27.2,8.4666153854123e-17,92.0776116083838,24.8245359161409,7698,215,12.6511627906977,0.0108604033329308
"result_final_concave_10",37.3,4.69092754374107e-16,93.9311254417256,23.8001446810061,9224,147,25.3741496598639,0.0106460983544842
"result_final_concave_10",36.6,6.56423260759035e-16,93.7493586095588,23.2490708890277,9008,144,25.4166666666667,0.010666739643145
"result_final_concave_10",33.5,2.59571292998054e-16,93.0559208795833,24.4058431492904,8760,178,18.8202247191011,0.0107462264684267
"result_final_concave_10",25.04,8.10561125957426e-17,91.840739605573,24.322183915479,7598,232,10.7931034482759,0.0108884140556216
"result_final_concave_10",21.9,3.82290266569868e-17,91.5636009913519,25.7548950058344,6858,244,8.97540983606557,0.0109213703826966
"result_final_concave_10",17.58,2.70940999675206e-17,91.2866518978731,25.2840085066157,5658,221,7.95475113122172,0.0109545040727175
"result_final_concave_10",9.58,2.39361924567805e-18,91.0019576196211,25.8524047673735,3552,190,5.04210526315789,0.0109887745951565
"result_final_concave_10",2.01,2.53930372940795e-19,90.9125683506608,24.6974654796448,838,56,3.58928571428571,0.0109995792456647
"result_final_concave_10",3.62,2.60520182910839e-19,90.9207513138973,26.741881222277,1492,101,3.58415841584158,0.0109985892719647
"result_final_concave_10",38.27,1.7658807110893e-16,94.2005237871351,25.1204329165501,9280,142,26.9507042253521,0.0106156522256681
"result_final_concave_10",11.78,6.73386624758392e-18,91.0566872649894,24.9306227628927,4172,198,5.94949494949495,0.0109821697893516
"result_final_concave_10",2.59,1.99280878078721e-19,90.914933896946,23.7393843086014,944,56,4.625,0.0109992930439076
"result_final_concave_10",29.59,1.17300626844927e-16,92.392515062289,25.337015597464,8068,207,14.2946859903382,0.0108233875798902
"result_final_concave_10",36.37,7.83511942902949e-16,93.6918253994462,26.2765604422345,9136,157,23.1656050955414,0.0106732897532586
"result_final_concave_10",7.86,9.8009903159996e-18,90.9692707041041,24.2449503720695,2850,148,5.31081081081081,0.0109927230619744
"result_final_concave_10",35.55,3.59263878050297e-16,93.4950968448406,24.2015100221252,8802,153,23.2352941176471,0.0106957480525374
"result_final_concave_10",1.46,1.81529731862171e-20,90.910905187334,26.9997914788474,628,42,3.47619047619048,0.0109997804767136
"result_final_concave_10",39.58,7.05605800388677e-16,94.5996041851927,25.4084192725588,9508,140,28.2714285714286,0.0105708687537672
"result_final_concave_10",17.98,2.28730729651626e-17,91.3079834461875,25.1960559786002,5894,249,7.22088353413655,0.0109519448602142
"result_final_concave_10",37.61,6.20913921178158e-16,94.0149439458924,25.2062563137331,9268,141,26.6737588652482,0.0106366068842792
"result_final_concave_10",13.99,2.20471632131261e-17,91.128269419651,25.4403035225702,4600,208,6.72596153846154,0.0109735431866366
"result_final_concave_10",13.09,6.57702210757706e-18,91.0969581181106,24.5093894032642,4638,226,5.79203539823009,0.0109773149472616
"result_final_concave_10",39.54,2.94777916551806e-16,94.5867781383257,24.7045462330235,9392,132,29.9545454545455,0.0105723021724831
"result_final_concave_10",10.78,7.90041901937631e-18,91.0299013504138,25.7022409394854,3928,199,5.41708542713568,0.0109854013369801
"result_final_concave_10",34.96,4.17477183386047e-16,93.3612912429782,24.8024330983445,8762,156,22.4102564102564,0.0107110772214733
"result_final_concave_10",28.5,7.58388223260959e-17,92.2414181965808,25.1028225905933,7968,229,12.4454148471616,0.010841116925033
"result_final_concave_10",12.53,1.02808201749616e-17,91.0789971940506,25.1120853142053,4386,205,6.11219512195122,0.0109794796913434
"result_final_concave_10",3.34,4.00748746823044e-18,90.918959635846,24.2798515676621,1340,85,3.92941176470588,0.010998806013677
"result_final_concave_10",35.92,8.66317896216986e-16,93.5822730713637,25.5941955901849,8880,137,26.2189781021898,0.0106857844672935
"result_final_concave_10",42.4,6.46657818830764e-16,95.6192935534446,23.9279416813486,9784,96,44.1666666666667,0.0104581404320988
"result_final_concave_10",21.7,1.0910981482585e-16,91.5483157107254,24.9054826809102,6442,220,9.86363636363636,0.0109231938592929
"result_final_concave_10",2.79,5.43231068139278e-20,90.9158991305365,24.7449371633913,1082,68,4.10294117647059,0.0109991762668948
"result_final_concave_10",13.47,3.79925933073026e-17,91.1098033109083,25.1751063294733,4468,204,6.60294117647059,0.010975767301215
"result_final_concave_10",36.54,1.04802494316674e-15,93.7342477545471,25.4104494680193,9396,134,27.2686567164179,0.0106684592233418
"result_final_concave_10",25.11,8.2627399089137e-17,91.8477799390568,24.8527588271431,7360,231,10.8701298701299,0.010887579434838
"result_final_concave_10",24.06,6.29432175213198e-17,91.7463233434149,25.5614188752632,7208,238,10.109243697479,0.0108996193368633
"result_final_concave_10",28.99,1.0857905814549e-16,92.3077206119459,25.4247579979073,8016,180,16.1055555555556,0.0108333300115157
"result_final_concave_10",21.22,3.43471402659943e-17,91.5126884128615,25.0013375106332,6560,256,8.2890625,0.0109274464267565
"result_final_concave_10",3.91,4.58385101159892e-18,90.922776927952,24.5067704294162,1496,93,4.20430107526882,0.010998344240986
"result_final_concave_10",16.99,2.43729730723666e-17,91.2566251889636,25.8204213116824,5566,229,7.41921397379913,0.0109581084981974
"result_final_concave_10",31.67,2.00887579739894e-16,92.7198187286496,24.0854535652673,8498,187,16.9358288770053,0.0107851807058269
"result_final_concave_10",28.21,8.1088909561291e-17,92.2033834203034,24.6647474349312,7970,235,12.0042553191489,0.010845588989306
"result_final_concave_10",4.8,1.51028089795332e-18,90.9301056281504,25.1253887763001,1802,108,4.44444444444444,0.0109974578066521
"result_final_concave_10",34.44,2.80406389558478e-16,93.2484524376905,24.3875479581405,8734,175,19.68,0.0107240385642669
"result_final_concave_10",26.89,7.01267749244342e-17,92.0410135423136,23.9776967688248,7672,215,12.506976744186,0.010864721731256
"result_final_concave_10",8.91,6.58001738875783e-18,90.9882328230514,25.8089499195638,3034,149,5.97986577181208,0.0109904321578016
"result_final_concave_10",37.95,8.76600378332967e-16,94.109311382167,25.3914059969235,9206,153,24.8039215686275,0.0106259411030978
"result_final_concave_10",8.62,3.3099503584378e-18,90.9826909942535,25.7236672420523,3078,170,5.07058823529412,0.0109911015938533
"result_final_concave_10",2.04,2.12201910756876e-18,90.91267512806,22.1649818857484,788,51,4,0.0109995663266029
"result_final_concave_10",11.68,8.37420085498031e-18,91.0538591298449,23.9469238836931,3998,198,5.8989898989899,0.0109825108958202
"result_final_concave_10",44.78,1.61531994671653e-15,96.6895485241792,26.1896865038818,10050,94,47.6382978723404,0.0103423794532449
"result_final_concave_10",5.17,1.29222672508317e-18,90.9336618382669,25.4778569788988,2054,127,4.07086614173228,0.010997027720918
"result_final_concave_10",14.6,6.03049609167947e-17,91.1512830639557,23.9231861695673,4688,206,7.0873786407767,0.01097077261434
"result_final_concave_10",29.14,1.60449657616571e-16,92.3285408656716,25.0646000432208,8302,210,13.8761904761905,0.010830887075914
"result_final_concave_10",5.03,3.74671511729259e-18,90.9322802545644,25.376772953817,1800,105,4.79047619047619,0.0109971948047548
"result_final_concave_10",22.37,3.29589733812101e-17,91.6005687719088,25.0308993882978,6986,244,9.16803278688525,0.0109169627809852
"result_final_concave_10",28.55,3.63383547884097e-17,92.2480655173987,24.7195850436543,8082,203,14.064039408867,0.010840335722936
"result_final_concave_10",6.9,4.79560107392984e-18,90.9545091561984,24.8532764977461,2560,152,4.53947368421053,0.0109945071363386
"result_final_concave_10",42.01,4.93901848942407e-16,95.4636296793419,24.4127614948724,9600,119,35.3025210084034,0.0104751935722427
"result_final_concave_10",29.74,1.01656495043192e-16,92.4143538995201,25.0915085547763,8102,190,15.6526315789474,0.0108208298581763
"result_final_concave_10",3.71,6.50099375905904e-19,90.9213613082364,24.7930945315247,1404,85,4.36470588235294,0.0109985154820753
"result_final_concave_10",6.2,6.95862028869521e-18,90.9452123327035,25.6033379251599,2222,123,5.04065040650407,0.010995631043685
"result_final_concave_10",19.46,2.62243956272664e-17,91.3941426855651,25.4580140677464,6532,261,7.45593869731801,0.0109416202243991
"result_final_concave_10",20.54,3.82535405094643e-17,91.4646938771608,24.783574021833,6464,230,8.9304347826087,0.0109331804176049
"result_final_concave_10",41.5,1.82674465234439e-15,95.2675899505881,26.2712888030053,9612,123,33.739837398374,0.0104967492146979
"result_final_concave_10",20.01,2.56591555233675e-17,91.4292247802403,24.5654147983333,6218,221,9.05429864253394,0.010937421840813
"result_final_concave_10",15.45,1.47815956202527e-17,91.1858900258014,25.3705388013885,5190,234,6.6025641025641,0.0109666089755449
"result_final_concave_10",44.62,5.16043716226898e-16,96.6105372474866,24.9346731256114,9322,99,45.0707070707071,0.0103508377915165
"result_final_concave_10",13.9,2.56317323367054e-17,91.1249986171223,25.0182722902757,4644,211,6.58767772511848,0.010973937066399
"result_final_concave_10",23.62,3.04466984465435e-17,91.7063642996144,24.5586727409313,6976,228,10.359649122807,0.0109043686077544
"result_final_concave_10",9.44,3.90845144676703e-18,90.9989816599369,24.8671100974194,3498,183,5.15846994535519,0.0109891339634656
"result_final_concave_10",23.92,1.30248310584542e-16,91.7334499102851,25.2693965245407,7016,220,10.8727272727273,0.0109011489372524
"result_final_concave_10",40.9,4.58136815117738e-16,95.0473629929166,23.6265327226077,9454,118,34.6610169491525,0.0105210704275354
"result_final_concave_10",25.77,6.39641517505174e-17,91.9161830625218,24.820262373861,7424,236,10.9194915254237,0.0108794770048251
"result_final_concave_10",20.49,2.31094355593164e-17,91.4612763892964,25.060883102798,6360,223,9.18834080717489,0.0109335889403467
"result_final_concave_10",10.87,2.25521306098363e-17,91.0321782883628,24.9042027043171,3768,192,5.66145833333333,0.0109851265651614
"result_final_concave_10",22.2,2.22124369549589e-17,91.5870258623299,25.2996889906986,6810,241,9.21161825726141,0.0109185770646506
"result_final_concave_10",5.11,4.8662657309541e-19,90.93306433209,25.1256517569147,2096,136,3.75735294117647,0.0109970999805744
"result_final_concave_10",26.62,3.10267904449673e-17,92.0098757662129,24.8918835716082,7778,235,11.3276595744681,0.0108683985460527
"result_final_concave_10",10.57,3.09324039532443e-18,91.0246888320736,26.2660053094222,3862,224,4.71875,0.0109860304147246
"result_final_concave_10",36.98,1.29504100114963e-15,93.8467651707249,24.9332026921014,9252,139,26.6043165467626,0.010655668292677
"result_final_concave_10",33.41,1.25969884130331e-16,93.0382282051589,24.2106795010722,8870,184,18.1576086956522,0.0107482700314853
"result_final_concave_10",31.63,8.22308234926376e-17,92.7130022274135,24.9821749918369,8518,211,14.9905213270142,0.0107859736603839
"result_final_concave_10",5.43,1.97158808332322e-18,90.9363453760399,25.2875207474608,2048,123,4.41463414634146,0.0109967031978776
"result_final_concave_10",41.27,4.19417216879295e-16,95.1818704547357,25.9773755157891,9648,145,28.4620689655172,0.0105062024440416
"result_final_concave_10",38.2,2.29643347320672e-16,94.1803691026918,25.7438787752349,9480,165,23.1515151515152,0.0106179239848766
"result_final_concave_10",33.22,1.72039258479654e-16,93.0012885470299,25.3898362690729,8844,207,16.048309178744,0.0107525391919093
"result_final_concave_10",25.43,4.04148016094884e-17,91.8804840295615,24.8581022571737,7548,223,11.4035874439462,0.0108837040919186
"result_final_concave_10",32.08,6.51119473133869e-16,92.7909464586168,24.5202914158849,8454,180,17.8222222222222,0.0107769134615518
"result_final_concave_10",21.35,2.43191441502112e-17,91.5221919202642,25.2291836306827,6624,242,8.82231404958678,0.0109263117394655
"result_final_concave_10",29.37,1.41140361303031e-16,92.3609524400046,23.6518119622507,8306,209,14.0526315789474,0.0108270862694879
"result_final_concave_10",8.02,2.39457003908522e-18,90.9719657385455,24.7039053771323,3124,185,4.33513513513514,0.0109923974037674
"result_final_concave_10",31.74,3.71064690405663e-16,92.7317996661086,24.5384014780534,8634,179,17.731843575419,0.0107837872617658
"result_final_concave_10",32.33,1.49784016363685e-16,92.835463458441,25.8381816961087,8462,185,17.4756756756757,0.0107717456535095
"result_final_concave_10",25.74,1.02178204256747e-16,91.9129931399114,24.6450181082739,7432,223,11.542600896861,0.0108798545868024
"result_final_concave_10",27.84,1.09142477419156e-16,92.1561209441199,25.6481130308733,7720,201,13.8507462686567,0.0108511511742813
"result_final_concave_10",34.06,2.6352014680821e-16,93.1688889776467,23.9140447954006,8644,172,19.8023255813953,0.0107331965742333
"result_final_concave_10",2.33,7.97577774598853e-19,90.9137944677626,24.8895101602565,924,62,3.75806451612903,0.0109994308988455
"result_final_concave_10",34.64,5.99521770727131e-16,93.2913014735377,24.4819263201092,8868,169,20.4970414201183,0.0107191129741464
"result_final_concave_10",40.92,8.88675516522662e-16,95.0545287227307,24.8352091841828,9398,120,34.1,0.0105202772917527
"result_final_concave_10",38.99,1.83869341456123e-16,94.414598281903,23.2910285182275,8992,131,29.763358778626,0.0105915824268425
"result_final_concave_10",29.86,1.55999989678415e-16,92.4320134399024,24.5382203938458,8430,222,13.4504504504505,0.0108187624913113
"result_final_concave_10",7.82,4.72664118694938e-18,90.9686076252273,25.4673200761317,2910,160,4.8875,0.0109928031889836
"result_final_concave_10",34.84,7.4668185329547e-17,93.3348363658362,25.1794348881508,8608,169,20.6153846153846,0.0107141131750678
"result_final_concave_10",2.9,9.41334952196222e-19,90.9164632835153,25.1239803713295,1128,78,3.71794871794872,0.0109991080150312
"result_final_concave_10",22.12,2.34187134836358e-17,91.5807203569485,24.7711822173604,6490,233,9.49356223175966,0.0109193288292816
"result_final_concave_10",10.95,7.30995200137998e-18,91.0342240657613,25.2013660736587,4070,218,5.02293577981651,0.0109848797006016
"result_final_concave_10",13.64,9.1798736587194e-18,91.1157260250194,25.2217039767619,4692,210,6.4952380952381,0.0109750538532219
"result_final_concave_10",39.86,5.06995035207578e-16,94.6905707573602,24.6384554238931,9414,130,30.6615384615385,0.0105607136170131
"result_final_concave_10",12.25,3.43437282648891e-17,91.070438568609,25.0302297177424,4126,203,6.03448275862069,0.0109805115218221
"result_final_concave_10",26.98,7.09133215671316e-17,92.051544662481,24.1940340446424,7890,220,12.2636363636364,0.0108634787571097
"result_final_concave_10",1.46,9.07648659310854e-20,90.910905187334,24.565570625851,504,27,5.40740740740741,0.0109997804767136
"result_final_concave_10",11.49,7.05943289552669e-18,91.0485785922654,25.8494041387234,4112,221,5.19909502262443,0.0109831478476804
"result_final_concave_10",3.13,2.78604845504536e-18,90.9177200175301,25.2727222356264,1164,75,4.17333333333333,0.0109989559769777
"result_final_concave_10",7.19,1.03988789730871e-17,90.9587181215219,24.7029372903116,2486,137,5.24817518248175,0.0109939983835743
"result_final_concave_10",20.41,1.83018566824019e-17,91.4558396051749,25.1572166676817,6490,239,8.53974895397489,0.0109342389104634
"result_final_convex_10",3.68,3.05746515622225e-19,93.6118356888686,26.2115393618511,1388,81,4.54320987654321,0.0106824098965822
"result_final_convex_10",16.55,2.66115427366817e-19,98.6428742715821,24.3540707199368,5588,236,7.01271186440678,0.0101375797023799
"result_final_convex_10",10.21,4.01948285621577e-19,96.892618025917,25.1209751047959,3564,179,5.70391061452514,0.0103207036859353
"result_final_convex_10",18.95,1.49923350040591e-18,99.0445257566783,24.6487822457833,6096,246,7.70325203252033,0.010096469162331
"result_final_convex_10",25.94,1.54513358606063e-18,99.7001551899899,25.2603646417481,7516,217,11.9539170506912,0.0100300746583031
"result_final_convex_10",19.32,6.16659370234543e-19,99.0966375761411,25.0874911769656,6102,249,7.75903614457831,0.0100911597452703
"result_final_convex_10",29.37,3.22483357694761e-18,99.8443536466429,24.1852782475291,8110,201,14.6119402985075,0.0100155888988884
"result_final_convex_10",8.18,7.91437615351603e-19,96.0591497725889,25.4732128572436,3036,169,4.84023668639053,0.0104102524576514
"result_final_convex_10",12.27,1.41695282717805e-19,97.5905373568615,25.0622599259696,4432,216,5.68055555555556,0.010246895109751
"result_final_convex_10",24.58,1.7930295580833e-18,99.617684301752,24.4459418206822,7102,221,11.1221719457014,0.0100383782960754
"result_final_convex_10",41.33,5.90224052538633e-17,99.9917326203969,25.490101283755,9530,131,31.5496183206107,0.0100008268063155
"result_final_convex_10",10.19,2.23839588884946e-19,96.8851409930508,24.917199871124,3670,204,4.99509803921569,0.010321500177945
"result_final_convex_10",12.68,5.34849237410361e-19,97.7132545698823,24.4758664575216,4064,190,6.67368421052632,0.0102340261247242
"result_final_convex_10",10.38,5.67184439444633e-19,96.9556071683353,25.3709974293383,3790,208,4.99038461538461,0.0103139986351051
"result_final_convex_10",7.01,3.83073065277952e-19,95.5063374832911,25.6842428873626,2464,132,5.31060606060606,0.0104705093541562
"result_final_convex_10",0.74,2.56001503955838e-19,91.5070852255032,22.748750330235,316,25,2.96,0.0109281155392031
"result_final_convex_10",33.83,2.87824294394527e-17,99.9402848171676,25.1200786600957,8750,173,19.5549132947977,0.010005975086317
"result_final_convex_10",18.98,4.41562798959303e-19,99.0488415143837,25.0790078805072,6170,252,7.53174603174603,0.0100960292388153
"result_final_convex_10",37.76,3.80661780943858e-17,99.9772742039327,25.4801959693378,9392,148,25.5135135135135,0.0100022730961859
"result_final_convex_10",9.27,3.43057282543564e-19,96.5257206998227,24.1689427061347,3330,164,5.65243902439024,0.0103599330080095
"result_final_convex_10",42.75,1.06616130266919e-16,99.9947392841181,27.0788637767366,9372,111,38.5135135135135,0.0100005260992648
"result_final_convex_10",21.64,4.49909816096595e-19,99.3725176580379,24.5675629618925,6872,259,8.35521235521236,0.0100631444544981
"result_final_convex_10",10.8,3.11760854530341e-19,97.1069404873605,25.5197175860655,3760,183,5.9016393442623,0.010297925101761
"result_final_convex_10",33.84,4.58185074994617e-18,99.9404220192745,24.1413929710015,8956,183,18.4918032786885,0.0100059613497243
"result_final_convex_10",12.22,5.1756315796119e-19,97.575220257619,25.1318081071521,4240,214,5.71028037383178,0.0102485036401639
"result_final_convex_10",27.23,1.66828228925468e-18,99.7639284287777,24.9658042814976,7600,208,13.0913461538462,0.0100236630187825
"result_final_convex_10",21.87,1.04705393760804e-18,99.3955301624762,24.5767014241147,6658,234,9.34615384615385,0.0100608145896033
"result_final_convex_10",27.36,8.17698862740671e-19,99.7696611440089,24.649519636728,7854,234,11.6923076923077,0.0100230870640784
"result_final_convex_10",20.69,1.33563573938299e-18,99.2695626603958,25.8153953053778,6404,219,9.44748858447489,0.0100735811985093
"result_final_convex_10",1.09,1.29300592306114e-19,91.7800847180778,25.4937293671851,416,30,3.63333333333333,0.0108956099035179
"result_final_convex_10",29.6,1.54394768656664e-18,99.8513992217404,24.8854230453791,8516,201,14.726368159204,0.0100148821928804
"result_final_convex_10",26.09,1.07099719884102e-18,99.708248945815,25.5902204578615,7578,214,12.1915887850467,0.0100292604731574
"result_final_convex_10",13.3,5.24490376527868e-19,97.8893038247941,24.0740542157254,4610,222,5.99099099099099,0.0102156207157202
"result_final_convex_10",4.05,4.68353547630985e-19,93.8471247396008,26.1477638754723,1536,90,4.5,0.0106556274662087
"result_final_convex_10",13.53,3.87258654245705e-19,97.9517819395615,25.7458949586309,4622,214,6.32242990654206,0.0102091047268239
"result_final_convex_10",8.85,2.88373647188664e-19,96.3513018369755,26.1202830305844,3170,169,5.23668639053254,0.0103786869604728
"result_final_convex_10",19.81,5.47486020575105e-19,99.1620094895149,24.4583880237135,6110,230,8.61304347826087,0.0100845072134781
"result_final_convex_10",1.67,2.6339629009618e-27,92.2189447371785,26.442116926958,624,42,3.97619047619048,0.0108437588702622
"result_final_convex_10",28.09,3.42531517638092e-18,99.7997021169661,24.0495503744523,8110,219,12.8264840182648,0.0100200699880646
"result_final_convex_10",2.4,4.78263732926364e-19,92.7475587440802,25.2749585634788,956,62,3.87096774193548,0.0107819549489094
"result_final_convex_10",39.01,2.42801527160645e-17,99.9837766155801,24.573834436969,9186,139,28.0647482014388,0.0100016226016829
"result_final_convex_10",31.82,5.02818152740156e-18,99.9065424261144,24.9644246468537,8586,204,15.5980392156863,0.0100093544998772
"result_final_convex_10",6.21,4.25931170976583e-19,95.0957825029851,24.9973742748898,2322,138,4.5,0.0105157134594125
"result_final_convex_10",11.68,2.34704061695826e-19,97.4048146438824,24.5747201523794,4280,217,5.38248847926267,0.0102664329649007
"result_final_convex_10",32.1,9.45796101250917e-18,99.9120492200314,25.1072916738177,8670,184,17.445652173913,0.0100088028201458
"result_final_convex_10",36.58,3.7567284939707e-17,99.9692001744958,23.3969852790616,9114,139,26.3165467625899,0.0100030809314719
"result_final_convex_10",37.16,1.74926805091041e-17,99.9734320436896,25.4526073192147,9298,153,24.2875816993464,0.0100026575016749
"result_final_convex_10",32.21,5.13212934967108e-18,99.9141350504507,24.6515413216933,8718,193,16.6891191709845,0.0100085938740806
"result_final_convex_10",17.67,6.6534126233148e-19,98.8447259999941,25.7208638998122,5578,235,7.51914893617021,0.0101168776571859
"result_final_convex_10",12.37,5.69076697549844e-19,97.6209406468403,24.256521859863,4290,201,6.15422885572139,0.0102437037932022
"result_final_convex_10",25.92,9.25315013695213e-19,99.6990617880062,25.0067355460187,7514,236,10.9830508474576,0.0100301846583706
"result_final_convex_10",26.73,3.61882898157862e-18,99.7407351343197,24.8678195035212,7556,224,11.9330357142857,0.010025993879565
"result_final_convex_10",14,1.46459344055218e-19,98.0748400017884,25.1112324609406,5022,227,6.16740088105727,0.0101962949924952
"result_final_convex_10",30.37,2.81635404212465e-18,99.8730388963386,25.2166154677864,8436,210,14.4619047619048,0.010012712249979
"result_final_convex_10",11.77,8.21911906349855e-19,97.433855799042,25.2952319261213,4014,192,6.13020833333333,0.0102633729497733
"result_final_convex_10",36.28,2.12247932245977e-17,99.9667925082382,24.7633368663974,9108,165,21.9878787878788,0.01000332185228
"result_final_convex_10",26.97,1.97717774597496e-18,99.7520984269365,24.7184423100898,7712,213,12.6619718309859,0.0100248517652233
"result_final_convex_10",40.4,3.58073719061109e-17,99.9890756373538,23.9456890281688,9244,120,33.6666666666667,0.0100010925556194
"result_final_convex_10",8.18,9.32338954933348e-19,96.0591497725889,25.8251434866633,3062,165,4.95757575757576,0.0104102524576514
"result_final_convex_10",29.17,3.5298979576763e-18,99.8379969511157,24.3359447217425,8046,206,14.1601941747573,0.0100162265924629
"result_final_convex_10",2.93,7.83934280786505e-19,93.1149924240422,25.3791967945068,1180,72,4.06944444444444,0.0107394091323773
"result_final_convex_10",4.6,1.97767376822559e-19,94.1850943362849,24.510285839422,1804,105,4.38095238095238,0.0106173912873042
"result_final_convex_10",24.96,1.27108049622446e-18,99.6424520070503,25.2811785399478,7374,231,10.8051948051948,0.0100358830985938
"result_final_convex_10",14.16,4.23440023094954e-19,98.1153477556706,25.2429258405646,4788,225,6.29333333333333,0.0101920853655865
"result_final_convex_10",23.45,9.54312753298411e-19,99.5353172195011,24.8225332478769,7134,220,10.6590909090909,0.0100466852162107
"result_final_convex_10",33.04,8.67017668796324e-18,99.9285492346837,24.7026927640054,8740,185,17.8594594594595,0.0100071501853938
"result_final_convex_10",43.53,3.18643354786514e-17,99.9959642911973,22.8309140029581,9654,102,42.6764705882353,0.0100004035871679
"result_final_convex_10",9.41,6.84249834840229e-19,96.5823995320105,26.1946556513351,3278,182,5.17032967032967,0.01035385334021
"result_final_convex_10",2.07,2.07856445567184e-19,92.5118509168695,24.6568518782877,800,49,4.22448979591837,0.0108094259285612
"result_final_convex_10",35.25,1.29423836858936e-17,99.9572512829143,23.4566120908063,8624,158,22.3101265822785,0.0100042766999429
"result_final_convex_10",25.12,1.77164041570947e-18,99.6524673146287,24.2074184140618,7350,213,11.7934272300469,0.0100348744687148
"result_final_convex_10",14.76,3.20335884929672e-19,98.2611785873452,25.7655699586333,5260,255,5.78823529411765,0.0101769591447663
"result_final_convex_10",21.43,5.56675047398749e-19,99.3508714834674,24.8385251461438,6700,242,8.85537190082645,0.0100653369725741
"result_final_convex_10",5.64,2.92812468630651e-19,94.786506917737,25.7026756378011,2226,137,4.11678832116788,0.0105500248138469
"result_final_convex_10",14.22,6.85775385255737e-19,98.1303599624671,24.8764904511108,5000,236,6.02542372881356,0.0101905261570678
"result_final_convex_10",38.84,1.89695284717112e-17,99.982999100225,24.8193558041828,9326,139,27.9424460431655,0.0100017003790572
"result_final_convex_10",3.15,5.03879041198713e-20,93.263520763119,25.8508355539559,1316,88,3.57954545454545,0.0107223059114389
"result_final_convex_10",35.7,1.47896516488462e-17,99.9616755936257,25.9421893923974,8658,168,21.25,0.0100038339099607
"result_final_convex_10",1.81,1.16519034241374e-19,92.3223633332607,25.7906943680457,778,53,3.41509433962264,0.0108316117990854
"result_final_convex_10",19.27,7.36406291397433e-19,99.0897360662935,25.4646662256114,6134,230,8.37826086956522,0.0100918625853537
"result_final_convex_10",4.1,3.4669099347024e-19,93.8784288239898,25.2447217285127,1662,100,4.1,0.0106520743106478
"result_final_convex_10",9.66,2.46130336005925e-19,96.6818221092975,25.1863897460395,3426,172,5.61627906976744,0.0103432059738129
"result_final_convex_10",34.2,1.31890865719802e-17,99.9451840300183,24.9924509545277,8850,176,19.4318181818182,0.0100054846034367
"result_final_convex_10",27.2,1.81525784643873e-18,99.7625884077892,24.8245359161409,7698,215,12.6511627906977,0.0100237976576189
"result_final_convex_10",37.3,2.28551321334332e-17,99.9743750941975,23.8001446810061,9224,147,25.3741496598639,0.0100025631473844
"result_final_convex_10",36.6,2.92771544494437e-17,99.9693551999337,23.2490708890277,9008,144,25.4166666666667,0.0100030654193983
"result_final_convex_10",33.5,8.32439910077035e-18,99.9356019673233,24.4058431492904,8760,178,18.8202247191011,0.0100064439530467
"result_final_convex_10",25.04,1.63520243395864e-18,99.6474897124231,24.322183915479,7598,232,10.7931034482759,0.0100353757318518
"result_final_convex_10",21.9,7.60450726130571e-19,99.3984790873323,25.7548950058344,6858,244,8.97540983606557,0.0100605161083138
"result_final_convex_10",17.58,6.23693656676332e-19,98.8294758114356,25.2840085066157,5658,221,7.95475113122172,0.0101184387733471
"result_final_convex_10",9.58,1.42083243182815e-19,96.6502550651864,25.8524047673735,3552,190,5.04210526315789,0.0103465841794783
"result_final_convex_10",2.01,1.16644932349326e-19,92.4684194563568,24.6974654796448,838,56,3.58928571428571,0.0108145030041525
"result_final_convex_10",3.62,6.91666788441724e-20,93.5730735313253,26.741881222277,1492,101,3.58415841584158,0.0106868350291522
"result_final_convex_10",38.27,9.81590575398027e-18,99.9801550516883,25.1204329165501,9280,142,26.9507042253521,0.0100019848887313
"result_final_convex_10",11.78,2.77193287960504e-19,97.4370666328979,24.9306227628927,4172,198,5.94949494949495,0.0102630347418768
"result_final_convex_10",2.59,7.45713923487582e-20,92.8808505451815,23.7393843086014,944,56,4.625,0.0107664819403603
"result_final_convex_10",29.59,2.816368527089e-18,99.8510986639918,25.337015597464,8068,207,14.2946859903382,0.0100149123382717
"result_final_convex_10",36.37,3.39854804151075e-17,99.9675312352535,26.2765604422345,9136,157,23.1656050955414,0.0100032479310377
"result_final_convex_10",7.86,8.27293477820558e-19,95.913429123573,24.2449503720695,2850,148,5.31081081081081,0.0104260686864987
"result_final_convex_10",35.55,1.41750326841802e-17,99.9602468437557,24.2015100221252,8802,153,23.2352941176471,0.0100039768965663
"result_final_convex_10",1.46,1.02092333201615e-20,92.0619888291784,26.9997914788474,628,42,3.47619047619048,0.0108622463268256
"result_final_convex_10",39.58,4.77402879788097e-17,99.986166329268,25.4084192725588,9508,140,28.2714285714286,0.0100013835584701
"result_final_convex_10",17.98,5.14760705505664e-19,98.8960104491033,25.1960559786002,5894,249,7.22088353413655,0.0101116313535686
"result_final_convex_10",37.61,3.15156320626493e-17,99.9763615066757,25.2062563137331,9268,141,26.6737588652482,0.0100023644082429
"result_final_convex_10",13.99,6.84666143328744e-19,98.0722851850139,25.4403035225702,4600,208,6.72596153846154,0.0101965606094881
"result_final_convex_10",13.09,2.26863723248498e-19,97.8309338292074,24.5093894032642,4638,226,5.79203539823009,0.0102217157790377
"result_final_convex_10",39.54,1.98183206463448e-17,99.9860090433647,24.7045462330235,9392,132,29.9545454545455,0.0100013992914378
"result_final_convex_10",10.78,3.79815753990484e-19,97.0998709509275,25.7022409394854,3928,199,5.41708542713568,0.0102986748613227
"result_final_convex_10",34.96,1.54527824035642e-17,99.9541728714786,24.8024330983445,8762,156,22.4102564102564,0.0100045848139407
"result_final_convex_10",28.5,1.71907997268414e-18,99.8150603590828,25.1028225905933,7968,229,12.4454148471616,0.010018528230134
"result_final_convex_10",12.53,3.81098897807011e-19,97.6689500013375,25.1120853142053,4386,205,6.11219512195122,0.0102386684815011
"result_final_convex_10",3.34,1.16495318842233e-18,93.3899267834839,24.2798515676621,1340,85,3.92941176470588,0.0107077929541417
"result_final_convex_10",35.92,3.56426491151416e-17,99.9636910658226,25.5941955901849,8880,137,26.2189781021898,0.0100036322122353
"result_final_convex_10",42.4,7.25600393688654e-17,99.9940994187082,23.9279416813486,9784,96,44.1666666666667,0.0100005900929481
"result_final_convex_10",21.7,2.17541084541292e-18,99.378590329501,24.9054826809102,6442,220,9.86363636363636,0.0100625295316062
"result_final_convex_10",2.79,1.89777935527198e-20,93.0192594125857,24.7449371633913,1082,68,4.10294117647059,0.0107504618539749
"result_final_convex_10",13.47,1.25167014675274e-18,97.935628212622,25.1751063294733,4468,204,6.60294117647059,0.010210788639952
"result_final_convex_10",36.54,4.64019968160244e-17,99.968888098937,25.4104494680193,9396,134,27.2686567164179,0.0100031121583579
"result_final_convex_10",25.11,1.66913764419325e-18,99.6518483816354,24.8527588271431,7360,231,10.8701298701299,0.0100349367948531
"result_final_convex_10",24.06,1.2519041445062e-18,99.5814579492777,25.5614188752632,7208,238,10.109243697479,0.0100420301187933
"result_final_convex_10",28.99,2.52261242332603e-18,99.8320876392757,25.4247579979073,8016,180,16.1055555555556,0.0100168194780551
"result_final_convex_10",21.22,6.89740528985555e-19,99.3286055317717,25.0013375106332,6560,256,8.2890625,0.01006759326426
"result_final_convex_10",3.91,1.11015757122006e-18,93.758851959448,24.5067704294162,1496,93,4.20430107526882,0.0106656596054793
"result_final_convex_10",16.99,5.82228935637136e-19,98.7253580005957,25.8204213116824,5566,229,7.41921397379913,0.0101291098888086
"result_final_convex_10",31.67,5.53404255924639e-18,99.9034724785986,24.0854535652673,8498,187,16.9358288770053,0.0100096620787052
"result_final_convex_10",28.21,1.81318515986743e-18,99.8043057123933,24.6647474349312,7970,235,12.0042553191489,0.0100196078001054
"result_final_convex_10",4.8,2.79452574127258e-19,94.304542309279,25.1253887763001,1802,108,4.44444444444444,0.0106039430923743
"result_final_convex_10",34.44,9.83924959506426e-18,99.9481734271049,24.3875479581405,8734,175,19.68,0.0100051853446759
"result_final_convex_10",26.89,1.48680887311729e-18,99.7483586363826,23.9776967688248,7672,215,12.506976744186,0.0100252276194874
"result_final_convex_10",8.91,4.44787480615186e-19,96.3766249641373,25.8089499195638,3034,149,5.97986577181208,0.0103759599422797
"result_final_convex_10",37.95,4.65959457796311e-17,99.9783867467887,25.3914059969235,9206,153,24.8039215686275,0.0100021617925548
"result_final_convex_10",8.62,2.37354187734181e-19,96.2529609587691,25.7236672420523,3078,170,5.07058823529412,0.0103892907816972
"result_final_convex_10",2.04,9.6428047038696e-19,92.4901573819869,22.1649818857484,788,51,4,0.0108119612757277
"result_final_convex_10",11.68,3.4982505085725e-19,97.4048146438824,23.9469238836931,3998,198,5.8989898989899,0.0102664329649007
"result_final_convex_10",44.78,3.08999321949125e-16,99.9974470099826,26.1896865038818,10050,94,47.6382978723404,0.0100002553055197
"result_final_convex_10",5.17,2.14988876614771e-19,94.5207335635544,25.4778569788988,2054,127,4.07086614173228,0.010579689368657
"result_final_convex_10",14.6,1.75672098146122e-18,98.223213820551,23.9231861695673,4688,206,7.0873786407767,0.0101808926943375
"result_final_convex_10",29.14,3.75744187643009e-18,99.8370245853009,25.0646000432208,8302,210,13.8761904761905,0.0100163241458142
"result_final_convex_10",5.03,6.4868392750529e-19,94.4396586203914,25.376772953817,1800,105,4.79047619047619,0.0105887718635196
"result_final_convex_10",22.37,6.53104750112589e-19,99.4431313840355,25.0308993882978,6986,244,9.16803278688525,0.0100559987007865
"result_final_convex_10",28.55,8.25699149040827e-19,99.8168626917968,24.7195850436543,8082,203,14.064039408867,0.0100183473316296
"result_final_convex_10",6.9,5.06217416265659e-19,95.451485316912,24.8532764977461,2560,152,4.53947368421053,0.0104765263387978
"result_final_convex_10",42.01,5.12899801803622e-17,99.9933124715764,24.4127614948724,9600,119,35.3025210084034,0.0100006687975684
"result_final_convex_10",29.74,2.46206379472748e-18,99.8555528895247,25.0915085547763,8102,190,15.6526315789474,0.0100144656061977
"result_final_convex_10",3.71,1.67708841568594e-19,93.6311530027196,24.7930945315247,1404,85,4.36470588235294,0.0106802059777151
"result_final_convex_10",6.2,8.75770080163633e-19,95.0904781494533,25.6033379251599,2222,123,5.04065040650407,0.0105163000487631
"result_final_convex_10",19.46,5.52056748328031e-19,99.1157317683499,25.4580140677464,6532,261,7.45593869731801,0.0100892157295188
"result_final_convex_10",20.54,7.79220327166389e-19,99.2520889933529,24.783574021833,6464,230,8.9304347826087,0.0100753546866603
"result_final_convex_10",41.5,1.72088475736268e-16,99.9921540403442,26.2712888030053,9612,123,33.739837398374,0.0100007846575295
"result_final_convex_10",20.01,5.30329430866557e-19,99.1875394727748,24.5654147983333,6218,221,9.05429864253394,0.0100819115517477
"result_final_convex_10",15.45,3.97562936098333e-19,98.4174598165513,25.3705388013885,5190,234,6.6025641025641,0.0101607987227468
"result_final_convex_10",44.62,9.48993975282925e-17,99.997285499801,24.9346731256114,9322,99,45.0707070707071,0.0100002714573886
"result_final_convex_10",13.9,8.03921232165099e-19,98.0491688427896,25.0182722902757,4644,211,6.58767772511848,0.0101989645787144
"result_final_convex_10",23.62,6.03425062331629e-19,99.5485862612337,24.5586727409313,6976,228,10.359649122807,0.0100453460722769
"result_final_convex_10",9.44,2.38212195754494e-19,96.5944509996556,24.8671100974194,3498,183,5.15846994535519,0.0103525615566009
"result_final_convex_10",23.92,2.58714556701511e-18,99.5712249897082,25.2693965245407,7016,220,10.8727272727273,0.0100430621407275
"result_final_convex_10",40.9,3.86891319789771e-17,99.9905812514969,23.6265327226077,9454,118,34.6610169491525,0.0100009419635715
"result_final_convex_10",25.77,1.31132461085264e-18,99.6907530982542,24.820262373861,7424,236,10.9194915254237,0.0100310206204823
"result_final_convex_10",20.49,4.71321573037933e-19,99.2461877343492,25.060883102798,6360,223,9.18834080717489,0.0100759537754406
"result_final_convex_10",10.87,1.06836569079839e-18,97.1315772008572,24.9042027043171,3768,192,5.66145833333333,0.0102953131084458
"result_final_convex_10",22.2,4.40655913574878e-19,99.4273124715637,25.2996889906986,6810,241,9.21161825726141,0.0100575986129164
"result_final_convex_10",5.11,8.23502616237545e-20,94.4860951420861,25.1256517569147,2096,136,3.75735294117647,0.0105835678625116
"result_final_convex_10",26.62,6.5187557288755e-19,99.7353809933564,24.8918835716082,7778,235,11.3276595744681,0.0100265321096694
"result_final_convex_10",10.57,1.53993424340695e-19,97.0248180113341,26.2660053094222,3862,224,4.71875,0.0103066413366855
"result_final_convex_10",36.98,6.05574377441201e-17,99.9721758425146,24.9332026921014,9252,139,26.6043165467626,0.0100027831901477
"result_final_convex_10",33.41,4.00691378355888e-18,99.9342713023153,24.2106795010722,8870,184,18.1576086956522,0.0100065771928717
"result_final_convex_10",31.63,2.25852432807683e-18,99.9026393586036,24.9821749918369,8518,211,14.9905213270142,0.010009745552472
"result_final_convex_10",5.43,3.04990855970544e-19,94.6689710458677,25.2875207474608,2048,123,4.41463414634146,0.0105631231537892
"result_final_convex_10",41.27,3.78644121350982e-17,99.9915794380934,25.9773755157891,9648,145,28.4620689655172,0.0100008421271025
"result_final_convex_10",38.2,1.26394437473193e-17,99.9797792250088,25.7438787752349,9480,165,23.1515151515152,0.0100020224864616
"result_final_convex_10",33.22,5.37992720103891e-18,99.9313842571641,25.3898362690729,8844,207,16.048309178744,0.0100068662856365
"result_final_convex_10",25.43,8.218798379996e-19,99.6711983724295,24.8581022571737,7548,223,11.4035874439462,0.0100329886299091
"result_final_convex_10",32.08,1.85104179633798e-17,99.9116653408344,24.5202914158849,8454,180,17.8222222222222,0.0100088412758274
"result_final_convex_10",21.35,4.87301772972234e-19,99.3424630323988,25.2291836306827,6624,242,8.82231404958678,0.0100661889133337
"result_final_convex_10",29.37,3.34696599435849e-18,99.8443536466429,23.6518119622507,8306,209,14.0526315789474,0.0100155888988884
"result_final_convex_10",8.02,1.95106129233104e-19,95.9867963512429,24.7039053771323,3124,185,4.33513513513514,0.0104180995513249
"result_final_convex_10",31.74,1.02760750996475e-17,99.9049157213074,24.5384014780534,8634,179,17.731843575419,0.0100095174774941
"result_final_convex_10",32.33,4.34378088777776e-18,99.9163619072158,25.8381816961087,8462,185,17.4756756756757,0.0100083708104646
"result_final_convex_10",25.74,2.09317243679329e-18,99.6890682638758,24.6450181082739,7432,223,11.542600896861,0.0100311901536988
"result_final_convex_10",27.84,2.40081316837353e-18,99.7898142657505,25.6481130308733,7720,201,13.8507462686567,0.0100210628445194
"result_final_convex_10",34.06,8.90745003289061e-18,99.9433726068588,23.9140447954006,8644,172,19.8023255813953,0.0100056659477927
"result_final_convex_10",2.33,3.2684082672681e-19,92.6980066056514,24.8895101602565,924,62,3.75806451612903,0.0107877184916621
"result_final_convex_10",34.64,2.1466742115345e-17,99.9505563325172,24.4819263201092,8868,169,20.4970414201183,0.0100049468126339
"result_final_convex_10",40.92,7.53148792069688e-17,99.9906376352961,24.8352091841828,9398,120,34.1,0.0100009363241325
"result_final_convex_10",38.99,1.13552611102143e-17,99.9836867500433,23.2910285182275,8992,131,29.763358778626,0.0100016315911612
"result_final_convex_10",29.86,3.80511335635811e-18,99.8590337574021,24.5382203938458,8430,222,13.4504504504505,0.010014116523793
"result_final_convex_10",7.82,4.02546232755092e-19,95.8949279582715,25.4673200761317,2910,160,4.8875,0.0104280802049838
"result_final_convex_10",34.84,2.72931354097024e-18,99.9528443154986,25.1794348881508,8608,169,20.6153846153846,0.0100047177931578
"result_final_convex_10",2.9,3.16793994247004e-19,93.0945579384989,25.1239803713295,1128,78,3.71794871794872,0.0107417664592234
"result_final_convex_10",22.12,4.64880932540926e-19,99.4197391359784,24.7711822173604,6490,233,9.49356223175966,0.0100583647542293
"result_final_convex_10",10.95,3.4183854200766e-19,97.1595309864968,25.2013660736587,4070,218,5.02293577981651,0.0102923510421122
"result_final_convex_10",13.64,2.96505251404837e-19,97.9811336075342,25.2217039767619,4692,210,6.4952380952381,0.0102060464416091
"result_final_convex_10",39.86,3.58797720951897e-17,99.9872258088437,24.6384554238931,9414,130,30.6615384615385,0.0100012775823164
"result_final_convex_10",12.25,1.32237427461993e-18,97.584419778515,25.0302297177424,4126,203,6.03448275862069,0.0102475374887679
"result_final_convex_10",26.98,1.50824897349928e-18,99.7525625634486,24.1940340446424,7890,220,12.2636363636364,0.0100248051208102
"result_final_convex_10",1.46,5.10461666008077e-20,92.0619888291784,24.565570625851,504,27,5.40740740740741,0.0108622463268256
"result_final_convex_10",11.49,3.03409623108774e-19,97.3426510260121,25.8494041387234,4112,221,5.19909502262443,0.0102729891723699
"result_final_convex_10",3.13,8.67991912655511e-19,93.2501143157776,25.2727222356264,1164,75,4.17333333333333,0.0107238474433785
"result_final_convex_10",7.19,1.02383067201644e-18,95.5950118329282,24.7029372903116,2486,137,5.24817518248175,0.0104607968640425
"result_final_convex_10",20.41,3.74033361483188e-19,99.2366651981244,25.1572166676817,6490,239,8.53974895397489,0.0100769206422194
"result_final_linear_50",3.68,1.41152860198251e-13,67.5266404935502,26.2115393618511,1388,81,4.54320987654321,0.0148089700996678
"result_final_linear_50",16.55,2.20733659809708e-13,71.3857998289136,24.3540707199368,5588,236,7.01271186440678,0.014008388256441
"result_final_linear_50",10.21,3.95666426530638e-13,69.2931007871585,25.1209751047959,3564,179,5.70391061452514,0.0144314511638267
"result_final_linear_50",18.95,9.61700744213187e-13,72.3015165031222,24.6487822457833,6096,246,7.70325203252033,0.0138309685379395
"result_final_linear_50",25.94,2.80880703475792e-13,75.4790052996331,25.2603646417481,7516,217,11.9539170506912,0.0132487172562787
"result_final_linear_50",19.32,3.77008866428478e-13,72.4497126436782,25.0874911769656,6102,249,7.75903614457831,0.0138026772434308
"result_final_linear_50",29.37,2.41815202270597e-13,77.3942581634889,24.1852782475291,8110,201,14.6119402985075,0.0129208551606966
"result_final_linear_50",8.18,6.88440163809212e-13,68.7069739598922,25.4732128572436,3036,169,4.84023668639053,0.0145545632759747
"result_final_linear_50",12.27,1.44041585850516e-13,69.9266698549338,25.0622599259696,4432,216,5.68055555555556,0.0143006953151716
"result_final_linear_50",24.58,4.41032645477097e-13,74.791749305831,24.4459418206822,7102,221,11.1221719457014,0.0133704587642535
"result_final_linear_50",41.33,3.67269049280006e-14,87.1250371250371,25.490101283755,9530,131,31.5496183206107,0.0114777569456281
"result_final_linear_50",10.19,2.2017354806815e-13,69.2871470452091,24.917199871124,3670,204,4.99509803921569,0.014432691237056
"result_final_linear_50",12.68,5.41432525137016e-13,70.0577663671374,24.4758664575216,4064,190,6.67368421052632,0.014273934951901
"result_final_linear_50",10.38,5.61745794342563e-13,69.3438563912102,25.3709974293383,3790,208,4.99038461538461,0.0144208881945994
"result_final_linear_50",7.01,2.96888192780615e-13,68.3850566259744,25.6842428873626,2464,132,5.31060606060606,0.0146230777502957
"result_final_linear_50",0.74,5.83722423766983e-14,66.832749798007,22.748750330235,316,25,2.96,0.0149627241587749
"result_final_linear_50",33.83,5.13471863413932e-13,80.3619140150595,25.1200786600957,8750,173,19.5549132947977,0.0124437056067704
"result_final_linear_50",18.98,2.82167455851529e-13,72.3134594787576,25.0790078805072,6170,252,7.53174603174603,0.0138286842754875
"result_final_linear_50",37.76,1.39376512717418e-13,83.5660580021482,25.4801959693378,9392,148,25.5135135135135,0.0119665809768638
"result_final_linear_50",9.27,3.22676882611365e-13,69.0171915411532,24.1689427061347,3330,164,5.65243902439024,0.0144891436129174
"result_final_linear_50",42.75,2.93415387836292e-14,88.7596899224806,27.0788637767366,9372,111,38.5135135135135,0.0112663755458515
"result_final_linear_50",21.64,1.93814568954876e-13,73.4257871064468,24.5675629618925,6872,259,8.35521235521236,0.0136191934660541
"result_final_linear_50",10.8,3.12621625644248e-13,69.4704049844237,25.5197175860655,3760,183,5.9016393442623,0.0143946188340807
"result_final_linear_50",33.84,8.14438197512895e-14,80.3692905733722,24.1413929710015,8956,183,18.4918032786885,0.0124425634824667
"result_final_linear_50",12.22,5.26278912471799e-13,69.9107996177126,25.1318081071521,4240,214,5.71028037383178,0.0143039416723627
"result_final_linear_50",27.23,2.21955794824149e-13,76.1670504500733,24.9658042814976,7600,208,13.0913461538462,0.0131290366909441
"result_final_linear_50",21.87,4.3371668831456e-13,73.5271974402409,24.5767014241147,6658,234,9.34615384615385,0.0136004095737873
"result_final_linear_50",27.36,1.05276119129102e-13,76.2384550797649,24.649519636728,7854,234,11.6923076923077,0.0131167400881057
"result_final_linear_50",20.69,6.70768362047518e-13,73.0160191493279,25.8153953053778,6404,219,9.44748858447489,0.0136956247635859
"result_final_linear_50",1.09,3.24740437709026e-14,66.9124611013395,25.4937293671851,416,30,3.63333333333333,0.0149448994034981
"result_final_linear_50",29.6,1.08393389054962e-13,77.5330396475771,24.8854230453791,8516,201,14.726368159204,0.0128977272727273
"result_final_linear_50",26.09,1.87989569695275e-13,75.5571457779595,25.5902204578615,7578,214,12.1915887850467,0.0132350155594642
"result_final_linear_50",13.3,5.24218609366488e-13,70.259319286872,24.0740542157254,4610,222,5.99099099099099,0.0142329873125721
"result_final_linear_50",4.05,2.32352317411763e-13,67.6180408738548,26.1477638754723,1536,90,4.5,0.0147889525794685
"result_final_linear_50",13.53,3.84487710731439e-13,70.3351228241418,25.7458949586309,4622,214,6.32242990654206,0.0142176477391003
"result_final_linear_50",8.85,2.64059287531173e-13,68.896447467876,26.1202830305844,3170,169,5.23668639053254,0.0145145364783324
"result_final_linear_50",19.81,3.1303525006564e-13,72.6490306214894,24.4583880237135,6110,230,8.61304347826087,0.0137648085796234
"result_final_linear_50",1.67,1.41567508434204e-19,67.0462293740624,26.442116926958,624,42,3.97619047619048,0.0149150818671819
"result_final_linear_50",28.09,3.65002449726139e-13,76.6467704114261,24.0495503744523,8110,219,12.8264840182648,0.0130468641357252
"result_final_linear_50",2.4,1.67271076656216e-13,67.2176308539945,25.2749585634788,956,62,3.87096774193548,0.0148770491803279
"result_final_linear_50",39.01,4.9792148095203e-14,84.7318699638789,24.573834436969,9186,139,28.0647482014388,0.0118019347434005
"result_final_linear_50",31.82,1.78802290486473e-13,78.9485873089393,24.9644246468537,8586,204,15.5980392156863,0.0126664711058962
"result_final_linear_50",6.21,2.99177052197928e-13,68.1712458206135,24.9973742748898,2322,138,4.5,0.0146689412517326
"result_final_linear_50",11.68,2.38584398573696e-13,69.7409981048642,24.5747201523794,4280,217,5.38248847926267,0.014338768115942
"result_final_linear_50",32.1,3.06850784148985e-13,79.1375291375291,25.1072916738177,8670,184,17.445652173913,0.0126362297496318
"result_final_linear_50",36.58,2.29386745505674e-13,82.5351379489849,23.3969852790616,9114,139,26.3165467625899,0.0121160517187007
"result_final_linear_50",37.16,8.34151510805979e-14,83.0338266384778,25.4526073192147,9298,153,24.2875816993464,0.0120432845321451
"result_final_linear_50",32.21,1.60551777454984e-13,79.2124328114045,24.6515413216933,8718,193,16.6891191709845,0.0126242808673846
"result_final_linear_50",17.67,4.95395241388491e-13,71.8035932321646,25.7208638998122,5578,235,7.51914893617021,0.0139268796307543
"result_final_linear_50",12.37,5.78091297230896e-13,69.9584863483953,24.256521859863,4290,201,6.15422885572139,0.0142941914869337
"result_final_linear_50",25.92,1.68990625416843e-13,75.4686226568867,25.0067355460187,7514,236,10.9830508474576,0.0132505399568035
"result_final_linear_50",26.73,5.44987004383474e-13,75.8960016573441,24.8678195035212,7556,224,11.9330357142857,0.0131759246622083
"result_final_linear_50",14,1.42987280470766e-13,70.4918032786885,25.1112324609406,5022,227,6.16740088105727,0.0141860465116279
"result_final_linear_50",30.37,1.57617965184718e-13,78.0080663231011,25.2166154677864,8436,210,14.4619047619048,0.0128191871319833
"result_final_linear_50",11.77,8.35894231012829e-13,69.7690969476514,25.2952319261213,4014,192,6.13020833333333,0.0143329933129321
"result_final_linear_50",36.28,1.46830966823504e-13,82.2830578512397,24.7633368663974,9108,165,21.9878787878788,0.0121531701192718
"result_final_linear_50",26.97,2.8069368508865e-13,76.0254007911722,24.7184423100898,7712,213,12.6619718309859,0.0131534985622347
"result_final_linear_50",40.4,3.66477676330146e-14,86.1271676300578,23.9456890281688,9244,120,33.6666666666667,0.0116107382550336
"result_final_linear_50",8.18,8.11004645735561e-13,68.7069739598922,25.8251434866633,3062,165,4.95757575757576,0.0145545632759747
"result_final_linear_50",29.17,2.80102810434117e-13,77.2747108880646,24.3359447217425,8046,206,14.1601941747573,0.0129408442750247
"result_final_linear_50",2.93,3.09261291084235e-13,67.3442486471486,25.3791967945068,1180,72,4.06944444444444,0.0148490779849593
"result_final_linear_50",4.6,1.08449776515367e-13,67.7556818181818,24.510285839422,1804,105,4.38095238095238,0.0147589098532495
"result_final_linear_50",24.96,2.8810645697956e-13,74.9800159872102,25.2811785399478,7374,231,10.8051948051948,0.0133368869936034
"result_final_linear_50",14.16,4.10644711054036e-13,70.5456936226167,25.2429258405646,4788,225,6.29333333333333,0.0141752096924511
"result_final_linear_50",23.45,2.95594385034547e-13,74.2483026188167,24.8225332478769,7134,220,10.6590909090909,0.0134683213585892
"result_final_linear_50",33.04,2.04643672045954e-13,79.7902764537655,24.7026927640054,8740,185,17.8594594594595,0.0125328554360812
"result_final_linear_50",43.53,5.42777852263951e-15,89.7203686050207,22.8309140029581,9654,102,42.6764705882353,0.0111457411014698
"result_final_linear_50",9.41,6.48797542647362e-13,69.0577831986583,26.1946556513351,3278,182,5.17032967032967,0.0144806270007727
"result_final_linear_50",2.07,6.71817118443518e-14,67.139723022076,24.6568518782877,800,49,4.22448979591837,0.0148943122638619
"result_final_linear_50",35.25,1.35382946700613e-13,81.4465408805032,23.4566120908063,8624,158,22.3101265822785,0.0122779922779923
"result_final_linear_50",25.12,3.8773112051611e-13,75.0601443464314,24.2074184140618,7350,213,11.7934272300469,0.0133226495726496
"result_final_linear_50",14.76,3.01654649631883e-13,70.7503320053121,25.7655699586333,5260,255,5.78823529411765,0.0141342092914125
"result_final_linear_50",21.43,2.48372359926644e-13,73.3339555721486,24.8385251461438,6700,242,8.85537190082645,0.0136362479317806
"result_final_linear_50",5.64,1.89865882646166e-13,68.0219146482122,25.7026756378011,2226,137,4.11678832116788,0.0147011445527766
"result_final_linear_50",14.22,6.63302898073209e-13,70.5659756498848,24.8764904511108,5000,236,6.02542372881356,0.0141711354628118
"result_final_linear_50",38.84,4.21943431234401e-14,84.5685840707965,24.8193558041828,9326,139,27.9424460431655,0.0118247220405494
"result_final_linear_50",3.15,2.08493583100052e-14,67.3973556019485,25.8508355539559,1316,88,3.57954545454545,0.014837377387713
"result_final_linear_50",35.7,1.29502780646266e-13,81.8066157760814,25.9421893923974,8658,168,21.25,0.0122239502332815
"result_final_linear_50",1.81,3.53149998671814e-14,67.0788359065446,25.7906943680457,778,53,3.41509433962264,0.0149078317547612
"result_final_linear_50",19.27,4.53209229739663e-13,72.4295711465997,25.4646662256114,6134,230,8.37826086956522,0.013806515545646
"result_final_linear_50",4.1,1.73626251022872e-13,67.6304654442877,25.2447217285127,1662,100,4.1,0.0147862356621481
"result_final_linear_50",9.66,2.36491257016922e-13,69.1307009488828,25.1863897460395,3426,172,5.61627906976744,0.0144653531104715
"result_final_linear_50",34.2,2.055314364828e-13,80.6372549019608,24.9924509545277,8850,176,19.4318181818182,0.0124012158054711
"result_final_linear_50",27.2,2.43338295914524e-13,76.1506276150628,24.8245359161409,7698,215,12.6511627906977,0.0131318681318681
"result_final_linear_50",37.3,1.02550834786646e-13,83.1564986737401,23.8001446810061,9224,147,25.3741496598639,0.0120255183413078
"result_final_linear_50",36.6,1.77272510260552e-13,82.5520833333333,23.2490708890277,9008,144,25.4166666666667,0.0121135646687697
"result_final_linear_50",33.5,1.67167381349821e-13,80.1204819277108,24.4058431492904,8760,178,18.8202247191011,0.0124812030075188
"result_final_linear_50",25.04,3.64216394116153e-13,75.0200160128103,24.322183915479,7598,232,10.7931034482759,0.0133297758804696
"result_final_linear_50",21.9,3.13373410039139e-13,73.5404896421846,25.7548950058344,6858,244,8.97540983606557,0.0135979513444302
"result_final_linear_50",17.58,4.68800591591946e-13,71.7694183211425,25.2840085066157,5658,221,7.95475113122172,0.013933511283669
"result_final_linear_50",9.58,1.35962180572728e-13,69.1073066340569,25.8524047673735,3552,190,5.04210526315789,0.0144702499447025
"result_final_linear_50",2.01,3.71519737999716e-14,67.125633648445,24.6974654796448,838,56,3.58928571428571,0.0148974385141341
"result_final_linear_50",3.62,3.15505615010083e-14,67.5119080975063,26.741881222277,1492,101,3.58415841584158,0.0148122017015978
"result_final_linear_50",38.27,2.85102362464818e-14,84.0321263272529,25.1204329165501,9280,142,26.9507042253521,0.0119002105945245
"result_final_linear_50",11.78,2.81920698930195e-13,69.7722239797532,24.9306227628927,4172,198,5.94949494949495,0.0143323509408298
"result_final_linear_50",2.59,2.72558224334569e-14,67.2628090042812,23.7393843086014,944,56,4.625,0.0148670567703521
"result_final_linear_50",29.59,1.98294665425239e-13,77.5269764369082,25.337015597464,8068,207,14.2946859903382,0.0128987359750035
"result_final_linear_50",36.37,2.26514359087344e-13,82.3582707740099,26.2765604422345,9136,157,23.1656050955414,0.0121420713499921
"result_final_linear_50",7.86,6.99563622557117e-13,68.6178135239797,24.2449503720695,2850,148,5.31081081081081,0.0145734751465162
"result_final_linear_50",35.55,1.31763844243394e-13,81.6856780735108,24.2015100221252,8802,153,23.2352941176471,0.0122420480993018
"result_final_linear_50",1.46,2.82921763304499e-15,66.9975523524612,26.9997914788474,628,42,3.47619047619048,0.014925918408768
"result_final_linear_50",39.58,7.41214866538002e-14,85.2907961603614,25.4084192725588,9508,140,28.2714285714286,0.0117245945051307
"result_final_linear_50",17.98,3.70602669583853e-13,71.9221325850579,25.1960559786002,5894,249,7.22088353413655,0.0139039258717386
"result_final_linear_50",37.61,1.23372689261464e-13,83.4313987697245,25.2062563137331,9268,141,26.6737588652482,0.0119858951755089
"result_final_linear_50",13.99,6.68703734223665e-13,70.4884445172922,25.4403035225702,4600,208,6.72596153846154,0.0141867224741309
"result_final_linear_50",13.09,2.27922629539786e-13,70.1905992569859,24.5093894032642,4638,226,5.79203539823009,0.0142469221033253
"result_final_linear_50",39.54,3.13860185278604e-14,85.2509870276368,24.7045462330235,9392,132,29.9545454545455,0.0117300694674165
"result_final_linear_50",10.78,3.80672921005116e-13,69.4643413266895,25.7022409394854,3928,199,5.41708542713568,0.0143958753642681
"result_final_linear_50",34.96,1.80861152810589e-13,81.2187812187812,24.8024330983445,8762,156,22.4102564102564,0.0123124231242312
"result_final_linear_50",28.5,1.64137408785699e-13,76.8817204301075,25.1028225905933,7968,229,12.4454148471616,0.013006993006993
"result_final_linear_50",12.53,3.86534471659582e-13,70.0096046102129,25.1120853142053,4386,205,6.11219512195122,0.0142837544300903
"result_final_linear_50",3.34,5.01772816259226e-13,67.4434831147083,24.2798515676621,1340,85,3.92941176470588,0.014827229464101
"result_final_linear_50",35.92,2.85658766351264e-13,81.985670419652,25.5941955901849,8880,137,26.2189781021898,0.0121972534332085
"result_final_linear_50",42.4,2.45799148050616e-14,88.3435582822086,23.9279416813486,9784,96,44.1666666666667,0.0113194444444444
"result_final_linear_50",21.7,9.27672376292725e-13,73.4521575984991,24.9054826809102,6442,220,9.86363636363636,0.0136143039591315
"result_final_linear_50",2.79,7.25780749150937e-15,67.310621797535,24.7449371633913,1082,68,4.10294117647059,0.0148564962452423
"result_final_linear_50",13.47,1.24500014805277e-12,70.315293352836,25.1751063294733,4468,204,6.60294117647059,0.0142216572287068
"result_final_linear_50",36.54,2.8812120365246e-13,82.5013000520021,25.4104494680193,9396,134,27.2686567164179,0.0121210211156634
"result_final_linear_50",25.11,3.66103247559924e-13,75.0551212667869,24.8527588271431,7360,231,10.8701298701299,0.0133235411937508
"result_final_linear_50",24.06,3.4319641757064e-13,74.538672948567,25.5614188752632,7208,238,10.109243697479,0.01341585462207
"result_final_linear_50",28.99,2.10519882859296e-13,77.1680069550098,25.4247579979073,8016,180,16.1055555555556,0.0129587382058865
"result_final_linear_50",21.22,3.18520579706327e-13,73.2428412049089,25.0013375106332,6560,256,8.2890625,0.0136532114749937
"result_final_linear_50",3.91,5.36196197530738e-13,67.5833450555634,24.5067704294162,1496,93,4.20430107526882,0.0147965449058175
"result_final_linear_50",16.99,4.64066421114265e-13,71.5480089639717,25.8204213116824,5566,229,7.41921397379913,0.0139766293217685
"result_final_linear_50",31.67,2.06585228542872e-13,78.8483729517655,24.0854535652673,8498,187,16.9358288770053,0.0126825698814576
"result_final_linear_50",28.21,1.87153212532548e-13,76.7151100662535,24.6647474349312,7970,235,12.0042553191489,0.0130352416771138
"result_final_linear_50",4.8,1.58611733887149e-13,67.8062678062678,25.1253887763001,1802,108,4.44444444444444,0.0147478991596639
"result_final_linear_50",34.44,1.40251980441833e-13,80.8185404339251,24.3875479581405,8734,175,19.68,0.0123733984136669
"result_final_linear_50",26.89,2.15291735433991e-13,75.9821242984826,23.9776967688248,7672,215,12.506976744186,0.0131609902886062
"result_final_linear_50",8.91,4.08951754336719e-13,68.9136026630353,25.8089499195638,3034,149,5.97986577181208,0.0145109232627072
"result_final_linear_50",37.95,1.56625220186635e-13,83.7381916329285,25.3914059969235,9206,153,24.8039215686275,0.011941982272361
"result_final_linear_50",8.62,2.13799106110972e-13,68.8309731846942,25.7236672420523,3078,170,5.07058823529412,0.0145283431823156
"result_final_linear_50",2.04,3.0939309187784e-13,67.1326754385965,22.1649818857484,788,51,4,0.0148958758677011
"result_final_linear_50",11.68,3.55608670603063e-13,69.7409981048642,23.9469238836931,3998,198,5.8989898989899,0.014338768115942
"result_final_linear_50",44.78,2.31649309685779e-14,91.3633355393779,26.1896865038818,10050,94,47.6382978723404,0.0109453096704093
"result_final_linear_50",5.17,1.29688396521151e-13,67.9006157811829,25.4778569788988,2054,127,4.07086614173228,0.0147274069387325
"result_final_linear_50",14.6,1.66839690080033e-12,70.6953642384106,23.9231861695673,4688,206,7.0873786407767,0.0141451990632318
"result_final_linear_50",29.14,3.00684343577386e-13,77.2568687309202,25.0646000432208,8302,210,13.8761904761905,0.0129438329099633
"result_final_linear_50",5.03,3.82552055128862e-13,67.864799199657,25.376772953817,1800,105,4.79047619047619,0.014735179530378
"result_final_linear_50",22.37,2.4775402106859e-13,73.7507125213756,25.0308993882978,6986,244,9.16803278688525,0.0135591910343939
"result_final_linear_50",28.55,7.77752271369116e-14,76.9106566200215,24.7195850436543,8082,203,14.064039408867,0.0130020993701889
"result_final_linear_50",6.9,3.87423523801193e-13,68.3553597650514,24.8532764977461,2560,152,4.53947368421053,0.0146294307196563
"result_final_linear_50",42.01,2.17858675582267e-14,87.8902697787208,24.4127614948724,9600,119,35.3025210084034,0.0113778237627177
"result_final_linear_50",29.74,1.65988439487207e-13,77.6182059213434,25.0915085547763,8102,190,15.6526315789474,0.0128835752917734
"result_final_linear_50",3.71,7.78892026382041e-14,67.5340159910226,24.7930945315247,1404,85,4.36470588235294,0.0148073527884515
"result_final_linear_50",6.2,6.14328488166215e-13,68.1686046511628,25.6033379251599,2222,123,5.04065040650407,0.0146695095948827
"result_final_linear_50",19.46,3.3124400860249e-13,72.5063017644941,25.4580140677464,6532,261,7.45593869731801,0.0137919046436553
"result_final_linear_50",20.54,4.00420356969762e-13,72.9526257803893,24.783574021833,6464,230,8.9304347826087,0.0137075257991442
"result_final_linear_50",41.5,9.74767669243509e-14,87.3134328358209,26.2712888030053,9612,123,33.739837398374,0.0114529914529915
"result_final_linear_50",20.01,2.94728532685239e-13,72.7314057101291,24.5654147983333,6218,221,9.05429864253394,0.0137492186523315
"result_final_linear_50",15.45,3.58952680200496e-13,70.9907640638119,25.3705388013885,5190,234,6.6025641025641,0.0140863394441159
"result_final_linear_50",44.62,7.93243143514386e-15,91.1454904542462,24.9346731256114,9322,99,45.0707070707071,0.0109714698447093
"result_final_linear_50",13.9,7.87956265992431e-13,70.4582651391162,25.0182722902757,4644,211,6.58767772511848,0.0141927990708479
"result_final_linear_50",23.62,1.80754215356608e-13,74.3285325029194,24.5586727409313,6976,228,10.359649122807,0.0134537837130139
"result_final_linear_50",9.44,2.26246432431904e-13,69.0665039658328,24.8671100974194,3498,183,5.15846994535519,0.0144787985865724
"result_final_linear_50",23.92,7.2975122902319e-13,74.4714173844949,25.2693965245407,7016,220,10.8727272727273,0.0134279705573081
"result_final_linear_50",40.9,3.0406254644837e-14,86.6568914956012,23.6265327226077,9454,118,34.6610169491525,0.0115397631133672
"result_final_linear_50",25.77,2.47930429959098e-13,75.3910217347146,24.820262373861,7424,236,10.9194915254237,0.0132641789034083
"result_final_linear_50",20.49,2.44041384927848e-13,72.9315721885893,25.060883102798,6360,223,9.18834080717489,0.0137114828323481
"result_final_linear_50",10.87,1.07312971484886e-12,69.4916575705598,24.9042027043171,3768,192,5.66145833333333,0.0143902165376416
"result_final_linear_50",22.2,1.72308899823931e-13,73.6742424242424,25.2996889906986,6810,241,9.21161825726141,0.013573264781491
"result_final_linear_50",5.11,4.92000442578606e-14,67.8852482472457,25.1256517569147,2096,136,3.75735294117647,0.0147307408578354
"result_final_linear_50",26.62,1.00833662604561e-13,75.8371227780074,24.8918835716082,7778,235,11.3276595744681,0.0131861542654674
"result_final_linear_50",10.57,1.53447463211338e-13,69.4009002017694,26.2660053094222,3862,224,4.71875,0.0144090349994409
"result_final_linear_50",36.98,3.12064056525725e-13,82.8774329300368,24.9332026921014,9252,139,26.6043165467626,0.0120660107902253
"result_final_linear_50",33.41,8.30755811354262e-14,80.0553017552296,24.2106795010722,8870,184,18.1576086956522,0.0124913650698303
"result_final_linear_50",31.63,8.54040009543374e-14,78.8217661978326,24.9821749918369,8518,211,14.9905213270142,0.0126868509580225
"result_final_linear_50",5.43,1.91617154425677e-13,67.9675147333621,25.2875207474608,2048,123,4.41463414634146,0.0147129110711642
"result_final_linear_50",41.27,2.43503726881009e-14,87.0589979246961,25.9773755157891,9648,145,28.4620689655172,0.0114864634769283
"result_final_linear_50",38.2,3.79117489135002e-14,83.9673913043478,25.7438787752349,9480,165,23.1515151515152,0.0119093851132686
"result_final_linear_50",33.22,1.19259407710704e-13,79.9186213499282,25.3898362690729,8844,207,16.048309178744,0.012512728361785
"result_final_linear_50",25.43,1.67880146392124e-13,75.2168650393383,24.8581022571737,7548,223,11.4035874439462,0.0132948907067185
"result_final_linear_50",32.08,6.04520347366358e-13,79.1239515377446,24.5202914158849,8454,180,17.8222222222222,0.0126383981154299
"result_final_linear_50",21.35,2.20307419284919e-13,73.2991612301957,25.2291836306827,6624,242,8.82231404958678,0.0136427209154482
"result_final_linear_50",29.37,2.50973341602909e-13,77.3942581634889,23.6518119622507,8306,209,14.0526315789474,0.0129208551606966
"result_final_linear_50",8.02,1.67383511515133e-13,68.6622872499254,24.7039053771323,3124,185,4.33513513513514,0.0145640356599261
"result_final_linear_50",31.74,3.75025635776462e-13,78.8950531668978,24.5384014780534,8634,179,17.731843575419,0.0126750659244067
"result_final_linear_50",32.33,1.30565841953118e-13,79.2945863604406,25.8381816961087,8462,185,17.4756756756757,0.0126112014186493
"result_final_linear_50",25.74,3.98489260983388e-13,75.3755582622818,24.6450181082739,7432,223,11.542600896861,0.0132669000807972
"result_final_linear_50",27.84,2.73199632187725e-13,76.5055131467345,25.6481130308733,7720,201,13.8507462686567,0.0130709534368071
"result_final_linear_50",34.06,1.46141561392331e-13,80.5324865657059,23.9140447954006,8644,172,19.8023255813953,0.0124173491052472
"result_final_linear_50",2.33,1.12442627865676e-13,67.2010458235861,24.8895101602565,924,62,3.75806451612903,0.0148807207945121
"result_final_linear_50",34.64,2.83836511998256e-13,80.9712586719524,24.4819263201092,8868,169,20.4970414201183,0.0123500611995104
"result_final_linear_50",40.92,5.85592683204876e-14,86.6784037558685,24.8352091841828,9398,120,34.1,0.0115368991198375
"result_final_linear_50",38.99,2.35112574656417e-14,84.7125798389336,23.2910285182275,8992,131,29.763358778626,0.0118046221930831
"result_final_linear_50",29.86,2.47718831008859e-13,77.6916260522818,24.5382203938458,8430,222,13.4504504504505,0.0128714000570288
"result_final_linear_50",7.82,3.39135346178292e-13,68.6067281929145,25.4673200761317,2910,160,4.8875,0.0145758298980256
"result_final_linear_50",34.84,3.34471975289816e-14,81.1254980079681,25.1794348881508,8608,169,20.6153846153846,0.0123265807243708
"result_final_linear_50",2.9,1.24151694841394e-13,67.3370319001387,25.1239803713295,1128,78,3.71794871794872,0.0148506694129763
"result_final_linear_50",22.12,1.84366755582559e-13,73.6384266263238,24.7711822173604,6490,233,9.49356223175966,0.0135798664612224
"result_final_linear_50",10.95,3.43982883958071e-13,69.5160031225605,25.2013660736587,4070,218,5.02293577981651,0.0143851768669287
"result_final_linear_50",13.64,2.9334001234851e-13,70.3715775749674,25.2217039767619,4692,210,6.4952380952381,0.0142102825382121
"result_final_linear_50",39.86,4.84257864181443e-14,85.5719977233921,24.6384554238931,9414,130,30.6615384615385,0.0116860658463585
"result_final_linear_50",12.25,1.34442818652322e-12,69.9203187250996,25.0302297177424,4126,203,6.03448275862069,0.0143019943019943
"result_final_linear_50",26.98,2.13591457809785e-13,76.0308204914619,24.1940340446424,7890,220,12.2636363636364,0.0131525609422076
"result_final_linear_50",1.46,1.41460881652249e-14,66.9975523524612,24.565570625851,504,27,5.40740740740741,0.014925918408768
"result_final_linear_50",11.49,3.0794734575583e-13,69.6819398519918,25.8494041387234,4112,221,5.19909502262443,0.0143509207999096
"result_final_linear_50",3.13,3.57620320515785e-13,67.3925142618617,25.2727222356264,1164,75,4.17333333333333,0.0148384432744916
"result_final_linear_50",7.19,8.09463865986415e-13,68.4338593127857,24.7029372903116,2486,137,5.24817518248175,0.0146126494989764
"result_final_linear_50",20.41,1.96013533649846e-13,72.8979666605605,25.1572166676817,6490,239,8.53974895397489,0.013717803744189
"result_final_concave_50",3.68,2.13492900994999e-13,66.6991201665987,26.2115393618511,1388,81,4.54320987654321,0.0149927015154358
"result_final_concave_50",16.55,1.50071690661064e-12,67.5523170385984,24.3540707199368,5588,236,7.01271186440678,0.0148033412300072
"result_final_concave_50",10.21,1.27347034073218e-12,66.9552417760553,25.1209751047959,3564,179,5.70391061452514,0.0149353504441772
"result_final_concave_50",18.95,8.66859406310442e-12,67.9039993632484,24.6487822457833,6096,246,7.70325203252033,0.0147266730881426
"result_final_concave_50",25.94,5.55733324883672e-12,69.5091180916672,25.2603646417481,7516,217,11.9539170506912,0.0143866017503088
"result_final_concave_50",19.32,3.54831528750303e-12,67.9657936489241,25.0874911769656,6102,249,7.75903614457831,0.0147132836433203
"result_final_concave_50",29.37,6.72236421764937e-12,70.7442153989262,24.1852782475291,8110,201,14.6119402985075,0.0141354313474396
"result_final_concave_50",8.18,1.74788925230891e-12,66.8435023777696,25.4732128572436,3036,169,4.84023668639053,0.0149603172249779
"result_final_concave_50",12.27,5.90713908233722e-13,67.1042103132024,25.0622599259696,4432,216,5.68055555555556,0.0149021945915554
"result_final_concave_50",24.58,7.54139108983668e-12,69.113663225979,24.4459418206822,7102,221,11.1221719457014,0.0144689190722004
"result_final_concave_50",41.33,1.37467505672866e-12,79.8801109884553,25.490101283755,9530,131,31.5496183206107,0.0125187607731858
"result_final_concave_50",10.19,7.06978436161756e-13,66.9539788957534,24.917199871124,3670,204,4.99509803921569,0.0149356321534974
"result_final_concave_50",12.68,2.33043866724945e-12,67.1385796737639,24.4758664575216,4064,190,6.67368421052632,0.0148945659091858
"result_final_concave_50",10.38,1.84442207649215e-12,66.9661127679193,25.3709974293383,3790,208,4.99038461538461,0.0149329259033691
"result_final_concave_50",7.01,6.58054901187911e-13,66.7931911226575,25.6842428873626,2464,132,5.31060606060606,0.0149715859235356
"result_final_concave_50",0.74,6.33873604087391e-14,66.667901790295,22.748750330235,316,25,2.96,0.0149997221023322
"result_final_concave_50",33.83,2.00771178010534e-11,73.0296324279157,25.1200786600957,8750,173,19.5549132947977,0.0136930717950286
"result_final_concave_50",18.98,2.55233929479188e-12,67.9089297220458,25.0790078805072,6170,252,7.53174603174603,0.014725603894702
"result_final_concave_50",37.76,6.1570020260464e-12,75.9897254856666,25.4801959693378,9392,148,25.5135135135135,0.013159673806015
"result_final_concave_50",9.27,9.30312296001743e-13,66.8994537954774,24.1689427061347,3330,164,5.65243902439024,0.0149478051503554
"result_final_concave_50",42.75,9.11915408583422e-13,81.8866038943802,27.0788637767366,9372,111,38.5135135135135,0.0122120096870769
"result_final_concave_50",21.64,2.3850335193191e-12,68.4056539352295,24.5675629618925,6872,259,8.35521235521236,0.0146186746631625
"result_final_concave_50",10.8,1.07834215242024e-12,66.9940319821094,25.5197175860655,3760,183,5.9016393442623,0.01492670272879
"result_final_concave_50",33.84,3.1863371997945e-12,73.035862836371,24.1413929710015,8956,183,18.4918032786885,0.0136919036917575
"result_final_concave_50",12.22,2.14558094386558e-12,67.1001310038299,25.1318081071521,4240,214,5.71028037383178,0.0149031005609054
"result_final_concave_50",27.23,5.01767611321189e-12,69.9305625775168,24.9658042814976,7600,208,13.0913461538462,0.0142998992592333
"result_final_concave_50",21.87,5.47916065643933e-12,68.4545660916595,24.5767014241147,6658,234,9.34615384615385,0.0146082293277707
"result_final_concave_50",27.36,2.41135153245033e-12,69.9757429465275,24.649519636728,7854,234,11.6923076923077,0.0142906664208504
"result_final_concave_50",20.69,7.40101507487642e-12,68.2141219938528,25.8153953053778,6404,219,9.44748858447489,0.0146597210485259
"result_final_concave_50",1.09,3.66710975742142e-14,66.6693655099051,25.4937293671851,416,30,3.63333333333333,0.014999392784853
"result_final_concave_50",29.6,3.07700937715763e-12,70.8411471435759,24.8854230453791,8516,201,14.726368159204,0.0141160898760331
"result_final_concave_50",26.09,3.7785931558968e-12,69.5557046631378,25.5902204578615,7578,214,12.1915887850467,0.0143769659849333
"result_final_concave_50",13.3,2.42769482394219e-12,67.1937419604555,24.0740542157254,4610,222,5.99099099099099,0.0148823383074649
"result_final_concave_50",4.05,3.6654971616813e-13,66.7062822057396,26.1477638754723,1536,90,4.5,0.0149910917972574
"result_final_concave_50",13.53,1.82962848933053e-12,67.215210049776,25.7458949586309,4622,214,6.32242990654206,0.014877584987973
"result_final_concave_50",8.85,7.24867952820525e-13,66.876815763255,26.1202830305844,3170,169,5.23668639053254,0.014952865033826
"result_final_concave_50",19.81,3.11919214093256e-12,68.0510035937488,24.4583880237135,6110,230,8.61304347826087,0.0146948604310056
"result_final_concave_50",1.67,1.84312957676483e-19,66.6730771401589,26.442116926958,624,42,3.97619047619048,0.0149985577821437
"result_final_concave_50",28.09,8.98812299809596e-12,70.2392599146425,24.0495503744523,8110,219,12.8264840182648,0.0142370520591367
"result_final_concave_50",2.4,2.18848087581242e-13,66.6801066236588,25.2749585634788,956,62,3.87096774193548,0.0149969766191884
"result_final_concave_50",39.01,2.15833700412107e-12,77.1933979722378,24.573834436969,9186,139,28.0647482014388,0.0129544757229063
"result_final_concave_50",31.82,6.10956404408989e-12,71.8859272580998,24.9644246468537,8586,204,15.5980392156863,0.0139109285800765
"result_final_concave_50",6.21,6.04585301761392e-13,66.7642313697977,24.9973742748898,2322,138,4.5,0.0149780800210391
"result_final_concave_50",11.68,9.12717094841192e-13,67.0575924065481,24.5747201523794,4280,217,5.38248847926267,0.014912554479101
"result_final_concave_50",32.1,1.07064895482715e-11,72.0330416332704,25.1072916738177,8670,184,17.445652173913,0.0138825180406949
"result_final_concave_50",36.58,1.001736124666e-11,74.9818068146575,23.3969852790616,9114,139,26.3165467625899,0.0133365684621582
"result_final_concave_50",37.16,3.67517386432685e-12,75.4627751188565,25.4526073192147,9298,153,24.2875816993464,0.0132515667284295
"result_final_concave_50",32.21,5.64713329336056e-12,72.0918591670815,24.6515413216933,8718,193,16.6891191709845,0.013871191720585
"result_final_concave_50",17.67,3.84304911146201e-12,67.706262315109,25.7208638998122,5578,235,7.51914893617021,0.014769682534622
"result_final_concave_50",12.37,2.39887277095603e-12,67.1124415136985,24.256521859863,4290,201,6.15422885572139,0.0149003668685766
"result_final_concave_50",25.92,3.33650172412627e-12,69.5029528436622,25.0067355460187,7514,236,10.9830508474576,0.0143878779114518
"result_final_concave_50",26.73,1.1707702688339e-11,69.7615210586446,24.8678195035212,7556,224,11.9330357142857,0.014334549832412
"result_final_concave_50",14,7.19276797519336e-13,67.2608221171335,25.1112324609406,5022,227,6.16740088105727,0.0148674959437534
"result_final_concave_50",30.37,4.78866508353106e-12,71.1804007228008,25.2166154677864,8436,210,14.4619047619048,0.0140488110469386
"result_final_concave_50",11.77,3.23183341504458e-12,67.0644913700826,25.2952319261213,4014,192,6.13020833333333,0.0149110204158813
"result_final_concave_50",36.28,6.36852210084583e-12,74.7433765057145,24.7633368663974,9108,165,21.9878787878788,0.0133791119260386
"result_final_concave_50",26.97,6.18014466718273e-12,69.8417348458875,24.7184423100898,7712,213,12.6619718309859,0.0143180864880661
"result_final_concave_50",40.4,1.48453515048595e-12,78.724158717776,23.9456890281688,9244,120,33.6666666666667,0.0127025809648214
"result_final_concave_50",8.18,2.05906973237928e-12,66.8435023777696,25.8251434866633,3062,165,4.95757575757576,0.0149603172249779
"result_final_concave_50",29.17,7.64460758262382e-12,70.6615127456431,24.3359447217425,8046,206,14.1601941747573,0.0141519755400603
"result_final_concave_50",2.93,4.2959853089682e-13,66.6869194437552,25.3791967945068,1180,72,4.06944444444444,0.0149954445090752
"result_final_concave_50",4.6,1.82170237997011e-13,66.7183729242968,24.510285839422,1804,105,4.38095238095238,0.014988375108228
"result_final_concave_50",24.96,5.1339154670899e-12,69.2194283034929,25.2811785399478,7374,231,10.8051948051948,0.0144468110255909
"result_final_concave_50",14.16,2.10512078327238e-12,67.2768941565298,25.2429258405646,4788,225,6.29333333333333,0.0148639441897147
"result_final_concave_50",23.45,4.46244934150509e-12,68.8193728583504,24.8225332478769,7134,220,10.6590909090909,0.0145307921078892
"result_final_concave_50",33.04,7.62270957233716e-12,72.5550426743195,24.7026927640054,8740,185,17.8594594594595,0.0137826395401452
"result_final_concave_50",43.53,1.46245084194731e-13,83.1328607353827,22.8309140029581,9654,102,42.6764705882353,0.0120289376686202
"result_final_concave_50",9.41,1.9014234921144e-12,66.9073084471455,26.1946556513351,3278,182,5.17032967032967,0.0149460503375347
"result_final_concave_50",2.07,8.4687169174038e-14,66.6765969434423,24.6568518782877,800,49,4.22448979591837,0.014997766020486
"result_final_concave_50",35.25,5.67613930571894e-12,73.9747025286444,23.4566120908063,8624,158,22.3101265822785,0.0135181347922661
"result_final_concave_50",25.12,7.02947819471683e-12,69.2650330554075,24.2074184140618,7350,213,11.7934272300469,0.0144372991087735
"result_final_concave_50",14.76,1.66004412470951e-12,67.3396987185447,25.7655699586333,5260,255,5.78823529411765,0.0148500812897847
"result_final_concave_50",21.43,2.98384621572834e-12,68.3618768744577,24.8385251461438,6700,242,8.85537190082645,0.0146280360592855
"result_final_concave_50",5.64,3.59314926557368e-13,66.7461520590219,25.7026756378011,2226,137,4.11678832116788,0.014982137084333
"result_final_concave_50",14.22,3.42454111545291e-12,67.2829936196168,24.8764904511108,5000,236,6.02542372881356,0.0148625967157984
"result_final_concave_50",38.84,1.83761959297845e-12,77.0207037693623,24.8193558041828,9326,139,27.9424460431655,0.0129835219760454
"result_final_concave_50",3.15,2.96929506095061e-14,66.6901826156525,25.8508355539559,1316,88,3.57954545454545,0.0149947107771946
"result_final_concave_50",35.7,5.52117478199047e-12,74.3013286033401,25.9421893923974,8658,168,21.25,0.0134587095385404
"result_final_concave_50",1.81,4.32335339197275e-14,66.6742186202102,25.7906943680457,778,53,3.41509433962264,0.0149983010029139
"result_final_concave_50",19.27,4.24068938346521e-12,67.9573166850131,25.4646662256114,6134,230,8.37826086956522,0.0147151189714431
"result_final_concave_50",4.1,2.75471187270783e-13,66.7073093775863,25.2447217285127,1662,100,4.1,0.0149908609615725
"result_final_concave_50",9.66,7.13654595299257e-13,66.9217252565403,25.1863897460395,3426,172,5.61627906976744,0.0149428305407035
"result_final_concave_50",34.2,8.20267027391645e-12,73.2640228507997,24.9924509545277,8850,176,19.4318181818182,0.0136492641420534
"result_final_concave_50",27.2,5.48439326205029e-12,69.9202093975598,24.8245359161409,7698,215,12.6511627906977,0.014302016664654
"result_final_concave_50",37.3,4.52384590564395e-12,75.5829803760221,23.8001446810061,9224,147,25.3741496598639,0.0132304917724208
"result_final_concave_50",36.6,7.74463810053745e-12,74.9979475927128,23.2490708890277,9008,144,25.4166666666667,0.0133336982157251
"result_final_concave_50",33.5,6.41012270423975e-12,72.8272057309893,24.4058431492904,8760,178,18.8202247191011,0.0137311323421335
"result_final_concave_50",25.04,6.54646878075635e-12,69.2421502418434,24.322183915479,7598,232,10.7931034482759,0.0144420702781078
"result_final_concave_50",21.9,3.97241560362289e-12,68.461021301718,25.7548950058344,6858,244,8.97540983606557,0.014606851913483
"result_final_concave_50",17.58,3.59845099765444e-12,67.6932558146858,25.2840085066157,5658,221,7.95475113122172,0.0147725203635877
"result_final_concave_50",9.58,4.06466522750605e-13,66.9170570186569,25.8524047673735,3552,190,5.04210526315789,0.0149438729757824
"result_final_concave_50",2.01,4.6517318645762e-14,66.6760180745556,24.6974654796448,838,56,3.58928571428571,0.0149978962283234
"result_final_concave_50",3.62,4.73956271901541e-14,66.6980309273764,26.741881222277,1492,101,3.58415841584158,0.0149929463598235
"result_final_concave_50",38.27,1.25506686710499e-12,76.4627644445035,25.1204329165501,9280,142,26.9507042253521,0.0130782611283404
"result_final_concave_50",11.78,1.09127991316801e-12,67.0652625863692,24.9306227628927,4172,198,5.94949494949495,0.0149108489467578
"result_final_concave_50",2.59,3.64332352793204e-14,66.6823805050505,23.7393843086014,944,56,4.625,0.0149964652195382
"result_final_concave_50",29.59,5.62398936644907e-12,70.8368916207303,25.337015597464,8068,207,14.2946859903382,0.0141169378994511
"result_final_concave_50",36.37,9.84629117692043e-12,74.8141871849891,26.2765604422345,9136,157,23.1656050955414,0.0133664487662929
"result_final_concave_50",7.86,1.7112488487306e-12,66.8287696049135,24.2449503720695,2850,148,5.31081081081081,0.0149636153098721
"result_final_concave_50",35.55,5.58810500548505e-12,74.1909095739669,24.2015100221252,8802,153,23.2352941176471,0.013478740262687
"result_final_concave_50",1.46,3.33010466841432e-15,66.6715453189121,26.9997914788474,628,42,3.47619047619048,0.0149989023835681
"result_final_concave_50",39.58,3.14555752896955e-12,77.7947142213817,25.4084192725588,9508,140,28.2714285714286,0.0128543437688361
"result_final_concave_50",17.98,2.98162965538139e-12,67.7519430310378,25.1960559786002,5894,249,7.22088353413655,0.0147597243010712
"result_final_concave_50",37.61,5.45001755817004e-12,75.8550700874309,25.2062563137331,9268,141,26.6737588652482,0.0131830344213959
"result_final_concave_50",13.99,3.35984433883189e-12,67.2598268956767,25.4403035225702,4600,208,6.72596153846154,0.0148677159331833
"result_final_concave_50",13.09,1.02967231492887e-12,67.1746199319461,24.5093894032642,4638,226,5.79203539823009,0.014886574736308
"result_final_concave_50",39.54,1.33431660003255e-12,77.7513630161631,24.7045462330235,9392,132,29.9545454545455,0.0128615108624156
"result_final_concave_50",10.78,1.30999329482795e-12,66.9926677939768,25.7022409394854,3928,199,5.41708542713568,0.0149270066849003
"result_final_concave_50",34.96,7.4906679509448e-12,73.7714139663314,24.8024330983445,8762,156,22.4102564102564,0.0135553861073666
"result_final_concave_50",28.5,4.20546065330095e-12,70.3948500808978,25.1028225905933,7968,229,12.4454148471616,0.014205584625165
"result_final_concave_50",12.53,1.634539328904e-12,67.1258141416711,25.1120853142053,4386,205,6.11219512195122,0.014897398456717
"result_final_concave_50",3.34,7.30174748652193e-13,66.6932102602958,24.2798515676621,1340,85,3.92941176470588,0.014994030068385
"result_final_concave_50",35.92,1.22657190898041e-11,74.4661391990028,25.5941955901849,8880,137,26.2189781021898,0.0134289223364677
"result_final_concave_50",42.4,8.06376292637058e-13,81.3623165659578,23.9279416813486,9784,96,44.1666666666667,0.0122907021604938
"result_final_concave_50",21.7,1.14942205965249e-11,68.4183155914201,24.9054826809102,6442,220,9.86363636363636,0.0146159692964643
"result_final_concave_50",2.79,9.92344606344647e-15,66.6849768743566,24.7449371633913,1082,68,4.10294117647059,0.0149958813344741
"result_final_concave_50",13.47,5.88263134615994e-12,67.2095563111869,25.1751063294733,4468,204,6.60294117647059,0.0148788365060751
"result_final_concave_50",36.54,1.25719341280625e-11,74.9496182105928,25.4104494680193,9396,134,27.2686567164179,0.0133422961167088
"result_final_concave_50",25.11,6.63022546744807e-12,69.2621638688258,24.8527588271431,7360,231,10.8701298701299,0.0144378971741899
"result_final_concave_50",24.06,5.54334768843986e-12,68.9745710608864,25.5614188752632,7208,238,10.109243697479,0.0144980966843166
"result_final_concave_50",28.99,5.65007758931346e-12,70.588318052301,25.4247579979073,8016,180,16.1055555555556,0.0141666500575785
"result_final_concave_50",21.22,3.73552620398023e-12,68.3189274351968,25.0013375106332,6560,256,8.2890625,0.0146372321337822
"result_final_concave_50",3.91,8.32498855337345e-13,66.7034816303238,24.5067704294162,1496,93,4.20430107526882,0.0149917212049302
"result_final_concave_50",16.99,3.32307567624922e-12,67.6107722627053,25.8204213116824,5566,229,7.41921397379913,0.0147905424909872
"result_final_concave_50",31.67,6.97848043134507e-12,71.8086261266918,24.0854535652673,8498,187,16.9358288770053,0.0139259035291345
"result_final_concave_50",28.21,4.66280781908369e-12,70.284219102485,24.6647474349312,7970,235,12.0042553191489,0.0142279449465299
"result_final_concave_50",4.8,2.72595581735773e-13,66.7232077649775,25.1253887763001,1802,108,4.44444444444444,0.0149872890332604
"result_final_concave_50",34.44,5.66754354895956e-12,73.420399631466,24.3875479581405,8734,175,19.68,0.0136201928213345
"result_final_concave_50",26.89,4.70156990826987e-12,69.8148088234435,23.9776967688248,7672,215,12.506976744186,0.0143236086562799
"result_final_concave_50",8.91,1.13050045509521e-12,66.8799656525335,25.8089499195638,3034,149,5.97986577181208,0.0149521607890078
"result_final_concave_50",37.95,6.91443402966609e-12,76.163170515919,25.3914059969235,9206,153,24.8039215686275,0.0131297055154891
"result_final_concave_50",8.62,5.7136301429011e-13,66.8649973009947,25.7236672420523,3078,170,5.07058823529412,0.0149555079692664
"result_final_concave_50",2.04,3.88696061925369e-13,66.6763052466004,22.1649818857484,788,51,4,0.0149978316330146
"result_final_concave_50",11.68,1.36039956792452e-12,67.0575924065481,23.9469238836931,3998,198,5.8989898989899,0.014912554479101
"result_final_concave_50",44.78,4.60667258849172e-13,85.3832626148324,26.1896865038818,10050,94,47.6382978723404,0.0117118972662247
"result_final_concave_50",5.17,2.32537407567857e-13,66.7327828181524,25.4778569788988,2054,127,4.07086614173228,0.0149851386045898
"result_final_concave_50",14.6,9.00939843468139e-12,67.3225540839423,23.9231861695673,4688,206,7.0873786407767,0.0148538630717001
"result_final_concave_50",29.14,8.18353098763022e-12,70.6492327799499,25.0646000432208,8302,210,13.8761904761905,0.01415443537957
"result_final_concave_50",5.03,6.75013704828477e-13,66.7290626831192,25.376772953817,1800,105,4.79047619047619,0.0149859740237738
"result_final_concave_50",22.37,3.31283262077305e-12,68.5644675700842,25.0308993882978,6986,244,9.16803278688525,0.0145848139049258
"result_final_concave_50",28.55,2.00228757489138e-12,70.4142113852873,24.7195850436543,8082,203,14.064039408867,0.0142016786146801
"result_final_concave_50",6.9,8.4786485217192e-13,66.7889542065141,24.8532764977461,2560,152,4.53947368421053,0.0149725356816931
"result_final_concave_50",42.01,7.54093044298572e-13,80.8017612209561,24.4127614948724,9600,119,35.3025210084034,0.0123759678612135
"result_final_concave_50",29.74,4.7717120725713e-12,70.9011213208375,25.0915085547763,8102,190,15.6526315789474,0.0141041492908816
"result_final_concave_50",3.71,1.18209584660963e-13,66.6996722863601,24.7930945315247,1404,85,4.36470588235294,0.0149925774103765
"result_final_concave_50",6.2,1.24002152424336e-12,66.7638961819457,25.6033379251599,2222,123,5.04065040650407,0.0149781552184251
"result_final_concave_50",19.46,3.16888538777908e-12,67.9897419595871,25.4580140677464,6532,261,7.45593869731801,0.0147081011219957
"result_final_concave_50",20.54,4.34222176245274e-12,68.1853727099786,24.783574021833,6464,230,8.9304347826087,0.0146659020880244
"result_final_concave_50",41.5,3.58405526536619e-12,80.1041605711276,26.2712888030053,9612,123,33.739837398374,0.0124837460734897
"result_final_concave_50",20.01,3.00579857589329e-12,68.0869179976704,24.5654147983333,6218,221,9.05429864253394,0.0146871092040649
"result_final_concave_50",15.45,2.14319272170155e-12,67.4170413589027,25.3705388013885,5190,234,6.6025641025641,0.0148330448777243
"result_final_concave_50",44.62,1.64955945954989e-13,85.0760527679706,24.9346731256114,9322,99,45.0707070707071,0.0117541889575827
"result_final_concave_50",13.9,3.91713495302349e-12,67.2509187432699,25.0182722902757,4644,211,6.58767772511848,0.0148696853319952
"result_final_concave_50",23.62,2.7808532240709e-12,68.8617827179447,24.5586727409313,6976,228,10.359649122807,0.0145218430387718
"result_final_concave_50",9.44,6.65388337099487e-13,66.9090119226765,24.8671100974194,3498,183,5.15846994535519,0.0149456698173282
"result_final_concave_50",23.92,1.16063764004882e-11,68.9382049407692,25.2693965245407,7016,220,10.8727272727273,0.0145057446862619
"result_final_concave_50",40.9,1.18488772849107e-12,79.3313815495104,23.6265327226077,9454,118,34.6610169491525,0.0126053521376771
"result_final_concave_50",25.77,4.81807756194313e-12,69.45705753679,24.820262373861,7424,236,10.9194915254237,0.0143973850241254
"result_final_concave_50",20.49,2.63117345213074e-12,68.1758774207699,25.060883102798,6360,223,9.18834080717489,0.0146679447017333
"result_final_concave_50",10.87,3.732174347833e-12,66.998834265236,24.9042027043171,3768,192,5.66145833333333,0.0149256328258069
"result_final_concave_50",22.2,2.26004034845168e-12,68.5265441239737,25.2996889906986,6810,241,9.21161825726141,0.0145928853232532
"result_final_concave_50",5.11,8.76132021945717e-14,66.7311739002005,25.1256517569147,2096,136,3.75735294117647,0.0149854999028722
"result_final_concave_50",26.62,2.14174196294046e-12,69.7253177300711,24.8918835716082,7778,235,11.3276595744681,0.0143419927302636
"result_final_concave_50",10.57,5.15187672041111e-13,66.9785542082123,26.2660053094222,3862,224,4.71875,0.0149301520736228
"result_final_concave_50",36.98,1.37201353687842e-11,75.3106103467429,24.9332026921014,9252,139,26.6043165467626,0.0132783414633852
"result_final_concave_50",33.41,3.16806194833839e-12,72.7730527599976,24.2106795010722,8870,184,18.1576086956522,0.0137413501574265
"result_final_concave_50",31.63,2.8760761863848e-12,71.7881876788588,24.9821749918369,8518,211,14.9905213270142,0.0139298683019197
"result_final_concave_50",5.43,3.53984098696715e-13,66.7400095350281,25.2875207474608,2048,123,4.41463414634146,0.014983515989388
"result_final_concave_50",41.27,9.16937782716116e-13,79.8020129920023,25.9773755157891,9648,145,28.4620689655172,0.0125310122202083
"result_final_concave_50",38.2,1.67028673221598e-12,76.3964122546627,25.7438787752349,9480,165,23.1515151515152,0.0130896199243829
"result_final_concave_50",33.22,4.49409884043151e-12,72.6601824918155,25.3898362690729,8844,207,16.048309178744,0.0137626959595462
"result_final_concave_50",25.43,3.14654715532219e-12,69.3552436813774,24.8581022571737,7548,223,11.4035874439462,0.014418520459593
"result_final_concave_50",32.08,2.10615856202152e-11,72.0224100495503,24.5202914158849,8454,180,17.8222222222222,0.013884567307759
"result_final_concave_50",21.35,2.62253157714564e-12,68.345418330765,25.2291836306827,6624,242,8.82231404958678,0.0146315586973276
"result_final_concave_50",29.37,6.97695676426004e-12,70.7442153989262,23.6518119622507,8306,209,14.0526315789474,0.0141354313474396
"result_final_concave_50",8.02,4.17135053992981e-13,66.8360424815918,24.7039053771323,3124,185,4.33513513513514,0.0149619870188368
"result_final_concave_50",31.74,1.2736609359566e-11,71.8445704335671,24.5384014780534,8634,179,17.731843575419,0.013918936308829
"result_final_concave_50",32.33,4.63237211089995e-12,72.1566929298753,25.8381816961087,8462,185,17.4756756756757,0.0138587282675474
"result_final_concave_50",25.74,7.71934056694392e-12,69.447950919657,24.6450181082739,7432,223,11.542600896861,0.0143992729340118
"result_final_concave_50",27.84,6.56433834134712e-12,70.1471047218012,25.6481130308733,7720,201,13.8507462686567,0.0142557558714067
"result_final_concave_50",34.06,5.78846592325393e-12,73.1743929015068,23.9140447954006,8644,172,19.8023255813953,0.0136659828711665
"result_final_concave_50",2.33,1.45956429569824e-13,66.6793157585259,24.8895101602565,924,62,3.75806451612903,0.0149971544942276
"result_final_concave_50",34.64,1.15834023977637e-11,73.5533984433971,24.4819263201092,8868,169,20.4970414201183,0.013595564870732
"result_final_concave_50",40.92,2.27803296337972e-12,79.3563472775296,24.8352091841828,9398,120,34.1,0.0126013864587636
"result_final_concave_50",38.99,1.0197431358965e-12,77.1729264438917,23.2910285182275,8992,131,29.763358778626,0.0129579121342126
"result_final_concave_50",29.86,7.19791153206191e-12,70.9531223778126,24.5382203938458,8430,222,13.4504504504505,0.0140938124565566
"result_final_concave_50",7.82,8.25734409752441e-13,66.8269803828698,25.4673200761317,2910,160,4.8875,0.0149640159449182
"result_final_concave_50",34.84,1.37783629984602e-12,73.6888947142031,25.1794348881508,8608,169,20.6153846153846,0.0135705658753388
"result_final_concave_50",2.9,1.71875931557974e-13,66.6864944502246,25.1239803713295,1128,78,3.71794871794872,0.0149955400751558
"result_final_concave_50",22.12,2.39632476322413e-12,68.5088976596102,24.7711822173604,6490,233,9.49356223175966,0.0145966441464078
"result_final_concave_50",10.95,1.2076187913577e-12,67.004375405712,25.2013660736587,4070,218,5.02293577981651,0.0149243985030081
"result_final_concave_50",13.64,1.41415046861685e-12,67.2256738423091,25.2217039767619,4692,210,6.4952380952381,0.0148752692661095
"result_final_concave_50",39.86,2.02721297064392e-12,78.1032282060826,24.6384554238931,9414,130,30.6615384615385,0.0128035680850657
"result_final_concave_50",12.25,5.50050715539079e-12,67.1025756940322,25.0302297177424,4126,203,6.03448275862069,0.0149025576091103
"result_final_concave_50",26.98,4.7075289021601e-12,69.8451139207582,24.1940340446424,7890,220,12.2636363636364,0.0143173937855486
"result_final_concave_50",1.46,1.66505233420716e-14,66.6715453189121,24.565570625851,504,27,5.40740740740741,0.0149989023835681
"result_final_concave_50",11.49,1.15200766328967e-12,67.0432744912437,25.8494041387234,4112,221,5.19909502262443,0.014915739238402
"result_final_concave_50",3.13,5.0815746489046e-13,66.6898752550398,25.2727222356264,1164,75,4.17333333333333,0.0149947798848886
"result_final_concave_50",7.19,1.83197547508055e-12,66.8003032657745,24.7029372903116,2486,137,5.24817518248175,0.0149699919178714
"result_final_concave_50",20.41,2.09389076618436e-12,68.1607756228741,25.1572166676817,6490,239,8.53974895397489,0.0146711945523168
"result_final_convex_50",3.68,4.19496267962669e-15,74.5585584426417,26.2115393618511,1388,81,4.54320987654321,0.0134122764829112
"result_final_convex_50",16.55,3.37611028324327e-18,93.5617755317972,24.3540707199368,5588,236,7.01271186440678,0.0106881255118993
"result_final_convex_50",10.21,8.52289977791446e-17,86.1790708922756,25.1209751047959,3564,179,5.70391061452514,0.0116037454296764
"result_final_convex_50",18.95,9.29059849654241e-18,95.3964277632454,24.6487822457833,6096,246,7.70325203252033,0.0104825728116549
"result_final_convex_50",25.94,2.79272395921128e-18,98.5163410321534,25.2603646417481,7516,217,11.9539170506912,0.0101506002915153
"result_final_convex_50",19.32,3.47489459083642e-18,95.6386323227724,25.0874911769656,6102,249,7.75903614457831,0.0104560257263517
"result_final_convex_50",29.37,4.39683053461543e-18,99.2243484397453,24.1852782475291,8110,201,14.6119402985075,0.0100781714944418
"result_final_convex_50",8.18,5.48409577902805e-16,82.9772965051209,25.4732128572436,3036,169,4.84023668639053,0.0120514892882571
"result_final_convex_50",12.27,1.03421848369984e-17,89.0099222173714,25.0622599259696,4432,216,5.68055555555556,0.0112347025487551
"result_final_convex_50",24.58,3.8008865572239e-18,98.1150289731524,24.4459418206822,7102,221,11.1221719457014,0.0101921184803771
"result_final_convex_50",41.33,6.00741170959698e-17,99.9564086945294,25.490101283755,9530,131,31.5496183206107,0.0100043610315777
"result_final_convex_50",10.19,4.79900118743068e-17,86.1495039770174,24.917199871124,3670,204,4.99509803921569,0.011607727889725
"result_final_convex_50",12.68,3.21217260843845e-17,89.5226485753146,24.4758664575216,4064,190,6.67368421052632,0.0111703576236209
"result_final_convex_50",10.38,1.09545879987648e-16,86.4287787811751,25.3709974293383,3790,208,4.99038461538461,0.0115702201755257
"result_final_convex_50",7.01,5.53853489363841e-16,80.9534780249414,25.6842428873626,2464,132,5.31060606060606,0.0123527737707811
"result_final_convex_50",0.74,2.79967111961264e-14,68.3022566561635,22.748750330235,316,25,2.96,0.0146408046960153
"result_final_convex_50",33.83,3.24586820879123e-17,99.6998791209748,25.1200786600957,8750,173,19.5549132947977,0.0100301024315848
"result_final_convex_50",18.98,2.71491585347347e-18,95.4164495368543,25.0790078805072,6170,252,7.53174603174603,0.0104803731940765
"result_final_convex_50",37.76,3.98793467845144e-17,99.8842094207113,25.4801959693378,9392,148,25.5135135135135,0.0100115924809297
"result_final_convex_50",9.27,1.23932055186811e-16,84.7465380705271,24.1689427061347,3330,164,5.65243902439024,0.0117998920400476
"result_final_convex_50",42.75,1.07865799615802e-16,99.971433199714,27.0788637767366,9372,111,38.5135135135135,0.0100028574963239
"result_final_convex_50",21.64,1.52030924083711e-18,96.9372738839156,24.5675629618925,6872,259,8.35521235521236,0.0103159492724906
"result_final_convex_50",10.8,4.80043584811987e-17,87.0333191164705,25.5197175860655,3760,183,5.9016393442623,0.0114898525088049
"result_final_convex_50",33.84,5.16566115212716e-18,99.7005618388288,24.1413929710015,8956,183,18.4918032786885,0.0100300337486217
"result_final_convex_50",12.22,3.87008877046367e-17,88.9462477480251,25.1318081071521,4240,214,5.71028037383178,0.0112427452008194
"result_final_convex_50",27.23,2.66319202028554e-18,98.8284666623697,24.9658042814976,7600,208,13.0913461538462,0.0101185420939123
"result_final_convex_50",21.87,3.38824916695774e-18,97.0468644201756,24.5767014241147,6658,234,9.34615384615385,0.0103042999480167
"result_final_convex_50",27.36,1.2908083109569e-18,98.8566016072047,24.649519636728,7854,234,11.6923076923077,0.010115662320392
"result_final_convex_50",20.69,5.47120379470034e-18,96.4493801071905,25.8153953053778,6404,219,9.44748858447489,0.0103681329925463
"result_final_convex_50",1.09,1.10471718924131e-14,69.068994419682,25.4937293671851,416,30,3.63333333333333,0.0144782765175895
"result_final_convex_50",29.6,2.07605036384463e-18,99.2591499102427,24.8854230453791,8516,201,14.726368159204,0.010074637964402
"result_final_convex_50",26.09,1.90556982419215e-18,98.5558671294931,25.5902204578615,7578,214,12.1915887850467,0.010146529365787
"result_final_convex_50",13.3,2.371646942447e-17,90.266307987919,24.0740542157254,4610,222,5.99099099099099,0.0110783305786012
"result_final_convex_50",4.05,4.96312181946551e-15,75.3104806487434,26.1477638754723,1536,90,4.5,0.0132783643310433
"result_final_convex_50",13.53,1.5814895212789e-17,90.5325525737544,25.7458949586309,4622,214,6.32242990654206,0.0110457506341194
"result_final_convex_50",8.85,1.33347026950415e-16,84.0783954190815,26.1202830305844,3170,169,5.23668639053254,0.0118936618023642
"result_final_convex_50",19.81,2.73645196226051e-18,95.9438484338827,24.4583880237135,6110,230,8.61304347826087,0.0104227630673907
"result_final_convex_50",1.67,1.39013001563402e-20,70.3283281804621,26.442116926958,624,42,3.97619047619048,0.014219021351311
"result_final_convex_50",28.09,5.09837444826174e-18,99.0042455899569,24.0495503744523,8110,219,12.8264840182648,0.0101005769403231
"result_final_convex_50",2.4,1.61686243687845e-14,71.8907170800337,25.2749585634788,956,62,3.87096774193548,0.013910001744547
"result_final_convex_50",39.01,2.51086612649872e-17,99.9166694136344,24.573834436969,9186,139,28.0647482014388,0.0100083400084145
"result_final_convex_50",31.82,6.0631398538347e-18,99.5322036256808,24.9644246468537,8586,204,15.5980392156863,0.010046999499386
"result_final_convex_50",6.21,1.03792214417123e-15,79.498875359902,24.9973742748898,2322,138,4.5,0.0125787942970623
"result_final_convex_50",11.68,2.29120974781887e-17,88.2426248126834,24.5747201523794,4280,217,5.38248847926267,0.0113323918245037
"result_final_convex_50",32.1,1.12809178082208e-17,99.5595376466425,25.1072916738177,8670,184,17.445652173913,0.0100442411007292
"result_final_convex_50",36.58,3.9995621300553e-17,99.8439273937534,23.3969852790616,9114,139,26.3165467625899,0.0100156316573597
"result_final_convex_50",37.16,1.84668993061547e-17,99.865037311692,25.4526073192147,9298,153,24.2875816993464,0.0100135145083746
"result_final_convex_50",32.21,6.09605034918449e-18,99.5698941969294,24.6515413216933,8718,193,16.6891191709845,0.0100431963704029
"result_final_convex_50",17.67,5.90934663602879e-18,94.4767450669037,25.7208638998122,5578,235,7.51914893617021,0.0105846152859294
"result_final_convex_50",12.37,3.95857463201657e-17,89.1365223020189,24.256521859863,4290,201,6.15422885572139,0.0112187459660107
"result_final_convex_50",25.92,1.67599697129396e-18,98.5110033098987,25.0067355460187,7514,236,10.9830508474576,0.0101511502918529
"result_final_convex_50",26.73,6.04440725247664e-18,98.714769262985,24.8678195035212,7556,224,11.9330357142857,0.0101301963978248
"result_final_convex_50",14,4.88480531233809e-18,91.0605663327026,25.1112324609406,5022,227,6.16740088105727,0.0109817019624758
"result_final_convex_50",30.37,3.62872837898883e-18,99.3661606513257,25.2166154677864,8436,210,14.4619047619048,0.0100637882498951
"result_final_convex_50",11.77,7.66955650583971e-17,88.3619239103684,25.2952319261213,4014,192,6.13020833333333,0.0113170917488665
"result_final_convex_50",36.28,2.27054744264063e-17,99.8319203692596,24.7633368663974,9108,165,21.9878787878788,0.0100168362614
"result_final_convex_50",26.97,3.23004381057967e-18,98.7704479194862,24.7184423100898,7712,213,12.6619718309859,0.0101244858261163
"result_final_convex_50",40.4,3.66394058192661e-17,99.9431345741978,23.9456890281688,9244,120,33.6666666666667,0.0100056897780968
"result_final_convex_50",8.18,6.46044113673051e-16,82.9772965051209,25.8251434866633,3062,165,4.95757575757576,0.0120514892882571
"result_final_convex_50",29.17,4.87336293241309e-18,99.1929663991875,24.3359447217425,8046,206,14.1601941747573,0.0100813599623147
"result_final_convex_50",2.93,1.82231633151629e-14,73.0072347017351,25.3791967945068,1180,72,4.06944444444444,0.0136972726618864
"result_final_convex_50",4.6,1.43162542747272e-15,76.4106352486349,24.510285839422,1804,105,4.38095238095238,0.0130871834365212
"result_final_convex_50",24.96,2.56884101316459e-18,98.2352769943241,25.2811785399478,7374,231,10.8051948051948,0.010179642492969
"result_final_convex_50",14.16,1.32052422068147e-17,91.2354331866199,25.2429258405646,4788,225,6.29333333333333,0.0109606538279324
"result_final_convex_50",23.45,2.36904410876719e-18,97.7168164759669,24.8225332478769,7134,220,10.6590909090909,0.0102336530810533
"result_final_convex_50",33.04,1.00082378268528e-17,99.6415105012097,24.7026927640054,8740,185,17.8594594594595,0.0100359779269691
"result_final_convex_50",43.53,3.21589784686027e-17,99.9775556802121,22.8309140029581,9654,102,42.6764705882353,0.0100022449358394
"result_final_convex_50",9.41,2.27934100120975e-16,84.9654220819033,26.1946556513351,3278,182,5.17032967032967,0.0117694937010498
"result_final_convex_50",2.07,8.87623388978853e-15,71.1877704416449,24.6568518782877,800,49,4.22448979591837,0.0140473566428062
"result_final_convex_50",35.25,1.4110971557927e-17,99.7843610094877,23.4566120908063,8624,158,22.3101265822785,0.0100216104997147
"result_final_convex_50",25.12,3.51189360722021e-18,98.2839683639817,24.2074184140618,7350,213,11.7934272300469,0.0101745993435738
"result_final_convex_50",14.76,7.82659361099e-18,91.869353456709,25.7655699586333,5260,255,5.78823529411765,0.0108850227238317
"result_final_convex_50",21.43,1.95908463685013e-18,96.8343695849115,24.8385251461438,6700,242,8.85537190082645,0.0103269118628704
"result_final_convex_50",5.64,1.04359215780055e-15,78.429213013036,25.7026756378011,2226,137,4.11678832116788,0.0127503510692347
"result_final_convex_50",14.22,2.0859060395452e-17,91.3003728888504,24.8764904511108,5000,236,6.02542372881356,0.010952857785339
"result_final_convex_50",38.84,1.96472993276804e-17,99.9127871743004,24.8193558041828,9326,139,27.9424460431655,0.0100087288952862
"result_final_convex_50",3.15,1.00305364359547e-15,73.4659039631025,25.8508355539559,1316,88,3.57954545454545,0.0136117565571947
"result_final_convex_50",35.7,1.59835572223208e-17,99.8064099997751,25.9421893923974,8658,168,21.25,0.0100193965498033
"result_final_convex_50",1.81,5.98177032679299e-15,70.630018373903,25.7906943680457,778,53,3.41509433962264,0.0141582859954272
"result_final_convex_50",19.27,4.20235439540029e-18,95.6064996167527,25.4646662256114,6134,230,8.37826086956522,0.0104595399267685
"result_final_convex_50",4.1,3.54823077399911e-15,75.4113772455423,25.2447217285127,1662,100,4.1,0.013260598553239
"result_final_convex_50",9.66,7.10419950316031e-17,85.3514916219017,25.1863897460395,3426,172,5.61627906976744,0.0117162568690644
"result_final_convex_50",34.2,1.47294752611037e-17,99.7242622435331,24.9924509545277,8850,176,19.4318181818182,0.0100276500171837
"result_final_convex_50",27.2,2.90541356031682e-18,98.821891967898,24.8245359161409,7698,215,12.6511627906977,0.0101192152880947
"result_final_convex_50",37.3,2.40826575844553e-17,99.8697425221837,23.8001446810061,9224,147,25.3741496598639,0.0100130427369218
"result_final_convex_50",36.6,3.11599871333944e-17,99.8447005843034,23.2490708890277,9008,144,25.4166666666667,0.0100155540969914
"result_final_convex_50",33.5,9.47541897678446e-18,99.6765817353177,24.4058431492904,8760,178,18.8202247191011,0.0100324467652333
"result_final_convex_50",25.04,3.27274630010608e-18,98.2597639723064,24.322183915479,7598,232,10.7931034482759,0.0101771056592589
"result_final_convex_50",21.9,2.44717559883163e-18,97.0609220802454,25.7548950058344,6858,244,8.97540983606557,0.0103028075415691
"result_final_convex_50",17.58,5.69210130798543e-18,94.407124922727,25.2840085066157,5658,221,7.95475113122172,0.0105924208667355
"result_final_convex_50",9.58,4.29259058803857e-17,85.228619697389,25.8524047673735,3552,190,5.04210526315789,0.0117331478973915
"result_final_convex_50",2.01,5.19738282962189e-15,71.0593570552666,24.6974654796448,838,56,3.58928571428571,0.0140727420207623
"result_final_convex_50",3.62,9.8971621681167e-16,74.4357649227838,26.741881222277,1492,101,3.58415841584158,0.0134344021457609
"result_final_convex_50",38.27,1.02245058851786e-17,99.8985885107362,25.1204329165501,9280,142,26.9507042253521,0.0100101514436566
"result_final_convex_50",11.78,2.57369698796736e-17,88.3751292316734,24.9306227628927,4172,198,5.94949494949495,0.0113154007093842
"result_final_convex_50",2.59,2.20399817085417e-15,72.2927972126794,23.7393843086014,944,56,4.625,0.0138326367018015
"result_final_convex_50",29.59,3.78923887365696e-18,99.257664913381,25.337015597464,8068,207,14.2946859903382,0.0100747886913587
"result_final_convex_50",36.37,3.63028745875563e-17,99.8356041530855,26.2765604422345,9136,157,23.1656050955414,0.0100164666551887
"result_final_convex_50",7.86,6.98504568500558e-16,82.4363541323118,24.2449503720695,2850,148,5.31081081081081,0.0121305704324937
"result_final_convex_50",35.55,1.53629867924407e-17,99.7992888316048,24.2015100221252,8802,153,23.2352941176471,0.0100201114828317
"result_final_convex_50",1.46,6.71485126911811e-16,69.874079614453,26.9997914788474,628,42,3.47619047619048,0.0143114586341278
"result_final_convex_50",39.58,4.9134295502149e-17,99.9286030881051,25.4084192725588,9508,140,28.2714285714286,0.0100071447923506
"result_final_convex_50",17.98,4.17126495791958e-18,94.711465503427,25.1960559786002,5894,249,7.22088353413655,0.0105583837678429
"result_final_convex_50",37.61,3.30769655655957e-17,99.8796545925316,25.2062563137331,9268,141,26.6737588652482,0.0100120490412146
"result_final_convex_50",13.99,2.29321779937105e-17,91.0495551483101,25.4403035225702,4600,208,6.72596153846154,0.0109830300474407
"result_final_convex_50",13.09,1.12765243418399e-17,90.0186761236991,24.5093894032642,4638,226,5.79203539823009,0.0111088058951884
"result_final_convex_50",39.54,2.04034199692136e-17,99.9278175687808,24.7045462330235,9392,132,29.9545454545455,0.0100072234571889
"result_final_convex_50",10.78,5.91100215134362e-17,87.004931989817,25.7022409394854,3928,199,5.41708542713568,0.0114936013066137
"result_final_convex_50",34.96,1.69516215378583e-17,99.7690240370263,24.8024330983445,8762,156,22.4102564102564,0.0100231510697036
"result_final_convex_50",28.5,2.48280163193468e-18,99.0798636296083,25.1028225905933,7968,229,12.4454148471616,0.01009286815067
"result_final_convex_50",12.53,2.45638198941098e-17,89.3370080261873,25.1120853142053,4386,205,6.11219512195122,0.0111935694075055
"result_final_convex_50",3.34,2.02886728387654e-14,73.8596525505644,24.2798515676621,1340,85,3.92941176470588,0.0135391917707086
"result_final_convex_50",35.92,3.83655537159174e-17,99.8164568884317,25.5941955901849,8880,137,26.2189781021898,0.0100183880611765
"result_final_convex_50",42.4,7.35044783941761e-17,99.9682354456706,23.9279416813486,9784,96,44.1666666666667,0.0100031774647405
"result_final_convex_50",21.7,7.26759652186984e-18,96.9661741424597,24.9054826809102,6442,220,9.86363636363636,0.0103128746580311
"result_final_convex_50",2.79,4.86975518838391e-16,72.7138602201351,24.7449371633913,1082,68,4.10294117647059,0.0137525362698746
"result_final_convex_50",13.47,5.24832619205684e-17,90.4635971700279,25.1751063294733,4468,204,6.60294117647059,0.0110541701997598
"result_final_convex_50",36.54,4.94321524018697e-17,99.842370943576,25.4104494680193,9396,134,27.2686567164179,0.0100157877917896
"result_final_convex_50",25.11,3.31266238020656e-18,98.2809581852054,24.8527588271431,7360,231,10.8701298701299,0.0101749109742658
"result_final_convex_50",24.06,2.8451313812269e-18,97.9395708725692,25.5614188752632,7208,238,10.109243697479,0.0102103775939668
"result_final_convex_50",28.99,3.52343102983645e-18,99.1638072416947,25.4247579979073,8016,180,16.1055555555556,0.0100843243902755
"result_final_convex_50",21.22,2.53074312322194e-18,96.728699969239,25.0013375106332,6560,256,8.2890625,0.0103381933212998
"result_final_convex_50",3.91,1.29700703582455e-14,75.027056478081,24.5067704294162,1496,93,4.20430107526882,0.0133285250273966
"result_final_convex_50",16.99,6.39044925023889e-18,93.9339657615654,25.8204213116824,5566,229,7.41921397379913,0.0106457764440428
"result_final_convex_50",31.67,6.71382967280952e-18,99.5169705637218,24.0854535652673,8498,187,16.9358288770053,0.0100485373935262
"result_final_convex_50",28.21,2.67456511452288e-18,99.0269022372564,24.6647474349312,7970,235,12.0042553191489,0.010098266000527
"result_final_convex_50",4.8,1.76290977853471e-15,76.8052549332278,25.1253887763001,1802,108,4.44444444444444,0.0130199424618715
"result_final_convex_50",34.44,1.09232512712669e-17,99.7391449991562,24.3875479581405,8734,175,19.68,0.0100261537233797
"result_final_convex_50",26.89,2.44673013796977e-18,98.752117899945,23.9776967688248,7672,215,12.506976744186,0.0101263650974371
"result_final_convex_50",8.91,1.98483573358659e-16,84.174894913371,25.8089499195638,3034,149,5.97986577181208,0.0118800267113984
"result_final_convex_50",37.95,4.87071528498958e-17,99.8897620304712,25.3914059969235,9206,153,24.8039215686275,0.0100110359627742
"result_final_convex_50",8.62,1.25920406227018e-16,83.7052573564327,25.7236672420523,3078,170,5.07058823529412,0.011946680908486
"result_final_convex_50",2.04,4.20625201631449e-14,71.1235864858841,22.1649818857484,788,51,4,0.0140600333786383
"result_final_convex_50",11.68,3.41503491999268e-17,88.2426248126834,23.9469238836931,3998,198,5.8989898989899,0.0113323918245037
"result_final_convex_50",44.78,3.10933510093686e-16,99.9849669842723,26.1896865038818,10050,94,47.6382978723404,0.0100015035275983
"result_final_convex_50",5.17,1.05313094046106e-15,77.5273498771804,25.4778569788988,2054,127,4.07086614173228,0.0128986738432851
"result_final_convex_50",14.6,4.575161813733e-17,91.7036574854051,23.9231861695673,4688,206,7.0873786407767,0.0109046904716876
"result_final_convex_50",29.14,5.19744406617491e-18,99.1881673749622,25.0646000432208,8302,210,13.8761904761905,0.0100818477290712
"result_final_convex_50",5.03,3.49588374256896e-15,77.2553562656983,25.376772953817,1800,105,4.79047619047619,0.0129440863175982
"result_final_convex_50",22.37,1.9318129284034e-18,97.2741780798843,25.0308993882978,6986,244,9.16803278688525,0.0102802205039324
"result_final_convex_50",28.55,1.18831307241399e-18,99.088743665127,24.7195850436543,8082,203,14.064039408867,0.010091963658148
"result_final_convex_50",6.9,7.85684543957288e-16,80.7567965291753,24.8532764977461,2560,152,4.53947368421053,0.012382858693989
"result_final_convex_50",42.01,5.20393527633174e-17,99.9643028689829,24.4127614948724,9600,119,35.3025210084034,0.0100035709878419
"result_final_convex_50",29.74,3.28359343573904e-18,99.2796760031069,25.0915085547763,8102,190,15.6526315789474,0.0100725550309885
"result_final_convex_50",3.71,2.25322400515733e-15,74.6198665031568,24.7930945315247,1404,85,4.36470588235294,0.0134012568885753
"result_final_convex_50",6.2,2.14826487908772e-15,79.4803432487027,25.6033379251599,2222,123,5.04065040650407,0.0125817272438154
"result_final_convex_50",19.46,3.00401693438155e-18,95.7276221599289,25.4580140677464,6532,261,7.45593869731801,0.0104463056475939
"result_final_convex_50",20.54,3.29729477366459e-18,96.366961380367,24.783574021833,6464,230,8.9304347826087,0.0103770004333013
"result_final_convex_50",41.5,1.75007457606953e-16,99.9585143412671,26.2712888030053,9612,123,33.739837398374,0.0100041502876475
"result_final_convex_50",20.01,2.52888891465006e-18,96.0634655928447,24.5654147983333,6218,221,9.05429864253394,0.0104097847587386
"result_final_convex_50",15.45,7.44927711864454e-18,92.5564217680659,25.3705388013885,5190,234,6.6025641025641,0.010804220613734
"result_final_convex_50",44.62,9.55242638494342e-17,99.9841596401368,24.9346731256114,9322,99,45.0707070707071,0.0100015842869431
"result_final_convex_50",13.9,2.79752667087711e-17,90.9500192977404,25.0182722902757,4644,211,6.58767772511848,0.0109950498935721
"result_final_convex_50",23.62,1.46047722754688e-18,97.780792924381,24.5586727409313,6976,228,10.359649122807,0.0102269573613844
"result_final_convex_50",9.44,7.79910730516375e-17,85.0120754080265,24.8671100974194,3498,183,5.15846994535519,0.0117630347830043
"result_final_convex_50",23.92,5.99615257176034e-18,97.8900992792494,25.2693965245407,7016,220,10.8727272727273,0.0102155377036376
"result_final_convex_50",40.9,3.94692255457516e-17,99.9506561815697,23.6265327226077,9454,118,34.6610169491525,0.0100049368178575
"result_final_convex_50",25.77,2.41375986133841e-18,98.4704573771096,24.820262373861,7424,236,10.9194915254237,0.0101553301024116
"result_final_convex_50",20.49,2.0163787854329e-18,96.3391519447761,25.060883102798,6360,223,9.18834080717489,0.0103799958772029
"result_final_convex_50",10.87,1.58497613460712e-16,87.1323583065989,24.9042027043171,3768,192,5.66145833333333,0.011476792542229
"result_final_convex_50",22.2,1.34298373017787e-18,97.1985429668831,25.2996889906986,6810,241,9.21161825726141,0.0102882200645818
"result_final_convex_50",5.11,4.20225142052227e-16,77.4109666109899,25.1256517569147,2096,136,3.75735294117647,0.0129180663125582
"result_final_convex_50",26.62,1.10022302441471e-18,98.6885520271195,24.8918835716082,7778,235,11.3276595744681,0.0101328875483471
"result_final_convex_50",10.57,2.68251445014255e-17,86.704447907558,26.2660053094222,3862,224,4.71875,0.0115334336834273
"result_final_convex_50",36.98,6.40904331223383e-17,99.8587702331758,24.9332026921014,9252,139,26.6043165467626,0.0100141429507388
"result_final_convex_50",33.41,4.57302706497031e-18,99.669963206075,24.2106795010722,8870,184,18.1576086956522,0.0100331129643584
"result_final_convex_50",31.63,2.74453782811776e-18,99.512837269966,24.9821749918369,8518,211,14.9905213270142,0.0100489547623602
"result_final_convex_50",5.43,1.25237943154977e-15,78.0284229471909,25.2875207474608,2048,123,4.41463414634146,0.0128158427689458
"result_final_convex_50",41.27,3.85509110175554e-17,99.9556433287493,25.9773755157891,9648,145,28.4620689655172,0.0100044376355125
"result_final_convex_50",38.2,1.31754566970617e-17,99.8967124703644,25.7438787752349,9480,165,23.1515151515152,0.0100103394323078
"result_final_convex_50",33.22,6.17534052174375e-18,99.655605890087,25.3898362690729,8844,207,16.048309178744,0.0100345584281824
"result_final_convex_50",25.43,1.571247529594e-18,98.37513640091,24.8581022571737,7548,223,11.4035874439462,0.0101651701495455
"result_final_convex_50",32.08,2.20949809665521e-17,99.5576318000235,24.5202914158849,8454,180,17.8222222222222,0.0100444333791371
"result_final_convex_50",21.35,1.742181731295e-18,96.7944432581376,25.2291836306827,6624,242,8.82231404958678,0.0103311715666687
"result_final_convex_50",29.37,4.56334937328581e-18,99.2243484397453,23.6518119622507,8306,209,14.0526315789474,0.0100781714944418
"result_final_convex_50",8.02,1.49182834427056e-16,82.7080278584701,24.7039053771323,3124,185,4.33513513513514,0.0120907247566246
"result_final_convex_50",31.74,1.24312133742261e-17,99.5241314615642,24.5384014780534,8634,179,17.731843575419,0.0100478143874704
"result_final_convex_50",32.33,5.13689935530074e-18,99.5809528711831,25.8381816961087,8462,185,17.4756756756757,0.0100420810523232
"result_final_convex_50",25.74,3.86551761080367e-18,98.4622387274612,24.6450181082739,7432,223,11.542600896861,0.0101561777684941
"result_final_convex_50",27.84,3.6433713139909e-18,98.9556103896663,25.6481130308733,7720,201,13.8507462686567,0.0101055412225968
"result_final_convex_50",34.06,9.98367665286113e-18,99.7152457755729,23.9140447954006,8644,172,19.8023255813953,0.0100285567389633
"result_final_convex_50",2.33,1.16106463529433e-14,71.7420871251613,24.8895101602565,924,62,3.75806451612903,0.0139388194583104
"result_final_convex_50",34.64,2.37190278660106e-17,99.7510108716426,24.4819263201092,8868,169,20.4970414201183,0.0100249610631694
"result_final_convex_50",40.92,7.68248068538469e-17,99.950937876112,24.8352091841828,9398,120,34.1,0.0100049086206624
"result_final_convex_50",38.99,1.17448424080487e-17,99.9162206905202,23.2910285182275,8992,131,29.763358778626,0.0100083849558061
"result_final_convex_50",29.86,5.04007711172067e-18,99.2968825581659,24.5382203938458,8430,222,13.4504504504505,0.0100708096189648
"result_final_convex_50",7.82,3.48447555199267e-16,82.3680618455211,25.4673200761317,2910,160,4.8875,0.0121406280249191
"result_final_convex_50",34.84,3.00197134475582e-18,99.7624061947039,25.1794348881508,8608,169,20.6153846153846,0.010023815965789
"result_final_convex_50",2.9,7.52166458545097e-15,72.9444652911548,25.1239803713295,1128,78,3.71794871794872,0.0137090592961171
"result_final_convex_50",22.12,1.43722301949545e-18,97.1623656194405,24.7711822173604,6490,233,9.49356223175966,0.0102920507711467
"result_final_convex_50",10.95,4.86122992497066e-17,87.2449443411821,25.2013660736587,4070,218,5.02293577981651,0.0114619822105608
"result_final_convex_50",13.64,1.15403309262209e-17,90.6580570345259,25.2217039767619,4692,210,6.4952380952381,0.0110304592080455
"result_final_convex_50",39.86,3.68493980579948e-17,99.9338946123077,24.6384554238931,9414,130,30.6615384615385,0.0100066149115822
"result_final_convex_50",12.25,9.74556599521684e-17,88.9844823963908,25.0302297177424,4126,203,6.03448275862069,0.0112379144438397
"result_final_convex_50",26.98,2.46174154052119e-18,98.7727231934006,24.1940340446424,7890,220,12.2636363636364,0.0101242526040511
"result_final_convex_50",1.46,3.35742563455905e-15,69.874079614453,24.565570625851,504,27,5.40740740740741,0.0143114586341278
"result_final_convex_50",11.49,3.26094634058294e-17,87.9881029664588,25.8494041387234,4112,221,5.19909502262443,0.0113651728618493
"result_final_convex_50",3.13,1.75238933736684e-14,73.4243274239597,25.2727222356264,1164,75,4.17333333333333,0.0136194642168923
"result_final_convex_50",7.19,1.31891385693693e-15,81.2729864576752,24.7029372903116,2486,137,5.24817518248175,0.0123042113202124
"result_final_convex_50",20.41,1.62868051511721e-18,96.2943042565489,25.1572166676817,6490,239,8.53974895397489,0.0103848302110973
"result_final_linear_100",3.68,5.54758484854604e-10,50.9737510584251,26.2115393618511,1388,81,4.54320987654321,0.0196179401993355
"result_final_linear_100",16.55,6.20291324630183e-10,55.5038244097107,24.3540707199368,5588,236,7.01271186440678,0.018016776512882
"result_final_linear_100",10.21,1.35602249119235e-09,53.0141111176714,25.1209751047959,3564,179,5.70391061452514,0.0188629023276534
"result_final_linear_100",18.95,2.44607677227973e-09,56.6189311910583,24.6487822457833,6096,246,7.70325203252033,0.0176619370758791
"result_final_linear_100",25.94,4.74344919351152e-10,60.6154853494844,25.2603646417481,7516,217,11.9539170506912,0.0164974345125574
"result_final_linear_100",19.32,9.42861284031487e-10,56.8009011546043,25.0874911769656,6102,249,7.75903614457831,0.0176053544868617
"result_final_linear_100",29.37,3.03474920608951e-10,63.1244972741085,24.1852782475291,8110,201,14.6119402985075,0.0158417103213932
"result_final_linear_100",8.18,2.47662567871052e-09,52.3310156160948,25.4732128572436,3036,169,4.84023668639053,0.0191091265519495
"result_final_linear_100",12.27,4.66832691145818e-10,53.7594215331822,25.0622599259696,4432,216,5.68055555555556,0.0186013906303431
"result_final_linear_100",24.58,8.20814418194368e-10,59.7338824647553,24.4459418206822,7102,221,11.1221719457014,0.016740917528507
"result_final_linear_100",41.33,5.28391220504163e-12,77.1872122089199,25.490101283755,9530,131,31.5496183206107,0.0129555138912562
"result_final_linear_100",10.19,7.54959071361667e-10,53.007141592398,24.917199871124,3670,204,4.99509803921569,0.018865382474112
"result_final_linear_100",12.68,1.73380371843399e-09,53.9145468016794,24.4758664575216,4064,190,6.67368421052632,0.0185478699038021
"result_final_linear_100",10.38,1.91686784557239e-09,53.0735520549568,25.3709974293383,3790,208,4.99038461538461,0.0188417763891988
"result_final_linear_100",7.01,1.09544313914651e-09,51.9584287869475,25.6842428873626,2464,132,5.31060606060606,0.0192461555005915
"result_final_linear_100",0.74,2.40308092839936e-10,50.1870765497017,22.748750330235,316,25,2.96,0.0199254483175499
"result_final_linear_100",33.83,3.75768838446562e-10,67.1708455994315,25.1200786600957,8750,173,19.5549132947977,0.0148874112135409
"result_final_linear_100",18.98,7.1671983078795e-10,56.6335803159513,25.0790078805072,6170,252,7.53174603174603,0.0176573685509751
"result_final_linear_100",37.76,5.07465614902267e-11,71.7712177121771,25.4801959693378,9392,148,25.5135135135135,0.0139331619537275
"result_final_linear_100",9.27,1.13183442049276e-09,52.6917939485452,24.1689427061347,3330,164,5.65243902439024,0.0189782872258349
"result_final_linear_100",42.75,2.6002914033938e-12,79.7909407665505,27.0788637767366,9372,111,38.5135135135135,0.0125327510917031
"result_final_linear_100",21.64,4.31387212729559e-10,58.010068107788,24.5675629618925,6872,259,8.35521235521236,0.0172383869321082
"result_final_linear_100",10.8,1.05517540047432e-09,53.2219570405728,25.5197175860655,3760,183,5.9016393442623,0.0187892376681614
"result_final_linear_100",33.84,5.95148996324271e-11,67.1811535337124,24.1413929710015,8956,183,18.4918032786885,0.0148851269649335
"result_final_linear_100",12.22,1.70811214526969e-09,53.7406636463818,25.1318081071521,4240,214,5.71028037383178,0.0186078833447254
"result_final_linear_100",27.23,3.38423047228393e-10,61.5079029667822,24.9658042814976,7600,208,13.0913461538462,0.0162580733818881
"result_final_linear_100",21.87,9.53225889963927e-10,58.1367661284322,24.5767014241147,6658,234,9.34615384615385,0.0172008191475745
"result_final_linear_100",27.36,1.58779448761994e-10,61.6010854816825,24.649519636728,7854,234,11.6923076923077,0.0162334801762115
"result_final_linear_100",20.69,1.56961796498986e-09,57.5001812513594,25.8153953053778,6404,219,9.44748858447489,0.0173912495271719
"result_final_linear_100",1.09,1.33006988655986e-10,50.2770294312001,25.4937293671851,416,30,3.63333333333333,0.0198897988069963
"result_final_linear_100",29.6,1.32934404683655e-10,63.3093525179856,24.8854230453791,8516,201,14.726368159204,0.0157954545454545
"result_final_linear_100",26.09,3.13887415130036e-10,60.7163394397437,25.5902204578615,7578,214,12.1915887850467,0.0164700311189284
"result_final_linear_100",13.3,1.64745371532531e-09,54.1536539662711,24.0740542157254,4610,222,5.99099099099099,0.0184659746251442
"result_final_linear_100",4.05,9.07348045497413e-10,51.0779877561884,26.1477638754723,1536,90,4.5,0.019577905158937
"result_final_linear_100",13.53,1.19970503534093e-09,54.2437739163164,25.7458949586309,4622,214,6.32242990654206,0.0184352954782005
"result_final_linear_100",8.85,9.35478689033077e-10,52.5511674834246,26.1202830305844,3170,169,5.23668639053254,0.0190290729566648
"result_final_linear_100",19.81,7.65033874205089e-10,57.0463114462545,24.4583880237135,6110,230,8.61304347826087,0.0175296171592468
"result_final_linear_100",1.67,1.79567886750316e-14,50.4282270885686,26.442116926958,624,42,3.97619047619048,0.0198301637343639
"result_final_linear_100",28.09,5.1673538289216e-10,62.1360062213773,24.0495503744523,8110,219,12.8264840182648,0.0160937282714504
"result_final_linear_100",2.4,6.71472148429383e-10,50.6224066390041,25.2749585634788,956,62,3.87096774193548,0.0197540983606558
"result_final_linear_100",39.01,1.36233942749378e-11,73.5084970471255,24.573834436969,9186,139,28.0647482014388,0.0136038694868011
"result_final_linear_100",31.82,1.71278621304178e-10,65.2190549072126,24.9644246468537,8586,204,15.5980392156863,0.0153329422117923
"result_final_linear_100",6.21,1.12205620033307e-09,51.711970006065,24.9973742748898,2322,138,4.5,0.0193378825034652
"result_final_linear_100",11.68,7.86301889823673e-10,53.5402521823472,24.5747201523794,4280,217,5.38248847926267,0.0186775362318841
"result_final_linear_100",32.1,2.83922591512117e-10,65.4773384763742,25.1072916738177,8670,184,17.445652173913,0.0152724594992636
"result_final_linear_100",36.58,1.05993924098558e-10,70.2636826944383,23.3969852790616,9114,139,26.3165467625899,0.0142321034374014
"result_final_linear_100",37.16,3.44044035790336e-11,70.9896068685043,25.4526073192147,9298,153,24.2875816993464,0.0140865690642903
"result_final_linear_100",32.21,1.46510905857633e-10,65.5799554996614,24.6515413216933,8718,193,16.6891191709845,0.0152485617347691
"result_final_linear_100",17.67,1.33153909318299e-09,56.0106129668685,25.7208638998122,5578,235,7.51914893617021,0.0178537592615086
"result_final_linear_100",12.37,1.86814124925271e-09,53.7970409478789,24.256521859863,4290,201,6.15422885572139,0.0185883829738674
"result_final_linear_100",25.92,2.85817121654742e-10,60.6020942408377,25.0067355460187,7514,236,10.9830508474576,0.0165010799136069
"result_final_linear_100",26.73,8.65602995238689e-10,61.1551623403723,24.8678195035212,7556,224,11.9330357142857,0.0163518493244165
"result_final_linear_100",14,4.39532721275269e-10,54.4303797468354,25.1112324609406,5022,227,6.16740088105727,0.0183720930232558
"result_final_linear_100",30.37,1.78362699268596e-10,63.945265864634,25.2166154677864,8436,210,14.4619047619048,0.0156383742639667
"result_final_linear_100",11.77,2.74793537751273e-09,53.5733802902423,25.2952319261213,4014,192,6.13020833333333,0.0186659866258642
"result_final_linear_100",36.28,7.17735780522576e-11,69.8990785432207,24.7633368663974,9108,165,21.9878787878788,0.0143063402385436
"result_final_linear_100",26.97,4.37258548870504e-10,61.3233688806785,24.7184423100898,7712,213,12.6619718309859,0.0163069971244694
"result_final_linear_100",40.4,6.95820938505319e-12,75.6345177664975,23.9456890281688,9244,120,33.6666666666667,0.0132214765100671
"result_final_linear_100",8.18,2.91754467094072e-09,52.3310156160948,25.8251434866633,3062,165,4.95757575757576,0.0191091265519495
"result_final_linear_100",29.17,3.58510665509378e-10,62.9655969419504,24.3359447217425,8046,206,14.1601941747573,0.0158816885500494
"result_final_linear_100",2.93,1.23086063598009e-09,50.7661733172951,25.3791967945068,1180,72,4.06944444444444,0.0196981559699186
"result_final_linear_100",4.6,4.19371574432433e-10,51.2352309344791,24.510285839422,1804,105,4.38095238095238,0.0195178197064989
"result_final_linear_100",24.96,5.2236704521145e-10,59.9744245524297,25.2811785399478,7374,231,10.8051948051948,0.0166737739872068
"result_final_linear_100",14.16,1.25574744886494e-09,54.4946673438293,25.2429258405646,4788,225,6.29333333333333,0.0183504193849022
"result_final_linear_100",23.45,5.9205219077069e-10,59.0435788661782,24.8225332478769,7134,220,10.6590909090909,0.0169366427171783
"result_final_linear_100",33.04,1.67453744286438e-10,66.375892149088,24.7026927640054,8740,185,17.8594594594595,0.0150657108721625
"result_final_linear_100",43.53,3.5536224118019e-13,81.3571531479614,22.8309140029581,9654,102,42.6764705882353,0.0122914822029396
"result_final_linear_100",9.41,2.26808940396944e-09,52.739127903592,26.1946556513351,3278,182,5.17032967032967,0.0189612540015454
"result_final_linear_100",2.07,2.710940081742e-10,50.5340832860313,24.6568518782877,800,49,4.22448979591837,0.0197886245277239
"result_final_linear_100",35.25,7.93199711759908e-11,68.7002652519894,23.4566120908063,8624,158,22.3101265822785,0.0145559845559846
"result_final_linear_100",25.12,6.95143357337984e-10,60.0770218228498,24.2074184140618,7350,213,11.7934272300469,0.0166452991452991
"result_final_linear_100",14.76,9.04204662176525e-10,54.7392756229129,25.7655699586333,5260,255,5.78823529411765,0.018268418582825
"result_final_linear_100",21.43,5.5913747791745e-10,57.8955124898681,24.8385251461438,6700,242,8.85537190082645,0.0172724958635612
"result_final_linear_100",5.64,7.20081833924769e-10,51.5403102468866,25.7026756378011,2226,137,4.11678832116788,0.0194022891055532
"result_final_linear_100",14.22,2.02439492483414e-09,54.5188763188,24.8764904511108,5000,236,6.02542372881356,0.0183422709256237
"result_final_linear_100",38.84,1.20286873519861e-11,73.2630570196454,24.8193558041828,9326,139,27.9424460431655,0.0136494440810988
"result_final_linear_100",3.15,8.26792230949344e-11,50.8265547100499,25.8508355539559,1316,88,3.57954545454545,0.0196747547754259
"result_final_linear_100",35.7,7.02563396867164e-11,69.2142088266954,25.9421893923974,8658,168,21.25,0.014447900466563
"result_final_linear_100",1.81,1.43080349581619e-10,50.4651282314848,25.7906943680457,778,53,3.41509433962264,0.0198156635095224
"result_final_linear_100",19.27,1.13604918084802e-09,56.7761445952599,25.4646662256114,6134,230,8.37826086956522,0.017613031091292
"result_final_linear_100",4.1,6.77424611922689e-10,51.092168353756,25.2447217285127,1662,100,4.1,0.0195724713242961
"result_final_linear_100",9.66,8.21712759497024e-10,52.8242310840837,25.1863897460395,3426,172,5.61627906976744,0.0189307062209431
"result_final_linear_100",34.2,1.42342636404184e-10,67.5564681724846,24.9924509545277,8850,176,19.4318181818182,0.0148024316109422
"result_final_linear_100",27.2,3.71953159204922e-10,61.4864864864865,24.8245359161409,7698,215,12.6511627906977,0.0162637362637363
"result_final_linear_100",37.3,4.11115741103229e-11,71.1691259931896,23.8001446810061,9224,147,25.3741496598639,0.0140510366826156
"result_final_linear_100",36.6,8.16017227426533e-11,70.2882483370288,23.2490708890277,9008,144,25.4166666666667,0.0142271293375394
"result_final_linear_100",33.5,1.28303153667369e-10,66.8341708542713,24.4058431492904,8760,178,18.8202247191011,0.0149624060150376
"result_final_linear_100",25.04,6.56674595885282e-10,60.0256245996156,24.322183915479,7598,232,10.7931034482759,0.0166595517609392
"result_final_linear_100",21.9,6.87588849061753e-10,58.1533879374535,25.7548950058344,6858,244,8.97540983606557,0.0171959026888604
"result_final_linear_100",17.58,1.26473033090031e-09,55.9690343609942,25.2840085066157,5658,221,7.95475113122172,0.017867022567338
"result_final_linear_100",9.58,4.73341122089106e-10,52.7969169683522,25.8524047673735,3552,190,5.04210526315789,0.018940499889405
"result_final_linear_100",2.01,1.50057381766914e-10,50.518121358973,24.6974654796448,838,56,3.58928571428571,0.0197948770282682
"result_final_linear_100",3.62,1.2412741864644e-10,50.9569630961193,26.741881222277,1492,101,3.58415841584158,0.0196244034031957
"result_final_linear_100",38.27,9.27936217802392e-12,72.4615565207184,25.1204329165501,9280,142,26.9507042253521,0.0138004211890491
"result_final_linear_100",11.78,9.26532000334015e-10,53.5770678974857,24.9306227628927,4172,198,5.94949494949495,0.0186647018816595
"result_final_linear_100",2.59,1.09079863538005e-10,50.6736721635541,23.7393843086014,944,56,4.625,0.0197341135407042
"result_final_linear_100",29.59,2.43435801154515e-10,63.3012676436213,25.337015597464,8068,207,14.2946859903382,0.0157974719500071
"result_final_linear_100",36.37,1.08889938976136e-10,70.0077016173396,26.2765604422345,9136,157,23.1656050955414,0.0142841426999843
"result_final_linear_100",7.86,2.53459447406953e-09,52.2276385897291,24.2449503720695,2850,148,5.31081081081081,0.0191469502930323
"result_final_linear_100",35.55,7.33669603004895e-11,69.0412426352437,24.2015100221252,8802,153,23.2352941176471,0.0144840961986036
"result_final_linear_100",1.46,1.152403526442e-11,50.3731724772518,26.9997914788474,628,42,3.47619047619048,0.019851836817536
"result_final_linear_100",39.58,1.75733829433737e-11,74.3539256706867,25.4084192725588,9508,140,28.2714285714286,0.0134491890102615
"result_final_linear_100",17.98,9.83324457650517e-10,56.155004792551,25.1960559786002,5894,249,7.22088353413655,0.0178078517434772
"result_final_linear_100",37.61,4.63749513710474e-11,71.5727888034874,25.2062563137331,9268,141,26.6737588652482,0.0139717903510178
"result_final_linear_100",13.99,2.05621197825582e-09,54.4263747389736,25.4403035225702,4600,208,6.72596153846154,0.0183734449482618
"result_final_linear_100",13.09,7.20919465238344e-10,54.0720462888073,24.5093894032642,4638,226,5.79203539823009,0.0184938442066506
"result_final_linear_100",39.54,7.51861287754597e-12,74.2934381912018,24.7045462330235,9392,132,29.9545454545455,0.0134601389348329
"result_final_linear_100",10.78,1.28554256477698e-09,53.2148395562448,25.7022409394854,3928,199,5.41708542713568,0.0187917507285362
"result_final_linear_100",34.96,1.11160082569864e-10,68.376787216148,24.8024330983445,8762,156,22.4102564102564,0.0146248462484625
"result_final_linear_100",28.5,2.23878049817111e-10,62.4454148471616,25.1028225905933,7968,229,12.4454148471616,0.016013986013986
"result_final_linear_100",12.53,1.2432790147672e-09,53.8575210886029,25.1120853142053,4386,205,6.11219512195122,0.0185675088601806
"result_final_linear_100",3.34,1.98349117136899e-09,50.8790398989367,24.2798515676621,1340,85,3.92941176470588,0.019654458928202
"result_final_linear_100",35.92,1.49068394703272e-10,69.4709453599306,25.5941955901849,8880,137,26.2189781021898,0.014394506866417
"result_final_linear_100",42.4,2.47320268094499e-12,79.1208791208791,23.9279416813486,9784,96,44.1666666666667,0.0126388888888889
"result_final_linear_100",21.7,2.05803051224072e-09,58.0429948109711,24.9054826809102,6442,220,9.86363636363636,0.0172286079182631
"result_final_linear_100",2.79,2.89523313108855e-11,50.727965349893,24.7449371633913,1082,68,4.10294117647059,0.0197129924904845
"result_final_linear_100",13.47,3.89203605755987e-09,54.2201892349145,25.1751063294733,4468,204,6.60294117647059,0.0184433144574136
"result_final_linear_100",36.54,1.34149031230663e-10,70.2146492586855,25.4104494680193,9396,134,27.2686567164179,0.0142420422313268
"result_final_linear_100",25.11,6.56831535742424e-10,60.0705863479586,24.8527588271431,7360,231,10.8701298701299,0.0166470823875017
"result_final_linear_100",24.06,6.61194331375554e-10,59.4116726646847,25.5614188752632,7208,238,10.109243697479,0.0168317092441401
"result_final_linear_100",28.99,2.74187944805811e-10,62.8240290188446,25.4247579979073,8016,180,16.1055555555556,0.015917476411773
"result_final_linear_100",21.22,7.25125422307558e-10,57.7820155493619,25.0013375106332,6560,256,8.2890625,0.0173064229499873
"result_final_linear_100",3.91,2.09899982358781e-09,51.0384022945769,24.5067704294162,1496,93,4.20430107526882,0.0195930898116349
"result_final_linear_100",16.99,1.28200379551083e-09,55.7001945916929,25.8204213116824,5566,229,7.41921397379913,0.0179532586435369
"result_final_linear_100",31.67,2.01532337767137e-10,65.0823887989332,24.0854535652673,8498,187,16.9358288770053,0.0153651397629153
"result_final_linear_100",28.21,2.621157980825e-10,62.2258819450464,24.6647474349312,7970,235,12.0042553191489,0.0160704833542276
"result_final_linear_100",4.8,6.11115631363689e-10,51.2931034482759,25.1253887763001,1802,108,4.44444444444444,0.0194957983193277
"result_final_linear_100",34.44,9.36240616532803e-11,67.8113363673976,24.3875479581405,8734,175,19.68,0.0147467968273337
"result_final_linear_100",26.89,3.37566874938057e-10,61.2670744992877,23.9776967688248,7672,215,12.506976744186,0.0163219805772124
"result_final_linear_100",8.91,1.446753502975e-09,52.5711317596814,25.8089499195638,3034,149,5.97986577181208,0.0190218465254144
"result_final_linear_100",37.95,5.47308739807253e-11,72.0255368543238,25.3914059969235,9206,153,24.8039215686275,0.013883964544722
"result_final_linear_100",8.62,7.6147556329924e-10,52.4750200987711,25.7236672420523,3078,170,5.07058823529412,0.0190566863646312
"result_final_linear_100",2.04,1.24905899384879e-09,50.5260986177017,22.1649818857484,788,51,4,0.0197917517354022
"result_final_linear_100",11.68,1.17197843367595e-09,53.5402521823472,23.9469238836931,3998,198,5.8989898989899,0.0186775362318841
"result_final_linear_100",44.78,8.75112980403023e-13,84.0999086201645,26.1896865038818,10050,94,47.6382978723404,0.0118906193408185
"result_final_linear_100",5.17,4.9626361019456e-10,51.4011599544691,25.4778569788988,2054,127,4.07086614173228,0.0194548138774649
"result_final_linear_100",14.6,5.02810064130897e-09,54.6734955185659,23.9231861695673,4688,206,7.0873786407767,0.0182903981264637
"result_final_linear_100",29.14,3.85980218312007e-10,62.94190797655,25.0646000432208,8302,210,13.8761904761905,0.0158876658199266
"result_final_linear_100",5.03,1.46769509505648e-09,51.3601211400141,25.376772953817,1800,105,4.79047619047619,0.019470359060756
"result_final_linear_100",22.37,5.2936044064825e-10,58.416735646023,25.0308993882978,6986,244,9.16803278688525,0.0171183820687878
"result_final_linear_100",28.55,1.05593265163216e-10,62.4836029733275,24.7195850436543,8082,203,14.064039408867,0.0160041987403779
"result_final_linear_100",6.9,1.43277491060151e-09,51.9241494701617,24.8532764977461,2560,152,4.53947368421053,0.0192588614393126
"result_final_linear_100",42.01,2.51008708586651e-12,78.3966472894416,24.4127614948724,9600,119,35.3025210084034,0.0127556475254354
"result_final_linear_100",29.74,2.00690828105434e-10,63.423000541614,25.0915085547763,8102,190,15.6526315789474,0.0157671505835468
"result_final_linear_100",3.71,3.05962190777614e-10,50.9821570392333,24.7930945315247,1404,85,4.36470588235294,0.0196147055769031
"result_final_linear_100",6.2,2.30448282328442e-09,51.7089305402426,25.6033379251599,2222,123,5.04065040650407,0.0193390191897654
"result_final_linear_100",19.46,8.23037392962158e-10,56.8704985171586,25.4580140677464,6532,261,7.45593869731801,0.0175838092873106
"result_final_linear_100",20.54,9.44141586982325e-10,57.4215927157104,24.783574021833,6464,230,8.9304347826087,0.0174150515982884
"result_final_linear_100",41.5,1.32878933504887e-11,77.4834437086093,26.2712888030053,9612,123,33.739837398374,0.0129059829059829
"result_final_linear_100",20.01,7.13385638718284e-10,57.1479602772023,24.5654147983333,6218,221,9.05429864253394,0.0174984373046631
"result_final_linear_100",15.45,1.05046393589596e-09,55.0276602668402,25.3705388013885,5190,234,6.6025641025641,0.0181726788882318
"result_final_linear_100",44.62,3.23101167815327e-13,83.7314786815845,24.9346731256114,9322,99,45.0707070707071,0.0119429396894186
"result_final_linear_100",13.9,2.42993767929038e-09,54.3903979785218,25.0182722902757,4644,211,6.58767772511848,0.0183855981416957
"result_final_linear_100",23.62,3.58200268691977e-10,59.145113829952,24.5586727409313,6976,228,10.359649122807,0.0169075674260278
"result_final_linear_100",9.44,7.90346143446211e-10,52.7493010251631,24.8671100974194,3498,183,5.15846994535519,0.0189575971731449
"result_final_linear_100",23.92,1.41874148435219e-09,59.3262632563943,25.2693965245407,7016,220,10.8727272727273,0.0168559411146162
"result_final_linear_100",40.9,4.99109065623056e-12,76.4553686934023,23.6265327226077,9454,118,34.6610169491525,0.0130795262267344
"result_final_linear_100",25.77,4.24055594749291e-10,60.5020784089983,24.820262373861,7424,236,10.9194915254237,0.0165283578068166
"result_final_linear_100",20.49,5.76868096238833e-10,57.3955099978344,25.060883102798,6360,223,9.18834080717489,0.0174229656646963
"result_final_linear_100",10.87,3.61538605989089e-09,53.2469084174682,24.9042027043171,3768,192,5.66145833333333,0.0187804330752833
"result_final_linear_100",22.2,3.71754963999659e-10,58.3208395802099,25.2996889906986,6810,241,9.21161825726141,0.017146529562982
"result_final_linear_100",5.11,1.88479425234862e-10,51.383549033411,25.1256517569147,2096,136,3.75735294117647,0.0194614817156708
"result_final_linear_100",26.62,1.61565014822819e-10,61.078741468287,24.8918835716082,7778,235,11.3276595744681,0.0163723085309349
"result_final_linear_100",10.57,5.21050454879416e-10,53.1404123833858,26.2660053094222,3862,224,4.71875,0.0188180699988818
"result_final_linear_100",36.98,1.33423382403466e-10,70.761284527285,24.9332026921014,9252,139,26.6043165467626,0.0141320215804506
"result_final_linear_100",33.41,6.45791350371387e-11,66.7435100731683,24.2106795010722,8870,184,18.1576086956522,0.0149827301396606
"result_final_linear_100",31.63,8.3717639450381e-11,65.0461421368091,24.9821749918369,8518,211,14.9905213270142,0.015373701916045
"result_final_linear_100",5.43,7.29650107628408e-10,51.4778727342006,25.2875207474608,2048,123,4.41463414634146,0.0194258221423284
"result_final_linear_100",41.27,3.56972103747783e-12,77.0836067725423,25.9773755157891,9648,145,28.4620689655172,0.0129729269538566
"result_final_linear_100",38.2,1.25350866688469e-11,72.3653395784543,25.7438787752349,9480,165,23.1515151515152,0.0138187702265372
"result_final_linear_100",33.22,9.52016937192988e-11,66.5537173609727,25.3898362690729,8844,207,16.048309178744,0.0150254567235699
"result_final_linear_100",25.43,2.94386259129433e-10,60.2780696790882,24.8581022571737,7548,223,11.4035874439462,0.016589781413437
"result_final_linear_100",32.08,5.60752895807307e-10,65.4587509637625,24.5202914158849,8454,180,17.8222222222222,0.0152767962308598
"result_final_linear_100",21.35,4.9808637427594e-10,57.8521515262964,25.2291836306827,6624,242,8.82231404958678,0.0172854418308964
"result_final_linear_100",29.37,3.14968265869203e-10,63.1244972741085,23.6518119622507,8306,209,14.0526315789474,0.0158417103213932
"result_final_linear_100",8.02,6.0430736961289e-10,52.2791860861657,24.7039053771323,3124,185,4.33513513513514,0.0191280713198522
"result_final_linear_100",31.74,3.62765120474066e-10,65.1460202328689,24.5384014780534,8634,179,17.731843575419,0.0153501318488134
"result_final_linear_100",32.33,1.17341670211911e-10,65.6926511989127,25.8381816961087,8462,185,17.4756756756757,0.0152224028372987
"result_final_linear_100",25.74,6.8308738346905e-10,60.4821632187653,24.6450181082739,7432,223,11.542600896861,0.0165338001615944
"result_final_linear_100",27.84,3.95412437157788e-10,61.9505494505494,25.6481130308733,7720,201,13.8507462686567,0.0161419068736142
"result_final_linear_100",34.06,1.03368461654099e-10,67.409527703946,23.9140447954006,8644,172,19.8023255813953,0.0148346982104944
"result_final_linear_100",2.33,4.5187830892314e-10,50.6035956686182,24.8895101602565,924,62,3.75806451612903,0.0197614415890243
"result_final_linear_100",34.64,1.83635026465454e-10,68.0266444629475,24.4819263201092,8868,169,20.4970414201183,0.0147001223990208
"result_final_linear_100",40.92,9.55488973600823e-12,76.4888658726049,24.8352091841828,9398,120,34.1,0.013073798239675
"result_final_linear_100",38.99,6.46421360535142e-12,73.4794652535228,23.2910285182275,8992,131,29.763358778626,0.0136092443861662
"result_final_linear_100",29.86,2.95834891795079e-10,63.5211012497736,24.5382203938458,8430,222,13.4504504504505,0.0157428001140576
"result_final_linear_100",7.82,1.22980431173277e-09,52.2147955137646,25.4673200761317,2910,160,4.8875,0.0191516597960512
"result_final_linear_100",34.84,2.0960347605545e-11,68.2446585672392,25.1794348881508,8608,169,20.6153846153846,0.0146531614487416
"result_final_linear_100",2.9,4.94367391600201e-10,50.7579717720857,25.1239803713295,1128,78,3.71794871794872,0.0197013388259526
"result_final_linear_100",22.12,3.9957536865077e-10,58.2759652798563,24.7711822173604,6490,233,9.49356223175966,0.0171597329224448
"result_final_linear_100",10.95,1.15642387860456e-09,53.2755010469638,25.2013660736587,4070,218,5.02293577981651,0.0187703537338574
"result_final_linear_100",13.64,9.12137126658156e-10,54.2871511189339,25.2217039767619,4692,210,6.4952380952381,0.0184205650764243
"result_final_linear_100",39.86,1.06661994563952e-11,74.7823924396916,24.6384554238931,9414,130,30.6615384615385,0.013372131692717
"result_final_linear_100",12.25,4.3597544855087e-09,53.7519142419602,25.0302297177424,4126,203,6.03448275862069,0.0186039886039886
"result_final_linear_100",26.98,3.32456579445044e-10,61.3304216361498,24.1940340446424,7890,220,12.2636363636364,0.0163051218844152
"result_final_linear_100",1.46,5.76201763221001e-11,50.3731724772518,24.565570625851,504,27,5.40740740740741,0.019851836817536
"result_final_linear_100",11.49,1.02025561256755e-09,53.4706699691899,25.8494041387234,4112,221,5.19909502262443,0.0187018415998192
"result_final_linear_100",3.13,1.41863385211414e-09,50.8210482136299,25.2727222356264,1164,75,4.17333333333333,0.0196768865489832
"result_final_linear_100",7.19,2.97544430480136e-09,52.0147957182088,24.7029372903116,2486,137,5.24817518248175,0.0192252989979528
"result_final_linear_100",20.41,4.65198543787878e-10,57.3538949340636,25.1572166676817,6490,239,8.53974895397489,0.0174356074883779
"result_final_concave_100",3.68,8.86382743489013e-10,50.0365190762123,26.2115393618511,1388,81,4.54320987654321,0.0199854030308716
"result_final_concave_100",16.55,5.88753039452566e-09,51.003019100217,24.3540707199368,5588,236,7.01271186440678,0.0196066824600143
"result_final_concave_100",10.21,5.20144127101074e-09,50.3253511599115,25.1209751047959,3564,179,5.70391061452514,0.0198707008883544
"result_final_concave_100",18.95,3.31629073971619e-08,51.4050380298617,24.6487822457833,6096,246,7.70325203252033,0.0194533461762851
"result_final_concave_100",25.94,1.86942355967408e-08,53.2674138416016,25.2603646417481,7516,217,11.9539170506912,0.0187732035006176
"result_final_concave_100",19.32,1.35131781693905e-08,51.4758981988385,25.0874911769656,6102,249,7.75903614457831,0.0194265672866406
"result_final_concave_100",29.37,2.01623254117864e-08,54.7319530938335,24.1852782475291,8110,201,14.6119402985075,0.0182708626948792
"result_final_concave_100",8.18,7.19080151340731e-09,50.1992043733434,25.4732128572436,3036,169,4.84023668639053,0.0199206344499559
"result_final_concave_100",12.27,2.38929370532515e-09,50.4938572330623,25.0622599259696,4432,216,5.68055555555556,0.0198043891831108
"result_final_concave_100",24.58,2.62407661588188e-08,52.8043376638355,24.4459418206822,7102,221,11.1221719457014,0.0189378381444007
"result_final_concave_100",41.33,1.10556601931837e-09,66.5003203431016,25.490101283755,9530,131,31.5496183206107,0.0150375215463715
"result_final_concave_100",10.19,2.88786340735439e-09,50.3239242632385,24.917199871124,3670,204,4.99509803921569,0.0198712643069948
"result_final_concave_100",12.68,9.40458324568704e-09,50.5327878543732,24.4758664575216,4064,190,6.67368421052632,0.0197891318183716
"result_final_concave_100",10.38,7.52817129493459e-09,50.3376351403573,25.3709974293383,3790,208,4.99038461538461,0.0198658518067383
"result_final_concave_100",7.01,2.71593360216452e-09,50.1424752124803,25.6842428873626,2464,132,5.31060606060606,0.0199431718470711
"result_final_concave_100",0.74,2.63687669217182e-10,50.0013895269537,22.748750330235,316,25,2.96,0.0199994442046644
"result_final_concave_100",33.83,4.69042257962118e-08,57.5170678201392,25.1200786600957,8750,173,19.5549132947977,0.0173861435900572
"result_final_concave_100",18.98,9.76080860221322e-09,51.4106892912198,25.0790078805072,6170,252,7.53174603174603,0.0194512077894039
"result_final_concave_100",37.76,9.64286025207011e-09,61.2769593352393,25.4801959693378,9392,148,25.5135135135135,0.0163193476120301
"result_final_concave_100",9.27,3.81356672109897e-09,50.2623435464191,24.1689427061347,3330,164,5.65243902439024,0.0198956103007108
"result_final_concave_100",42.75,4.86235132905381e-10,69.3288031623062,27.0788637767366,9372,111,38.5135135135135,0.0144240193741538
"result_final_concave_100",21.64,8.78616313799823e-09,51.982213507532,24.5675629618925,6872,259,8.35521235521236,0.0192373493263249
"result_final_concave_100",10.8,4.39333804052783e-09,50.3691924358598,25.5197175860655,3760,183,5.9016393442623,0.0198534054575801
"result_final_concave_100",33.84,7.43835274536318e-09,57.5247975278591,24.1413929710015,8956,183,18.4918032786885,0.017383807383515
"result_final_concave_100",12.22,8.6806953461471e-09,50.489237883119,25.1318081071521,4240,214,5.71028037383178,0.0198062011218107
"result_final_concave_100",27.23,1.62563147700483e-08,53.7640232504219,24.9658042814976,7600,208,13.0913461538462,0.0185997985184666
"result_final_concave_100",21.87,2.01079927449665e-08,52.0387246123327,24.5767014241147,6658,234,9.34615384615385,0.0192164586555415
"result_final_concave_100",27.36,7.7801628646898e-09,53.8174526294352,24.649519636728,7854,234,11.6923076923077,0.0185813328417008
"result_final_concave_100",20.69,2.7667497304778e-08,51.7613290785761,25.8153953053778,6404,219,9.44748858447489,0.0193194420970519
"result_final_concave_100",1.09,1.52535637714341e-10,50.0030362601012,25.4937293671851,416,30,3.63333333333333,0.019998785569706
"result_final_concave_100",29.6,9.14073122046887e-09,54.8480770592818,24.8854230453791,8516,201,14.726368159204,0.0182321797520661
"result_final_concave_100",26.09,1.26590592836165e-08,53.3221514083967,25.5902204578615,7578,214,12.1915887850467,0.0187539319698666
"result_final_concave_100",13.3,9.76106358243357e-09,50.595313016385,24.0740542157254,4610,222,5.99099099099099,0.0197646766149298
"result_final_concave_100",4.05,1.52116173868487e-09,50.0445807271286,26.1477638754723,1536,90,4.5,0.0199821835945148
"result_final_concave_100",13.53,7.34582674792843e-09,50.6196606365627,25.7458949586309,4622,214,6.32242990654206,0.019755169975946
"result_final_concave_100",8.85,2.97573585846862e-09,50.2367909441843,26.1202830305844,3170,169,5.23668639053254,0.0199057300676521
"result_final_concave_100",19.81,1.18042714071535e-08,51.5737182147487,24.4583880237135,6110,230,8.61304347826087,0.0193897208620112
"result_final_concave_100",1.67,2.41835046614597e-14,50.0072121294275,26.442116926958,624,42,3.97619047619048,0.0199971155642875
"result_final_concave_100",28.09,2.83001470364454e-08,54.1298237575083,24.0495503744523,8110,219,12.8264840182648,0.0184741041182734
"result_final_concave_100",2.4,9.097002230575e-10,50.015121475856,25.2749585634788,956,62,3.87096774193548,0.0199939532383768
"result_final_concave_100",39.01,2.79948307675376e-09,62.857693884232,24.573834436969,9186,139,28.0647482014388,0.0159089514458126
"result_final_concave_100",31.82,1.62749359440431e-08,56.1108750347214,24.9644246468537,8586,204,15.5980392156863,0.017821857160153
"result_final_concave_100",6.21,2.49984208941731e-09,50.1098406653117,24.9973742748898,2322,138,4.5,0.0199561600420782
"result_final_concave_100",11.68,3.70309615486661e-09,50.441084692565,24.5747201523794,4280,217,5.38248847926267,0.0198251089582021
"result_final_concave_100",32.1,2.80627584547902e-08,56.2903444394115,25.1072916738177,8670,184,17.445652173913,0.0177650360813897
"result_final_concave_100",36.58,1.8157973715634e-08,59.9767161116264,23.3969852790616,9114,139,26.3165467625899,0.0166731369243164
"result_final_concave_100",37.16,6.22115807007749e-09,60.5945533079583,25.4526073192147,9298,153,24.2875816993464,0.0165031334568591
"result_final_concave_100",32.21,1.47054134539664e-08,56.3622133021637,24.6515413216933,8718,193,16.6891191709845,0.01774238344117
"result_final_concave_100",17.67,1.49136087571539e-08,51.1787356680312,25.7208638998122,5578,235,7.51914893617021,0.019539365069244
"result_final_concave_100",12.37,9.69756606271703e-09,50.5031789869303,24.256521859863,4290,201,6.15422885572139,0.0198007337371533
"result_final_concave_100",25.92,1.12296499998307e-08,53.260172822452,25.0067355460187,7514,236,10.9830508474576,0.0187757558229035
"result_final_concave_100",26.73,3.85142732385918e-08,53.5644470249512,24.8678195035212,7556,224,11.9330357142857,0.018669099664824
"result_final_concave_100",14,2.87898656960232e-09,50.6714168265278,25.1112324609406,5022,227,6.16740088105727,0.0197349918875068
"result_final_concave_100",30.37,1.37461354389103e-08,55.2558780823654,25.2166154677864,8436,210,14.4619047619048,0.0180976220938772
"result_final_concave_100",11.77,1.31063117992356e-08,50.448892144224,25.2952319261213,4014,192,6.13020833333333,0.0198220408317627
"result_final_concave_100",36.28,1.19317504686587e-08,59.6721949072214,24.7633368663974,9108,165,21.9878787878788,0.0167582238520772
"result_final_concave_100",26.97,2.01844208999003e-08,53.6590855472699,24.7184423100898,7712,213,12.6619718309859,0.0186361729761323
"result_final_concave_100",40.4,1.48108134607659e-09,64.9133066284612,23.9456890281688,9244,120,33.6666666666667,0.0154051619296428
"result_final_concave_100",8.18,8.47099536098267e-09,50.1992043733434,25.8251434866633,3062,165,4.95757575757576,0.0199206344499559
"result_final_concave_100",29.17,2.31153067632412e-08,54.6330131468758,24.3359447217425,8046,206,14.1601941747573,0.0183039510801206
"result_final_concave_100",2.93,1.78497849867907e-09,50.0227878356018,25.3791967945068,1180,72,4.06944444444444,0.0199908890181504
"result_final_concave_100",4.6,7.55422166109153e-10,50.0581921065543,24.510285839422,1804,105,4.38095238095238,0.0199767502164559
"result_final_concave_100",24.96,1.7705415816332e-08,52.9279138373285,25.2811785399478,7374,231,10.8051948051948,0.0188936220511818
"result_final_concave_100",14.16,8.4168318287507e-09,50.6896623078383,25.2429258405646,4788,225,6.29333333333333,0.0197278883794293
"result_final_concave_100",23.45,1.59086119149369e-08,52.4615367054457,24.8225332478769,7134,220,10.6590909090909,0.0190615842157783
"result_final_concave_100",33.04,1.88337678430411e-08,56.930493129601,24.7026927640054,8740,185,17.8594594594595,0.0175652790802905
"result_final_concave_100",43.53,5.89509996956365e-11,71.1345047534265,22.8309140029581,9654,102,42.6764705882353,0.0140578753372403
"result_final_concave_100",9.41,7.79042964720388e-09,50.271211489156,26.1946556513351,3278,182,5.17032967032967,0.0198921006750695
"result_final_concave_100",2.07,3.52102068411359e-10,50.0111723934598,24.6568518782877,800,49,4.22448979591837,0.019995532040972
"result_final_concave_100",35.25,1.17837225578661e-08,58.6982963047226,23.4566120908063,8624,158,22.3101265822785,0.0170362695845321
"result_final_concave_100",25.12,2.4149015390202e-08,52.9812602352691,24.2074184140618,7350,213,11.7934272300469,0.0188745982175469
"result_final_concave_100",14.76,6.6090311053868e-09,50.7610024009181,25.7655699586333,5260,255,5.78823529411765,0.0197001625795694
"result_final_concave_100",21.43,1.10293622333668e-08,51.931670895415,24.8385251461438,6700,242,8.85537190082645,0.0192560721185709
"result_final_concave_100",5.64,1.48739684091258e-09,50.0894744057115,25.7026756378011,2226,137,4.11678832116788,0.0199642741686659
"result_final_concave_100",14.22,1.36865709604461e-08,50.6965877656821,24.8764904511108,5000,236,6.02542372881356,0.0197251934315967
"result_final_concave_100",38.84,2.45117500946148e-09,62.6290002708393,24.8193558041828,9326,139,27.9424460431655,0.0159670439520908
"result_final_concave_100",3.15,1.23348741294321e-10,50.0264601093685,25.8508355539559,1316,88,3.57954545454545,0.0199894215543892
"result_final_concave_100",35.7,1.09809722904954e-08,59.1106713999162,25.9421893923974,8658,168,21.25,0.0169174190770809
"result_final_concave_100",1.81,1.79777910565695e-10,50.0084964289712,25.7906943680457,778,53,3.41509433962264,0.0199966020058278
"result_final_concave_100",19.27,1.61600490077837e-08,51.4661736484871,25.4646662256114,6134,230,8.37826086956522,0.0194302379428861
"result_final_concave_100",4.1,1.14311692351405e-09,50.0457369913494,25.2447217285127,1662,100,4.1,0.0199817219231451
"result_final_concave_100",9.66,2.92123281452232e-09,50.2874908662199,25.1863897460395,3426,172,5.61627906976744,0.019885661081407
"result_final_concave_100",34.2,1.86253377609825e-08,57.808385983839,24.9924509545277,8850,176,19.4318181818182,0.0172985282841068
"result_final_concave_100",27.2,1.77851423261228e-08,53.7517850188238,24.8245359161409,7698,215,12.6511627906977,0.0186040333293081
"result_final_concave_100",37.3,7.52508220772306e-09,60.7497114176617,23.8001446810061,9224,147,25.3741496598639,0.0164609835448415
"result_final_concave_100",36.6,1.40066579254976e-08,59.9973729618064,23.2490708890277,9008,144,25.4166666666667,0.0166673964314502
"result_final_concave_100",33.5,1.53414085784187e-08,57.2663407685584,24.4058431492904,8760,178,18.8202247191011,0.0174622646842671
"result_final_concave_100",25.04,2.25334637585868e-08,52.9544882926038,24.322183915479,7598,232,10.7931034482759,0.0188841405562155
"result_final_concave_100",21.9,1.4571052097036e-08,52.046185837242,25.7548950058344,6858,244,8.97540983606557,0.019213703826966
"result_final_concave_100",17.58,1.39773635350452e-08,51.1638739442276,25.2840085066157,5658,221,7.95475113122172,0.0195450407271755
"result_final_concave_100",9.58,1.66430888895569e-09,50.2822191330995,25.8524047673735,3552,190,5.04210526315789,0.0198877459515649
"result_final_concave_100",2.01,1.93411087289287e-10,50.0105210717763,24.6974654796448,838,56,3.58928571428571,0.0199957924566468
"result_final_concave_100",3.62,1.9679126690287e-10,50.0352930953623,26.741881222277,1492,101,3.58415841584158,0.0199858927196469
"result_final_concave_100",38.27,1.82862016333021e-09,61.89450824335,25.1204329165501,9280,142,26.9507042253521,0.0161565222566808
"result_final_concave_100",11.78,4.42532963601108e-09,50.4497649682742,24.9306227628927,4172,198,5.94949494949495,0.0198216978935156
"result_final_concave_100",2.59,1.51422858855422e-10,50.0176801518547,23.7393843086014,944,56,4.625,0.0199929304390763
"result_final_concave_100",29.59,1.67139580734538e-08,54.8429752965742,25.337015597464,8068,207,14.2946859903382,0.0182338757989023
"result_final_concave_100",36.37,1.8268474284917e-08,59.7625126223714,26.2765604422345,9136,157,23.1656050955414,0.0167328975325857
"result_final_concave_100",7.86,7.04669739884559e-09,50.1825877906578,24.2449503720695,2850,148,5.31081081081081,0.0199272306197442
"result_final_concave_100",35.55,1.12777017523157e-08,58.9710245282999,24.2015100221252,8802,153,23.2352941176471,0.016957480525374
"result_final_concave_100",1.46,1.3849882843234e-11,50.0054886846065,26.9997914788474,628,42,3.47619047619048,0.0199978047671362
"result_final_concave_100",39.58,3.69164431639569e-09,63.6590420174714,25.4084192725588,9508,140,28.2714285714286,0.0157086875376721
"result_final_concave_100",17.98,1.1532954793652e-08,51.230955360606,25.1960559786002,5894,249,7.22088353413655,0.0195194486021424
"result_final_concave_100",37.61,8.70923967508993e-09,61.1020282027249,25.2062563137331,9268,141,26.6737588652482,0.0163660688427918
"result_final_concave_100",13.99,1.34490602185465e-08,50.6702871652998,25.4403035225702,4600,208,6.72596153846154,0.0197354318663665
"result_final_concave_100",13.09,4.14531556083224e-09,50.5736327632029,24.5093894032642,4638,226,5.79203539823009,0.019773149472616
"result_final_concave_100",39.54,1.57750178957891e-09,63.6010060598409,24.7045462330235,9392,132,29.9545454545455,0.0157230217248312
"result_final_concave_100",10.78,5.33759698428736e-09,50.3676501760126,25.7022409394854,3928,199,5.41708542713568,0.0198540133698007
"result_final_concave_100",34.96,1.59626514394181e-08,58.4427159365111,24.8024330983445,8762,156,22.4102564102564,0.0171107722147332
"result_final_concave_100",28.5,1.30478839364673e-08,54.314855640256,25.1028225905933,7968,229,12.4454148471616,0.0184111692503301
"result_final_concave_100",12.53,6.60184985500969e-09,50.5183258193138,25.1120853142053,4386,205,6.11219512195122,0.0197947969134339
"result_final_concave_100",3.34,3.03267392849807e-09,50.0298674887614,24.2798515676621,1340,85,3.92941176470588,0.0199880601367701
"result_final_concave_100",35.92,2.38632713460036e-08,59.3195642385686,25.5941955901849,8880,137,26.2189781021898,0.0168578446729354
"result_final_concave_100",42.4,4.80921231577339e-10,68.5805000661463,23.9279416813486,9784,96,44.1666666666667,0.0145814043209877
"result_final_concave_100",21.7,4.23017201394323e-08,51.9968382369779,24.9054826809102,6442,220,9.86363636363636,0.0192319385929286
"result_final_concave_100",2.79,4.12368592413776e-11,50.0206018128272,24.7449371633913,1082,68,4.10294117647059,0.0199917626689482
"result_final_concave_100",13.47,2.36273077036965e-08,50.6132477941626,25.1751063294733,4468,204,6.60294117647059,0.0197576730121503
"result_final_concave_100",36.54,2.28911886175517e-08,59.9355372915316,25.4104494680193,9396,134,27.2686567164179,0.0166845922334176
"result_final_concave_100",25.11,2.27829857909879e-08,52.977902892115,24.8527588271431,7360,231,10.8701298701299,0.0188757943483798
"result_final_concave_100",24.06,1.95127085678184e-08,52.6421257456355,25.5614188752632,7208,238,10.109243697479,0.0189961933686333
"result_final_concave_100",28.99,1.72066576561329e-08,54.5455533765715,25.4247579979073,8016,180,16.1055555555556,0.018333300115157
"result_final_concave_100",21.22,1.38535137050006e-08,51.8821164686182,25.0013375106332,6560,256,8.2890625,0.0192744642675645
"result_final_concave_100",3.91,3.45543366557015e-09,50.041428272967,24.5067704294162,1496,93,4.20430107526882,0.0199834424098605
"result_final_concave_100",16.99,1.2983444944978e-08,51.0696930696416,25.8204213116824,5566,229,7.41921397379913,0.0195810849819744
"result_final_concave_100",31.67,1.87467413163492e-08,56.0167380666818,24.0854535652673,8498,187,16.9358288770053,0.0178518070582691
"result_final_concave_100",28.21,1.46194040219733e-08,54.1832447958006,24.6647474349312,7970,235,12.0042553191489,0.0184558898930598
"result_final_concave_100",4.8,1.13005327243869e-09,50.0636357208513,25.1253887763001,1802,108,4.44444444444444,0.0199745780665207
"result_final_concave_100",34.44,1.26231051760385e-08,58.0033428907217,24.3875479581405,8734,175,19.68,0.0172403856426689
"result_final_concave_100",26.89,1.53927002323566e-08,53.6273044518259,23.9776967688248,7672,215,12.506976744186,0.0186472173125597
"result_final_concave_100",8.91,4.64000311376581e-09,50.2403458505465,25.8089499195638,3034,149,5.97986577181208,0.0199043215780156
"result_final_concave_100",37.95,1.05488845683964e-08,61.5028427594794,25.3914059969235,9206,153,24.8039215686275,0.0162594110309782
"result_final_concave_100",8.62,2.34734682167177e-09,50.2234543474375,25.7236672420523,3078,170,5.07058823529412,0.0199110159385327
"result_final_concave_100",2.04,1.61610297233292e-09,50.0108441863446,22.1649818857484,788,51,4,0.0199956632660292
"result_final_concave_100",11.68,5.51944347048612e-09,50.441084692565,23.9469238836931,3998,198,5.8989898989899,0.0198251089582021
"result_final_concave_100",44.78,1.06618776353688e-10,74.4945847899189,26.1896865038818,10050,94,47.6382978723404,0.0134237945324494
"result_final_concave_100",5.17,9.63409397795852e-10,50.0744175719474,25.4778569788988,2054,127,4.07086614173228,0.0199702772091795
"result_final_concave_100",14.6,3.59104940155863e-08,50.7415210016447,23.9231861695673,4688,206,7.0873786407767,0.0197077261434001
"result_final_concave_100",29.14,2.47745849899052e-08,54.6183330012741,25.0646000432208,8302,210,13.8761904761905,0.01830887075914
"result_final_concave_100",5.03,2.79725781653024e-09,50.0702283832943,25.376772953817,1800,105,4.79047619047619,0.0199719480475477
"result_final_concave_100",22.37,1.20535021341678e-08,52.1658537097982,25.0308993882978,6986,244,9.16803278688525,0.0191696278098516
"result_final_concave_100",28.55,6.20084359381136e-09,54.3379116938852,24.7195850436543,8082,203,14.064039408867,0.0184033572293602
"result_final_concave_100",6.9,3.50026230038899e-09,50.1376997745784,24.8532764977461,2560,152,4.53947368421053,0.0199450713633862
"result_final_concave_100",42.01,5.05113967889161e-10,67.7877140204539,24.4127614948724,9600,119,35.3025210084034,0.014751935722427
"result_final_concave_100",29.74,1.40905435914758e-08,54.9200132845781,25.0915085547763,8102,190,15.6526315789474,0.0182082985817632
"result_final_concave_100",3.71,4.90767158504568e-10,50.0371405159983,24.7930945315247,1404,85,4.36470588235294,0.019985154820753
"result_final_concave_100",6.2,5.12735553482415e-09,50.1094630274671,25.6033379251599,2222,123,5.04065040650407,0.0199563104368502
"result_final_concave_100",19.46,1.20468920349033e-08,51.5033778199063,25.4580140677464,6532,261,7.45593869731801,0.0194162022439914
"result_final_concave_100",20.54,1.62680416700796e-08,51.7282293413125,24.783574021833,6464,230,8.9304347826087,0.0193318041760489
"result_final_concave_100",41.5,2.75961180023759e-09,66.8114598077017,26.2712888030053,9612,123,33.739837398374,0.0149674921469793
"result_final_concave_100",20.01,1.13447412277407e-08,51.6149853859589,24.5654147983333,6218,221,9.05429864253394,0.0193742184081299
"result_final_concave_100",15.45,8.48743994110203e-09,50.8489492540297,25.3705388013885,5190,234,6.6025641025641,0.0196660897554486
"result_final_concave_100",44.62,4.13421654756431e-11,74.0281332281456,24.9346731256114,9322,99,45.0707070707071,0.0135083779151653
"result_final_concave_100",13.9,1.56892599151359e-08,50.6601764069538,25.0182722902757,4644,211,6.58767772511848,0.0197393706639904
"result_final_concave_100",23.62,9.87960599551986e-09,52.5108424875375,24.5586727409313,6976,228,10.359649122807,0.0190436860775435
"result_final_concave_100",9.44,2.72590043858224e-09,50.2731348600429,24.8671100974194,3498,183,5.15846994535519,0.0198913396346564
"result_final_concave_100",23.92,4.09772074383871e-08,52.5997716646669,25.2693965245407,7016,220,10.8727272727273,0.0190114893725239
"result_final_concave_100",40.9,1.05759323492234e-09,65.7431754570557,23.6265327226077,9454,118,34.6610169491525,0.0152107042753542
"result_final_concave_100",25.77,1.62810704462193e-08,53.2062907624168,24.820262373861,7424,236,10.9194915254237,0.0187947700482509
"result_final_concave_100",20.49,9.86470443255265e-09,51.7173003596472,25.060883102798,6360,223,9.18834080717489,0.0193358894034666
"result_final_concave_100",10.87,1.52007069814538e-08,50.374621827637,24.9042027043171,3768,192,5.66145833333333,0.0198512656516137
"result_final_concave_100",22.2,8.24757050765076e-09,52.1219615529018,25.2996889906986,6810,241,9.21161825726141,0.0191857706465064
"result_final_concave_100",5.11,3.63020927942426e-10,50.0726057647032,25.1256517569147,2096,136,3.75735294117647,0.0199709998057443
"result_final_concave_100",26.62,7.06842264512843e-09,53.5217714717587,24.8918835716082,7778,235,11.3276595744681,0.0186839854605272
"result_final_concave_100",10.57,2.10107625084586e-09,50.3516961566112,26.2660053094222,3862,224,4.71875,0.0198603041472457
"result_final_concave_100",36.98,2.37392206324051e-08,60.3985716476524,24.9332026921014,9252,139,26.6043165467626,0.0165566829267703
"result_final_concave_100",33.41,7.63078119815725e-09,57.1994018081073,24.2106795010722,8870,184,18.1576086956522,0.017482700314853
"result_final_concave_100",31.63,7.74333054911855e-09,55.9918671916483,24.9821749918369,8518,211,14.9905213270142,0.0178597366038395
"result_final_concave_100",5.43,1.46589816041632e-09,50.0825561386867,25.2875207474608,2048,123,4.41463414634146,0.019967031978776
"result_final_concave_100",41.27,7.48612887767643e-10,66.3921376542625,25.9773755157891,9648,145,28.4620689655172,0.0150620244404165
"result_final_concave_100",38.2,2.45873180019035e-09,61.8076009347428,25.7438787752349,9480,165,23.1515151515152,0.0161792398487657
"result_final_concave_100",33.22,1.09689515224016e-08,57.0600648828049,25.3898362690729,8844,207,16.048309178744,0.0175253919190925
"result_final_concave_100",25.43,1.07265837995622e-08,53.0868942892974,24.8581022571737,7548,223,11.4035874439462,0.0188370409191861
"result_final_concave_100",32.08,5.52694402336373e-08,56.277360807807,24.5202914158849,8454,180,17.8222222222222,0.017769134615518
"result_final_concave_100",21.35,9.70610688535416e-09,51.9126774505075,25.2291836306827,6624,242,8.82231404958678,0.0192631173946553
"result_final_concave_100",29.37,2.09259225077533e-08,54.7319530938335,23.6518119622507,8306,209,14.0526315789474,0.0182708626948792
"result_final_concave_100",8.02,1.71690910911082e-09,50.190790156077,24.7039053771323,3124,185,4.33513513513514,0.0199239740376736
"result_final_concave_100",31.74,3.40817494437963e-08,56.0604967550942,24.5384014780534,8634,179,17.731843575419,0.017837872617658
"result_final_concave_100",32.33,1.19760073814472e-08,56.441509988705,25.8381816961087,8462,185,17.4756756756757,0.0177174565350948
"result_final_concave_100",25.74,2.61055300072164e-08,53.1956039057786,24.6450181082739,7432,223,11.542600896861,0.0187985458680237
"result_final_concave_100",27.84,2.08473976683209e-08,54.0204394915623,25.6481130308733,7720,201,13.8507462686567,0.0185115117428135
"result_final_concave_100",34.06,1.32882276478658e-08,57.6968599446004,23.9140447954006,8644,172,19.8023255813953,0.017331965742333
"result_final_concave_100",2.33,6.06736722032689e-10,50.0142315784657,24.8895101602565,924,62,3.75806451612903,0.0199943089884553
"result_final_concave_100",34.64,2.53746428601981e-08,58.169533651303,24.4819263201092,8868,169,20.4970414201183,0.0171911297414639
"result_final_concave_100",40.92,2.02383394536272e-09,65.7774739795732,24.8352091841828,9398,120,34.1,0.0152027729175271
"result_final_concave_100",38.99,1.3270832924757e-09,62.8305504719516,23.2910285182275,8992,131,29.763358778626,0.0159158242684252
"result_final_concave_100",29.86,2.11444367576937e-08,54.9824402458951,24.5382203938458,8430,222,13.4504504504505,0.0181876249131132
"result_final_concave_100",7.82,3.40065410737337e-09,50.1805700396342,25.4673200761317,2910,160,4.8875,0.0199280318898364
"result_final_concave_100",34.84,2.96715601382878e-09,58.3392050504755,25.1794348881508,8608,169,20.6153846153846,0.0171411317506777
"result_final_concave_100",2.9,7.14162157178711e-10,50.0223095741232,25.1239803713295,1128,78,3.71794871794872,0.0199910801503117
"result_final_concave_100",22.12,8.75702802043323e-09,52.1015463709946,24.7711822173604,6490,233,9.49356223175966,0.0191932882928156
"result_final_concave_100",10.95,4.91670887824527e-09,50.3808870480614,25.2013660736587,4070,218,5.02293577981651,0.0198487970060162
"result_final_concave_100",13.64,5.67372130743558e-09,50.6315307994618,25.2217039767619,4692,210,6.4952380952381,0.0197505385322189
"result_final_concave_100",39.86,2.25667785643253e-09,64.0732539973465,24.6384554238931,9414,130,30.6615384615385,0.0156071361701314
"result_final_concave_100",12.25,2.22506178316485e-08,50.4920061803025,25.0302297177424,4126,203,6.03448275862069,0.0198051152182206
"result_final_concave_100",26.98,1.53701510335296e-08,53.6630748370327,24.1940340446424,7890,220,12.2636363636364,0.0186347875710973
"result_final_concave_100",1.46,6.92494142161698e-11,50.0054886846065,24.565570625851,504,27,5.40740740740741,0.0199978047671362
"result_final_concave_100",11.49,4.67835346803507e-09,50.4248839121932,25.8494041387234,4112,221,5.19909502262443,0.019831478476804
"result_final_concave_100",3.13,2.11099908542403e-09,50.0261142074739,25.2727222356264,1164,75,4.17333333333333,0.0199895597697772
"result_final_concave_100",7.19,7.55753613462792e-09,50.1504920082977,24.7029372903116,2486,137,5.24817518248175,0.0199399838357427
"result_final_concave_100",20.41,7.8592853921559e-09,51.6999215862346,25.1572166676817,6490,239,8.53974895397489,0.0193423891046337
"result_final_convex_100",3.68,8.0601869896373e-12,59.4369432597358,26.2115393618511,1388,81,4.54320987654321,0.0168245529658223
"result_final_convex_100",16.55,5.71913013206577e-17,87.9024203938574,24.3540707199368,5588,236,7.01271186440678,0.0113762510237987
"result_final_convex_100",10.21,1.59557239088625e-14,75.7146085239846,25.1209751047959,3564,179,5.70391061452514,0.0132074908593528
"result_final_convex_100",18.95,7.58067426632831e-17,91.1980592281588,24.6487822457833,6096,246,7.70325203252033,0.0109651456233099
"result_final_convex_100",25.94,5.73826160672201e-18,97.0760633131751,25.2603646417481,7516,217,11.9539170506912,0.0103012005830307
"result_final_convex_100",19.32,2.56355995631361e-17,91.6417966258997,25.0874911769656,6102,249,7.75903614457831,0.0109120514527034
"result_final_convex_100",29.37,6.44135989584902e-18,98.4606369728288,24.1852782475291,8110,201,14.6119402985075,0.0101563429888836
"result_final_convex_100",8.18,2.2915804290039e-13,70.9070069542121,25.4732128572436,3036,169,4.84023668639053,0.0141029785765142
"result_final_convex_100",12.27,8.48142234203273e-16,80.1962878084428,25.0622599259696,4432,216,5.68055555555556,0.0124694050975103
"result_final_convex_100",24.58,9.42010335806442e-18,96.2998055398162,24.4459418206822,7102,221,11.1221719457014,0.0103842369607542
"result_final_convex_100",41.33,6.13966788816119e-17,99.9128553765378,25.490101283755,9530,131,31.5496183206107,0.0100087220631553
"result_final_convex_100",10.19,9.05667312221226e-15,75.6689755305298,24.917199871124,3670,204,4.99509803921569,0.01321545577945
"result_final_convex_100",12.68,2.240751843101e-15,81.032580362269,24.4758664575216,4064,190,6.67368421052632,0.0123407152472418
"result_final_convex_100",10.38,1.91538235091124e-14,76.100950446458,25.3709974293383,3790,208,4.99038461538461,0.0131404403510514
"result_final_convex_100",7.01,3.59642263214425e-13,68.0015482030646,25.6842428873626,2464,132,5.31060606060606,0.0147055475415622
"result_final_convex_100",0.74,1.03960888465325e-10,51.8628906782708,22.748750330235,316,25,2.96,0.0192816093920306
"result_final_convex_100",33.83,3.76800346547212e-17,99.4015543024376,25.1200786600957,8750,173,19.5549132947977,0.0100602048631696
"result_final_convex_100",18.98,2.19694831922525e-17,91.2346627307113,25.0790078805072,6170,252,7.53174603174603,0.010960746388153
"result_final_convex_100",37.76,4.22506583344309e-17,99.7686866804552,25.4801959693378,9392,148,25.5135135135135,0.0100231849618594
"result_final_convex_100",9.27,3.37829975389733e-14,73.5305791702692,24.1689427061347,3330,164,5.65243902439024,0.0135997840800951
"result_final_convex_100",42.75,1.09416653060653e-16,99.9428827160083,27.0788637767366,9372,111,38.5135135135135,0.0100057149926478
"result_final_convex_100",21.64,6.41899432829151e-18,94.056578490589,24.5675629618925,6872,259,8.35521235521236,0.0106318985449812
"result_final_convex_100",10.8,7.0888236831838e-15,77.0433533461103,25.5197175860655,3760,183,5.9016393442623,0.0129797050176099
"result_final_convex_100",33.84,5.99459497604742e-18,99.4029115882185,24.1413929710015,8956,183,18.4918032786885,0.0100600674972434
"result_final_convex_100",12.22,3.23732204991223e-15,80.0929693453409,25.1318081071521,4240,214,5.71028037383178,0.0124854904016387
"result_final_convex_100",27.23,4.71960970281865e-18,97.6840652721539,24.9658042814976,7600,208,13.0913461538462,0.0102370841878247
"result_final_convex_100",21.87,1.36286278381121e-17,94.2631459193689,24.5767014241147,6658,234,9.34615384615385,0.0106085998960334
"result_final_convex_100",27.36,2.25701244276505e-18,97.7390548252001,24.649519636728,7854,234,11.6923076923077,0.0102313246407839
"result_final_convex_100",20.69,2.85901525412836e-17,93.1422527523545,25.8153953053778,6404,219,9.44748858447489,0.0107362659850926
"result_final_convex_100",1.09,3.85830532485926e-11,52.7522064873416,25.4937293671851,416,30,3.63333333333333,0.0189565530351789
"result_final_convex_100",29.6,2.99051030855959e-18,98.5291962712302,24.8854230453791,8516,201,14.726368159204,0.010149275928804
"result_final_convex_100",26.09,3.84313796480104e-18,97.1528508753673,25.5902204578615,7578,214,12.1915887850467,0.0102930587315739
"result_final_convex_100",13.3,1.29933702517955e-15,82.259428560903,24.0740542157254,4610,222,5.99099099099099,0.0121566611572025
"result_final_convex_100",4.05,8.58758524466114e-12,60.3984048062532,26.1477638754723,1536,90,4.5,0.0165567286620866
"result_final_convex_100",13.53,7.93037355924581e-16,82.7027163803662,25.7458949586309,4622,214,6.32242990654206,0.0120915012682389
"result_final_convex_100",8.85,4.29141181672023e-14,72.5303930385047,26.1202830305844,3170,169,5.23668639053254,0.0137873236047283
"result_final_convex_100",19.81,1.77542958171442e-17,92.2039177788735,24.4583880237135,6110,230,8.61304347826087,0.0108455261347813
"result_final_convex_100",1.67,1.21614276280101e-15,54.2356917232755,26.442116926958,624,42,3.97619047619048,0.0184380427026221
"result_final_convex_100",28.09,8.30602743429791e-18,98.0281262002354,24.0495503744523,8110,219,12.8264840182648,0.0102011538806461
"result_final_convex_100",2.4,4.30481802768548e-11,56.1167117959328,25.2749585634788,956,62,3.87096774193548,0.0178200034890939
"result_final_convex_100",39.01,2.61751049962324e-17,99.8334775913683,24.573834436969,9186,139,28.0647482014388,0.010016680016829
"result_final_convex_100",31.82,7.64420493213784e-18,99.0687635417496,24.9644246468537,8586,204,15.5980392156863,0.010093998998772
"result_final_convex_100",6.21,8.977405565257e-13,65.9735546845244,24.9973742748898,2322,138,4.5,0.0151575885941246
"result_final_convex_100",11.68,2.37659540100383e-15,78.9591064256654,24.5747201523794,4280,217,5.38248847926267,0.0126647836490074
"result_final_convex_100",32.1,1.4033007347785e-17,99.1229384193635,25.1072916738177,8670,184,17.445652173913,0.0100884822014583
"result_final_convex_100",36.58,4.32312268015823e-17,99.6883412015162,23.3969852790616,9114,139,26.3165467625899,0.0100312633147194
"result_final_convex_100",37.16,1.97524857304268e-17,99.7304384309243,25.4526073192147,9298,153,24.2875816993464,0.0100270290167492
"result_final_convex_100",32.21,7.54475026103622e-18,99.1434723689051,24.6515413216933,8718,193,16.6891191709845,0.0100863927408058
"result_final_convex_100",17.67,7.00400201446495e-17,89.5316820228903,25.7208638998122,5578,235,7.51914893617021,0.0111692305718587
"result_final_convex_100",12.37,3.12034596310569e-15,80.402062205597,24.256521859863,4290,201,6.15422885572139,0.0124374919320215
"result_final_convex_100",25.92,3.45236917318479e-18,97.0656982753549,25.0067355460187,7514,236,10.9830508474576,0.0103023005837058
"result_final_convex_100",26.73,1.1307205917746e-17,97.4621556812126,24.8678195035212,7556,224,11.9330357142857,0.0102603927956497
"result_final_convex_100",14,2.04851949099413e-16,83.5882501563234,25.1112324609406,5022,227,6.16740088105727,0.0119634039249517
"result_final_convex_100",30.37,4.96200420881291e-18,98.7403057405408,25.2166154677864,8436,210,14.4619047619048,0.0101275764997902
"result_final_convex_100",11.77,7.67430222406971e-15,79.1503463741391,25.2952319261213,4014,192,6.13020833333333,0.012634183497733
"result_final_convex_100",36.28,2.46891491479361e-17,99.6644048056826,24.7633368663974,9108,165,21.9878787878788,0.0100336725228001
"result_final_convex_100",26.97,5.88459184733091e-18,97.57076455394,24.7184423100898,7712,213,12.6619718309859,0.0102489716522327
"result_final_convex_100",40.4,3.76948966329237e-17,99.8863337851726,23.9456890281688,9244,120,33.6666666666667,0.0100113795561935
"result_final_convex_100",8.18,2.69955541773692e-13,70.9070069542121,25.8251434866633,3062,165,4.95757575757576,0.0141029785765142
"result_final_convex_100",29.17,7.24883052497274e-18,98.398854579913,24.3359447217425,8046,206,14.1601941747573,0.0101627199246295
"result_final_convex_100",2.93,4.26877633465622e-11,57.4892865197988,25.3791967945068,1180,72,4.06944444444444,0.0173945453237728
"result_final_convex_100",4.6,2.10278301791511e-12,61.8262221853446,24.510285839422,1804,105,4.38095238095238,0.0161743668730425
"result_final_convex_100",24.96,6.02076247063463e-18,96.5317588383207,25.2811785399478,7374,231,10.8051948051948,0.010359284985938
"result_final_convex_100",14.16,5.21454943885193e-16,83.8834152147758,25.2429258405646,4788,225,6.29333333333333,0.0119213076558649
"result_final_convex_100",23.45,7.05059968578018e-18,95.5355642142354,24.8225332478769,7134,220,10.6590909090909,0.0104673061621066
"result_final_convex_100",33.04,1.19576677987795e-17,99.2855821155128,24.7026927640054,8740,185,17.8594594594595,0.0100719558539382
"result_final_convex_100",43.53,3.2521740472749e-17,99.9551214331133,22.8309140029581,9654,102,42.6764705882353,0.0100044898716787
"result_final_convex_100",9.41,5.87698277757214e-14,73.860767448895,26.1946556513351,3278,182,5.17032967032967,0.0135389874020996
"result_final_convex_100",2.07,2.54604670672903e-11,55.2647607185428,24.6568518782877,800,49,4.22448979591837,0.0180947132856123
"result_final_convex_100",35.25,1.57101674897827e-17,99.569650021325,23.4566120908063,8624,158,22.3101265822785,0.0100432209994293
"result_final_convex_100",25.12,8.04636437572219e-18,96.6258384083269,24.2074184140618,7350,213,11.7934272300469,0.0103491986871477
"result_final_convex_100",14.76,2.47518302658892e-16,84.9614391419812,25.7655699586333,5260,255,5.78823529411765,0.0117700454476633
"result_final_convex_100",21.43,8.65515756717275e-18,93.8630134816189,24.8385251461438,6700,242,8.85537190082645,0.0106538237257408
"result_final_convex_100",5.64,1.09737028894038e-12,64.5132066319896,25.7026756378011,2226,137,4.11678832116788,0.0155007021384694
"result_final_convex_100",14.22,8.0540005239209e-16,83.9932714723044,24.8764904511108,5000,236,6.02542372881356,0.011905715570678
"result_final_convex_100",38.84,2.05214423631032e-17,99.8257263375863,24.8193558041828,9326,139,27.9424460431655,0.0100174577905724
"result_final_convex_100",3.15,2.22145764973543e-12,58.0601642277349,25.8508355539559,1316,88,3.57954545454545,0.0172235131143895
"result_final_convex_100",35.7,1.760145331875e-17,99.6135680930796,25.9421893923974,8658,168,21.25,0.0100387930996066
"result_final_convex_100",1.81,1.81430243785663e-11,54.5953686366261,25.7906943680457,778,53,3.41509433962264,0.0183165719908545
"result_final_convex_100",19.27,3.14214399649778e-17,91.5828085711888,25.4646662256114,6134,230,8.37826086956522,0.010919079853537
"result_final_convex_100",4.1,6.05104925434291e-12,60.5283015241005,25.2447217285127,1662,100,4.1,0.016521197106478
"result_final_convex_100",9.66,1.65791682482574e-14,74.4462294619846,25.1863897460395,3426,172,5.61627906976744,0.0134325137381288
"result_final_convex_100",34.2,1.68940461637338e-17,99.4500409318621,24.9924509545277,8850,176,19.4318181818182,0.0100553000343675
"result_final_convex_100",27.2,5.16503553565327e-18,97.6712194860805,24.8245359161409,7698,215,12.6511627906977,0.0102384305761895
"result_final_convex_100",37.3,2.56989791334285e-17,99.739823943137,23.8001446810061,9224,147,25.3741496598639,0.0100260854738436
"result_final_convex_100",36.6,3.36678612701009e-17,99.6898827788392,23.2490708890277,9008,144,25.4166666666667,0.0100311081939828
"result_final_convex_100",33.5,1.11269209165956e-17,99.355248714056,24.4058431492904,8760,178,18.8202247191011,0.0100648935304666
"result_final_convex_100",25.04,7.58354889040353e-18,96.5790603685646,24.322183915479,7598,232,10.7931034482759,0.0103542113185177
"result_final_convex_100",21.9,9.78213783697416e-18,94.2896750599501,25.7548950058344,6858,244,8.97540983606557,0.0106056150831381
"result_final_convex_100",17.58,6.93580713524971e-17,89.4067188279889,25.2840085066157,5658,221,7.95475113122172,0.011184841733471
"result_final_convex_100",9.58,1.03428416891052e-14,74.2594708477599,25.8524047673735,3552,190,5.04210526315789,0.013466295794783
"result_final_convex_100",2.01,1.51048066872254e-11,55.1101308574397,24.6974654796448,838,56,3.58928571428571,0.0181454840415245
"result_final_convex_100",3.62,1.93339576449914e-12,59.2810244708688,26.741881222277,1492,101,3.58415841584158,0.0168688042915218
"result_final_convex_100",38.27,1.07552110127266e-17,99.7973824988978,25.1204329165501,9280,142,26.9507042253521,0.0100203028873131
"result_final_convex_100",11.78,2.56502391514905e-15,79.1715400191529,24.9306227628927,4172,198,5.94949494949495,0.0126308014187685
"result_final_convex_100",2.59,5.61138417008102e-12,56.6082379339821,23.7393843086014,944,56,4.625,0.0176652734036029
"result_final_convex_100",29.59,5.46226046863233e-18,98.5262698428011,25.337015597464,8068,207,14.2946859903382,0.0101495773827173
"result_final_convex_100",36.37,3.94023332839273e-17,99.6717479389268,26.2765604422345,9136,157,23.1656050955414,0.0100329333103774
"result_final_convex_100",7.86,3.29987536734637e-13,70.120617240035,24.2449503720695,2850,148,5.31081081081081,0.0142611408649874
"result_final_convex_100",35.55,1.697793742845e-17,99.5993817487823,24.2015100221252,8802,153,23.2352941176471,0.0100402229656634
"result_final_convex_100",1.46,2.18667296731704e-12,53.6972798404996,26.9997914788474,628,42,3.47619047619048,0.0186229172682557
"result_final_convex_100",39.58,5.09174040191388e-17,99.8573080538533,25.4084192725588,9508,140,28.2714285714286,0.0100142895847012
"result_final_convex_100",17.98,4.50083915817796e-17,89.9542062735328,25.1960559786002,5894,249,7.22088353413655,0.0111167675356859
"result_final_convex_100",37.61,3.51233159990373e-17,99.7595984972312,25.2062563137331,9268,141,26.6737588652482,0.0100240980824292
"result_final_convex_100",13.99,9.65330796396774e-16,83.5696956283679,25.4403035225702,4600,208,6.72596153846154,0.0119660600948814
"result_final_convex_100",13.09,6.70170924897753e-16,81.8490566861567,24.5093894032642,4638,226,5.79203539823009,0.0122176117903767
"result_final_convex_100",39.54,2.11521526934034e-17,99.855739268465,24.7045462330235,9392,132,29.9545454545455,0.0100144469143779
"result_final_convex_100",10.78,8.79931021210162e-15,76.9988757225902,25.7022409394854,3928,199,5.41708542713568,0.0129872026132275
"result_final_convex_100",34.96,1.90167316944207e-17,99.5391126131326,24.8024330983445,8762,156,22.4102564102564,0.0100463021394071
"result_final_convex_100",28.5,3.90035073756863e-18,98.1765058917188,25.1028225905933,7968,229,12.4454148471616,0.01018573630134
"result_final_convex_100",12.53,1.8177091851919e-15,80.7288926792508,25.1120853142053,4386,205,6.11219512195122,0.0123871388150109
"result_final_convex_100",3.34,4.27495337056089e-11,58.5535509010483,24.2798515676621,1340,85,3.92941176470588,0.0170783835414172
"result_final_convex_100",35.92,4.20388970779048e-17,99.6335863039624,25.5941955901849,8880,137,26.2189781021898,0.0100367761223529
"result_final_convex_100",42.4,7.46804635194329e-17,99.9364910646715,23.9279416813486,9784,96,44.1666666666667,0.0100063549294809
"result_final_convex_100",21.7,3.02957582979784e-17,94.111009986691,24.9054826809102,6442,220,9.86363636363636,0.0106257493160621
"result_final_convex_100",2.79,1.18114479199958e-12,57.1262985474225,24.7449371633913,1082,68,4.10294117647059,0.0175050725397492
"result_final_convex_100",13.47,2.69308387957115e-15,82.5877012872606,25.1751063294733,4468,204,6.60294117647059,0.0121083403995197
"result_final_convex_100",36.54,5.34725009527936e-17,99.685238043454,25.4104494680193,9396,134,27.2686567164179,0.0100315755835793
"result_final_convex_100",25.11,7.60055659001934e-18,96.6200196460275,24.8527588271431,7360,231,10.8701298701299,0.0103498219485315
"result_final_convex_100",24.06,7.64634072473096e-18,95.9623349714547,25.5614188752632,7208,238,10.109243697479,0.0104207551879335
"result_final_convex_100",28.99,5.31534233214303e-18,98.3414828834136,25.4247579979073,8016,180,16.1055555555556,0.010168648780551
"result_final_convex_100",21.22,1.17111200088398e-17,93.6646483005702,25.0013375106332,6560,256,8.2890625,0.0106763866425996
"result_final_convex_100",3.91,2.33616896947785e-11,60.0346397897894,24.5067704294162,1496,93,4.20430107526882,0.0166570500547932
"result_final_convex_100",16.99,9.37750152452334e-17,88.5617779867243,25.8204213116824,5566,229,7.41921397379913,0.0112915528880857
"result_final_convex_100",31.67,8.52806328970565e-18,99.0385850446825,24.0854535652673,8498,187,16.9358288770053,0.0100970747870523
"result_final_convex_100",28.21,4.31008548670329e-18,98.0725603466576,24.6647474349312,7970,235,12.0042553191489,0.0101965320010541
"result_final_convex_100",4.8,2.43402057820047e-12,62.3445869315277,25.1253887763001,1802,108,4.44444444444444,0.0160398849237431
"result_final_convex_100",34.44,1.24365843410193e-17,99.4796473641849,24.3875479581405,8734,175,19.68,0.0100523074467595
"result_final_convex_100",26.89,4.49656321345725e-18,97.5349961418021,23.9776967688248,7672,215,12.506976744186,0.0102527301948743
"result_final_convex_100",8.91,6.23853389984944e-14,72.6741364494461,25.8089499195638,3034,149,5.97986577181208,0.0137600534227968
"result_final_convex_100",37.95,5.14609614209534e-17,99.7797668415046,25.3914059969235,9206,153,24.8039215686275,0.0100220719255483
"result_final_convex_100",8.62,4.43500354004421e-14,71.9768198060178,25.7236672420523,3078,170,5.07058823529412,0.013893361816972
"result_final_convex_100",2.04,1.21446972392862e-10,55.1874346488498,22.1649818857484,788,51,4,0.0181200667572766
"result_final_convex_100",11.68,3.54230174380512e-15,78.9591064256654,23.9469238836931,3998,198,5.8989898989899,0.0126647836490074
"result_final_convex_100",44.78,3.13278741981832e-16,99.9699384876966,26.1896865038818,10050,94,47.6382978723404,0.0100030070551966
"result_final_convex_100",5.17,1.29279229164916e-12,63.3017655774031,25.4778569788988,2054,127,4.07086614173228,0.0157973476865702
"result_final_convex_100",14.6,1.53430689708715e-15,84.6784437554264,23.9231861695673,4688,206,7.0873786407767,0.0118093809433752
"result_final_convex_100",29.14,7.74885929023864e-18,98.3894100446377,25.0646000432208,8302,210,13.8761904761905,0.0101636954581425
"result_final_convex_100",5.03,4.48868128114413e-12,62.9399001987643,25.376772953817,1800,105,4.79047619047619,0.0158881726351964
"result_final_convex_100",22.37,7.02194597888251e-18,94.6930151170066,25.0308993882978,6986,244,9.16803278688525,0.0105604410078648
"result_final_convex_100",28.55,1.85880533412085e-18,98.1939451197614,24.7195850436543,8082,203,14.064039408867,0.0101839273162959
"result_final_convex_100",6.9,5.31113829353223e-13,67.7244439754876,24.8532764977461,2560,152,4.53947368421053,0.014765717387978
"result_final_convex_100",42.01,5.29758443924494e-17,99.9286312145747,24.4127614948724,9600,119,35.3025210084034,0.0100071419756838
"result_final_convex_100",29.74,4.68304632417772e-18,98.569655123597,25.0915085547763,8102,190,15.6526315789474,0.0101451100619769
"result_final_convex_100",3.71,4.29343833197939e-12,59.5149043329385,24.7930945315247,1404,85,4.36470588235294,0.0168025137771506
"result_final_convex_100",6.2,1.86462549869078e-12,65.9480332015194,25.6033379251599,2222,123,5.04065040650407,0.0151634544876307
"result_final_convex_100",19.46,2.13507336232588e-17,91.805350700597,25.4580140677464,6532,261,7.45593869731801,0.0108926112951878
"result_final_convex_100",20.54,1.7854563103294e-17,92.9886478906261,24.783574021833,6464,230,8.9304347826087,0.0107540008666026
"result_final_convex_100",41.5,1.78672445092801e-16,99.9170630894578,26.2712888030053,9612,123,33.739837398374,0.0100083005752949
"result_final_convex_100",20.01,1.55950467361514e-17,92.4251189832161,24.5654147983333,6218,221,9.05429864253394,0.0108195695174771
"result_final_convex_100",15.45,1.83868868448528e-16,86.1442100971993,25.3705388013885,5190,234,6.6025641025641,0.0116084412274681
"result_final_convex_100",44.62,9.62835956612522e-17,99.9683242978188,24.9346731256114,9322,99,45.0707070707071,0.0100031685738861
"result_final_convex_100",13.9,1.21835838687539e-15,83.4021415795224,25.0182722902757,4644,211,6.58767772511848,0.0119900997871442
"result_final_convex_100",23.62,4.22148597502614e-18,95.657945039669,24.5586727409313,6976,228,10.359649122807,0.0104539147227688
"result_final_convex_100",9.44,1.98702443876118e-14,73.9313068826017,24.8671100974194,3498,183,5.15846994535519,0.0135260695660086
"result_final_convex_100",23.92,1.64853387929007e-17,95.8673924744658,25.2693965245407,7016,220,10.8727272727273,0.0104310754072752
"result_final_convex_100",40.9,4.04541341097531e-17,99.901361035371,23.6265327226077,9454,118,34.6610169491525,0.0100098736357149
"result_final_convex_100",25.77,5.06783847860272e-18,96.9869998753534,24.820262373861,7424,236,10.9194915254237,0.0103106602048232
"result_final_convex_100",20.49,1.10501289536044e-17,92.9368741932853,25.060883102798,6360,223,9.18834080717489,0.0107599917544058
"result_final_convex_100",10.87,2.27555862456883e-14,77.1987054919508,24.9042027043171,3768,192,5.66145833333333,0.012953585084458
"result_final_convex_100",22.2,5.04945046214772e-18,94.5497717367675,25.2996889906986,6810,241,9.21161825726141,0.0105764401291635
"result_final_convex_100",5.11,5.25922238562107e-13,63.14673056059,25.1256517569147,2096,136,3.75735294117647,0.0158361326251165
"result_final_convex_100",26.62,2.08394050066628e-18,97.4110566986831,24.8918835716082,7778,235,11.3276595744681,0.0102657750966941
"result_final_convex_100",10.57,4.34527897474143e-15,76.5294367750755,26.2660053094222,3862,224,4.71875,0.0130668673668546
"result_final_convex_100",36.98,6.87660944173567e-17,99.7179388206975,24.9332026921014,9252,139,26.6043165467626,0.0100282859014775
"result_final_convex_100",33.41,5.38764355099934e-18,99.3420977317034,24.2106795010722,8870,184,18.1576086956522,0.0100662259287169
"result_final_convex_100",31.63,3.49324913578055e-18,99.0303980791203,24.9821749918369,8518,211,14.9905213270142,0.0100979095247204
"result_final_convex_100",5.43,1.41225484424687e-12,63.9726277486824,25.2875207474608,2048,123,4.41463414634146,0.0156316855378916
"result_final_convex_100",41.27,3.94146825736288e-17,99.9113259903375,25.9773755157891,9648,145,28.4620689655172,0.0100088752710249
"result_final_convex_100",38.2,1.38722847875753e-17,99.793638086851,25.7438787752349,9480,165,23.1515151515152,0.0100206788646155
"result_final_convex_100",33.22,7.32709469264025e-18,99.3135757847405,25.3898362690729,8844,207,16.048309178744,0.0100691168563649
"result_final_convex_100",25.43,3.44981989544776e-18,96.8022321673166,24.8581022571737,7548,223,11.4035874439462,0.0103303402990911
"result_final_convex_100",32.08,2.75110103099495e-17,99.1191601554122,24.5202914158849,8454,180,17.8222222222222,0.0100888667582743
"result_final_convex_100",21.35,7.83305201388622e-18,93.7880152134053,25.2291836306827,6624,242,8.82231404958678,0.0106623431333374
"result_final_convex_100",29.37,6.68531011427804e-18,98.4606369728288,23.6518119622507,8306,209,14.0526315789474,0.0101563429888836
"result_final_convex_100",8.02,6.62943370609967e-14,70.5146536019284,24.7039053771323,3124,185,4.33513513513514,0.0141814495132492
"result_final_convex_100",31.74,1.57350546389282e-17,99.0527704903516,24.5384014780534,8634,179,17.731843575419,0.0100956287749408
"result_final_convex_100",32.33,6.32319454481471e-18,99.1654030967266,25.8381816961087,8462,185,17.4756756756757,0.0100841621046464
"result_final_convex_100",25.74,8.14730553475146e-18,96.9710553920697,24.6450181082739,7432,223,11.542600896861,0.0103123555369882
"result_final_convex_100",27.84,6.07577459273937e-18,97.9328102938496,25.6481130308733,7720,201,13.8507462686567,0.0102110824451936
"result_final_convex_100",34.06,1.15019891442058e-17,99.4321086457672,23.9140447954006,8644,172,19.8023255813953,0.0100571134779265
"result_final_convex_100",2.33,3.14158243534893e-11,55.9357980471515,24.8895101602565,924,62,3.75806451612903,0.0178776389166208
"result_final_convex_100",34.64,2.68469907324588e-17,99.5032585754284,24.4819263201092,8868,169,20.4970414201183,0.0100499221263387
"result_final_convex_100",40.92,7.87308124615311e-17,99.9019238704562,24.8352091841828,9398,120,34.1,0.0100098172413247
"result_final_convex_100",38.99,1.22464209138016e-17,99.8325816429839,23.2910285182275,8992,131,29.763358778626,0.0100167699116121
"result_final_convex_100",29.86,7.12828647223488e-18,98.6035835638549,24.5382203938458,8430,222,13.4504504504505,0.0101416192379297
"result_final_convex_100",7.82,1.67140919803428e-13,70.0218521753438,25.4673200761317,2910,160,4.8875,0.0142812560498381
"result_final_convex_100",34.84,3.37874020743335e-18,99.5259387296196,25.1794348881508,8608,169,20.6153846153846,0.010047631931578
"result_final_convex_100",2.9,1.77524563602151e-11,57.4114818833442,25.1239803713295,1128,78,3.71794871794872,0.0174181185922343
"result_final_convex_100",22.12,5.49165769108292e-18,94.4813308908709,24.7711822173604,6490,233,9.49356223175966,0.0105841015422934
"result_final_convex_100",10.95,6.75831888967507e-15,77.3756385746232,25.2013660736587,4070,218,5.02293577981651,0.0129239644211217
"result_final_convex_100",13.64,5.54831070135145e-16,82.9124255302031,25.2217039767619,4692,210,6.4952380952381,0.012060918416091
"result_final_convex_100",39.86,3.80860589012491e-17,99.867876565324,24.6384554238931,9414,130,30.6615384615385,0.0100132298231644
"result_final_convex_100",12.25,8.05574908622133e-15,80.1549948306487,25.0302297177424,4126,203,6.03448275862069,0.0124758288876794
"result_final_convex_100",26.98,4.48002207903893e-18,97.5752053294011,24.1940340446424,7890,220,12.2636363636364,0.0102485052081021
"result_final_convex_100",1.46,1.09333648365852e-11,53.6972798404996,24.565570625851,504,27,5.40740740740741,0.0186229172682557
"result_final_convex_100",11.49,3.64978290688566e-15,78.5524621015135,25.8494041387234,4112,221,5.19909502262443,0.0127303457236986
"result_final_convex_100",3.13,3.90112769885532e-11,58.0082459209134,25.2727222356264,1164,75,4.17333333333333,0.0172389284337845
"result_final_convex_100",7.19,8.01489341252737e-13,68.4536602352104,24.7029372903116,2486,137,5.24817518248175,0.0146084226404249
"result_final_convex_100",20.41,9.09935146365309e-18,92.8534383441807,25.1572166676817,6490,239,8.53974895397489,0.0107696604221945
"result_final_linear_500",3.68,0.0118789132116507,17.2147555047183,26.2115393618511,1388,81,4.54320987654321,0.0580897009966778
"result_final_linear_500",16.55,0.0323166969170106,19.9665031702357,24.3540707199368,5588,236,7.01271186440678,0.0500838825644098
"result_final_linear_500",10.21,0.0442766676093703,18.4112858578195,25.1209751047959,3564,179,5.70391061452514,0.0543145116382671
"result_final_linear_500",18.95,0.154247452938296,20.6997829140595,24.6487822457833,6096,246,7.70325203252033,0.0483096853793955
"result_final_linear_500",25.94,0.0534186550946739,23.5365156041442,25.2603646417481,7516,217,11.9539170506912,0.0424871725627868
"result_final_linear_500",19.32,0.0612671613920261,20.8217198307009,25.0874911769656,6102,249,7.75903614457831,0.0480267724343085
"result_final_linear_500",29.37,0.0447889616153464,25.5046401617737,24.1852782475291,8110,201,14.6119402985075,0.0392085516069659
"result_final_linear_500",8.18,0.0704770052730629,18.0032155601741,25.4732128572436,3036,169,4.84023668639053,0.0555456327597474
"result_final_linear_500",12.27,0.0176315707830743,18.8654495408898,25.0622599259696,4432,216,5.68055555555556,0.0530069531517156
"result_final_linear_500",24.58,0.0825602386589373,22.8808931496875,24.4459418206822,7102,221,11.1221719457014,0.0437045876425352
"result_final_linear_500",41.33,0.000524908420159934,40.3590837174107,25.490101283755,9530,131,31.5496183206107,0.0247775694562809
"result_final_linear_500",10.19,0.0246179094787349,18.4070832735545,24.917199871124,3670,204,4.99509803921569,0.0543269123705602
"result_final_linear_500",12.68,0.0674572022912417,18.9611743246765,24.4758664575216,4064,190,6.67368421052632,0.0527393495190104
"result_final_linear_500",10.38,0.0634583138649686,18.4471615001441,25.3709974293383,3790,208,4.99038461538461,0.0542088819459942
"result_final_linear_500",7.01,0.0288939578632978,17.7838551129301,25.6842428873626,2464,132,5.31060606060606,0.0562307775029572
"result_final_linear_500",0.74,0.00433518927600365,16.7708579731693,22.748750330235,316,25,2.96,0.0596272415877495
"result_final_linear_500",33.83,0.0716567759512254,29.038486856541,25.1200786600957,8750,173,19.5549132947977,0.0344370560677044
"result_final_linear_500",18.98,0.0453051968060133,20.7095751750933,25.0790078805072,6170,252,7.53174603174603,0.0482868427548753
"result_final_linear_500",37.76,0.00934432065923178,33.7088388214905,25.4801959693378,9392,148,25.5135135135135,0.0296658097686375
"result_final_linear_500",9.27,0.0346514971501786,18.2177780454993,24.1689427061347,3330,164,5.65243902439024,0.0548914361291744
"result_final_linear_500",42.75,0.000144593504698273,44.1233140655106,27.0788637767366,9372,111,38.5135135135135,0.0226637554585153
"result_final_linear_500",21.64,0.0339325191989551,21.6488009724831,24.5675629618925,6872,259,8.35521235521236,0.0461919346605412
"result_final_linear_500",10.8,0.0358981132246098,18.5369908561929,25.5197175860655,3760,183,5.9016393442623,0.053946188340807
"result_final_linear_500",33.84,0.011352945335484,29.0481208289428,24.1413929710015,8956,183,18.4918032786885,0.0344256348246674
"result_final_linear_500",12.22,0.0643148177102937,18.8539026590489,25.1318081071521,4240,214,5.71028037383178,0.0530394167236273
"result_final_linear_500",27.23,0.0423383021386115,24.2187239990681,24.9658042814976,7600,208,13.0913461538462,0.0412903669094407
"result_final_linear_500",21.87,0.076429721065765,21.7371950031995,24.5767014241147,6658,234,9.34615384615385,0.0460040957378728
"result_final_linear_500",27.36,0.0200707471297578,24.2910647405029,24.649519636728,7854,234,11.6923076923077,0.0411674008810573
"result_final_linear_500",20.69,0.1141145481692,21.2964206116914,25.8153953053778,6404,219,9.44748858447489,0.0469562476358593
"result_final_linear_500",1.09,0.00244752987820927,16.8211424975766,25.4937293671851,416,30,3.63333333333333,0.0594489940349812
"result_final_linear_500",29.6,0.0199726551599932,25.6559766763848,24.8854230453791,8516,201,14.726368159204,0.0389772727272728
"result_final_linear_500",26.09,0.0357877743394908,23.6126641321364,25.5902204578615,7578,214,12.1915887850467,0.0423501555946421
"result_final_linear_500",13.3,0.0670741683017283,19.1095437513776,24.0740542157254,4610,222,5.99099099099099,0.0523298731257208
"result_final_linear_500",4.05,0.0198683262422149,17.2742821136016,26.1477638754723,1536,90,4.5,0.0578895257946847
"result_final_linear_500",13.53,0.0496793794048301,19.1657246714099,25.7458949586309,4622,214,6.32242990654206,0.0521764773910026
"result_final_linear_500",8.85,0.0278388205470336,18.1338903809808,26.1202830305844,3170,169,5.23668639053254,0.0551453647833242
"result_final_linear_500",19.81,0.05173894090229,20.9872019681227,24.4583880237135,6110,230,8.61304347826087,0.0476480857962339
"result_final_linear_500",1.67,0.000353732657058742,16.9059367639221,26.442116926958,624,42,3.97619047619048,0.0591508186718193
"result_final_linear_500",28.09,0.0692066600969231,24.7104910484176,24.0495503744523,8110,219,12.8264840182648,0.0404686413572521
"result_final_linear_500",2.4,0.0133262952554745,17.0153417015342,25.2749585634788,956,62,3.87096774193548,0.0587704918032786
"result_final_linear_500",39.01,0.00222100263742275,35.6896249049096,24.573834436969,9186,139,28.0647482014388,0.0280193474340056
"result_final_linear_500",31.82,0.0297391101833159,27.2741819345548,24.9644246468537,8586,204,15.5980392156863,0.0366647110589615
"result_final_linear_500",6.21,0.0280965909071575,17.6399781827757,24.9973742748898,2322,138,4.5,0.0566894125173259
"result_final_linear_500",11.68,0.0284669839616402,18.7309127926705,24.5747201523794,4280,217,5.38248847926267,0.0533876811594203
"result_final_linear_500",32.1,0.0500788514746446,27.5010125556906,25.1072916738177,8670,184,17.445652173913,0.0363622974963181
"result_final_linear_500",36.58,0.0206148436706583,32.0918935330432,23.3969852790616,9114,139,26.3165467625899,0.0311605171870073
"result_final_linear_500",37.16,0.00655420624635875,32.8592344697762,25.4526073192147,9298,153,24.2875816993464,0.0304328453214513
"result_final_linear_500",32.21,0.025996749393664,27.5916805730799,24.6515413216933,8718,193,16.6891191709845,0.0362428086738457
"result_final_linear_500",17.67,0.0757713534218176,20.2968222271528,25.7208638998122,5578,235,7.51914893617021,0.0492687963075429
"result_final_linear_500",12.37,0.0710682833149817,18.8886254391826,24.256521859863,4290,201,6.15422885572139,0.0529419148693371
"result_final_linear_500",25.92,0.0321342385729941,23.5264227642276,25.0067355460187,7514,236,10.9830508474576,0.0425053995680346
"result_final_linear_500",26.73,0.10400515951927,23.9467921691669,24.8678195035212,7556,224,11.9330357142857,0.0417592466220827
"result_final_linear_500",14,0.0188475380359636,19.2825112107623,25.1112324609406,5022,227,6.16740088105727,0.0518604651162792
"result_final_linear_500",30.37,0.0282585328950666,26.1835821456774,25.2166154677864,8436,210,14.4619047619048,0.0381918713198335
"result_final_linear_500",11.77,0.100126403869646,18.7511954604382,25.2952319261213,4014,192,6.13020833333333,0.0533299331293212
"result_final_linear_500",36.28,0.0140515444635847,31.7141150706749,24.7633368663974,9108,165,21.9878787878788,0.0315317011927181
"result_final_linear_500",26.97,0.0535655731172922,24.076088748228,24.7184423100898,7712,213,12.6619718309859,0.041534985622347
"result_final_linear_500",40.4,0.000888913454268836,38.3033419023137,23.9456890281688,9244,120,33.6666666666667,0.0261073825503355
"result_final_linear_500",8.18,0.0830242340117842,18.0032155601741,25.8251434866633,3062,165,4.95757575757576,0.0555456327597474
"result_final_linear_500",29.17,0.0521359491475142,25.3752731702074,24.3359447217425,8046,206,14.1601941747573,0.0394084427502471
"result_final_linear_500",2.93,0.0252022675365072,17.0967116966377,25.3791967945068,1180,72,4.06944444444444,0.0584907798495932
"result_final_linear_500",4.6,0.00949635658267032,17.3643975245723,24.510285839422,1804,105,4.38095238095238,0.0575890985324946
"result_final_linear_500",24.96,0.054234110286643,23.0580137659784,25.2811785399478,7374,231,10.8051948051948,0.0433688699360341
"result_final_linear_500",14.16,0.054495047296129,19.3228885287232,25.2429258405646,4788,225,6.29333333333333,0.0517520969245108
"result_final_linear_500",23.45,0.0541757768573813,22.3797690396141,24.8225332478769,7134,220,10.6590909090909,0.0446832135858916
"result_final_linear_500",33.04,0.0309552612181803,28.3057152519445,24.7026927640054,8740,185,17.8594594594595,0.0353285543608125
"result_final_linear_500",43.53,1.25093450565199e-05,46.6039448708426,22.8309140029581,9654,102,42.6764705882353,0.0214574110146981
"result_final_linear_500",9.41,0.0701017447646408,18.2460875344921,26.1946556513351,3278,182,5.17032967032967,0.0548062700077272
"result_final_linear_500",2.07,0.00527768537647356,16.9655076832458,24.6568518782877,800,49,4.22448979591837,0.0589431226386196
"result_final_linear_500",35.25,0.0155976088689187,30.5064782096584,23.4566120908063,8624,158,22.3101265822785,0.0327799227799228
"result_final_linear_500",25.12,0.0731409834417348,23.1339594661394,24.2074184140618,7350,213,11.7934272300469,0.0432264957264957
"result_final_linear_500",14.76,0.0410515983219176,19.4771958687506,25.7655699586333,5260,255,5.78823529411765,0.0513420929141248
"result_final_linear_500",21.43,0.043224076942908,21.5691657287177,24.8385251461438,6700,242,8.85537190082645,0.0463624793178058
"result_final_linear_500",5.64,0.0173933050422897,17.5403375715667,25.7026756378011,2226,137,4.11678832116788,0.0570114455277659
"result_final_linear_500",14.22,0.0882628195820774,19.3381126290635,24.8764904511108,5000,236,6.02542372881356,0.0517113546281185
"result_final_linear_500",38.84,0.0020031091101327,35.401713359574,24.8193558041828,9326,139,27.9424460431655,0.0282472204054938
"result_final_linear_500",3.15,0.00171513098216876,17.1309808083488,25.8508355539559,1316,88,3.57954545454545,0.0583737738771296
"result_final_linear_500",35.7,0.013833109157831,31.0178485287024,25.9421893923974,8658,168,21.25,0.0322395023328149
"result_final_linear_500",1.81,0.00274385191403931,16.9266837904463,25.7906943680457,778,53,3.41509433962264,0.0590783175476118
"result_final_linear_500",19.27,0.0735210792228363,20.8050923897637,25.4646662256114,6134,230,8.37826086956522,0.0480651554564598
"result_final_linear_500",4.1,0.0148785414080208,17.2823932240043,25.2447217285127,1662,100,4.1,0.0578623566214808
"result_final_linear_500",9.66,0.0258567836048555,18.2970794345202,25.1863897460395,3426,172,5.61627906976744,0.0546535311047155
"result_final_linear_500",34.2,0.0274558652309265,29.4012511170688,24.9924509545277,8850,176,19.4318181818182,0.0340121580547113
"result_final_linear_500",27.2,0.0464188546296436,24.2021276595745,24.8245359161409,7698,215,12.6511627906977,0.0413186813186813
"result_final_linear_500",37.3,0.00777960601581779,33.0521876647338,23.8001446810061,9224,147,25.3741496598639,0.0302551834130781
"result_final_linear_500",36.6,0.0158622944163871,32.1175278622087,23.2490708890277,9008,144,25.4166666666667,0.0311356466876972
"result_final_linear_500",33.5,0.0241761001836635,28.7257019438445,24.4058431492904,8760,178,18.8202247191011,0.034812030075188
"result_final_linear_500",25.04,0.0686343571110924,23.0958836578753,24.322183915479,7598,232,10.7931034482759,0.0432977588046958
"result_final_linear_500",21.9,0.0552706961471904,21.7488164856586,25.7548950058344,6858,244,8.97540983606557,0.0459795134443022
"result_final_linear_500",17.58,0.0714570095679608,20.2695391274409,25.2840085066157,5658,221,7.95475113122172,0.04933511283669
"result_final_linear_500",9.58,0.0148004679177392,18.2807003356112,25.8524047673735,3552,190,5.04210526315789,0.0547024994470249
"result_final_linear_500",2.01,0.00291117127686699,16.9565142155081,24.6974654796448,838,56,3.58928571428571,0.0589743851413411
"result_final_linear_500",3.62,0.0026498328118709,17.2051840479846,26.741881222277,1492,101,3.58415841584158,0.0581220170159783
"result_final_linear_500",38.27,0.00164079023707044,34.4802547059152,25.1204329165501,9280,142,26.9507042253521,0.0290021059452454
"result_final_linear_500",11.78,0.0337840742800268,18.7534543599337,24.9306227628927,4172,198,5.94949494949495,0.0533235094082974
"result_final_linear_500",2.59,0.0021890988161511,17.0443211842312,23.7393843086014,944,56,4.625,0.0586705677035214
"result_final_linear_500",29.59,0.0365093270965084,25.6493388219008,25.337015597464,8068,207,14.2946859903382,0.0389873597500356
"result_final_linear_500",36.37,0.0212818260816726,31.8261391487021,26.2765604422345,9136,157,23.1656050955414,0.0314207134999214
"result_final_linear_500",7.86,0.0706175572175297,17.9421271955447,24.2449503720695,2850,148,5.31081081081081,0.0557347514651616
"result_final_linear_500",35.55,0.0144469283862459,30.8446996889208,24.2015100221252,8802,153,23.2352941176471,0.0324204809930178
"result_final_linear_500",1.46,0.000216588633182889,16.8750214063089,26.9997914788474,628,42,3.47619047619048,0.05925918408768
"result_final_linear_500",39.58,0.00263459121223172,36.7027092698335,25.4084192725588,9508,140,28.2714285714286,0.0272459450513076
"result_final_linear_500",17.98,0.0573551712343753,20.3918253692009,25.1960559786002,5894,249,7.22088353413655,0.0490392587173861
"result_final_linear_500",37.61,0.00862350036467604,33.4907939234527,25.2062563137331,9268,141,26.6737588652482,0.0298589517550889
"result_final_linear_500",13.99,0.0881062218208088,19.2799982067203,25.4403035225702,4600,208,6.72596153846154,0.0518672247413092
"result_final_linear_500",13.09,0.0289013542717802,19.0587925703384,24.5093894032642,4638,226,5.79203539823009,0.0524692210332527
"result_final_linear_500",39.54,0.00113460280487486,36.6291045680359,24.7045462330235,9392,132,29.9545454545455,0.0273006946741647
"result_final_linear_500",10.78,0.0436740016652048,18.5326741722405,25.7022409394854,3928,199,5.41708542713568,0.0539587536426809
"result_final_linear_500",34.96,0.0217890871676844,30.1893798737467,24.8024330983445,8762,156,22.4102564102564,0.0331242312423125
"result_final_linear_500",28.5,0.0309523573817221,24.956369982548,25.1028225905933,7968,229,12.4454148471616,0.0400699300699301
"result_final_linear_500",12.53,0.0478482275875881,18.9259363437696,25.1120853142053,4386,205,6.11219512195122,0.0528375443009032
"result_final_linear_500",3.34,0.0416150127073919,17.1608138337535,24.2798515676621,1340,85,3.92941176470588,0.0582722946410097
"result_final_linear_500",35.92,0.0293177120661922,31.2768449824287,25.5941955901849,8880,137,26.2189781021898,0.0319725343320849
"result_final_linear_500",42.4,0.000162969433447835,43.1137724550898,23.9279416813486,9784,96,44.1666666666667,0.0231944444444445
"result_final_linear_500",21.7,0.162693138924401,21.6717409355107,24.9054826809102,6442,220,9.86363636363636,0.0461430395913154
"result_final_linear_500",2.79,0.000587922397413007,17.0750557692646,24.7449371633913,1082,68,4.10294117647059,0.0585649624524224
"result_final_linear_500",13.47,0.160454823249242,19.151008122524,25.1751063294733,4468,204,6.60294117647059,0.052216572287068
"result_final_linear_500",36.54,0.0261176758390159,32.0407957184691,25.4104494680193,9396,134,27.2686567164179,0.0312102111566342
"result_final_linear_500",25.11,0.0690520503014087,23.1291886716699,24.8527588271431,7360,231,10.8701298701299,0.0432354119375084
"result_final_linear_500",24.06,0.0636744506759877,22.6456730482495,25.5614188752632,7208,238,10.109243697479,0.0441585462207006
"result_final_linear_500",28.99,0.0393421295357501,25.260574152467,25.4247579979073,8016,180,16.1055555555556,0.039587382058865
"result_final_linear_500",21.22,0.0550818276462048,21.490534126248,25.0013375106332,6560,256,8.2890625,0.0465321147499366
"result_final_linear_500",3.91,0.0455733645129024,17.2516562236306,24.5067704294162,1496,93,4.20430107526882,0.0579654490581746
"result_final_linear_500",16.99,0.0691344736191882,20.0939217157658,25.8204213116824,5566,229,7.41921397379913,0.0497662932176846
"result_final_linear_500",31.67,0.0346883381681251,27.1549497277749,24.0854535652673,8498,187,16.9358288770053,0.0368256988145763
"result_final_linear_500",28.21,0.0354327517071494,24.781663157168,24.6647474349312,7970,235,12.0042553191489,0.0403524167711381
"result_final_linear_500",4.8,0.0140095840865691,17.3976608187135,25.1253887763001,1802,108,4.44444444444444,0.0574789915966385
"result_final_linear_500",34.44,0.0181712909431857,29.6436968710436,24.3875479581405,8734,175,19.68,0.0337339841366687
"result_final_linear_500",26.89,0.041085967524614,24.0327405410736,23.9776967688248,7672,215,12.506976744186,0.0416099028860621
"result_final_linear_500",8.91,0.043227973784958,18.1457797964103,25.8089499195638,3034,149,5.97986577181208,0.0551092326270721
"result_final_linear_500",37.95,0.00994147967166556,33.9906874828814,25.3914059969235,9206,153,24.8039215686275,0.02941982272361
"result_final_linear_500",8.62,0.0223137092205358,18.0886020824261,25.7236672420523,3078,170,5.07058823529412,0.0552834318231559
"result_final_linear_500",2.04,0.0242744661879783,16.9610083800817,22.1649818857484,788,51,4,0.0589587586770111
"result_final_linear_500",11.68,0.0424319157102688,18.7309127926705,23.9469238836931,3998,198,5.8989898989899,0.0533876811594203
"result_final_linear_500",44.78,1.1003273727152e-05,51.4056972630795,26.1896865038818,10050,94,47.6382978723404,0.0194530967040927
"result_final_linear_500",5.17,0.0116402304867672,17.4599083092446,25.4778569788988,2054,127,4.07086614173228,0.0572740693873246
"result_final_linear_500",14.6,0.225540415080489,19.435593991807,23.9231861695673,4688,206,7.0873786407767,0.0514519906323185
"result_final_linear_500",29.14,0.0560056428695846,25.3560437987547,25.0646000432208,8302,210,13.8761904761905,0.0394383290996331
"result_final_linear_500",5.03,0.0341280736453481,17.4362458002093,25.376772953817,1800,105,4.79047619047619,0.0573517953037801
"result_final_linear_500",22.37,0.0442525818383797,21.9337157064956,25.0308993882978,6986,244,9.16803278688525,0.0455919103439393
"result_final_linear_500",28.55,0.0146567109078888,24.9868858191992,24.7195850436543,8082,203,14.064039408867,0.0400209937018894
"result_final_linear_500",6.9,0.0374978826765961,17.7637855371112,24.8532764977461,2560,152,4.53947368421053,0.056294307196563
"result_final_linear_500",42.01,0.000195488169150621,42.0552614402784,24.4127614948724,9600,119,35.3025210084034,0.0237782376271771
"result_final_linear_500",29.74,0.0304252055740425,25.7494685919519,25.0915085547763,8102,190,15.6526315789474,0.0388357529177342
"result_final_linear_500",3.71,0.00656333832503294,17.2195497058245,24.7930945315247,1404,85,4.36470588235294,0.0580735278845155
"result_final_linear_500",6.2,0.0576682101434088,17.6382098533283,25.6033379251599,2222,123,5.04065040650407,0.0566950959488274
"result_final_linear_500",19.46,0.0540938638422051,20.8685287868581,25.4580140677464,6532,261,7.45593869731801,0.0479190464365532
"result_final_linear_500",20.54,0.0678012341441534,21.2425814040528,24.783574021833,6464,230,8.9304347826087,0.0470752579914423
"result_final_linear_500",41.5,0.00124861395780141,40.7665505226481,26.2712888030053,9612,123,33.739837398374,0.0245299145299145
"result_final_linear_500",20.01,0.049042583541077,21.0560951854484,24.5654147983333,6218,221,9.05429864253394,0.0474921865233155
"result_final_linear_500",15.45,0.0502645063829566,19.6605045924892,25.3705388013885,5190,234,6.6025641025641,0.0508633944411592
"result_final_linear_500",44.62,4.75240648564238e-06,50.7235757464737,24.9346731256114,9322,99,45.0707070707071,0.0197146984470928
"result_final_linear_500",13.9,0.103423854311173,19.2574368150302,25.0182722902757,4644,211,6.58767772511848,0.0519279907084785
"result_final_linear_500",23.62,0.0332473069523105,22.4528190957728,24.5586727409313,6976,228,10.359649122807,0.0445378371301388
"result_final_linear_500",9.44,0.0244860816337613,18.252176717188,24.8671100974194,3498,183,5.15846994535519,0.0547879858657244
"result_final_linear_500",23.92,0.135037416692309,22.5837093327001,25.2693965245407,7016,220,10.8727272727273,0.0442797055730809
"result_final_linear_500",40.9,0.000562816042103439,39.3737508327781,23.6265327226077,9454,118,34.6610169491525,0.0253976311336718
"result_final_linear_500",25.77,0.0470895607297978,23.4511736644236,24.820262373861,7424,236,10.9194915254237,0.0426417890340832
"result_final_linear_500",20.49,0.0412537010244806,21.2247403966792,25.060883102798,6360,223,9.18834080717489,0.0471148283234814
"result_final_linear_500",10.87,0.123603282605006,18.5521303831984,24.9042027043171,3768,192,5.66145833333333,0.0539021653764164
"result_final_linear_500",22.2,0.0306399098233682,21.8662169758291,25.2996889906986,6810,241,9.21161825726141,0.0457326478149101
"result_final_linear_500",5.11,0.00440452172140858,17.449750822928,25.1256517569147,2096,136,3.75735294117647,0.0573074085783538
"result_final_linear_500",26.62,0.0192377730686639,23.8882739761703,24.8918835716082,7778,235,11.3276595744681,0.0418615426546743
"result_final_linear_500",10.57,0.017444004661237,18.4875860500693,26.2660053094222,3862,224,4.71875,0.0540903499944089
"result_final_linear_500",36.98,0.0256121856542525,32.6156712555636,24.9332026921014,9252,139,26.6043165467626,0.0306601079022533
"result_final_linear_500",33.41,0.01212580337517,28.642092132995,24.2106795010722,8870,184,18.1576086956522,0.034913650698303
"result_final_linear_500",31.63,0.0143758187169469,27.1234180981473,24.9821749918369,8518,211,14.9905213270142,0.0368685095802253
"result_final_linear_500",5.43,0.0173940851780161,17.5042108575342,25.2875207474608,2048,123,4.41463414634146,0.0571291107116422
"result_final_linear_500",41.27,0.000361368622663604,40.2177634732589,25.9773755157891,9648,145,28.4620689655172,0.0248646347692832
"result_final_linear_500",38.2,0.0022303837400538,34.3715239154616,25.7438787752349,9480,165,23.1515151515152,0.0290938511326861
"result_final_linear_500",33.22,0.0177367820474476,28.4679000767329,25.3898362690729,8844,207,16.048309178744,0.0351272836178496
"result_final_linear_500",25.43,0.0317827272523619,23.2834795641178,24.8581022571737,7548,223,11.4035874439462,0.0429489070671851
"result_final_linear_500",32.08,0.0987982370725005,27.484622855293,24.5202914158849,8454,180,17.8222222222222,0.0363839811542991
"result_final_linear_500",21.35,0.0382459185890746,21.5390935232096,25.2291836306827,6624,242,8.82231404958678,0.046427209154482
"result_final_linear_500",29.37,0.0464852546575881,25.5046401617737,23.6518119622507,8306,209,14.0526315789474,0.0392085516069659
"result_final_linear_500",8.02,0.0170155391955031,17.972566337098,24.7039053771323,3124,185,4.33513513513514,0.0556403565992606
"result_final_linear_500",31.74,0.062696267602592,27.2103962369449,24.5384014780534,8634,179,17.731843575419,0.0367506592440668
"result_final_linear_500",32.33,0.0209542644506599,27.691615173712,25.8381816961087,8462,185,17.4756756756757,0.0361120141864933
"result_final_linear_500",25.74,0.0756660734157822,23.4362178880263,24.6450181082739,7432,223,11.542600896861,0.0426690008079719
"result_final_linear_500",27.84,0.0519273767052208,24.5642701525054,25.6481130308733,7720,201,13.8507462686567,0.040709534368071
"result_final_linear_500",34.06,0.0198575022062389,29.2624478565723,23.9140447954006,8644,172,19.8023255813953,0.0341734910524719
"result_final_linear_500",2.33,0.00893151297296227,17.0047182129986,24.8895101602565,924,62,3.75806451612903,0.0588072079451213
"result_final_linear_500",34.64,0.0357985105513018,29.8502009499452,24.4819263201092,8868,169,20.4970414201183,0.033500611995104
"result_final_linear_500",40.92,0.00107156428448766,39.4182012276488,24.8352091841828,9398,120,34.1,0.0253689911983751
"result_final_linear_500",38.99,0.00105660334813389,35.6554263339372,23.2910285182275,8992,131,29.763358778626,0.028046221930831
"result_final_linear_500",29.86,0.0452371009907337,25.8304485526994,24.5382203938458,8430,222,13.4504504504505,0.038714000570288
"result_final_linear_500",7.82,0.0341740733792474,17.9345499824896,25.4673200761317,2910,160,4.8875,0.055758298980256
"result_final_linear_500",34.84,0.00410106818128512,30.0608968444362,25.1794348881508,8608,169,20.6153846153846,0.0332658072437078
"result_final_linear_500",2.9,0.0101043736943061,17.092061256821,25.1239803713295,1128,78,3.71794871794872,0.0585066941297631
"result_final_linear_500",22.12,0.0327129287689564,21.8346977683077,24.7711822173604,6490,233,9.49356223175966,0.045798664612224
"result_final_linear_500",10.95,0.0397592146716117,18.5694922323011,25.2013660736587,4070,218,5.02293577981651,0.053851768669287
"result_final_linear_500",13.64,0.0380800868185462,19.1928171393013,25.2217039767619,4692,210,6.4952380952381,0.0521028253821213
"result_final_linear_500",39.86,0.00152261045747079,37.2291692460072,24.6384554238931,9414,130,30.6615384615385,0.026860658463585
"result_final_linear_500",12.25,0.164424032265932,18.8608275120903,25.0302297177424,4126,203,6.03448275862069,0.053019943019943
"result_final_linear_500",26.98,0.0407596783186711,24.0815249653717,24.1940340446424,7890,220,12.2636363636364,0.0415256094220761
"result_final_linear_500",1.46,0.00108294316659542,16.8750214063089,24.565570625851,504,27,5.40740740740741,0.05925918408768
"result_final_linear_500",11.49,0.0364408893647064,18.6883722894365,25.8494041387234,4112,221,5.19909502262443,0.053509207999096
"result_final_linear_500",3.13,0.0293937252099909,17.1278533161236,25.2727222356264,1164,75,4.17333333333333,0.0583844327449157
"result_final_linear_500",7.19,0.0793471078889297,17.8168973527097,24.7029372903116,2486,137,5.24817518248175,0.056126494989764
"result_final_linear_500",20.41,0.0330491063546703,21.1963034967642,25.1572166676817,6490,239,8.53974895397489,0.0471780374418897
"result_final_concave_500",3.68,0.0154662486207399,16.6869649259892,26.2115393618511,1388,81,4.54320987654321,0.0599270151543583
"result_final_concave_500",16.55,0.126863189611769,17.2314527160548,24.3540707199368,5588,236,7.01271186440678,0.0580334123000718
"result_final_concave_500",10.21,0.0967372328964305,16.8482048264065,25.1209751047959,3564,179,5.70391061452514,0.0593535044417718
"result_final_concave_500",18.95,0.778526135797438,17.4621457276925,24.6487822457833,6096,246,7.70325203252033,0.0572667308814255
"result_final_concave_500",25.94,0.641713329767268,18.5645801630439,25.2603646417481,7516,217,11.9539170506912,0.0538660175030878
"result_final_concave_500",19.32,0.322005691831817,17.5030693805855,25.0874911769656,6102,249,7.75903614457831,0.0571328364332033
"result_final_concave_500",29.37,0.914156288482952,19.4725609660535,24.1852782475291,8110,201,14.6119402985075,0.0513543134743961
"result_final_concave_500",8.18,0.130070814059983,16.7776304893521,25.4732128572436,3036,169,4.84023668639053,0.0596031722497792
"result_final_concave_500",12.27,0.0461081931481261,16.9428504006079,25.0622599259696,4432,216,5.68055555555556,0.0590219459155539
"result_final_concave_500",24.58,0.821731411180418,18.2851489809605,24.4459418206822,7102,221,11.1221719457014,0.0546891907220037
"result_final_concave_500",41.33,0.205510851298397,28.4190959391261,25.490101283755,9530,131,31.5496183206107,0.0351876077318577
"result_final_concave_500",10.19,0.0536973183390509,16.8474051986321,24.917199871124,3670,204,4.99509803921569,0.059356321534974
"result_final_concave_500",12.68,0.183037617782852,16.9647776512541,24.4758664575216,4064,190,6.67368421052632,0.0589456590918583
"result_final_concave_500",10.38,0.140780684487497,16.8550899891086,25.3709974293383,3790,208,4.99038461538461,0.0593292590336912
"result_final_concave_500",7.01,0.0485672314539121,16.7459702130173,25.6842428873626,2464,132,5.31060606060606,0.0597158592353557
"result_final_concave_500",0.74,0.00456525758240582,16.6674386403877,22.748750330235,316,25,2.96,0.0599972210233221
"result_final_concave_500",33.83,3.41908630117963,21.3080055808927,25.1200786600957,8750,173,19.5549132947977,0.0469307179502862
"result_final_concave_500",18.98,0.229408908566019,17.465406591003,25.0790078805072,6170,252,7.53174603174603,0.0572560389470196
"result_final_concave_500",37.76,1.17507006877897,24.0403465904939,25.4801959693378,9392,148,25.5135135135135,0.0415967380601502
"result_final_concave_500",9.27,0.069949358423673,16.8129246792869,24.1689427061347,3330,164,5.65243902439024,0.059478051503554
"result_final_concave_500",42.75,0.0957032056782168,31.1331564167869,27.0788637767366,9372,111,38.5135135135135,0.032120096870769
"result_final_concave_500",21.64,0.232729905673216,17.7977914712925,24.5675629618925,6872,259,8.35521235521236,0.0561867466316246
"result_final_concave_500",10.8,0.0824994157613256,16.8727882224009,25.5197175860655,3760,183,5.9016393442623,0.0592670272879005
"result_final_concave_500",33.84,0.542876803701457,21.3133104534254,24.1413929710015,8956,183,18.4918032786885,0.0469190369175748
"result_final_concave_500",12.22,0.167546031395272,16.9402501224988,25.1318081071521,4240,214,5.71028037383178,0.0590310056090537
"result_final_concave_500",27.23,0.614659279959442,18.8682831708138,24.9658042814976,7600,208,13.0913461538462,0.0529989925923329
"result_final_concave_500",21.87,0.538883407811486,17.8309398841488,24.5767014241147,6658,234,9.34615384615385,0.0560822932777072
"result_final_concave_500",27.36,0.297142911912278,18.9012105556121,24.649519636728,7854,234,11.6923076923077,0.052906664208504
"result_final_concave_500",20.69,0.699984342165339,17.6687153205271,25.8153953053778,6404,219,9.44748858447489,0.0565972104852594
"result_final_concave_500",1.09,0.00264183507200497,16.6683535461247,25.4937293671851,416,30,3.63333333333333,0.0599939278485303
"result_final_concave_500",29.6,0.424976800333079,19.5461773391555,24.8854230453791,8516,201,14.726368159204,0.0511608987603305
"result_final_concave_500",26.09,0.439226713095415,18.5978487273693,25.5902204578615,7578,214,12.1915887850467,0.0537696598493331
"result_final_concave_500",13.3,0.192593665407007,17.0000422915316,24.0740542157254,4610,222,5.99099099099099,0.0588233830746492
"result_final_concave_500",4.05,0.026590323936358,16.6914484678365,26.1477638754723,1536,90,4.5,0.0599109179725741
"result_final_concave_500",13.53,0.145701094917087,17.0137905627268,25.7458949586309,4622,214,6.32242990654206,0.0587758498797302
"result_final_concave_500",8.85,0.0542748048301037,16.7986338396334,26.1202830305844,3170,169,5.23668639053254,0.0595286503382601
"result_final_concave_500",19.81,0.287140193220062,17.5596928513912,24.4583880237135,6110,230,8.61304347826087,0.0569486043100562
"result_final_concave_500",1.67,0.000417755985837896,16.6706737905694,26.442116926958,624,42,3.97619047619048,0.0599855778214375
"result_final_concave_500",28.09,1.14728332500033,19.0947118475817,24.0495503744523,8110,219,12.8264840182648,0.0523705205913672
"result_final_concave_500",2.4,0.0157978748948206,16.6750691806989,25.2749585634788,956,62,3.87096774193548,0.0599697661918838
"result_final_concave_500",39.01,0.402973645405985,25.2878022289402,24.573834436969,9186,139,28.0647482014388,0.0395447572290631
"result_final_concave_500",31.82,0.942176268991517,20.3627477715105,24.9644246468537,8586,204,15.5980392156863,0.049109285800765
"result_final_concave_500",6.21,0.0443338263631317,16.727778759746,24.9973742748898,2322,138,4.5,0.0597808002103911
"result_final_concave_500",11.68,0.0706416754584915,16.9131633972199,24.5747201523794,4280,217,5.38248847926267,0.0591255447910102
"result_final_concave_500",32.1,1.67486518484454,20.481235126326,25.1072916738177,8670,184,17.445652173913,0.0488251804069486
"result_final_concave_500",36.58,1.88580401680631,23.0597074328749,23.3969852790616,9114,139,26.3165467625899,0.0433656846215819
"result_final_concave_500",37.16,0.698801969072027,23.5207410320802,25.4526073192147,9298,153,24.2875816993464,0.0425156672842955
"result_final_concave_500",32.21,0.888365633232597,20.5288573589525,24.6515413216933,8718,193,16.6891191709845,0.0487119172058501
"result_final_concave_500",17.67,0.333666951372562,17.3319761355902,25.7208638998122,5578,235,7.51914893617021,0.05769682534622
"result_final_concave_500",12.37,0.187523570089139,16.9480986907045,24.256521859863,4290,201,6.15422885572139,0.0590036686857664
"result_final_concave_500",25.92,0.384922529701399,18.5601829966216,25.0067355460187,7514,236,10.9830508474576,0.0538787791145176
"result_final_concave_500",26.73,1.40132293084695,18.7457242207044,24.8678195035212,7556,224,11.9330357142857,0.0533454983241199
"result_final_concave_500",14,0.0577496790093126,17.0430454419762,25.1112324609406,5022,227,6.16740088105727,0.0586749594375339
"result_final_concave_500",30.37,0.685310666454648,19.8066433998627,25.2166154677864,8436,210,14.4619047619048,0.0504881104693858
"result_final_concave_500",11.77,0.250449349439525,16.9175528021061,25.2952319261213,4014,192,6.13020833333333,0.0591102041588136
"result_final_concave_500",36.28,1.19028696908415,22.8356803134878,24.7633368663974,9108,165,21.9878787878788,0.0437911192603863
"result_final_concave_500",26.97,0.747773779452281,18.8037558667768,24.7184423100898,7712,213,12.6619718309859,0.0531808648806613
"result_final_concave_500",40.4,0.252099811308699,27.0081872483303,23.9456890281688,9244,120,33.6666666666667,0.0370258096482141
"result_final_concave_500",8.18,0.153227772411496,16.7776304893521,25.8251434866633,3062,165,4.95757575757576,0.0596031722497792
"result_final_concave_500",29.17,1.02914026612713,19.4100300404046,24.3359447217425,8046,206,14.1601941747573,0.0515197554006029
"result_final_concave_500",2.93,0.031050802578407,16.6793304230623,25.3791967945068,1180,72,4.06944444444444,0.0599544450907521
"result_final_concave_500",4.6,0.0132446885865281,16.6990207180911,24.510285839422,1804,105,4.38095238095238,0.0598837510822798
"result_final_concave_500",24.96,0.568291044559784,18.3593665229374,25.2811785399478,7374,231,10.8051948051948,0.0544681102559091
"result_final_concave_500",14.16,0.169502882928662,17.0533683071881,25.2429258405646,4788,225,6.29333333333333,0.0586394418971467
"result_final_concave_500",23.45,0.46489989614141,18.0805928064733,24.8225332478769,7134,220,10.6590909090909,0.0553079210788916
"result_final_concave_500",33.04,1.25008998562038,20.9089560608959,24.7026927640054,8740,185,17.8594594594595,0.0478263954014523
"result_final_concave_500",43.53,0.0111702656572994,33.0148754911669,22.8309140029581,9654,102,42.6764705882353,0.0302893766862016
"result_final_concave_500",9.41,0.143172239672383,16.8178865504628,26.1946556513351,3278,182,5.17032967032967,0.0594605033753472
"result_final_concave_500",2.07,0.00610925131709057,16.6728744766701,24.6568518782877,800,49,4.22448979591837,0.0599776602048599
"result_final_concave_500",35.25,1.02643115848023,22.1330271445587,23.4566120908063,8624,158,22.3101265822785,0.0451813479226607
"result_final_concave_500",25.12,0.783412830807525,18.391484080514,24.2074184140618,7350,213,11.7934272300469,0.0543729910877346
"result_final_concave_500",14.76,0.135170632316323,17.0937795641606,25.7655699586333,5260,255,5.78823529411765,0.058500812897847
"result_final_concave_500",21.43,0.28917219555587,17.7681875074369,24.8385251461438,6700,242,8.85537190082645,0.0562803605928544
"result_final_concave_500",5.64,0.0262597442404148,16.716434041924,25.7026756378011,2226,137,4.11678832116788,0.0598213708433299
"result_final_concave_500",14.22,0.276167942152293,17.0572878960824,24.8764904511108,5000,236,6.02542372881356,0.0586259671579837
"result_final_concave_500",38.84,0.345106028526483,25.1034136629198,24.8193558041828,9326,139,27.9424460431655,0.0398352197604543
"result_final_concave_500",3.15,0.0021474775022894,16.6813719154601,25.8508355539559,1316,88,3.57954545454545,0.059947107771946
"result_final_concave_500",35.7,1.01433101505698,22.4280140106941,25.9421893923974,8658,168,21.25,0.0445870953854042
"result_final_concave_500",1.81,0.00311743614796132,16.6713874397802,25.7906943680457,778,53,3.41509433962264,0.0599830100291391
"result_final_concave_500",19.27,0.384288700325604,17.4974485220122,25.4646662256114,6134,230,8.37826086956522,0.0571511897144305
"result_final_concave_500",4.1,0.0199867750571052,16.6920916111114,25.2447217285127,1662,100,4.1,0.0599086096157255
"result_final_concave_500",9.66,0.0539654254804397,16.8269984000187,25.1863897460395,3426,172,5.61627906976744,0.059428305407035
"result_final_concave_500",34.2,1.42057408120565,21.508780087473,24.9924509545277,8850,176,19.4318181818182,0.0464926414205338
"result_final_concave_500",27.2,0.670828274256881,18.8607479615542,24.8245359161409,7698,215,12.6511627906977,0.0530201666465404
"result_final_concave_500",37.3,0.861542689633553,23.6379138359081,23.8001446810061,9224,147,25.3741496598639,0.0423049177242076
"result_final_concave_500",36.6,1.45858119241246,23.0749800798642,23.2490708890277,9008,144,25.4166666666667,0.0433369821572511
"result_final_concave_500",33.5,1.07483652990593,21.1365890379859,24.4058431492904,8760,178,18.8202247191011,0.0473113234213352
"result_final_concave_500",25.04,0.727093527598429,18.375359907107,24.322183915479,7598,232,10.7931034482759,0.0544207027810776
"result_final_concave_500",21.9,0.391161482416659,17.8353203442963,25.7548950058344,6858,244,8.97540983606557,0.05606851913483
"result_final_concave_500",17.58,0.311730138222715,17.3234555621122,25.2840085066157,5658,221,7.95475113122172,0.0577252036358774
"result_final_concave_500",9.58,0.0306608109139446,16.8240472848994,25.8524047673735,3552,190,5.04210526315789,0.0594387297578247
"result_final_concave_500",2.01,0.0033553508670383,16.6725125266052,24.6974654796448,838,56,3.58928571428571,0.059978962283234
"result_final_concave_500",3.62,0.00343533404932019,16.6862831728976,26.741881222277,1492,101,3.58415841584158,0.0599294635982345
"result_final_concave_500",38.27,0.238694295503746,24.5202543076719,25.1204329165501,9280,142,26.9507042253521,0.0407826112834042
"result_final_concave_500",11.78,0.08457975326019,16.9180435671345,24.9306227628927,4172,198,5.94949494949495,0.0591084894675783
"result_final_concave_500",2.59,0.00263110762349445,16.6764912892636,23.7393843086014,944,56,4.625,0.0599646521953814
"result_final_concave_500",29.59,0.773409850467279,19.5429379767783,25.337015597464,8068,207,14.2946859903382,0.0511693789945115
"result_final_concave_500",36.37,1.84451694065944,22.9019061833401,26.2765604422345,9136,157,23.1656050955414,0.0436644876629285
"result_final_concave_500",7.86,0.126997380621986,16.7683518811921,24.2449503720695,2850,148,5.31081081081081,0.0596361530987211
"result_final_concave_500",35.55,1.02149670360875,22.3277069298064,24.2015100221252,8802,153,23.2352941176471,0.0447874026268702
"result_final_concave_500",1.46,0.000240003253243974,16.6697161590619,26.9997914788474,628,42,3.47619047619048,0.0599890238356809
"result_final_concave_500",39.58,0.571181961862245,25.9447537628949,25.4084192725588,9508,140,28.2714285714286,0.0385434376883606
"result_final_concave_500",17.98,0.260917594934795,17.3619421300082,25.1960559786002,5894,249,7.22088353413655,0.0575972430107119
"result_final_concave_500",37.61,1.03986152618172,23.9060906332752,25.2062563137331,9268,141,26.6737588652482,0.0418303442139589
"result_final_concave_500",13.99,0.269707764650582,17.0424064727601,25.4403035225702,4600,208,6.72596153846154,0.0586771593318326
"result_final_concave_500",13.09,0.0814004546646847,16.9878077625018,24.5093894032642,4638,226,5.79203539823009,0.05886574736308
"result_final_concave_500",39.54,0.242872169814311,25.8965994303701,24.7045462330235,9392,132,29.9545454545455,0.0386151086241561
"result_final_concave_500",10.78,0.100196037163395,16.8719229311416,25.7022409394854,3928,199,5.41708542713568,0.0592700668490036
"result_final_concave_500",34.96,1.33954239765514,21.9520360388964,24.8024330983445,8762,156,22.4102564102564,0.0455538610736662
"result_final_concave_500",28.5,0.547741026709758,19.2101381882404,25.1028225905933,7968,229,12.4454148471616,0.0520558462516504
"result_final_concave_500",12.53,0.128084165026356,16.9566293907279,25.1120853142053,4386,205,6.11219512195122,0.0589739845671695
"result_final_concave_500",3.34,0.0528382171302909,16.6832663265139,24.2798515676621,1340,85,3.92941176470588,0.0599403006838504
"result_final_concave_500",35.92,2.26923459181576,22.5788560744454,25.5941955901849,8880,137,26.2189781021898,0.0442892233646767
"result_final_concave_500",42.4,0.0944857346594038,30.3886511518846,23.9279416813486,9784,96,44.1666666666667,0.0329070216049383
"result_final_concave_500",21.7,1.12389289074018,17.8063651564046,24.9054826809102,6442,220,9.86363636363636,0.056159692964643
"result_final_concave_500",2.79,0.000716992381558289,16.6781152630619,24.7449371633913,1082,68,4.10294117647059,0.0599588133447407
"result_final_concave_500",13.47,0.467983110793455,17.0101685761564,25.1751063294733,4468,204,6.60294117647059,0.0587883650607511
"result_final_concave_500",36.54,2.36460191673755,23.0292907973751,25.4104494680193,9396,134,27.2686567164179,0.0434229611670882
"result_final_concave_500",25.11,0.738576160503239,18.3894613665432,24.8527588271431,7360,231,10.8701298701299,0.0543789717418992
"result_final_concave_500",24.06,0.591445022425149,18.188112312621,25.5614188752632,7208,238,10.109243697479,0.0549809668431663
"result_final_concave_500",28.99,0.753843092234551,19.3549009291463,25.4247579979073,8016,180,16.1055555555556,0.0516665005757851
"result_final_concave_500",21.22,0.359418397018658,17.7392020812359,25.0013375106332,6560,256,8.2890625,0.0563723213378225
"result_final_concave_500",3.91,0.0603586337726188,16.6896950942437,24.5067704294162,1496,93,4.20430107526882,0.0599172120493023
"result_final_concave_500",16.99,0.283795265247235,17.2695391071989,25.8204213116824,5566,229,7.41921397379913,0.0579054249098718
"result_final_concave_500",31.67,1.0679074562178,20.3008441818936,24.0854535652673,8498,187,16.9358288770053,0.0492590352913454
"result_final_concave_500",28.21,0.598547040289394,19.1279749543607,24.6647474349312,7970,235,12.0042553191489,0.0522794494652987
"result_final_concave_500",4.8,0.0198369657380685,16.7020498667233,25.1253887763001,1802,108,4.44444444444444,0.0598728903326036
"result_final_concave_500",34.44,0.99195138816617,21.6441183013476,24.3875479581405,8734,175,19.68,0.0462019282133446
"result_final_concave_500",26.89,0.566749122684456,18.7842507698302,23.9776967688248,7672,215,12.506976744186,0.0532360865627988
"result_final_concave_500",8.91,0.0846959203691142,16.8006214120888,25.8089499195638,3034,149,5.97986577181208,0.0595216078900781
"result_final_concave_500",37.95,1.3201605804487,24.2148016668341,25.3914059969235,9206,153,24.8039215686275,0.0412970551548912
"result_final_concave_500",8.62,0.0426877854061573,16.7911789415872,25.7236672420523,3078,170,5.07058823529412,0.0595550796926636
"result_final_concave_500",2.04,0.0280386291211925,16.6726920858461,22.1649818857484,788,51,4,0.059978316330146
"result_final_concave_500",11.68,0.105301819537916,16.9131633972199,23.9469238836931,3998,198,5.8989898989899,0.0591255447910102
"result_final_concave_500",44.78,0.0157369208140947,36.8745531939759,26.1896865038818,10050,94,47.6382978723404,0.0271189726622469
"result_final_concave_500",5.17,0.0169521723102454,16.7080508249741,25.4778569788988,2054,127,4.07086614173228,0.0598513860458974
"result_final_concave_500",14.6,0.731396672134639,17.0827364383428,23.9231861695673,4688,206,7.0873786407767,0.0585386307170006
"result_final_concave_500",29.14,1.10002885877848,19.4007670357761,25.0646000432208,8302,210,13.8761904761905,0.0515443537957001
"result_final_concave_500",5.03,0.0491749190583736,16.7057190029293,25.376772953817,1800,105,4.79047619047619,0.0598597402377385
"result_final_concave_500",22.37,0.331597543759239,17.9056995814667,25.0308993882978,6986,244,9.16803278688525,0.0558481390492584
"result_final_concave_500",28.55,0.261529869496282,19.2245633395691,24.7195850436543,8082,203,14.064039408867,0.0520167861468012
"result_final_concave_500",6.9,0.0624598288264793,16.7433072533192,24.8532764977461,2560,152,4.53947368421053,0.0597253568169311
"result_final_concave_500",42.01,0.097984410836558,29.6211350673388,24.4127614948724,9600,119,35.3025210084034,0.033759678612135
"result_final_concave_500",29.74,0.661241985739469,19.5919034301459,25.0915085547763,8102,190,15.6526315789474,0.051041492908816
"result_final_concave_500",3.71,0.00856444184435587,16.6873105096388,24.7930945315247,1404,85,4.36470588235294,0.0599257741037651
"result_final_concave_500",6.2,0.090924258274877,16.7275683461335,25.6033379251599,2222,123,5.04065040650407,0.0597815521842507
"result_final_concave_500",19.46,0.288733826784757,17.5189608352694,25.4580140677464,6532,261,7.45593869731801,0.057081011219957
"result_final_concave_500",20.54,0.408859657478442,17.6494401855905,24.783574021833,6464,230,8.9304347826087,0.0566590208802446
"result_final_concave_500",41.5,0.519539577267515,28.7047327475938,26.2712888030053,9612,123,33.739837398374,0.0348374607348966
"result_final_concave_500",20.01,0.278362457303423,17.5836257774906,24.5654147983333,6218,221,9.05429864253394,0.0568710920406492
"result_final_concave_500",15.45,0.176920245447452,17.1437048910575,25.3705388013885,5190,234,6.6025641025641,0.058330448777243
"result_final_concave_500",44.62,0.00641423029315561,36.3083294356714,24.9346731256114,9322,99,45.0707070707071,0.0275418895758267
"result_final_concave_500",13.9,0.313942499349928,17.0366883987644,25.0182722902757,4644,211,6.58767772511848,0.0586968533199519
"result_final_concave_500",23.62,0.291615340114755,18.1098954276402,24.5586727409313,6976,228,10.359649122807,0.0552184303877178
"result_final_concave_500",9.44,0.0501484843971931,16.8189628876729,24.8671100974194,3498,183,5.15846994535519,0.0594566981732821
"result_final_concave_500",23.92,1.23159202202451,18.1628472982995,25.2693965245407,7016,220,10.8727272727273,0.0550574468626197
"result_final_concave_500",40.9,0.1893888195787,27.7365417250002,23.6265327226077,9454,118,34.6610169491525,0.0360535213767712
"result_final_concave_500",25.77,0.552191411479985,18.5274905445907,24.820262373861,7424,236,10.9194915254237,0.0539738502412546
"result_final_concave_500",20.49,0.247299385679011,17.6430796809679,25.060883102798,6360,223,9.18834080717489,0.0566794470173327
"result_final_concave_500",10.87,0.285780761802042,16.8758346896702,24.9042027043171,3768,192,5.66145833333333,0.0592563282580687
"result_final_concave_500",22.2,0.2248831112737,17.8798588242523,25.2996889906986,6810,241,9.21161825726141,0.0559288532325321
"result_final_concave_500",5.11,0.00638525558531808,16.707042289319,25.1256517569147,2096,136,3.75735294117647,0.0598549990287216
"result_final_concave_500",26.62,0.254986406130057,18.719606156234,24.8918835716082,7778,235,11.3276595744681,0.0534199273026361
"result_final_concave_500",10.57,0.0393031367867126,16.8629739606169,26.2660053094222,3862,224,4.71875,0.0593015207362282
"result_final_concave_500",36.98,2.60225611926355,23.3735434293449,24.9332026921014,9252,139,26.6043165467626,0.0427834146338516
"result_final_concave_500",33.41,0.5289470192233,21.091038771597,24.2106795010722,8870,184,18.1576086956522,0.0474135015742651
"result_final_concave_500",31.63,0.439221167734785,20.2845175318495,24.9821749918369,8518,211,14.9905213270142,0.0492986830191974
"result_final_concave_500",5.43,0.0258405452707876,16.7125817290961,25.2875207474608,2048,123,4.41463414634146,0.0598351598938798
"result_final_concave_500",41.27,0.138487446862232,28.3204910557069,25.9773755157891,9648,145,28.4620689655172,0.0353101222020827
"result_final_concave_500",38.2,0.317939390221128,24.452150040591,25.7438787752349,9480,165,23.1515151515152,0.0408961992438286
"result_final_concave_500",33.22,0.743475350390267,20.9965113980376,25.3898362690729,8844,207,16.048309178744,0.0476269595954623
"result_final_concave_500",25.43,0.355334020813303,18.4552223703352,24.8581022571737,7548,223,11.4035874439462,0.0541852045959302
"result_final_concave_500",32.08,3.29144486460738,20.4726424469886,24.5202914158849,8454,180,17.8222222222222,0.0488456730775901
"result_final_concave_500",21.35,0.253419876751392,17.7570731967072,25.2291836306827,6624,242,8.82231404958678,0.0563155869732764
"result_final_concave_500",29.37,0.948783053102308,19.4725609660535,23.6518119622507,8306,209,14.0526315789474,0.0513543134743961
"result_final_concave_500",8.02,0.0309986733058057,16.7729315216642,24.7039053771323,3124,185,4.33513513513514,0.0596198701883677
"result_final_concave_500",31.74,1.95608726931786,20.3295984582093,24.5384014780534,8634,179,17.731843575419,0.0491893630882901
"result_final_concave_500",32.33,0.733180781693067,20.5815173217082,25.8381816961087,8462,185,17.4756756756757,0.048587282675474
"result_final_concave_500",25.74,0.883538181431736,18.5210122218616,24.6450181082739,7432,223,11.542600896861,0.0539927293401185
"result_final_concave_500",27.84,0.827781442425614,19.026758937575,25.6481130308733,7720,201,13.8507462686567,0.0525575587140671
"result_final_concave_500",34.06,0.996389284062153,21.4317117660142,23.9140447954006,8644,172,19.8023255813953,0.0466598287116651
"result_final_concave_500",2.33,0.0105345213614498,16.6745745997125,24.8895101602565,924,62,3.75806451612903,0.0599715449422765
"result_final_concave_500",34.64,2.04459543304408,21.7601106312036,24.4819263201092,8868,169,20.4970414201183,0.0459556487073195
"result_final_concave_500",40.92,0.363099996393141,27.7670839119922,24.8352091841828,9398,120,34.1,0.0360138645876355
"result_final_concave_500",38.99,0.190708936539487,25.2658463879453,23.2910285182275,8992,131,29.763358778626,0.0395791213421259
"result_final_concave_500",29.86,1.00370929508881,19.631661128647,24.5382203938458,8430,222,13.4504504504505,0.050938124565566
"result_final_concave_500",7.82,0.0612601487216522,16.7672254607581,25.4673200761317,2910,160,4.8875,0.0596401594491822
"result_final_concave_500",34.84,0.245214088404476,21.8791289147729,25.1794348881508,8608,169,20.6153846153846,0.0457056587533883
"result_final_concave_500",2.9,0.0124219704633121,16.6790645624032,25.1239803713295,1128,78,3.71794871794872,0.0599554007515584
"result_final_concave_500",22.12,0.237743964467041,17.8678503374535,24.7711822173604,6490,233,9.49356223175966,0.0559664414640781
"result_final_concave_500",10.95,0.0925670765732384,16.8793506968219,25.2013660736587,4070,218,5.02293577981651,0.0592439850300808
"result_final_concave_500",13.64,0.112826564000771,17.0204965033405,25.2217039767619,4692,210,6.4952380952381,0.0587526926610946
"result_final_concave_500",39.86,0.361212210684514,26.2911029232367,24.6384554238931,9414,130,30.6615384615385,0.0380356808506568
"result_final_concave_500",12.25,0.429215168344462,16.9418083858521,25.0302297177424,4126,203,6.03448275862069,0.059025576091103
"result_final_concave_500",26.98,0.569845565567099,18.8062054519594,24.1940340446424,7890,220,12.2636363636364,0.0531739378554865
"result_final_concave_500",1.46,0.00120001626719245,16.6697161590619,24.565570625851,504,27,5.40740740740741,0.0599890238356809
"result_final_concave_500",11.49,0.088929912133848,16.9040581354314,25.8494041387234,4112,221,5.19909502262443,0.05915739238402
"result_final_concave_500",3.13,0.0367492594676113,16.6811796129623,25.2727222356264,1164,75,4.17333333333333,0.0599477988488859
"result_final_concave_500",7.19,0.135241214294472,16.7504414370557,24.7029372903116,2486,137,5.24817518248175,0.0596999191787136
"result_final_concave_500",20.41,0.196303774246534,17.6329693995681,25.1572166676817,6490,239,8.53974895397489,0.0567119455231683
"result_final_convex_500",3.68,0.000778897174602457,22.6640375750029,26.2115393618511,1388,81,4.54320987654321,0.0441227648291115
"result_final_convex_500",16.55,9.59138772411383e-11,59.2373015484429,24.3540707199368,5588,236,7.01271186440678,0.0168812551189933
"result_final_convex_500",10.21,2.01526330059826e-06,38.4062123970502,25.1209751047959,3564,179,5.70391061452514,0.0260374542967639
"result_final_convex_500",18.95,1.0875905770024e-11,67.4503128708897,24.6487822457833,6096,246,7.70325203252033,0.0148257281165493
"result_final_convex_500",25.94,9.24830600641273e-16,86.9111547575756,25.2603646417481,7516,217,11.9539170506912,0.0115060029151532
"result_final_convex_500",19.32,2.48262673978665e-12,68.6801051589693,25.0874911769656,6102,249,7.75903614457831,0.0145602572635171
"result_final_convex_500",29.37,1.11971738059157e-16,92.7496233349913,24.1852782475291,8110,201,14.6119402985075,0.0107817149444178
"result_final_convex_500",8.18,4.37813441470835e-05,32.7708835108235,25.4732128572436,3036,169,4.84023668639053,0.0305148928825713
"result_final_convex_500",12.27,4.22491405948331e-08,44.7486848107393,25.0622599259696,4432,216,5.68055555555556,0.0223470254875515
"result_final_convex_500",24.58,4.67792071664961e-15,83.884279663518,24.4459418206822,7102,221,11.1221719457014,0.0119211848037709
"result_final_convex_500",41.33,7.30313068500995e-17,99.5657904438202,25.490101283755,9530,131,31.5496183206107,0.0100436103157766
"result_final_convex_500",10.19,1.15136029856091e-06,38.3475593423767,24.917199871124,3670,204,4.99509803921569,0.02607727889725
"result_final_convex_500",12.68,8.73491331638785e-08,46.0753559282851,24.4758664575216,4064,190,6.67368421052632,0.021703576236209
"result_final_convex_500",10.38,2.28451653999095e-06,38.9071726042094,25.3709974293383,3790,208,4.99038461538461,0.0257022017552571
"result_final_convex_500",7.01,7.00772052955638e-05,29.8260505589385,25.6842428873626,2464,132,5.31060606060606,0.033527737707811
"result_final_convex_500",0.74,0.00268642339025857,17.7279670878591,22.748750330235,316,25,2.96,0.0564080469601528
"result_final_convex_500",33.83,1.20427185411683e-16,97.0777244415891,25.1200786600957,8750,173,19.5549132947977,0.010301024315848
"result_final_convex_500",18.98,3.05325457533479e-12,67.5505341491835,25.0790078805072,6170,252,7.53174603174603,0.0148037319407649
"result_final_convex_500",37.76,6.67493822179323e-17,98.8540364674279,25.4801959693378,9392,148,25.5135135135135,0.010115924809297
"result_final_convex_500",9.27,5.49671141869124e-06,35.7156628075922,24.1689427061347,3330,164,5.65243902439024,0.0279989204004756
"result_final_convex_500",42.75,1.22617796667774e-16,99.7150645695577,27.0788637767366,9372,111,38.5135135135135,0.0100285749632387
"result_final_convex_500",21.64,5.37535576782057e-14,75.990771141762,24.5675629618925,6872,259,8.35521235521236,0.0131594927249058
"result_final_convex_500",10.8,7.22830495706124e-07,40.1630215630712,25.5197175860655,3760,183,5.9016393442623,0.0248985250880495
"result_final_convex_500",33.84,1.91100660232121e-17,97.0841976137281,24.1413929710015,8956,183,18.4918032786885,0.0103003374862172
"result_final_convex_500",12.22,1.65938003828833e-07,44.5882126794723,25.1318081071521,4240,214,5.71028037383178,0.0224274520081937
"result_final_convex_500",27.23,2.9669781601511e-16,89.4020891518072,24.9658042814976,7600,208,13.0913461538462,0.0111854209391234
"result_final_convex_500",21.87,9.0129703321198e-14,76.6694809365422,24.5767014241147,6658,234,9.34615384615385,0.0130429994801671
"result_final_convex_500",27.36,1.29948922828571e-16,89.6328559029113,24.649519636728,7854,234,11.6923076923077,0.0111566232039196
"result_final_convex_500",20.69,6.45663671530427e-13,73.0923094061826,25.8153953053778,6404,219,9.44748858447489,0.0136813299254629
"result_final_convex_500",1.09,0.00119565301823813,18.2539161137492,25.4937293671851,416,30,3.63333333333333,0.0547827651758946
"result_final_convex_500",29.6,4.6189150660025e-17,93.054594489082,24.8854230453791,8516,201,14.726368159204,0.0107463796440199
"result_final_convex_500",26.09,5.51610222095068e-16,87.2197459428882,25.5902204578615,7578,214,12.1915887850467,0.0114652936578697
"result_final_convex_500",13.3,3.37266193205339e-08,48.1155409200122,24.0740542157254,4610,222,5.99099099099099,0.0207833057860123
"result_final_convex_500",4.05,0.000941337067760172,23.3734184988436,26.1477638754723,1536,90,4.5,0.042783643310433
"result_final_convex_500",13.53,1.75149739017392e-08,48.8818130285184,25.7458949586309,4622,214,6.32242990654206,0.0204575063411945
"result_final_convex_500",8.85,7.55331993561934e-06,34.5582887116588,26.1202830305844,3170,169,5.23668639053254,0.0289366180236417
"result_final_convex_500",19.81,1.02039523180952e-12,70.285771603138,24.4583880237135,6110,230,8.61304347826087,0.0142276306739066
"result_final_convex_500",1.67,7.18224262581425e-05,19.1606803783011,26.442116926958,624,42,3.97619047619048,0.0521902135131104
"result_final_convex_500",28.09,2.98965178105914e-16,90.8614348858207,24.0495503744523,8110,219,12.8264840182648,0.0110057694032307
"result_final_convex_500",2.4,0.00249456471281476,20.3665915416547,25.2749585634788,956,62,3.87096774193548,0.0491000174454696
"result_final_convex_500",39.01,3.64193039487238e-17,99.1728972028401,24.573834436969,9186,139,28.0647482014388,0.0100834000841448
"result_final_convex_500",31.82,4.52777114747485e-17,95.5110294309061,24.9644246468537,8586,204,15.5980392156863,0.01046999499386
"result_final_convex_500",6.21,0.000162748625774198,27.942371564101,24.9973742748898,2322,138,4.5,0.0357879429706228
"result_final_convex_500",11.68,1.62794746938528e-07,42.8744428570783,24.5747201523794,4280,217,5.38248847926267,0.0233239182450369
"result_final_convex_500",32.1,7.52803306668894e-17,95.7633250885949,25.1072916738177,8670,184,17.445652173913,0.0104424110072917
"result_final_convex_500",36.58,7.98609621328438e-17,98.4608930564122,23.3969852790616,9114,139,26.3165467625899,0.010156316573597
"result_final_convex_500",37.16,3.36231107575476e-17,98.6665698159283,25.4526073192147,9298,153,24.2875816993464,0.0101351450837461
"result_final_convex_500",32.21,3.89770714741719e-17,95.859229227744,24.6515413216933,8718,193,16.6891191709845,0.0104319637040288
"result_final_convex_500",17.67,3.83209684387293e-11,63.1068000466442,25.7208638998122,5578,235,7.51914893617021,0.0158461528592936
"result_final_convex_500",12.37,1.46673963238454e-07,45.0705044795185,24.256521859863,4290,201,6.15422885572139,0.0221874596601073
"result_final_convex_500",25.92,5.6515205480066e-16,86.8696300628471,25.0067355460187,7514,236,10.9830508474576,0.011511502918529
"result_final_convex_500",26.73,1.00870188751431e-15,88.4801970635008,24.8678195035212,7556,224,11.9330357142857,0.0113019639782483
"result_final_convex_500",14,3.19730847759837e-09,50.4616748095993,25.1112324609406,5022,227,6.16740088105727,0.0198170196247583
"result_final_convex_500",30.37,5.2991282159119e-17,94.0036703825797,25.2166154677864,8436,210,14.4619047619048,0.010637882498951
"result_final_convex_500",11.77,5.02083103999255e-07,43.1575487025574,25.2952319261213,4014,192,6.13020833333333,0.023170917488665
"result_final_convex_500",36.28,4.77720623246929e-17,98.3442504915344,24.7633368663974,9108,165,21.9878787878788,0.0101683626140003
"result_final_convex_500",26.97,4.42726804460535e-16,88.9295335498999,24.7184423100898,7712,213,12.6619718309859,0.0112448582611634
"result_final_convex_500",40.4,4.72555918971009e-17,99.4342412321689,23.9456890281688,9244,120,33.6666666666667,0.0100568977809676
"result_final_convex_500",8.18,5.15758310151506e-05,32.7708835108235,25.8251434866633,3062,165,4.95757575757576,0.0305148928825713
"result_final_convex_500",29.17,1.40077417194003e-16,92.476144378364,24.3359447217425,8046,206,14.1601941747573,0.0108135996231474
"result_final_convex_500",2.93,0.003098180589594,21.2889493964016,25.3791967945068,1180,72,4.06944444444444,0.0469727266188639
"result_final_convex_500",4.6,0.00027246193401612,24.4667266720758,24.510285839422,1804,105,4.38095238095238,0.0408718343652121
"result_final_convex_500",24.96,2.15462135324017e-15,84.7714460915316,25.2811785399478,7374,231,10.8051948051948,0.0117964249296898
"result_final_convex_500",14.16,7.19486490063109e-09,51.0033941613509,25.2429258405646,4788,225,6.29333333333333,0.0196065382793245
"result_final_convex_500",23.45,9.80709960203296e-15,81.0600658611561,24.8225332478769,7134,220,10.6590909090909,0.0123365308105332
"result_final_convex_500",33.04,4.74932321654142e-17,96.5271531340098,24.7026927640054,8740,185,17.8594594594595,0.010359779269691
"result_final_convex_500",43.53,3.55686591595353e-17,99.7760092609013,22.8309140029581,9654,102,42.6764705882353,0.0100224493583937
"result_final_convex_500",9.41,9.27112833516967e-06,36.1076827732425,26.1946556513351,3278,182,5.17032967032967,0.0276949370104981
"result_final_convex_500",2.07,0.00127133318577629,19.812350716791,24.6568518782877,800,49,4.22448979591837,0.0504735664280614
"result_final_convex_500",35.25,3.64813572786641e-17,97.8846635072077,23.4566120908063,8624,158,22.3101265822785,0.0102161049971466
"result_final_convex_500",25.12,2.51601897337123e-15,85.1354128087114,24.2074184140618,7350,213,11.7934272300469,0.0117459934357384
"result_final_convex_500",14.76,2.10446038286179e-09,53.0497583587382,25.7655699586333,5260,255,5.78823529411765,0.0188502272383166
"result_final_convex_500",21.43,9.00557554918125e-14,75.3629557457404,24.8385251461438,6700,242,8.85537190082645,0.013269118628704
"result_final_convex_500",5.64,0.000181621386307886,26.6641704080269,25.7026756378011,2226,137,4.11678832116788,0.037503510692347
"result_final_convex_500",14.22,1.06037328814192e-08,51.2070058305041,24.8764904511108,5000,236,6.02542372881356,0.0195285778533901
"result_final_convex_500",38.84,2.8991466481659e-17,99.1346638995889,24.8193558041828,9326,139,27.9424460431655,0.0100872889528619
"result_final_convex_500",3.15,0.000176069577523298,21.683711783093,25.8508355539559,1316,88,3.57954545454545,0.0461175655719474
"result_final_convex_500",35.7,3.75675120198145e-17,98.0972517704672,25.9421893923974,8658,168,21.25,0.010193965498033
"result_final_convex_500",1.81,0.000802167669226749,19.3862845310727,25.7906943680457,778,53,3.41509433962264,0.0515828599542724
"result_final_convex_500",19.27,3.20917440741822e-12,68.5147409577255,25.4646662256114,6134,230,8.37826086956522,0.0145953992676848
"result_final_convex_500",4.1,0.000674135805911883,23.4708806169916,25.2447217285127,1662,100,4.1,0.0426059855323901
"result_final_convex_500",9.66,2.46036961158212e-06,36.815369392676,25.1863897460395,3426,172,5.61627906976744,0.0271625686906442
"result_final_convex_500",34.2,4.92684999360336e-17,97.3093935949602,24.9924509545277,8850,176,19.4318181818182,0.0102765001718374
"result_final_convex_500",27.2,3.31412650245199e-16,89.3483148985856,24.8245359161409,7698,215,12.6511627906977,0.0111921528809474
"result_final_convex_500",37.3,4.29528905137645e-17,98.7125185891554,23.8001446810061,9224,147,25.3741496598639,0.0101304273692178
"result_final_convex_500",36.6,6.20089495087028e-17,98.4684127573819,23.2490708890277,9008,144,25.4166666666667,0.0101555409699141
"result_final_convex_500",33.5,3.87970719471894e-17,96.8572941166649,24.4058431492904,8760,178,18.8202247191011,0.0103244676523329
"result_final_convex_500",25.04,2.53624781295727e-15,84.9541408737784,24.322183915479,7598,232,10.7931034482759,0.0117710565925887
"result_final_convex_500",21.9,6.27391842995154e-14,76.7573082049884,25.7548950058344,6858,244,8.97540983606557,0.0130280754156907
"result_final_convex_500",17.58,4.16123453351064e-11,62.7974689913487,25.2840085066157,5658,221,7.95475113122172,0.0159242086673551
"result_final_convex_500",9.58,1.56649433060527e-06,36.5878480617311,25.8524047673735,3552,190,5.04210526315789,0.027331478973915
"result_final_convex_500",2.01,0.000733601319416416,19.7132043361774,24.6974654796448,838,56,3.58928571428571,0.0507274202076227
"result_final_convex_500",3.62,0.000182882051803413,22.5509542691332,26.741881222277,1492,101,3.58415841584158,0.0443440214576089
"result_final_convex_500",38.27,1.60635544137704e-17,98.9950572540068,25.1204329165501,9280,142,26.9507042253521,0.0101015144365657
"result_final_convex_500",11.78,1.66949766845265e-07,43.1890685680037,24.9306227628927,4172,198,5.94949494949495,0.0231540070938423
"result_final_convex_500",2.59,0.000353218562577979,20.6926376159671,23.7393843086014,944,56,4.625,0.0483263670180146
"result_final_convex_500",29.59,8.47940447516432e-17,93.0415446347754,25.337015597464,8068,207,14.2946859903382,0.0107478869135867
"result_final_convex_500",36.37,7.5165613410308e-17,98.3800102930428,26.2765604422345,9136,157,23.1656050955414,0.0101646665518871
"result_final_convex_500",7.86,6.43648408895676e-05,31.9430602685224,24.2449503720695,2850,148,5.31081081081081,0.0313057043249368
"result_final_convex_500",35.55,3.72389344695115e-17,98.0285014755574,24.2015100221252,8802,153,23.2352941176471,0.010201114828317
"result_final_convex_500",1.46,8.16058196937843e-05,18.8272199575212,26.9997914788474,628,42,3.47619047619048,0.0531145863412784
"result_final_convex_500",39.58,6.75970362356771e-17,99.2905893566788,25.4084192725588,9508,140,28.2714285714286,0.0100714479235059
"result_final_convex_500",17.98,1.7884214093171e-11,64.1690462025389,25.1960559786002,5894,249,7.22088353413655,0.0155838376784294
"result_final_convex_500",37.61,5.64832393443763e-17,98.8094409733219,25.2062563137331,9268,141,26.6737588652482,0.0101204904121459
"result_final_convex_500",13.99,1.51820397515833e-08,50.427879360204,25.4403035225702,4600,208,6.72596153846154,0.0198303004744072
"result_final_convex_500",13.09,2.00593355771314e-08,47.420201275124,24.5093894032642,4638,226,5.79203539823009,0.0210880589518836
"result_final_convex_500",39.54,2.81682081028714e-17,99.2828346939919,24.7045462330235,9392,132,29.9545454545455,0.0100722345718893
"result_final_convex_500",10.78,9.04407230321989e-07,40.1026418035521,25.7022409394854,3928,199,5.41708542713568,0.0249360130661373
"result_final_convex_500",34.96,4.68165501204333e-17,97.7372774765056,24.8024330983445,8762,156,22.4102564102564,0.0102315106970356
"result_final_convex_500",28.5,1.09743548856947e-16,91.5023463156957,25.1028225905933,7968,229,12.4454148471616,0.0109286815067
"result_final_convex_500",12.53,7.76812242135241e-08,45.5877984338414,25.1120853142053,4386,205,6.11219512195122,0.0219356940750546
"result_final_convex_500",3.34,0.00364622022322526,22.0303536513481,24.2798515676621,1340,85,3.92941176470588,0.0453919177070862
"result_final_convex_500",35.92,8.63311719971638e-17,98.1943954492921,25.5941955901849,8880,137,26.2189781021898,0.0101838806117647
"result_final_convex_500",42.4,8.4760876948092e-17,99.6832599562756,23.9279416813486,9784,96,44.1666666666667,0.0100317746474045
"result_final_convex_500",21.7,2.38505091122885e-13,76.1687335407714,24.9054826809102,6442,220,9.86363636363636,0.0131287465803107
"result_final_convex_500",2.79,8.09170535963537e-05,21.0413964926224,24.7449371633913,1082,68,4.10294117647059,0.0475253626987459
"result_final_convex_500",13.47,6.20721935896197e-08,48.6814578517845,25.1751063294733,4468,204,6.60294117647059,0.0205417019975983
"result_final_convex_500",36.54,9.93756500466472e-17,98.4457588565997,25.4104494680193,9396,134,27.2686567164179,0.0101578779178963
"result_final_convex_500",25.11,2.39662184357002e-15,85.1128316870937,24.8527588271431,7360,231,10.8701298701299,0.0117491097426575
"result_final_convex_500",24.06,6.03886704561057e-15,82.6188459687784,25.5614188752632,7208,238,10.109243697479,0.0121037759396676
"result_final_convex_500",28.99,1.13258935255873e-16,92.2233244007292,25.4247579979073,8016,180,16.1055555555556,0.010843243902755
"result_final_convex_500",21.22,1.51608029577075e-13,74.7276185049763,25.0013375106332,6560,256,8.2890625,0.0133819332129982
"result_final_convex_500",3.91,0.00244457822726339,23.1025578845147,24.5067704294162,1496,93,4.20430107526882,0.0432852502739658
"result_final_convex_500",16.99,1.02051738681596e-10,60.761593934563,25.8204213116824,5566,229,7.41921397379913,0.0164577644404284
"result_final_convex_500",31.67,5.33665052690024e-17,95.370943008248,24.0854535652673,8498,187,16.9358288770053,0.0104853739352616
"result_final_convex_500",28.21,1.44160383939882e-16,91.0526229092153,24.6647474349312,7970,235,12.0042553191489,0.0109826600052703
"result_final_convex_500",4.8,0.000333065240099926,24.8759779396056,25.1253887763001,1802,108,4.44444444444444,0.0401994246187153
"result_final_convex_500",34.44,3.4288950172288e-17,97.4512860223724,24.3875479581405,8734,175,19.68,0.0102615372337973
"result_final_convex_500",26.89,3.57892054159963e-16,88.7811600586115,23.9776967688248,7672,215,12.506976744186,0.0112636509743714
"result_final_convex_500",8.91,1.08719120984547e-05,34.7219001838512,25.8089499195638,3034,149,5.97986577181208,0.0288002671139839
"result_final_convex_500",37.95,7.95576484505375e-17,98.9084500274474,25.3914059969235,9206,153,24.8039215686275,0.0101103596277416
"result_final_convex_500",8.62,8.076945686935e-06,33.9364875619941,25.7236672420523,3078,170,5.07058823529412,0.0294668090848598
"result_final_convex_500",2.04,0.00598090247384859,19.7627154836893,22.1649818857484,788,51,4,0.0506003337863831
"result_final_convex_500",11.68,2.42644632288039e-07,42.8744428570783,23.9469238836931,3998,198,5.8989898989899,0.0233239182450369
"result_final_convex_500",44.78,3.3266171653883e-16,99.8498729603168,26.1896865038818,10050,94,47.6382978723404,0.0100150352759831
"result_final_convex_500",5.17,0.000193892306546455,25.6497475858964,25.4778569788988,2054,127,4.07086614173228,0.0389867384328512
"result_final_convex_500",14.6,1.48917235475861e-08,52.5019689479508,23.9231861695673,4688,206,7.0873786407767,0.019046904716876
"result_final_convex_500",29.14,1.52174149211832e-16,92.4344501659678,25.0646000432208,8302,210,13.8761904761905,0.0108184772907123
"result_final_convex_500",5.03,0.000651183295538444,25.3544146723686,25.376772953817,1800,105,4.79047619047619,0.039440863175982
"result_final_convex_500",22.37,2.79948552174675e-14,78.1115438261089,25.0308993882978,6986,244,9.16803278688525,0.0128022050393241
"result_final_convex_500",28.55,5.07969796079931e-17,91.5781393032864,24.7195850436543,8082,203,14.064039408867,0.0109196365814796
"result_final_convex_500",6.9,0.000102876978282037,29.5607972563825,24.8532764977461,2560,152,4.53947368421053,0.0338285869398901
"result_final_convex_500",42.01,6.10727461763246e-17,99.644171873721,24.4127614948724,9600,119,35.3025210084034,0.0100357098784192
"result_final_convex_500",29.74,6.74321400636441e-17,93.2353092482723,25.0915085547763,8102,190,15.6526315789474,0.0107255503098847
"result_final_convex_500",3.71,0.00041932165662046,22.7207823882259,24.7930945315247,1404,85,4.36470588235294,0.0440125688857532
"result_final_convex_500",6.2,0.000337586234347938,27.9194905677621,25.6033379251599,2222,123,5.04065040650407,0.0358172724381538
"result_final_convex_500",19.46,1.78142156444122e-12,69.1416784317768,25.4580140677464,6532,261,7.45593869731801,0.014463056475939
"result_final_convex_500",20.54,4.72490943389993e-13,72.6216183972093,24.783574021833,6464,230,8.9304347826087,0.0137700043330132
"result_final_convex_500",41.5,2.10764723361253e-16,99.5866866047326,26.2712888030053,9612,123,33.739837398374,0.0100415028764746
"result_final_convex_500",20.01,7.24404968637973e-13,70.9328139491859,24.5654147983333,6218,221,9.05429864253394,0.0140978475873856
"result_final_convex_500",15.45,8.60935946576104e-10,55.4255944305163,25.3705388013885,5190,234,6.6025641025641,0.0180422061373404
"result_final_convex_500",44.62,1.02570375621817e-16,99.8418219051828,24.9346731256114,9322,99,45.0707070707071,0.0100158428694308
"result_final_convex_500",13.9,2.05125058653155e-08,50.1240597150943,25.0182722902757,4644,211,6.58767772511848,0.0199504989357209
"result_final_convex_500",23.62,5.00377218960562e-15,81.5024247355833,24.5586727409313,6976,228,10.359649122807,0.0122695736138438
"result_final_convex_500",9.44,3.11293745246932e-06,36.1920887189369,24.8671100974194,3498,183,5.15846994535519,0.0276303478300429
"result_final_convex_500",23.92,1.47959437463317e-14,82.2681186282758,25.2693965245407,7016,220,10.8727272727273,0.012155377036376
"result_final_convex_500",40.9,4.92287415002542e-17,99.5087434583207,23.6265327226077,9454,118,34.6610169491525,0.0100493681785747
"result_final_convex_500",25.77,9.33312350770303e-16,86.5553488057334,24.820262373861,7424,236,10.9194915254237,0.011553301024116
"result_final_convex_500",20.49,3.08317967750888e-13,72.4639846045691,25.060883102798,6360,223,9.18834080717489,0.013799958772029
"result_final_convex_500",10.87,2.25578558490021e-06,40.3747985731597,24.9042027043171,3768,192,5.66145833333333,0.02476792542229
"result_final_convex_500",22.2,2.3882972767802e-14,77.6264884777012,25.2996889906986,6810,241,9.21161825726141,0.0128822006458177
"result_final_convex_500",5.11,7.77777806651398e-05,25.522794159833,25.1256517569147,2096,136,3.75735294117647,0.0391806631255825
"result_final_convex_500",26.62,2.01297077272262e-16,88.2700142180087,24.8918835716082,7778,235,11.3276595744681,0.0113288754834706
"result_final_convex_500",10.57,4.84073845961234e-07,39.4721206456512,26.2660053094222,3862,224,4.71875,0.0253343368342733
"result_final_convex_500",36.98,1.19936936745139e-16,98.6054282851877,24.9332026921014,9252,139,26.6043165467626,0.0101414295073877
"result_final_convex_500",33.41,1.92543872551862e-17,96.794836043994,24.2106795010722,8870,184,18.1576086956522,0.0103311296435844
"result_final_convex_500",31.63,2.21875962541568e-17,95.3329958434009,24.9821749918369,8518,211,14.9905213270142,0.0104895476236019
"result_final_convex_500",5.43,0.000224241963182802,26.2065305242195,25.2875207474608,2048,123,4.41463414634146,0.0381584276894579
"result_final_convex_500",41.27,4.70261058681052e-17,99.558197009394,25.9773755157891,9648,145,28.4620689655172,0.0100443763551247
"result_final_convex_500",38.2,2.0871677908737e-17,98.9766377538928,25.7438787752349,9480,165,23.1515151515152,0.0101033943230777
"result_final_convex_500",33.22,2.76207921925683e-17,96.6595962836872,25.3898362690729,8844,207,16.048309178744,0.0103455842818243
"result_final_convex_500",25.43,8.34848729540754e-16,85.824375125817,24.8581022571737,7548,223,11.4035874439462,0.0116517014954553
"result_final_convex_500",32.08,1.4860901036344e-16,95.7456952233912,24.5202914158849,8454,180,17.8222222222222,0.0104443337913713
"result_final_convex_500",21.35,8.85622879291201e-14,75.1217968471575,25.2291836306827,6624,242,8.82231404958678,0.0133117156666872
"result_final_convex_500",29.37,1.16212384506353e-16,92.7496233349913,23.6518119622507,8306,209,14.0526315789474,0.0107817149444178
"result_final_convex_500",8.02,1.28164573128208e-05,32.354870742101,24.7039053771323,3124,185,4.33513513513514,0.0309072475662458
"result_final_convex_500",31.74,9.59570912779013e-17,95.4367502448759,24.5384014780534,8634,179,17.731843575419,0.010478143874704
"result_final_convex_500",32.33,3.13750626009894e-17,95.9618254041365,25.8381816961087,8462,185,17.4756756756757,0.0104208105232322
"result_final_convex_500",25.74,1.53651189124132e-15,86.491889677353,24.6450181082739,7432,223,11.542600896861,0.011561777684941
"result_final_convex_500",27.84,2.55698147808368e-16,90.4534339887495,25.6481130308733,7720,201,13.8507462686567,0.0110554122259679
"result_final_convex_500",34.06,3.47010153961293e-17,97.2236107273917,23.9140447954006,8644,172,19.8023255813953,0.0102855673896327
"result_final_convex_500",2.33,0.00176485416148108,20.2477537079701,24.8895101602565,924,62,3.75806451612903,0.0493881945831044
"result_final_convex_500",34.64,7.07704908784994e-17,97.5646818141395,24.4819263201092,8868,169,20.4970414201183,0.0102496106316935
"result_final_convex_500",40.92,9.57009975292113e-17,99.5115356201132,24.8352091841828,9398,120,34.1,0.0100490862066235
"result_final_convex_500",38.99,1.70693796183781e-17,99.1684767054709,23.2910285182275,8992,131,29.763358778626,0.0100838495580605
"result_final_convex_500",29.86,9.67588299255807e-17,93.3872821358008,24.5382203938458,8430,222,13.4504504504505,0.0107080961896485
"result_final_convex_500",7.82,3.26588169074236e-05,31.8407653522028,25.4673200761317,2910,160,4.8875,0.0314062802491906
"result_final_convex_500",34.84,8.52983717407337e-18,97.6738040248632,25.1794348881508,8608,169,20.6153846153846,0.0102381596578899
"result_final_convex_500",2.9,0.00127273369183499,21.2356637943495,25.1239803713295,1128,78,3.71794871794872,0.0470905929611715
"result_final_convex_500",22.12,2.8161917611713e-14,77.3963393955871,24.7711822173604,6490,233,9.49356223175966,0.012920507711467
"result_final_convex_500",10.95,6.48229007059103e-07,40.6176777277445,25.2013660736587,4070,218,5.02293577981651,0.0246198221056084
"result_final_convex_500",13.64,1.13207710167447e-08,49.2499428719177,25.2217039767619,4692,210,6.4952380952381,0.020304592080455
"result_final_convex_500",39.86,4.95191118691836e-17,99.3428557926105,24.6384554238931,9414,130,30.6615384615385,0.0100661491158218
"result_final_convex_500",12.25,4.05914489168128e-07,44.6844606929767,25.0302297177424,4126,203,6.03448275862069,0.022379144438397
"result_final_convex_500",26.98,3.34701741808353e-16,88.9479816543604,24.1940340446424,7890,220,12.2636363636364,0.0112425260405105
"result_final_convex_500",1.46,0.000408029098491895,18.8272199575212,24.565570625851,504,27,5.40740740740741,0.0531145863412784
"result_final_convex_500",11.49,2.7459143399603e-07,42.2802077653686,25.8494041387234,4112,221,5.19909502262443,0.023651728618493
"result_final_convex_500",3.13,0.00306774211239451,21.6475321173231,25.2727222356264,1164,75,4.17333333333333,0.0461946421689226
"result_final_convex_500",7.19,0.000157249211372086,30.2644081473489,24.7029372903116,2486,137,5.24817518248175,0.0330421132021245
"result_final_convex_500",20.41,2.76347127500119e-13,72.2110185051252,25.1572166676817,6490,239,8.53974895397489,0.0138483021109725
"result_final_linear_1000",3.68,0.585936194212039,9.4180225281602,26.2115393618511,1388,81,4.54320987654321,0.106179401993355
"result_final_linear_1000",16.55,2.73426489840023,11.0904379028507,24.3540707199368,5588,236,7.01271186440678,0.0901677651288195
"result_final_linear_1000",10.21,2.7699903903793,10.1390033762802,25.1209751047959,3564,179,5.70391061452514,0.0986290232765343
"result_final_linear_1000",18.95,15.0098969042495,11.5447617691048,24.6487822457833,6096,246,7.70325203252033,0.0866193707587906
"result_final_linear_1000",25.94,8.75646041193807,13.3378957605446,25.2603646417481,7516,217,11.9539170506912,0.0749743451255739
"result_final_linear_1000",19.32,6.09831768621951,11.6206717750763,25.0874911769656,6102,249,7.75903614457831,0.086053544868617
"result_final_linear_1000",29.37,10.364796583763,14.6162282970842,24.1852782475291,8110,201,14.6119402985075,0.0684171032139318
"result_final_linear_1000",8.18,4.06784455135947,9.89205145331926,25.4732128572436,3036,169,4.84023668639053,0.101091265519495
"result_final_linear_1000",12.27,1.20572568938899,10.4151579547208,25.0622599259696,4432,216,5.68055555555556,0.0960139063034313
"result_final_linear_1000",24.58,12.0273012206818,12.9183652495632,24.4459418206822,7102,221,11.1221719457014,0.0774091752850704
"result_final_linear_1000",41.33,0.986832850741062,25.2811651656828,25.490101283755,9530,131,31.5496183206107,0.0395551389125617
"result_final_linear_1000",10.19,1.5422630161632,10.1364544418235,24.917199871124,3670,204,4.99509803921569,0.0986538247411197
"result_final_linear_1000",12.68,4.69996518721196,10.4735402773113,24.4758664575216,4064,190,6.67368421052632,0.0954786990380213
"result_final_linear_1000",10.38,4.03494650644315,10.160767329539,25.3709974293383,3790,208,4.99038461538461,0.0984177638919885
"result_final_linear_1000",7.01,1.62618002319899,9.75975818386003,25.6842428873626,2464,132,5.31060606060606,0.102461555005915
"result_final_linear_1000",0.74,0.195531798623892,9.15294247828412,22.748750330235,316,25,2.96,0.109254483175499
"result_final_linear_1000",33.83,29.6861412612569,16.9853941525272,25.1200786600957,8750,173,19.5549132947977,0.0588741121354086
"result_final_linear_1000",18.98,4.41508753239616,11.5508539819224,25.0790078805072,6170,252,7.53174603174603,0.0865736855097506
"result_final_linear_1000",37.76,7.73901982220906,20.2709744658676,25.4801959693378,9392,148,25.5135135135135,0.0493316195372752
"result_final_linear_1000",9.27,2.08720266151626,10.0217600212077,24.1689427061347,3330,164,5.65243902439024,0.0997828722583493
"result_final_linear_1000",42.75,0.393293857823233,28.3065512978986,27.0788637767366,9372,111,38.5135135135135,0.0353275109170306
"result_final_linear_1000",21.64,3.94272091463253,12.1382985315075,24.5675629618925,6872,259,8.35521235521236,0.0823838693210824
"result_final_linear_1000",10.8,2.30236307474565,10.2153000458085,25.5197175860655,3760,183,5.9016393442623,0.0978923766816145
"result_final_linear_1000",33.84,4.71047628557887,16.9919868502157,24.1413929710015,8956,183,18.4918032786885,0.0588512696493351
"result_final_linear_1000",12.22,4.46232622506527,10.4081197087908,25.1318081071521,4240,214,5.71028037383178,0.0960788334472547
"result_final_linear_1000",27.23,7.83873714226417,13.7777609481796,24.9658042814976,7600,208,13.0913461538462,0.0725807338188812
"result_final_linear_1000",21.87,9.02738288710964,12.1939038284457,24.5767014241147,6658,234,9.34615384615385,0.0820081914757454
"result_final_linear_1000",27.36,3.76197615518219,13.8246041412911,24.649519636728,7854,234,11.6923076923077,0.0723348017621146
"result_final_linear_1000",20.69,12.41747406726,11.917176300882,25.8153953053778,6404,219,9.44748858447489,0.0839124952717188
"result_final_linear_1000",1.09,0.11151929540598,9.18290610986807,25.4937293671851,416,30,3.63333333333333,0.108897988069963
"result_final_linear_1000",29.6,4.78831516935416,14.7157190635452,24.8854230453791,8516,201,14.726368159204,0.0679545454545452
"result_final_linear_1000",26.09,5.94645468667885,13.3868250892032,25.5902204578615,7578,214,12.1915887850467,0.0747003111892845
"result_final_linear_1000",13.3,4.81399547633984,10.5641525526989,24.0740542157254,4610,222,5.99099099099099,0.0946597462514419
"result_final_linear_1000",4.05,0.992046932922223,9.45366766835805,26.1477638754723,1536,90,4.5,0.105779051589369
"result_final_linear_1000",13.53,3.60186313411292,10.5985022123623,25.7458949586309,4622,214,6.32242990654206,0.094352954782005
"result_final_linear_1000",8.85,1.6489799353426,9.97101132199311,26.1202830305844,3170,169,5.23668639053254,0.100290729566648
"result_final_linear_1000",19.81,5.31326325323544,11.7238556119241,24.4583880237135,6110,230,8.61304347826087,0.0852961715924683
"result_final_linear_1000",1.67,0.0803230947754788,9.23347074455598,26.442116926958,624,42,3.97619047619048,0.108301637343639
"result_final_linear_1000",28.09,13.9673260289308,14.096959479328,24.0495503744523,8110,219,12.8264840182648,0.0709372827145042
"result_final_linear_1000",2.4,0.631450640947131,9.29878048780488,25.2749585634788,956,62,3.87096774193548,0.107540983606557
"result_final_linear_1000",39.01,2.3978949424083,21.7208590049503,24.573834436969,9186,139,28.0647482014388,0.0460386948680112
"result_final_linear_1000",31.82,9.26885315836038,15.7904488396869,24.9644246468537,8586,204,15.5980392156863,0.0633294221179231
"result_final_linear_1000",6.21,1.50878041361864,9.67316082055302,24.9973742748898,2322,138,4.5,0.103378825034652
"result_final_linear_1000",11.68,1.89628176826003,10.3332085361288,24.5747201523794,4280,217,5.38248847926267,0.0967753623188405
"result_final_linear_1000",32.1,16.1997849635758,15.9427095562339,25.1072916738177,8670,184,17.445652173913,0.0627245949926361
"result_final_linear_1000",36.58,13.5695828297356,19.112771984811,23.3969852790616,9114,139,26.3165467625899,0.0523210343740146
"result_final_linear_1000",37.16,4.81722265525525,19.6596170692028,25.4526073192147,9298,153,24.2875816993464,0.0508656906429027
"result_final_linear_1000",32.21,8.53536161410961,16.0036828064874,24.6515413216933,8718,193,16.6891191709845,0.0624856173476914
"result_final_linear_1000",17.67,6.82817520966504,11.2946373451497,25.7208638998122,5578,235,7.51914893617021,0.0885375926150859
"result_final_linear_1000",12.37,4.88207284253425,10.4292872189758,24.256521859863,4290,201,6.15422885572139,0.0958838297386736
"result_final_linear_1000",25.92,5.25759575918553,13.331413763317,25.0067355460187,7514,236,10.9830508474576,0.0750107991360692
"result_final_linear_1000",26.73,18.3556935509324,13.6020197894815,24.8678195035212,7556,224,11.9330357142857,0.0735184932441654
"result_final_linear_1000",14,1.39788682245279,10.6699751861042,25.1112324609406,5022,227,6.16740088105727,0.0937209302325583
"result_final_linear_1000",30.37,7.3415458678463,15.0639292127296,25.2166154677864,8436,210,14.4619047619048,0.0663837426396668
"result_final_linear_1000",11.77,6.6962801089627,10.3455553861848,25.2952319261213,4014,192,6.13020833333333,0.0966598662586424
"result_final_linear_1000",36.28,8.75254443922237,18.8453803383414,24.7633368663974,9108,165,21.9878787878788,0.0530634023854363
"result_final_linear_1000",26.97,9.66673094708912,13.6855124337087,24.7184423100898,7712,213,12.6619718309859,0.0730699712446942
"result_final_linear_1000",40.4,1.32573863881775,23.6883942766296,23.9456890281688,9244,120,33.6666666666667,0.0422147651006711
"result_final_linear_1000",8.18,4.79214477874075,9.89205145331926,25.8251434866633,3062,165,4.95757575757576,0.101091265519495
"result_final_linear_1000",29.17,11.8000040671639,14.5313173173584,24.3359447217425,8046,206,14.1601941747573,0.0688168855004941
"result_final_linear_1000",2.93,1.21414910792885,9.34740531743815,25.3791967945068,1180,72,4.06944444444444,0.106981559699186
"result_final_linear_1000",4.6,0.482639508321703,9.50767390871039,24.510285839422,1804,105,4.38095238095238,0.105178197064989
"result_final_linear_1000",24.96,8.1568905262241,13.0313976104473,25.2811785399478,7374,231,10.8051948051948,0.0767377398720685
"result_final_linear_1000",14.16,4.07326832880303,10.6947074653643,25.2429258405646,4788,225,6.29333333333333,0.0935041938490214
"result_final_linear_1000",23.45,7.20281849584965,12.5997860258415,24.8225332478769,7134,220,10.6590909090909,0.0793664271717831
"result_final_linear_1000",33.04,11.4127412403559,16.4861138467599,24.7026927640054,8740,185,17.8594594594595,0.0606571087216248
"result_final_linear_1000",43.53,0.0416777933549434,30.3814494001184,22.8309140029581,9654,102,42.6764705882353,0.0329148220293961
"result_final_linear_1000",9.41,4.24522623292162,10.038896707632,26.1946556513351,3278,182,5.17032967032967,0.0996125400154538
"result_final_linear_1000",2.07,0.247583062536788,9.26902217636981,24.6568518782877,800,49,4.22448979591837,0.107886245277239
"result_final_linear_1000",35.25,8.11161073487913,17.9986101459347,23.4566120908063,8624,158,22.3101265822785,0.0555598455598455
"result_final_linear_1000",25.12,11.1561445367063,13.0799329234209,24.2074184140618,7350,213,11.7934272300469,0.0764529914529915
"result_final_linear_1000",14.76,3.16138071060246,10.7893271226773,25.7655699586333,5260,255,5.78823529411765,0.0926841858282499
"result_final_linear_1000",21.43,4.95326069153323,12.0882502269335,24.8385251461438,6700,242,8.85537190082645,0.0827249586356119
"result_final_linear_1000",5.64,0.915636830786807,9.61326867435511,25.7026756378011,2226,137,4.11678832116788,0.104022891055532
"result_final_linear_1000",14.22,6.65725713720291,10.7040355386958,24.8764904511108,5000,236,6.02542372881356,0.0934227092562364
"result_final_linear_1000",38.84,2.08304769734066,21.5079476719651,24.8193558041828,9326,139,27.9424460431655,0.0464944408109876
"result_final_linear_1000",3.15,0.0831820440578589,9.36789669681288,25.8508355539559,1316,88,3.57954545454545,0.106747547754259
"result_final_linear_1000",35.7,7.77100519907937,18.3556951184699,25.9421893923974,8658,168,21.25,0.0544790046656298
"result_final_linear_1000",1.81,0.127712258141843,9.24584977259673,25.7906943680457,778,53,3.41509433962264,0.108156635095224
"result_final_linear_1000",19.27,7.29512915510203,11.6103145269153,25.4646662256114,6134,230,8.37826086956522,0.0861303109129194
"result_final_linear_1000",4.1,0.743861077400968,9.45852648190157,25.2447217285127,1662,100,4.1,0.105724713242961
"result_final_linear_1000",9.66,1.62142295507591,10.0697772922844,25.1863897460395,3426,172,5.61627906976744,0.0993070622094308
"result_final_linear_1000",34.2,12.0417441383019,17.2341540073337,24.9924509545277,8850,176,19.4318181818182,0.0580243161094224
"result_final_linear_1000",27.2,8.57145719031901,13.767019667171,24.8245359161409,7698,215,12.6511627906977,0.0726373626373624
"result_final_linear_1000",37.3,5.87737321110946,19.7979160088412,23.8001446810061,9224,147,25.3741496598639,0.0505103668261562
"result_final_linear_1000",36.6,10.4800761242684,19.1309595654798,23.2490708890277,9008,144,25.4166666666667,0.0522712933753943
"result_final_linear_1000",33.5,9.5315565860625,16.7717528373266,24.4058431492904,8760,178,18.8202247191011,0.059624060150376
"result_final_linear_1000",25.04,10.3935228150767,13.0555942594399,24.322183915479,7598,232,10.7931034482759,0.0765955176093915
"result_final_linear_1000",21.9,6.55303668467008,12.2012185596001,25.7548950058344,6858,244,8.97540983606557,0.0819590268886041
"result_final_linear_1000",17.58,6.40606575833576,11.2777428094469,25.2840085066157,5658,221,7.95475113122172,0.0886702256733804
"result_final_linear_1000",9.58,0.902420715195699,10.0598562559801,25.8524047673735,3552,190,5.04210526315789,0.0994049988940496
"result_final_linear_1000",2.01,0.13631738437445,9.26365346618894,24.6974654796448,838,56,3.58928571428571,0.107948770282682
"result_final_linear_1000",3.62,0.134074049596688,9.41229320885174,26.741881222277,1492,101,3.58415841584158,0.106244034031957
"result_final_linear_1000",38.27,1.5095668393812,20.8315054162589,25.1204329165501,9280,142,26.9507042253521,0.0480042118904909
"result_final_linear_1000",11.78,2.26030075832512,10.3469306373296,24.9306227628927,4172,198,5.94949494949495,0.0966470188165953
"result_final_linear_1000",2.59,0.10433470540245,9.31609299834546,23.7393843086014,944,56,4.625,0.107341135407042
"result_final_linear_1000",29.59,8.66201715891448,14.7113516224066,25.337015597464,8068,207,14.2946859903382,0.0679747195000708
"result_final_linear_1000",36.37,13.47590313781,18.9245456978854,26.2765604422345,9136,157,23.1656050955414,0.0528414269998428
"result_final_linear_1000",7.86,4.0269098369621,9.85517787237684,24.2449503720695,2850,148,5.31081081081081,0.101469502930323
"result_final_linear_1000",35.55,7.90932205900201,18.2345451973405,24.2015100221252,8802,153,23.2352941176471,0.0548409619860357
"result_final_linear_1000",1.46,0.00997658016977281,9.21502983148484,26.9997914788474,628,42,3.47619047619048,0.10851836817536
"result_final_linear_1000",39.58,3.23597014228354,22.476006249535,25.4084192725588,9508,140,28.2714285714286,0.044491890102615
"result_final_linear_1000",17.98,5.2628248057652,11.3535062705905,25.1960559786002,5894,249,7.22088353413655,0.0880785174347721
"result_final_linear_1000",37.61,6.92677256405912,20.1134788355524,25.2062563137331,9268,141,26.6737588652482,0.0497179035101779
"result_final_linear_1000",13.99,6.53105730607593,10.6684362635045,25.4403035225702,4600,208,6.72596153846154,0.0937344494826187
"result_final_linear_1000",13.09,2.0522955853871,10.5331410357407,24.5093894032642,4638,226,5.79203539823009,0.0949384420665055
"result_final_linear_1000",39.54,1.38080519714309,22.4208262256174,24.7045462330235,9392,132,29.9545454545455,0.0446013893483296
"result_final_linear_1000",10.78,2.79830942404033,10.2126782811749,25.7022409394854,3928,199,5.41708542713568,0.0979175072853618
"result_final_linear_1000",34.96,10.7965281038856,17.7782637218456,24.8024330983445,8762,156,22.4102564102564,0.0562484624846249
"result_final_linear_1000",28.5,6.52276810980792,14.2572283150548,25.1028225905933,7968,229,12.4454148471616,0.0701398601398603
"result_final_linear_1000",12.53,3.31100952098035,10.4520415357224,25.1120853142053,4386,205,6.11219512195122,0.0956750886018063
"result_final_linear_1000",3.34,2.03041813447771,9.385741751306,24.2798515676621,1340,85,3.92941176470588,0.106544589282019
"result_final_linear_1000",35.92,17.1192127612128,18.5373756074983,25.5941955901849,8880,137,26.2189781021898,0.0539450686641697
"result_final_linear_1000",42.4,0.404395918243163,27.4809160305343,23.9279416813486,9784,96,44.1666666666667,0.036388888888889
"result_final_linear_1000",21.7,18.9844295193949,12.1527238863883,24.9054826809102,6442,220,9.86363636363636,0.0822860791826311
"result_final_linear_1000",2.79,0.0761456475709124,9.3344600109467,24.7449371633913,1082,68,4.10294117647059,0.107129924904845
"result_final_linear_1000",13.47,11.6001074775095,10.5895022823786,25.1751063294733,4468,204,6.60294117647059,0.0944331445741359
"result_final_linear_1000",36.54,17.064291925273,19.0765345998918,25.4104494680193,9396,134,27.2686567164179,0.0524204223132681
"result_final_linear_1000",25.11,10.5197906159743,13.0768827812604,24.8527588271431,7360,231,10.8701298701299,0.0764708238750165
"result_final_linear_1000",24.06,8.88717145263804,12.7686047684703,25.5614188752632,7208,238,10.109243697479,0.0783170924414008
"result_final_linear_1000",28.99,8.7316542964046,14.4561389222532,25.4247579979073,8016,180,16.1055555555556,0.06917476411773
"result_final_linear_1000",21.22,6.21465568467052,12.0388764937804,25.0013375106332,6560,256,8.2890625,0.0830642294998729
"result_final_linear_1000",3.91,2.26446404816517,9.44011631905216,24.5067704294162,1496,93,4.20430107526882,0.105930898116349
"result_final_linear_1000",16.99,5.99797351003343,11.1691177459937,25.8204213116824,5566,229,7.41921397379913,0.0895325864353695
"result_final_linear_1000",31.67,10.59981282686,15.7105741153749,24.0854535652673,8498,187,16.9358288770053,0.0636513976291526
"result_final_linear_1000",28.21,7.23703934756768,14.1433046356311,24.6647474349312,7970,235,12.0042553191489,0.0707048335422762
"result_final_linear_1000",4.8,0.716782921428829,9.52762209767814,25.1253887763001,1802,108,4.44444444444444,0.104957983193277
"result_final_linear_1000",34.44,8.27871920107281,17.4009979828007,24.3875479581405,8734,175,19.68,0.0574679682733375
"result_final_linear_1000",26.89,7.35631895804261,13.6575068651809,23.9776967688248,7672,215,12.506976744186,0.0732198057721243
"result_final_linear_1000",8.91,2.56657372895249,9.97820109761308,25.8089499195638,3034,149,5.97986577181208,0.100218465254144
"result_final_linear_1000",37.95,8.57386207563625,20.4751691140076,25.3914059969235,9206,153,24.8039215686275,0.04883964544722
"result_final_linear_1000",8.62,1.30987334379125,9.94363315850182,25.7236672420523,3078,170,5.07058823529412,0.100566863646312
"result_final_linear_1000",2.04,1.1376967501041,9.26633622157478,22.1649818857484,788,51,4,0.107917517354022
"result_final_linear_1000",11.68,2.83090532856187,10.3332085361288,23.9469238836931,3998,198,5.8989898989899,0.0967753623188405
"result_final_linear_1000",44.78,0.0492030213641825,34.5946623230172,26.1896865038818,10050,94,47.6382978723404,0.0289061934081854
"result_final_linear_1000",5.17,0.603011033235368,9.56497180839797,25.4778569788988,2054,127,4.07086614173228,0.104548138774649
"result_final_linear_1000",14.6,17.2400550437182,10.7638013612301,23.9231861695673,4688,206,7.0873786407767,0.0929039812646374
"result_final_linear_1000",29.14,12.6337640788299,14.5187067163873,25.0646000432208,8302,210,13.8761904761905,0.0688766581992663
"result_final_linear_1000",5.03,1.75962817209455,9.55077083982823,25.376772953817,1800,105,4.79047619047619,0.10470359060756
"result_final_linear_1000",22.37,5.42036991251318,12.3177252748996,25.0308993882978,6986,244,9.16803278688525,0.0811838206878787
"result_final_linear_1000",28.55,3.1073900150616,14.277150564492,24.7195850436543,8082,203,14.064039408867,0.0700419874037786
"result_final_linear_1000",6.9,2.0638780440445,9.74767040100513,24.8532764977461,2560,152,4.53947368421053,0.102588614393126
"result_final_linear_1000",42.01,0.43794494231194,26.6265668763488,24.4127614948724,9600,119,35.3025210084034,0.0375564752543542
"result_final_linear_1000",29.74,7.34583559374612,14.7772683296176,25.0915085547763,8102,190,15.6526315789474,0.0676715058354684
"result_final_linear_1000",3.71,0.324027365917906,9.42089248500621,24.7930945315247,1404,85,4.36470588235294,0.106147055769031
"result_final_linear_1000",6.2,3.09573071053861,9.67209733965766,25.6033379251599,2222,123,5.04065040650407,0.103390191897655
"result_final_linear_1000",19.46,5.43212760040018,11.6498394422426,25.4580140677464,6532,261,7.45593869731801,0.0858380928731065
"result_final_linear_1000",20.54,7.32593186428201,11.8834684293961,24.783574021833,6464,230,8.9304347826087,0.0841505159828845
"result_final_linear_1000",41.5,2.45144786404314,25.601750547046,26.2712888030053,9612,123,33.739837398374,0.039059829059829
"result_final_linear_1000",20.01,5.10159039451673,11.766869180188,24.5654147983333,6218,221,9.05429864253394,0.0849843730466308
"result_final_linear_1000",15.45,4.0101393488659,10.9019405583135,25.3705388013885,5190,234,6.6025641025641,0.0917267888823178
"result_final_linear_1000",44.62,0.0205501662489548,33.9796294023806,24.9346731256114,9322,99,45.0707070707071,0.0294293968941857
"result_final_linear_1000",13.9,7.63306795309082,10.6546219527286,25.0182722902757,4644,211,6.58767772511848,0.0938559814169572
"result_final_linear_1000",23.62,4.47976835327436,12.6461141097387,24.5586727409313,6976,228,10.359649122807,0.0790756742602778
"result_final_linear_1000",9.44,1.50053889140257,10.0425833924769,24.8671100974194,3498,183,5.15846994535519,0.0995759717314491
"result_final_linear_1000",23.92,18.6515532783346,12.7292196493107,25.2693965245407,7016,220,10.8727272727273,0.0785594111461617
"result_final_linear_1000",40.9,0.949321890831674,24.5126503525508,23.6265327226077,9454,118,34.6610169491525,0.0407952622673435
"result_final_linear_1000",25.77,7.60153865036466,13.2831093534706,24.820262373861,7424,236,10.9194915254237,0.0752835780681668
"result_final_linear_1000",20.49,4.43104168853332,11.8723029370922,25.060883102798,6360,223,9.18834080717489,0.0842296566469625
"result_final_linear_1000",10.87,7.94973799524585,10.2244961169169,24.9042027043171,3768,192,5.66145833333333,0.0978043307528333
"result_final_linear_1000",22.2,3.71106060492207,12.275165667403,25.2996889906986,6810,241,9.21161825726141,0.0814652956298198
"result_final_linear_1000",5.11,0.228006675270933,9.55887537902064,25.1256517569147,2096,136,3.75735294117647,0.104614817156708
"result_final_linear_1000",26.62,3.35726421262265,13.5642722466635,24.8918835716082,7778,235,11.3276595744681,0.0737230853093484
"result_final_linear_1000",10.57,1.10793517786709,10.1853011856087,26.2660053094222,3862,224,4.71875,0.098180699988818
"result_final_linear_1000",36.98,18.1815814345158,19.4854987322986,24.9332026921014,9252,139,26.6043165467626,0.0513202158045064
"result_final_linear_1000",33.41,4.71808387130249,16.7147769773338,24.2106795010722,8870,184,18.1576086956522,0.059827301396606
"result_final_linear_1000",31.63,4.37009136314472,15.6894692154118,24.9821749918369,8518,211,14.9905213270142,0.0637370191604505
"result_final_linear_1000",5.43,0.90909638683367,9.59156972321673,25.2875207474608,2048,123,4.41463414634146,0.104258221423284
"result_final_linear_1000",41.27,0.669041321713138,25.1703595765654,25.9773755157891,9648,145,28.4620689655172,0.0397292695385663
"result_final_linear_1000",38.2,2.02200518589688,20.7521826729349,25.7438787752349,9480,165,23.1515151515152,0.0481877022653721
"result_final_linear_1000",33.22,6.71077618598255,16.596252298822,25.3898362690729,8844,207,16.048309178744,0.0602545672356993
"result_final_linear_1000",25.43,4.97873001682377,13.1756100146651,24.8581022571737,7548,223,11.4035874439462,0.0758978141343703
"result_final_linear_1000",32.08,31.8763042406543,15.9316945017827,24.5202914158849,8454,180,17.8222222222222,0.0627679623085984
"result_final_linear_1000",21.35,4.35426714214685,12.0693623877849,25.2291836306827,6624,242,8.82231404958678,0.0828544183089635
"result_final_linear_1000",29.37,10.7577737087363,14.6162282970842,23.6518119622507,8306,209,14.0526315789474,0.0684171032139318
"result_final_linear_1000",8.02,0.976184624776414,9.8735481654823,24.7039053771323,3124,185,4.33513513513514,0.101280713198521
"result_final_linear_1000",31.74,19.3345747481904,15.7477045171411,24.5384014780534,8634,179,17.731843575419,0.0635013184881338
"result_final_linear_1000",32.33,6.99308385982389,16.0709620728145,25.8381816961087,8462,185,17.4756756756757,0.0622240283729865
"result_final_linear_1000",25.74,12.1818189438246,13.2735137453974,24.6450181082739,7432,223,11.542600896861,0.0753380016159437
"result_final_linear_1000",27.84,10.2185972509497,14.0018627755355,25.6481130308733,7720,201,13.8507462686567,0.0714190687361421
"result_final_linear_1000",34.06,8.53156482114369,17.1388470135676,23.9140447954006,8644,172,19.8023255813953,0.0583469821049439
"result_final_linear_1000",2.33,0.422304766552712,9.2924353278088,24.8895101602565,924,62,3.75806451612903,0.107614415890243
"result_final_linear_1000",34.64,16.8362265036104,17.5434829289242,24.4819263201092,8868,169,20.4970414201183,0.0570012239902081
"result_final_linear_1000",40.92,1.81649137464543,24.5471165032408,24.8352091841828,9398,120,34.1,0.0407379823967502
"result_final_linear_1000",38.99,1.13992355040018,21.6955300309377,23.2910285182275,8992,131,29.763358778626,0.0460924438616621
"result_final_linear_1000",29.86,11.0736532259288,14.8306339070495,24.5382203938458,8430,222,13.4504504504505,0.0674280011405761
"result_final_linear_1000",7.82,1.94582105587057,9.8506059116459,25.4673200761317,2910,160,4.8875,0.101516597960512
"result_final_linear_1000",34.84,1.99238807899525,17.6892170702574,25.1794348881508,8608,169,20.6153846153846,0.0565316144874155
"result_final_linear_1000",2.9,0.486232264081561,9.34462515638533,25.1239803713295,1128,78,3.71794871794872,0.107013388259526
"result_final_linear_1000",22.12,3.93424149173474,12.2553030779883,24.7711822173604,6490,233,9.49356223175966,0.0815973292244478
"result_final_linear_1000",10.95,2.56879665674921,10.2350439629906,25.2013660736587,4070,218,5.02293577981651,0.0977035373385741
"result_final_linear_1000",13.64,2.7754351251853,10.6150744874379,25.2217039767619,4692,210,6.4952380952381,0.0942056507642429
"result_final_linear_1000",39.86,1.99610998626663,22.872138130372,24.6384554238931,9414,130,30.6615384615385,0.0437213169271698
"result_final_linear_1000",12.25,11.2340608930934,10.4123405517651,25.0302297177424,4126,203,6.03448275862069,0.0960398860398856
"result_final_linear_1000",26.98,7.36178583043424,13.6890255333508,24.1940340446424,7890,220,12.2636363636364,0.0730512188441524
"result_final_linear_1000",1.46,0.0498833080180198,9.21502983148484,24.565570625851,504,27,5.40740740740741,0.10851836817536
"result_final_linear_1000",11.49,2.4071936841959,10.3073214472872,25.8494041387234,4112,221,5.19909502262443,0.0970184159981924
"result_final_linear_1000",3.13,1.42466893827438,9.3660262794048,25.2727222356264,1164,75,4.17333333333333,0.106768865489832
"result_final_linear_1000",7.19,4.41360950191845,9.77966512470891,24.7029372903116,2486,137,5.24817518248175,0.102252989979528
"result_final_linear_1000",20.41,3.52956052372025,11.8545107910454,25.1572166676817,6490,239,8.53974895397489,0.0843560748837797
"result_final_concave_1000",3.68,0.685917444498678,9.10298873140803,26.2115393618511,1388,81,4.54320987654321,0.109854030308716
"result_final_concave_1000",16.55,6.2781638908511,9.4280186455082,24.3540707199368,5588,236,7.01271186440678,0.106066824600143
"result_final_concave_1000",10.21,4.43189046159092,9.19903886851752,25.1209751047959,3564,179,5.70391061452514,0.108707008883544
"result_final_concave_1000",18.95,40.3845602290239,9.56631477745031,24.6487822457833,6096,246,7.70325203252033,0.104533461762851
"result_final_concave_1000",25.94,41.3820384734151,10.2320595282479,25.2603646417481,7516,217,11.9539170506912,0.097732035006176
"result_final_concave_1000",19.32,16.8257103324331,9.59088425278068,25.0874911769656,6102,249,7.75903614457831,0.104265672866407
"result_final_concave_1000",29.37,70.3382305562775,10.7864826921917,24.1852782475291,8110,201,14.6119402985075,0.0927086269487918
"result_final_concave_1000",8.18,5.87467314023016,9.15697713885151,25.4732128572436,3036,169,4.84023668639053,0.109206344499559
"result_final_concave_1000",12.27,2.15310662293742,9.25549777087982,25.0622599259696,4432,216,5.68055555555556,0.108043891831108
"result_final_concave_1000",24.58,50.1699343240554,10.062550682247,24.4459418206822,7102,221,11.1221719457014,0.0993783814440075
"result_final_concave_1000",41.33,77.1826474422873,16.5630878882906,25.490101283755,9530,131,31.5496183206107,0.0603752154637154
"result_final_concave_1000",10.19,2.4681848635158,9.19856211532435,24.917199871124,3670,204,4.99509803921569,0.108712643069948
"result_final_concave_1000",12.68,8.58513365993381,9.26858635925839,24.4758664575216,4064,190,6.67368421052632,0.107891318183716
"result_final_concave_1000",10.38,6.5290315356376,9.20314410490917,25.3709974293383,3790,208,4.99038461538461,0.108658518067383
"result_final_concave_1000",7.01,2.23111350208311,9.13811839907862,25.6842428873626,2464,132,5.31060606060606,0.109431718470711
"result_final_concave_1000",0.74,0.201645263756004,9.09136844910712,22.748750330235,316,25,2.96,0.109994442046644
"result_final_concave_1000",33.83,372.848261176015,11.9244321214058,25.1200786600957,8750,173,19.5549132947977,0.0838614359005725
"result_final_concave_1000",18.98,11.8974593210945,9.5682721093141,25.0790078805072,6170,252,7.53174603174603,0.104512077894039
"result_final_concave_1000",37.76,211.719435900252,13.662419835839,25.4801959693378,9392,148,25.5135135135135,0.0731934761203004
"result_final_concave_1000",9.27,3.18300837746417,9.17800813722903,24.1689427061347,3330,164,5.65243902439024,0.108956103007108
"result_final_concave_1000",42.75,54.7068459318255,18.4365123171413,27.0788637767366,9372,111,38.5135135135135,0.0542401937415382
"result_final_concave_1000",21.64,12.8965038997809,9.76815353392836,24.5675629618925,6872,259,8.35521235521236,0.102373493263249
"result_final_concave_1000",10.8,3.79933681662803,9.21369798547049,25.5197175860655,3760,183,5.9016393442623,0.108534054575801
"result_final_concave_1000",33.84,59.258320964828,11.9277549477854,24.1413929710015,8956,183,18.4918032786885,0.0838380738351493
"result_final_concave_1000",12.22,8.02899218853089,9.25394584764527,25.1318081071521,4240,214,5.71028037383178,0.108062011218107
"result_final_concave_1000",27.23,42.1188734631453,10.4168852927106,24.9658042814976,7600,208,13.0913461538462,0.0959979851846663
"result_final_concave_1000",21.87,30.0586947918631,9.78812750793636,24.5767014241147,6658,234,9.34615384615385,0.102164586555415
"result_final_concave_1000",27.36,20.4792211190022,10.4369612925636,24.649519636728,7854,234,11.6923076923077,0.0958133284170083
"result_final_concave_1000",20.69,37.8081210380738,9.69044634966928,25.8153953053778,6404,219,9.44748858447489,0.103194420970519
"result_final_concave_1000",1.09,0.116710239629132,9.09191286312826,25.4937293671851,416,30,3.63333333333333,0.109987855697061
"result_final_concave_1000",29.6,33.8304831234472,10.8316781827846,24.8854230453791,8516,201,14.726368159204,0.0923217975206609
"result_final_concave_1000",26.09,28.5074692585574,10.2522757293095,25.5902204578615,7578,214,12.1915887850467,0.0975393196986666
"result_final_concave_1000",13.3,9.1097628514746,9.28964274331354,24.0740542157254,4610,222,5.99099099099099,0.107646766149298
"result_final_concave_1000",4.05,1.18066117198277,9.10565728021032,26.1477638754723,1536,90,4.5,0.109821835945148
"result_final_concave_1000",13.53,6.90177964491649,9.29785398312163,25.7458949586309,4622,214,6.32242990654206,0.10755169975946
"result_final_concave_1000",8.85,2.46194346021851,9.16949157733275,26.1202830305844,3170,169,5.23668639053254,0.109057300676521
"result_final_concave_1000",19.81,15.1772646796664,9.62489765876562,24.4583880237135,6110,230,8.61304347826087,0.103897208620112
"result_final_concave_1000",1.67,0.0886928267908613,9.09329354733203,26.442116926958,624,42,3.97619047619048,0.109971155642875
"result_final_concave_1000",28.09,82.1420525222693,10.5550877161169,24.0495503744523,8110,219,12.8264840182648,0.0947410411827339
"result_final_concave_1000",2.4,0.698863496706855,9.09590916313235,25.2749585634788,956,62,3.87096774193548,0.109939532383768
"result_final_concave_1000",39.01,89.8489620070929,14.4739763746072,24.573834436969,9186,139,28.0647482014388,0.0690895144581261
"result_final_concave_1000",31.82,86.0225276848163,11.3354816547796,24.9644246468537,8586,204,15.5980392156863,0.0882185716015297
"result_final_concave_1000",6.21,1.98226344043593,9.12728543722799,24.9973742748898,2322,138,4.5,0.109561600420782
"result_final_concave_1000",11.68,3.2793982768793,9.23778230649874,24.5747201523794,4280,217,5.38248847926267,0.108251089582021
"result_final_concave_1000",32.1,156.316977297792,11.4089661550081,25.1072916738177,8670,184,17.445652173913,0.0876503608138971
"result_final_concave_1000",36.58,283.732805714659,13.0324795434182,23.3969852790616,9114,139,26.3165467625899,0.0767313692431637
"result_final_concave_1000",37.16,114.240676071214,13.3277650697501,25.4526073192147,9298,153,24.2875816993464,0.075031334568591
"result_final_concave_1000",32.21,83.6653273545702,11.4385282541001,24.6515413216933,8718,193,16.6891191709845,0.0874238344117001
"result_final_concave_1000",17.67,16.8484278739981,9.48823760662969,25.7208638998122,5578,235,7.51914893617021,0.10539365069244
"result_final_concave_1000",12.37,8.76644779436926,9.25863024064854,24.256521859863,4290,201,6.15422885572139,0.108007337371533
"result_final_concave_1000",25.92,24.7966686049176,10.2293880710186,25.0067355460187,7514,236,10.9830508474576,0.0977575582290353
"result_final_concave_1000",26.73,93.7939494618961,10.3422245572458,24.8678195035212,7556,224,11.9330357142857,0.0966909966482401
"result_final_concave_1000",14,2.75206809536138,9.31533074714091,25.1112324609406,5022,227,6.16740088105727,0.107349918875068
"result_final_concave_1000",30.37,56.2708093658917,10.9918832600555,25.2166154677864,8436,210,14.4619047619048,0.0909762209387721
"result_final_concave_1000",11.77,11.6366731900582,9.24040128424761,25.2952319261213,4014,192,6.13020833333333,0.108220408317627
"result_final_concave_1000",36.28,171.960139829222,12.8895481629117,24.7633368663974,9108,165,21.9878787878788,0.0775822385207725
"result_final_concave_1000",26.97,50.5811100957327,10.3775638158104,24.7184423100898,7712,213,12.6619718309859,0.0963617297613224
"result_final_concave_1000",40.4,75.1881809775755,15.6124077889748,23.9456890281688,9244,120,33.6666666666667,0.0640516192964279
"result_final_concave_1000",8.18,6.92073633266316,9.15697713885151,25.8251434866633,3062,165,4.95757575757576,0.109206344499559
"result_final_concave_1000",29.17,78.2402484259448,10.7481218612237,24.3359447217425,8046,206,14.1601941747573,0.0930395108012059
"result_final_concave_1000",2.93,1.37517857566367,9.09844506980822,25.3791967945068,1180,72,4.06944444444444,0.109908890181504
"result_final_concave_1000",4.6,0.588763589209116,9.11016448657853,24.510285839422,1804,105,4.38095238095238,0.109767502164559
"result_final_concave_1000",24.96,35.1913926314358,10.1075217430663,25.2811785399478,7374,231,10.8051948051948,0.0989362205118177
"result_final_concave_1000",14.16,8.09342382775554,9.32149892533832,25.2429258405646,4788,225,6.29333333333333,0.107278883794293
"result_final_concave_1000",23.45,27.2481904108573,9.93879272442827,24.8225332478769,7134,220,10.6590909090909,0.100615842157783
"result_final_concave_1000",33.04,126.538108733306,11.6750428167729,24.7026927640054,8740,185,17.8594594594595,0.0856527908029043
"result_final_concave_1000",43.53,8.39271697848296,19.7711476326267,22.8309140029581,9654,102,42.6764705882353,0.0505787533724032
"result_final_concave_1000",9.41,6.51928012870054,9.18096545222782,26.1946556513351,3278,182,5.17032967032967,0.108921006750695
"result_final_concave_1000",2.07,0.270144952418421,9.09460311946488,24.6568518782877,800,49,4.22448979591837,0.10995532040972
"result_final_concave_1000",35.25,130.426870198245,12.4435845448087,23.4566120908063,8624,158,22.3101265822785,0.0803626958453211
"result_final_concave_1000",25.12,48.8764806983778,10.1269943137841,24.2074184140618,7350,213,11.7934272300469,0.0987459821754689
"result_final_concave_1000",14.76,6.50678996832822,9.34565239138863,25.7655699586333,5260,255,5.78823529411765,0.107001625795694
"result_final_concave_1000",21.43,15.9600451467172,9.75032145288134,24.8385251461438,6700,242,8.85537190082645,0.102560721185709
"result_final_concave_1000",5.64,1.1714396739997,9.12053077674609,25.7026756378011,2226,137,4.11678832116788,0.10964274168666
"result_final_concave_1000",14.22,13.3377458082191,9.32384116312504,24.8764904511108,5000,236,6.02542372881356,0.107251934315967
"result_final_concave_1000",38.84,74.5303429746799,14.3532896717251,24.8193558041828,9326,139,27.9424460431655,0.0696704395209082
"result_final_concave_1000",3.15,0.0951210075358517,9.09966002351234,25.8508355539559,1316,88,3.57954545454545,0.109894215543892
"result_final_concave_1000",35.7,136.072456569859,12.6303785395771,25.9421893923974,8658,168,21.25,0.0791741907708083
"result_final_concave_1000",1.81,0.137805810970015,9.09371821831901,25.7906943680457,778,53,3.41509433962264,0.109966020058278
"result_final_concave_1000",19.27,20.0577782646522,9.58750898566072,25.4646662256114,6134,230,8.37826086956522,0.104302379428861
"result_final_concave_1000",4.1,0.887224351384666,9.10604008186001,25.2447217285127,1662,100,4.1,0.109817219231451
"result_final_concave_1000",9.66,2.54966694509105,9.18639660486973,25.1863897460395,3426,172,5.61627906976744,0.10885661081407
"result_final_concave_1000",34.2,160.828538325697,12.0503294772784,24.9924509545277,8850,176,19.4318181818182,0.0829852828410674
"result_final_concave_1000",27.2,45.9912044257043,10.4122920622147,24.8245359161409,7698,215,12.6511627906977,0.0960403332930809
"result_final_concave_1000",37.3,144.026069268247,13.4030586448806,23.8001446810061,9224,147,25.3741496598639,0.0746098354484152
"result_final_concave_1000",36.6,220.049230645943,13.0422368132446,23.2490708890277,9008,144,25.4166666666667,0.0766739643145019
"result_final_concave_1000",33.5,113.539382716412,11.8171675941452,24.4058431492904,8760,178,18.8202247191011,0.0846226468426705
"result_final_concave_1000",25.04,45.1673270030535,10.1172175194449,24.322183915479,7598,232,10.7931034482759,0.0988414055621557
"result_final_concave_1000",21.9,21.9354248625944,9.79076755055128,25.7548950058344,6858,244,8.97540983606557,0.10213703826966
"result_final_concave_1000",17.58,15.7143994395062,9.483130751908,25.2840085066157,5658,221,7.95475113122172,0.105450407271755
"result_final_concave_1000",9.58,1.39784941582486,9.1846375222988,25.8524047673735,3552,190,5.04210526315789,0.108877459515649
"result_final_concave_1000",2.01,0.148356586416122,9.09438773005865,24.6974654796448,838,56,3.58928571428571,0.109957924566468
"result_final_concave_1000",3.62,0.157272800477289,9.10258297181097,26.741881222277,1492,101,3.58415841584158,0.109858927196469
"result_final_concave_1000",38.27,46.5884063528375,13.9732675192405,25.1204329165501,9280,142,26.9507042253521,0.0715652225668083
"result_final_concave_1000",11.78,3.929922705641,9.24069411140373,24.9306227628927,4172,198,5.94949494949495,0.108216978935156
"result_final_concave_1000",2.59,0.116427972670527,9.09675546063062,23.7393843086014,944,56,4.625,0.109929304390763
"result_final_concave_1000",29.59,60.3397186634539,10.8296886570521,25.337015597464,8068,207,14.2946859903382,0.0923387579890229
"result_final_concave_1000",36.37,269.707234170584,12.9317632334593,26.2765604422345,9136,157,23.1656050955414,0.0773289753258571
"result_final_concave_1000",7.86,5.72512581290298,9.15144957399468,24.2449503720695,2850,148,5.31081081081081,0.109272306197442
"result_final_concave_1000",35.55,134.836787859956,12.5667916724558,24.2015100221252,8802,153,23.2352941176471,0.0795748052537407
"result_final_concave_1000",1.46,0.0106057195039354,9.09272369507971,26.9997914788474,628,42,3.47619047619048,0.109978047671362
"result_final_concave_1000",39.58,142.498239716262,14.9060452493066,25.4084192725588,9508,140,28.2714285714286,0.0670868753767213
"result_final_concave_1000",17.98,13.2543494219405,9.50620168243741,25.1960559786002,5894,249,7.22088353413655,0.105194486021424
"result_final_concave_1000",37.61,182.047025004075,13.575762341382,25.2062563137331,9268,141,26.6737588652482,0.0736606884279179
"result_final_concave_1000",13.99,12.8495975611314,9.31494896943031,25.4403035225702,4600,208,6.72596153846154,0.107354318663665
"result_final_concave_1000",13.09,3.835736086598,9.28233663277276,24.5093894032642,4638,226,5.79203539823009,0.10773149472616
"result_final_concave_1000",39.54,60.097001117614,14.874263998085,24.7045462330235,9392,132,29.9545454545455,0.067230217248312
"result_final_concave_1000",10.78,4.61262737001831,9.21318194413059,25.7022409394854,3928,199,5.41708542713568,0.108540133698007
"result_final_concave_1000",34.96,164.650398285569,12.3292822622179,24.8024330983445,8762,156,22.4102564102564,0.0811077221473321
"result_final_concave_1000",28.5,40.1696050210894,10.6256722560263,25.1028225905933,7968,229,12.4454148471616,0.0941116925033006
"result_final_concave_1000",12.53,5.9982909674168,9.26372221746498,25.1120853142053,4386,205,6.11219512195122,0.107947969134339
"result_final_concave_1000",3.34,2.3413294091644,9.10078746887847,24.2798515676621,1340,85,3.92941176470588,0.109880601367701
"result_final_concave_1000",35.92,312.906065697211,12.726136003226,25.5941955901849,8880,137,26.2189781021898,0.0785784467293534
"result_final_concave_1000",42.4,48.3484033975102,17.916637865487,23.9279416813486,9784,96,44.1666666666667,0.0558140432098765
"result_final_concave_1000",21.7,62.384829371402,9.77331901396585,24.9054826809102,6442,220,9.86363636363636,0.102319385929286
"result_final_concave_1000",2.79,0.0900213991059658,9.09772190428573,24.7449371633913,1082,68,4.10294117647059,0.109917626689482
"result_final_concave_1000",13.47,22.1520838498224,9.29569060958211,25.1751063294733,4468,204,6.60294117647059,0.107576730121503
"result_final_concave_1000",36.54,353.799775410171,13.0130522170239,25.4104494680193,9396,134,27.2686567164179,0.0768459223341764
"result_final_concave_1000",25.11,46.0080791437281,10.1257677582569,24.8527588271431,7360,231,10.8701298701299,0.0987579434837981
"result_final_concave_1000",24.06,35.414008208083,10.0038080809628,25.5614188752632,7208,238,10.109243697479,0.0999619336863324
"result_final_concave_1000",28.99,56.7245018058453,10.714323847532,25.4247579979073,8016,180,16.1055555555556,0.0933330011515702
"result_final_concave_1000",21.22,19.6866864984954,9.73286756329384,25.0013375106332,6560,256,8.2890625,0.102744642675645
"result_final_concave_1000",3.91,2.67805136640499,9.10461367833315,24.5067704294162,1496,93,4.20430107526882,0.109834424098605
"result_final_concave_1000",16.99,14.1914075617206,9.45082665627931,25.8204213116824,5566,229,7.41921397379913,0.105810849819744
"result_final_concave_1000",31.67,96.3089069776445,11.2971282972761,24.0854535652673,8498,187,16.9358288770053,0.0885180705826909
"result_final_concave_1000",28.21,43.1024789587152,10.5754192499001,24.6647474349312,7970,235,12.0042553191489,0.0945588989305976
"result_final_concave_1000",4.8,0.882365617590044,9.11196762133955,25.1253887763001,1802,108,4.44444444444444,0.109745780665207
"result_final_concave_1000",34.44,115.411935608363,12.1353543797996,24.3875479581405,8734,175,19.68,0.0824038564266892
"result_final_concave_1000",26.89,38.1506215526684,10.3656833634099,23.9776967688248,7672,215,12.506976744186,0.096472173125597
"result_final_concave_1000",8.91,3.84343793079935,9.17067598241156,25.8089499195638,3034,149,5.97986577181208,0.109043215780156
"result_final_concave_1000",37.95,245.959384503925,13.775222200984,25.3914059969235,9206,153,24.8039215686275,0.0725941103097827
"result_final_concave_1000",8.62,1.93328833141093,9.16504939259099,25.7236672420523,3078,170,5.07058823529412,0.109110159385327
"result_final_concave_1000",2.04,1.23977094865158,9.0944945821456,22.1649818857484,788,51,4,0.109956632660292
"result_final_concave_1000",11.68,4.90021148800173,9.23778230649874,23.9469238836931,3998,198,5.8989898989899,0.108251089582021
"result_final_concave_1000",44.78,19.7473024517722,22.6050281645047,26.1896865038818,10050,94,47.6382978723404,0.0442379453244937
"result_final_concave_1000",5.17,0.754949930944773,9.11553993515531,25.4778569788988,2054,127,4.07086614173228,0.109702772091795
"result_final_concave_1000",14.6,35.1668199969774,9.33905094889232,23.9231861695673,4688,206,7.0873786407767,0.107077261434001
"result_final_concave_1000",29.14,83.4739915555403,10.7424415471462,25.0646000432208,8302,210,13.8761904761905,0.0930887075914001
"result_final_concave_1000",5.03,2.18892825544568,9.11415179571059,25.376772953817,1800,105,4.79047619047619,0.109719480475477
"result_final_concave_1000",22.37,18.7741116947753,9.83320155562888,25.0308993882978,6986,244,9.16803278688525,0.101696278098517
"result_final_concave_1000",28.55,19.2514062478743,10.6344997388559,24.7195850436543,8082,203,14.064039408867,0.0940335722936022
"result_final_concave_1000",6.9,2.80150205059651,9.13653247931512,24.8532764977461,2560,152,4.53947368421053,0.109450713633862
"result_final_concave_1000",42.01,44.474882154343,17.3854515811253,24.4127614948724,9600,119,35.3025210084034,0.0575193572242702
"result_final_concave_1000",29.74,52.1956315749417,10.8597694907556,25.0915085547763,8102,190,15.6526315789474,0.0920829858176319
"result_final_concave_1000",3.71,0.379812234358276,9.10319441389037,24.7930945315247,1404,85,4.36470588235294,0.10985154820753
"result_final_concave_1000",6.2,4.06537029699838,9.12716014906465,25.6033379251599,2222,123,5.04065040650407,0.109563104368502
"result_final_concave_1000",19.46,15.1362072846362,9.60042803102113,25.4580140677464,6532,261,7.45593869731801,0.104162022439914
"result_final_concave_1000",20.54,22.161005319612,9.6788516599859,24.783574021833,6464,230,8.9304347826087,0.103318041760489
"result_final_concave_1000",41.5,204.143903732646,16.757458164502,26.2712888030053,9612,123,33.739837398374,0.0596749214697931
"result_final_concave_1000",20.01,14.7811868415451,9.63928038392116,24.5654147983333,6218,221,9.05429864253394,0.103742184081299
"result_final_concave_1000",15.45,8.60241503368055,9.37550707830077,25.3705388013885,5190,234,6.6025641025641,0.106660897554486
"result_final_concave_1000",44.62,7.4967226039035,22.1809266839895,24.9346731256114,9322,99,45.0707070707071,0.0450837791516535
"result_final_concave_1000",13.9,14.9399733326991,9.31153259616086,25.0182722902757,4644,211,6.58767772511848,0.107393706639904
"result_final_concave_1000",23.62,17.1909191254021,9.95650393968284,24.5586727409313,6976,228,10.359649122807,0.100436860775435
"result_final_concave_1000",9.44,2.31964596236973,9.18160697897972,24.8671100974194,3498,183,5.15846994535519,0.108913396346564
"result_final_concave_1000",23.92,73.5655680034702,9.98852381289497,25.2693965245407,7016,220,10.8727272727273,0.100114893725239
"result_final_concave_1000",40.9,63.6695076626851,16.101233542358,23.6265327226077,9454,118,34.6610169491525,0.0621070427535425
"result_final_concave_1000",25.77,35.3471041823859,10.2095301377552,24.820262373861,7424,236,10.9194915254237,0.0979477004825095
"result_final_concave_1000",20.49,13.3037895890804,9.67502612464689,25.060883102798,6360,223,9.18834080717489,0.103358894034666
"result_final_concave_1000",10.87,13.1658930980061,9.21551487269403,24.9042027043171,3768,192,5.66145833333333,0.108512656516137
"result_final_concave_1000",22.2,12.7100625911073,9.81761748526102,25.2996889906986,6810,241,9.21161825726141,0.101857706465064
"result_final_concave_1000",5.11,0.284798102679074,9.11493954704483,25.1256517569147,2096,136,3.75735294117647,0.109709998057443
"result_final_concave_1000",26.62,16.9474391619902,10.3263269454099,24.8918835716082,7778,235,11.3276595744681,0.0968398546052723
"result_final_concave_1000",10.57,1.8063371148086,9.2078452540725,26.2660053094222,3862,224,4.71875,0.108603041472457
"result_final_concave_1000",36.98,414.312604430141,13.2333195621772,24.9332026921014,9252,139,26.6043165467626,0.0755668292677031
"result_final_concave_1000",33.41,55.4538934069474,11.7886989152384,24.2106795010722,8870,184,18.1576086956522,0.08482700314853
"result_final_concave_1000",31.63,39.4903487399285,11.287017263771,24.9821749918369,8518,211,14.9905213270142,0.0885973660383947
"result_final_concave_1000",5.43,1.15184184638922,9.11823729460493,25.2875207474608,2048,123,4.41463414634146,0.10967031978776
"result_final_concave_1000",41.27,51.1732620649824,16.4961393644808,25.9773755157891,9648,145,28.4620689655172,0.0606202444041654
"result_final_concave_1000",38.2,61.2929357553544,13.9290512793207,25.7438787752349,9480,165,23.1515151515152,0.071792398487657
"result_final_concave_1000",33.22,76.4830968399423,11.7296660316638,25.3898362690729,8844,207,16.048309178744,0.0852539191909247
"result_final_concave_1000",25.43,22.43033052064,10.1656586387641,24.8581022571737,7548,223,11.4035874439462,0.0983704091918609
"result_final_concave_1000",32.08,306.826596870726,11.4036338116008,24.5202914158849,8454,180,17.8222222222222,0.08769134615518
"result_final_concave_1000",21.35,13.9299313322544,9.74362819352305,25.2291836306827,6624,242,8.82231404958678,0.102631173946553
"result_final_concave_1000",29.37,73.0158016771827,10.7864826921917,23.6518119622507,8306,209,14.0526315789474,0.0927086269487918
"result_final_concave_1000",8.02,1.39878512981126,9.15417774292849,24.7039053771323,3124,185,4.33513513513514,0.109239740376736
"result_final_concave_1000",31.74,177.378294872176,11.3149401814415,24.5384014780534,8634,179,17.731843575419,0.0883787261765799
"result_final_concave_1000",32.33,69.7441586471988,11.4712358584662,25.8381816961087,8462,185,17.4756756756757,0.087174565350948
"result_final_concave_1000",25.74,56.4837223008475,10.2055959472861,24.6450181082739,7432,223,11.542600896861,0.0979854586802374
"result_final_concave_1000",27.84,58.6038707672184,10.5135758335741,25.6481130308733,7720,201,13.8507462686567,0.0951151174281347
"result_final_concave_1000",34.06,112.240404437911,12.0019696542822,23.9140447954006,8644,172,19.8023255813953,0.0833196574233304
"result_final_concave_1000",2.33,0.465977566541033,9.09561484082414,24.8895101602565,924,62,3.75806451612903,0.109943089884553
"result_final_concave_1000",34.64,242.57443352775,12.2083281740485,24.4819263201092,8868,169,20.4970414201183,0.0819112974146387
"result_final_concave_1000",40.92,122.677370256944,16.1218218576777,24.8352091841828,9398,120,34.1,0.0620277291752712
"result_final_concave_1000",38.99,44.7528021505737,14.4595923954516,23.2910285182275,8992,131,29.763358778626,0.0691582426842516
"result_final_concave_1000",29.86,79.7205280944428,10.8842057599971,24.5382203938458,8430,222,13.4504504504505,0.0918762491311324
"result_final_concave_1000",7.82,2.76101315325916,9.15077856727383,25.4673200761317,2910,160,4.8875,0.109280318898364
"result_final_concave_1000",34.84,29.7350775237612,12.2833044670572,25.1794348881508,8608,169,20.6153846153846,0.0814113175067765
"result_final_concave_1000",2.9,0.549965512938548,9.09828685010221,25.1239803713295,1128,78,3.71794871794872,0.109910801503117
"result_final_concave_1000",22.12,13.3593590561829,9.8103768997176,24.7711822173604,6490,233,9.49356223175966,0.101932882928156
"result_final_concave_1000",10.95,4.27579398126346,9.21761186466531,25.2013660736587,4070,218,5.02293577981651,0.108487970060162
"result_final_concave_1000",13.64,5.35170382926082,9.30185959524763,25.2217039767619,4692,210,6.4952380952381,0.107505385322189
"result_final_concave_1000",39.86,95.5613297834401,15.1351504532427,24.6384554238931,9414,130,30.6615384615385,0.0660713617013137
"result_final_concave_1000",12.25,20.0395318141323,9.25487586021945,25.0302297177424,4126,203,6.03448275862069,0.108051152182206
"result_final_concave_1000",26.98,38.537574675169,10.379056026101,24.1940340446424,7890,220,12.2636363636364,0.0963478757109726
"result_final_concave_1000",1.46,0.053029101176786,9.09272369507971,24.565570625851,504,27,5.40740740740741,0.109978047671362
"result_final_concave_1000",11.49,4.12038814600948,9.23234997088842,25.8494041387234,4112,221,5.19909502262443,0.10831478476804
"result_final_concave_1000",3.13,1.62771926936029,9.09954557734094,25.2727222356264,1164,75,4.17333333333333,0.109895597697772
"result_final_concave_1000",7.19,6.07471294142729,9.14078133034198,24.7029372903116,2486,137,5.24817518248175,0.109399838357427
"result_final_concave_1000",20.41,10.5279422926259,9.66894582946964,25.1572166676817,6490,239,8.53974895397489,0.103423891046337
"result_final_convex_1000",3.68,0.107738160159838,12.8048828016202,26.2115393618511,1388,81,4.54320987654321,0.0780952091083153
"result_final_convex_1000",16.55,4.9567531972829e-07,42.1368501138585,24.3540707199368,5588,236,7.01271186440678,0.0237321963387839
"result_final_convex_1000",10.21,0.00298185608321539,23.8071096466634,25.1209751047959,3564,179,5.70391061452514,0.0420042590151279
"result_final_convex_1000",18.95,4.1803906254922e-08,50.9419224659215,24.6487822457833,6096,246,7.70325203252033,0.0196301975189289
"result_final_convex_1000",25.94,1.38625983919078e-13,76.8913062856728,25.2603646417481,7516,217,11.9539170506912,0.0130053714562309
"result_final_convex_1000",19.32,8.70751873586248e-09,52.354855188952,25.0874911769656,6102,249,7.75903614457831,0.0191004252879878
"result_final_convex_1000",29.37,2.54125013637704e-15,86.5052934991651,24.1852782475291,8110,201,14.6119402985075,0.0115599862106664
"result_final_convex_1000",8.18,0.031227894467602,19.6311650430509,25.4732128572436,3036,169,4.84023668639053,0.0509394117876862
"result_final_convex_1000",12.27,0.000118610951353658,28.8686446363374,25.0622599259696,4432,216,5.68055555555556,0.0346396587923385
"result_final_convex_1000",24.58,1.54366092399668e-12,72.286162907982,24.4459418206822,7102,221,11.1221719457014,0.0138339062383622
"result_final_convex_1000",41.33,9.04838789897725e-17,99.1372234599139,25.490101283755,9530,131,31.5496183206107,0.0100870285156246
"result_final_convex_1000",10.19,0.00169197637904429,23.7621506935015,24.917199871124,3670,204,4.99509803921569,0.0420837327773315
"result_final_convex_1000",12.68,0.000273102396251387,29.9799779905518,24.4758664575216,4064,190,6.67368421052632,0.0333555948678532
"result_final_convex_1000",10.38,0.00358352979621625,24.1924377890165,25.3709974293383,3790,208,4.99038461538461,0.041335230815557
"result_final_convex_1000",7.01,0.0323391594786104,17.5586985995713,25.6842428873626,2464,132,5.31060606060606,0.0569518289940016
"result_final_convex_1000",0.74,0.145394879993689,9.74548181383504,22.748750330235,316,25,2.96,0.102611653184798
"result_final_convex_1000",33.83,4.74998307775944e-16,94.333192558373,25.1200786600957,8750,173,19.5549132947977,0.0106007225333883
"result_final_convex_1000",18.98,1.16542966016285e-08,51.0560899443294,25.0790078805072,6170,252,7.53174603174603,0.0195863020668128
"result_final_convex_1000",37.76,1.16571421655133e-16,97.7389182584232,25.4801959693378,9392,148,25.5135135135135,0.0102313389366146
"result_final_convex_1000",9.27,0.00584380006675712,21.7776909599689,24.1689427061347,3330,164,5.65243902439024,0.0459185504027112
"result_final_convex_1000",42.75,1.41190216440868e-16,99.4329928483448,27.0788637767366,9372,111,38.5135135135135,0.0100570240455821
"result_final_convex_1000",21.64,8.20005592786526e-11,61.3306281567316,24.5675629618925,6872,259,8.35521235521236,0.0163050669796579
"result_final_convex_1000",10.8,0.00130300876626263,25.1689985577913,25.5197175860655,3760,183,5.9016393442623,0.0397314179069886
"result_final_convex_1000",33.84,7.51599484440279e-17,94.3453910628373,24.1413929710015,8956,183,18.4918032786885,0.0105993518998079
"result_final_convex_1000",12.22,0.000459538679384792,28.7355021047556,25.1318081071521,4240,214,5.71028037383178,0.0348001575317699
"result_final_convex_1000",27.23,2.114309968129e-14,80.8693797353667,24.9658042814976,7600,208,13.0913461538462,0.0123656197595722
"result_final_convex_1000",21.87,1.23888145788258e-10,62.2177117235141,24.5767014241147,6658,234,9.34615384615385,0.0160725936762806
"result_final_convex_1000",27.36,8.60487265640162e-15,81.2469710272834,24.649519636728,7854,234,11.6923076923077,0.0123081511514342
"result_final_convex_1000",20.69,1.45727594569484e-09,57.6487079573661,25.8153953053778,6404,219,9.44748858447489,0.0173464425384789
"result_final_convex_1000",1.09,0.0717984023047925,10.0635767013688,25.4937293671851,416,30,3.63333333333333,0.0993682494479308
"result_final_convex_1000",29.6,9.36302568301515e-16,87.0362070044209,24.8854230453791,8516,201,14.726368159204,0.0114894712719869
"result_final_convex_1000",26.09,7.57654628482355e-14,77.3746336327177,25.5902204578615,7578,214,12.1915887850467,0.0129241322775989
"result_final_convex_1000",13.3,0.0001221084576135,31.7267861543635,24.0740542157254,4610,222,5.99099099099099,0.0315191080223065
"result_final_convex_1000",4.05,0.147974089305012,13.258578764216,26.1477638754723,1536,90,4.5,0.0754228652846964
"result_final_convex_1000",13.53,6.65995980104167e-05,32.3950177217704,25.7458949586309,4622,214,6.32242990654206,0.030868944372516
"result_final_convex_1000",8.85,0.00689568590084942,20.9249607623293,26.1202830305844,3170,169,5.23668639053254,0.0477898148225098
"result_final_convex_1000",19.81,3.11244228077409e-09,54.2398256794199,24.4583880237135,6110,230,8.61304347826087,0.0184366374241396
"result_final_convex_1000",1.67,0.0302114902402492,10.6163235446292,26.442116926958,624,42,3.97619047619048,0.0941945670547974
"result_final_convex_1000",28.09,1.3214159044933e-14,83.2840007200823,24.0495503744523,8110,219,12.8264840182648,0.0120071081042444
"result_final_convex_1000",2.4,0.225289320182396,11.3600491546934,25.2749585634788,956,62,3.87096774193548,0.0880277881180514
"result_final_convex_1000",39.01,5.46029658365507e-17,98.3629187262474,24.573834436969,9186,139,28.0647482014388,0.0101664327670378
"result_final_convex_1000",31.82,3.49253237851169e-16,91.4250646749435,24.9644246468537,8586,204,15.5980392156863,0.0109379195251919
"result_final_convex_1000",6.21,0.0557326907657404,16.270140915489,24.9973742748898,2322,138,4.5,0.0614622826682472
"result_final_convex_1000",11.68,0.000386332996473036,27.3305133087585,24.5747201523794,4280,217,5.38248847926267,0.0365891408149855
"result_final_convex_1000",32.1,5.22764661765509e-16,91.8875000935346,25.1072916738177,8670,184,17.445652173913,0.0108828730674148
"result_final_convex_1000",36.58,1.6788403381037e-16,96.974920422795,23.3969852790616,9114,139,26.3165467625899,0.010311944527927
"result_final_convex_1000",37.16,6.41715550492346e-17,97.3738770278317,25.4526073192147,9298,153,24.2875816993464,0.0102696948147004
"result_final_convex_1000",32.21,2.59992722189062e-16,92.0638690743047,24.6515413216933,8718,193,16.6891191709845,0.0108620244842513
"result_final_convex_1000",17.67,1.83937584644347e-07,46.1540909667183,25.7208638998122,5578,235,7.51914893617021,0.0216665517412335
"result_final_convex_1000",12.37,0.000423039993529847,29.1364848504164,24.256521859863,4290,201,6.15422885572139,0.0343212300706105
"result_final_convex_1000",25.92,8.57057540898482e-14,76.8264692106664,25.0067355460187,7514,236,10.9830508474576,0.0130163472338927
"result_final_convex_1000",26.73,9.56341056148681e-14,79.3764665342869,24.8678195035212,7556,224,11.9330357142857,0.0125981924323634
"result_final_convex_1000",14,1.33063781011158e-05,33.7942960167168,25.1112324609406,5022,227,6.16740088105727,0.0295907924670287
"result_final_convex_1000",30.37,7.48461443135181e-16,88.7078858267864,25.2166154677864,8436,210,14.4619047619048,0.0112729549428405
"result_final_convex_1000",11.77,0.00122357878798555,27.5604989843655,25.2952319261213,4014,192,6.13020833333333,0.0362838133143845
"result_final_convex_1000",36.28,1.06046345088392e-16,96.7493800556508,24.7633368663974,9108,165,21.9878787878788,0.0103359835424764
"result_final_convex_1000",26.97,3.65779231316267e-14,80.1010390326419,24.7184423100898,7712,213,12.6619718309859,0.0124842325652292
"result_final_convex_1000",40.4,6.24297742540786e-17,98.877298593936,23.9456890281688,9244,120,33.6666666666667,0.0101135449109178
"result_final_convex_1000",8.18,0.0367874762810594,19.6311650430509,25.8251434866633,3062,165,4.95757575757576,0.0509394117876862
"result_final_convex_1000",29.17,3.51357825926068e-15,86.0317543893039,24.3359447217425,8046,206,14.1601941747573,0.0116236151069857
"result_final_convex_1000",2.93,0.33277872009503,11.9356556742104,25.3791967945068,1180,72,4.06944444444444,0.083782577790068
"result_final_convex_1000",4.6,0.0519673001995073,13.9649845825146,24.510285839422,1804,105,4.38095238095238,0.071607669460093
"result_final_convex_1000",24.96,5.7127170864356e-13,73.6109462084842,25.2811785399478,7374,231,10.8051948051948,0.0135849360931696
"result_final_convex_1000",14.16,3.07797191306601e-05,34.2809067234128,25.2429258405646,4788,225,6.29333333333333,0.0291707570067577
"result_final_convex_1000",23.45,6.08247680163035e-12,68.1999444849153,24.8225332478769,7134,220,10.6590909090909,0.0146627685337953
"result_final_convex_1000",33.04,2.38305728404142e-16,93.3012187294705,24.7026927640054,8740,185,17.8594594594595,0.0107179736086784
"result_final_convex_1000",43.53,3.97444253397445e-17,99.5539998632726,22.8309140029581,9654,102,42.6764705882353,0.0100447998209354
"result_final_convex_1000",9.41,0.0103643073715305,22.0692466609932,26.1946556513351,3278,182,5.17032967032967,0.0453119227566328
"result_final_convex_1000",2.07,0.103311181583403,11.0169971634342,24.6568518782877,800,49,4.22448979591837,0.09076883520666
"result_final_convex_1000",35.25,1.00110631583841e-16,95.8657144678229,23.4566120908063,8624,158,22.3101265822785,0.0104312579899005
"result_final_convex_1000",25.12,6.08022196612529e-13,74.1603457907297,24.2074184140618,7350,213,11.7934272300469,0.0134842952704382
"result_final_convex_1000",14.76,9.8305657517578e-06,36.1513729967678,25.7655699586333,5260,255,5.78823529411765,0.0276614666914423
"result_final_convex_1000",21.43,1.50631103767263e-10,60.5186355547468,24.8385251461438,6700,242,8.85537190082645,0.0165238358537574
"result_final_convex_1000",5.64,0.0504213687880173,15.4116781623329,25.7026756378011,2226,137,4.11678832116788,0.0648858605446396
"result_final_convex_1000",14.22,4.58142311329343e-05,34.4647186069836,24.8764904511108,5000,236,6.02542372881356,0.0290151795928886
"result_final_convex_1000",38.84,4.42735942036342e-17,98.287890091062,24.8193558041828,9326,139,27.9424460431655,0.0101741933728918
"result_final_convex_1000",3.15,0.0203497117516826,12.1838262181331,25.8508355539559,1316,88,3.57954545454545,0.0820760229255164
"result_final_convex_1000",35.7,9.35060093482301e-17,96.2734796295407,25.9421893923974,8658,168,21.25,0.0103870765225064
"result_final_convex_1000",1.81,0.0600604007843218,10.7547078016902,25.7906943680457,778,53,3.41509433962264,0.0929825355034603
"result_final_convex_1000",19.27,1.14039851023525e-08,52.1633320905901,25.4646662256114,6134,230,8.37826086956522,0.0191705544857322
"result_final_convex_1000",4.1,0.107825957653911,13.3211964157909,25.2447217285127,1662,100,4.1,0.0750683323619944
"result_final_convex_1000",9.66,0.00300666889134362,22.5991094018446,25.1863897460395,3426,172,5.61627906976744,0.0442495313518141
"result_final_convex_1000",34.2,1.75321585848563e-16,94.7707196136468,24.9924509545277,8850,176,19.4318181818182,0.0105517822812438
"result_final_convex_1000",27.2,2.40217066734464e-14,80.7816171609707,24.8245359161409,7698,215,12.6511627906977,0.0123790539870889
"result_final_convex_1000",37.3,8.0218204546899e-17,97.4632255235531,23.8001446810061,9224,147,25.3741496598639,0.0102602801685271
"result_final_convex_1000",36.6,1.29897539268944e-16,96.9894782400173,23.2490708890277,9008,144,25.4166666666667,0.0103103967373175
"result_final_convex_1000",33.5,1.68618347418859e-16,93.9187079500249,24.4058431492904,8760,178,18.8202247191011,0.010647505931748
"result_final_convex_1000",25.04,6.42015647735522e-13,73.8862870198409,24.322183915479,7598,232,10.7931034482759,0.0135343111737563
"result_final_convex_1000",21.9,8.50532640018957e-11,62.333214658712,25.7548950058344,6858,244,8.97540983606557,0.0160428112921052
"result_final_convex_1000",17.58,2.01755105687008e-07,45.8246429779372,25.2840085066157,5658,221,7.95475113122172,0.0218223194991713
"result_final_convex_1000",9.58,0.00186056337369272,22.4282592663875,25.8524047673735,3552,190,5.04210526315789,0.0445866078201917
"result_final_convex_1000",2.01,0.0584918154156792,10.9558515431437,24.6974654796448,838,56,3.58928571428571,0.0912754244671937
"result_final_convex_1000",3.62,0.0249124117763906,12.7328929413571,26.741881222277,1492,101,3.58415841584158,0.0785367476665062
"result_final_convex_1000",38.27,2.62293173135016e-17,98.0144077306722,25.1204329165501,9280,142,26.9507042253521,0.0102025816729704
"result_final_convex_1000",11.78,0.000408051759367171,27.5861558946044,24.9306227628927,4172,198,5.94949494949495,0.0362500670198703
"result_final_convex_1000",2.59,0.033927549181663,11.5628464143952,23.7393843086014,944,56,4.625,0.0864838954148044
"result_final_convex_1000",29.59,1.72724687486777e-15,87.0134272254242,25.337015597464,8068,207,14.2946859903382,0.0114924791711665
"result_final_convex_1000",36.37,1.64097990453356e-16,96.8184705045269,26.2765604422345,9136,157,23.1656050955414,0.0103286077004619
"result_final_convex_1000",7.86,0.0407605885405847,19.0412534943491,24.2449503720695,2850,148,5.31081081081081,0.0525175509215699
"result_final_convex_1000",35.55,9.56689002506338e-17,96.1414246057313,24.2015100221252,8802,153,23.2352941176471,0.0104013436882273
"result_final_convex_1000",1.46,0.00548243866443355,10.4124105305053,26.9997914788474,628,42,3.47619047619048,0.096039240584137
"result_final_convex_1000",39.58,9.5750180867828e-17,98.5942326014836,25.4084192725588,9508,140,28.2714285714286,0.0101425810984501
"result_final_convex_1000",17.98,8.24575373459913e-08,47.296805579598,25.1960559786002,5894,249,7.22088353413655,0.021143076952989
"result_final_convex_1000",37.61,1.00754336866731e-16,97.6519583726166,25.2062563137331,9268,141,26.6737588652482,0.0102404500295246
"result_final_convex_1000",13.99,6.30715646661362e-05,33.7640550125481,25.4403035225702,4600,208,6.72596153846154,0.0296172956603808
"result_final_convex_1000",13.09,6.9264899838568e-05,31.1262034734789,24.5093894032642,4638,226,5.79203539823009,0.0321272718290893
"result_final_convex_1000",39.54,4.00498072741848e-17,98.5789749107335,24.7045462330235,9392,132,29.9545454545455,0.0101441509298056
"result_final_convex_1000",10.78,0.00161970136044696,25.1216965838983,25.7022409394854,3928,199,5.41708542713568,0.0398062287178864
"result_final_convex_1000",34.96,1.37396828278774e-16,95.5840044360883,24.8024330983445,8762,156,22.4102564102564,0.0104620015231591
"result_final_convex_1000",28.5,3.89275963586919e-15,84.3648916499568,25.1028225905933,7968,229,12.4454148471616,0.0118532719054409
"result_final_convex_1000",12.53,0.000233710937017896,29.5693449633125,25.1120853142053,4386,205,6.11219512195122,0.0338188079999989
"result_final_convex_1000",3.34,0.449233324437687,12.4026509904715,24.2798515676621,1340,85,3.92941176470588,0.0806279238824235
"result_final_convex_1000",35.92,2.05449625369337e-16,96.4603751814387,25.5941955901849,8880,137,26.2189781021898,0.0103669511767815
"result_final_convex_1000",42.4,9.91380126159541e-17,99.369902223167,23.9279416813486,9784,96,44.1666666666667,0.0100634093183888
"result_final_convex_1000",21.7,3.54198314037985e-10,61.5622903650185,24.9054826809102,6442,220,9.86363636363636,0.0162437101360386
"result_final_convex_1000",2.79,0.0135038418147925,11.780586746715,24.7449371633913,1082,68,4.10294117647059,0.0848854154296558
"result_final_convex_1000",13.47,0.000233095690700552,32.2196454166612,25.1751063294733,4468,204,6.60294117647059,0.0310369647793482
"result_final_convex_1000",36.54,2.10392042008406e-16,96.9456277712172,25.4104494680193,9396,134,27.2686567164179,0.010315060338357
"result_final_convex_1000",25.11,5.8253916833933e-13,74.1261591984154,24.8527588271431,7360,231,10.8701298701299,0.0134905141560522
"result_final_convex_1000",24.06,2.67610198763821e-12,70.4310457421263,25.5614188752632,7208,238,10.109243697479,0.0141982841439181
"result_final_convex_1000",28.99,3.11280905379205e-15,85.5961160598881,25.4247579979073,8016,180,16.1055555555556,0.0116827730746608
"result_final_convex_1000",21.22,2.77207671246907e-10,59.705170939752,25.0013375106332,6560,256,8.2890625,0.0167489680417981
"result_final_convex_1000",3.91,0.366021829376485,13.0849171427778,24.5067704294162,1496,93,4.20430107526882,0.0764238694894563
"result_final_convex_1000",16.99,5.19120209108969e-07,43.6927722840258,25.8204213116824,5566,229,7.41921397379913,0.0228870805793571
"result_final_convex_1000",31.67,4.36167345870716e-16,91.1692576412498,24.0854535652673,8498,187,16.9358288770053,0.0109686096593546
"result_final_convex_1000",28.21,5.97107332104592e-15,83.6051118715569,24.6647474349312,7970,235,12.0042553191489,0.011960991111839
"result_final_convex_1000",4.8,0.06821988705304,14.2316721285043,25.1253887763001,1802,108,4.44444444444444,0.0702658121245726
"result_final_convex_1000",34.44,1.14506587855139e-16,95.0396676077051,24.3875479581405,8734,175,19.68,0.0105219223211901
"result_final_convex_1000",26.89,3.09535623036148e-14,79.8611361508129,23.9776967688248,7672,215,12.506976744186,0.0125217352043622
"result_final_convex_1000",8.91,0.0101450476669381,21.0447835724376,25.8089499195638,3034,149,5.97986577181208,0.0475177136679943
"result_final_convex_1000",37.95,1.35387851995325e-16,97.8451265466375,25.3914059969235,9206,153,24.8039215686275,0.0102202330897222
"result_final_convex_1000",8.62,0.00677771228656527,20.4717253397786,25.7236672420523,3078,170,5.07058823529412,0.0488478613015045
"result_final_convex_1000",2.04,0.481420140971846,10.9863777019531,22.1649818857484,788,51,4,0.0910218114767914
"result_final_convex_1000",11.68,0.000575827873473874,27.3305133087585,23.9469238836931,3998,198,5.8989898989899,0.0365891408149855
"result_final_convex_1000",44.78,3.58394878433414e-16,99.7008543932678,26.1896865038818,10050,94,47.6382978723404,0.0100300043172702
"result_final_convex_1000",5.17,0.0453661618113223,14.7393098108063,25.4778569788988,2054,127,4.07086614173228,0.0678457819827383
"result_final_convex_1000",14.6,6.81176251323204e-05,35.6455976305145,23.9231861695673,4688,206,7.0873786407767,0.0280539552279507
"result_final_convex_1000",29.14,3.87525089406878e-15,85.9597699598932,25.0646000432208,8302,210,13.8761904761905,0.0116333489545933
"result_final_convex_1000",5.03,0.144854643607077,14.5450248760113,25.376772953817,1800,105,4.79047619047619,0.0687520309194707
"result_final_convex_1000",22.37,3.03393389971525e-11,64.1351843959261,25.0308993882978,6986,244,9.16803278688525,0.0155920655630565
"result_final_convex_1000",28.55,1.75483109742789e-15,84.4935573163155,24.7195850436543,8082,203,14.064039408867,0.0118352219004857
"result_final_convex_1000",6.9,0.0455318629575902,17.3755297446528,24.8532764977461,2560,152,4.53947368421053,0.0575522021311461
"result_final_convex_1000",42.01,7.28165068868171e-17,99.2924179566304,24.4127614948724,9600,119,35.3025210084034,0.0100712624445986
"result_final_convex_1000",29.74,1.27749995748346e-15,87.3522321902843,25.0915085547763,8102,190,15.6526315789474,0.0114479043628976
"result_final_convex_1000",3.71,0.0586010974851981,12.8410415852286,24.7930945315247,1404,85,4.36470588235294,0.0778753026662827
"result_final_convex_1000",6.2,0.115178155592811,16.2546618129941,25.6033379251599,2222,123,5.04065040650407,0.0615208123986063
"result_final_convex_1000",19.46,6.01644801033399e-09,52.8919971210466,25.4580140677464,6532,261,7.45593869731801,0.0189064519101337
"result_final_convex_1000",20.54,1.1275452022363e-09,57.0665486754374,24.783574021833,6464,230,8.9304347826087,0.0175234007174227
"result_final_convex_1000",41.5,2.5847493301541e-16,99.1785740804525,26.2712888030053,9612,123,33.739837398374,0.0100828229208943
"result_final_convex_1000",20.01,2.07493652431246e-09,55.0126328781254,24.5654147983333,6218,221,9.05429864253394,0.0181776429827562
"result_final_convex_1000",15.45,4.3089756706005e-06,38.3892131045964,25.3705388013885,5190,234,6.6025641025641,0.0260489840538114
"result_final_convex_1000",44.62,1.10945781888984e-16,99.6848369529513,24.9346731256114,9322,99,45.0707070707071,0.0100316159464852
"result_final_convex_1000",13.9,8.38399125227317e-05,33.4928002874621,25.0182722902757,4644,211,6.58767772511848,0.0298571630743681
"result_final_convex_1000",23.62,2.82941950879333e-12,68.8271551693444,24.5586727409313,6976,228,10.359649122807,0.0145291491060406
"result_final_convex_1000",9.44,0.00351774820396557,22.1322036988502,24.8671100974194,3498,183,5.15846994535519,0.0451830289295571
"result_final_convex_1000",23.92,7.09010613070436e-12,69.9239135953358,25.2693965245407,7016,220,10.8727272727273,0.0143012590197283
"result_final_convex_1000",40.9,6.27173485028066e-17,99.0244225178524,23.6265327226077,9454,118,34.6610169491525,0.0100985188761865
"result_final_convex_1000",25.77,1.54472925642652e-13,76.3372804147733,24.820262373861,7424,236,10.9194915254237,0.013099759312443
"result_final_convex_1000",20.49,7.49268864402438e-10,56.8725415059851,25.060883102798,6360,223,9.18834080717489,0.0175831776375734
"result_final_convex_1000",10.87,0.00416013735957778,25.3351884034105,24.9042027043171,3768,192,5.66145833333333,0.0394707939043937
"result_final_convex_1000",22.2,2.81081053046995e-11,63.48519349731,25.2996889906986,6810,241,9.21161825726141,0.0157517043724908
"result_final_convex_1000",5.11,0.0178088388561062,14.655713029379,25.1256517569147,2096,136,3.75735294117647,0.0682327770744002
"result_final_convex_1000",26.62,2.03334640180116e-14,79.0395312814002,24.8918835716082,7778,235,11.3276595744681,0.0126518968899215
"result_final_convex_1000",10.57,0.000808848673106664,24.6298615029955,26.2660053094222,3862,224,4.71875,0.0406011215239022
"result_final_convex_1000",36.98,2.35597486530594e-16,97.2551108735397,24.9332026921014,9252,139,26.6043165467626,0.0102822359772978
"result_final_convex_1000",33.41,8.60014382432638e-17,93.8015858925023,24.2106795010722,8870,184,18.1576086956522,0.010660800566272
"result_final_convex_1000",31.63,1.84194236279475e-16,91.1000809887377,24.9821749918369,8518,211,14.9905213270142,0.0109769386497431
"result_final_convex_1000",5.43,0.0576589270290465,15.1073811253904,25.2875207474608,2048,123,4.41463414634146,0.066192809441958
"result_final_convex_1000",41.27,5.84809303560326e-17,99.122201343863,25.9773755157891,9648,145,28.4620689655172,0.0100885572196981
"result_final_convex_1000",38.2,3.43815974713005e-17,97.9783810578268,25.7438787752349,9480,165,23.1515151515152,0.010206333164556
"result_final_convex_1000",33.22,1.30860780474767e-16,93.5484659152768,25.3898362690729,8844,207,16.048309178744,0.0106896461659314
"result_final_convex_1000",25.43,1.6846812369177e-13,75.2098725502919,24.8581022571737,7548,223,11.4035874439462,0.013296126772869
"result_final_convex_1000",32.08,1.03961894814304e-15,91.8551136963567,24.5202914158849,8454,180,17.8222222222222,0.0108867101651594
"result_final_convex_1000",21.35,1.53300951795863e-10,60.2088925457642,25.2291836306827,6624,242,8.82231404958678,0.016608842277574
"result_final_convex_1000",29.37,2.63749355948635e-15,86.5052934991651,23.6518119622507,8306,209,14.0526315789474,0.0115599862106664
"result_final_convex_1000",8.02,0.00861424584750707,19.3339856763319,24.7039053771323,3124,185,4.33513513513514,0.0517223927203055
"result_final_convex_1000",31.74,7.63265360053834e-16,91.289340984362,24.5384014780534,8634,179,17.731843575419,0.0109541813887264
"result_final_convex_1000",32.33,2.00431885221494e-16,92.2529032606456,25.8381816961087,8462,185,17.4756756756757,0.0108397672556132
"result_final_convex_1000",25.74,2.58796964197552e-13,76.2388316963089,24.6450181082739,7432,223,11.542600896861,0.0131166752919748
"result_final_convex_1000",27.84,1.2958122213908e-14,82.6024731293912,25.6481130308733,7720,201,13.8507462686567,0.0121061750588698
"result_final_convex_1000",34.06,1.28295108278128e-16,94.6084823373574,23.9140447954006,8644,172,19.8023255813953,0.0105698767731436
"result_final_convex_1000",2.33,0.155833329703656,11.2863157522637,24.8895101602565,924,62,3.75806451612903,0.0886028728905116
"result_final_convex_1000",34.64,2.24576256067178e-16,95.2551354103989,24.4819263201092,8868,169,20.4970414201183,0.01049812165708
"result_final_convex_1000",40.92,1.21756876244587e-16,99.0299405864022,24.8352091841828,9398,120,34.1,0.0100979561744512
"result_final_convex_1000",38.99,2.56464202239519e-17,98.3542410920816,23.2910285182275,8992,131,29.763358778626,0.010167329734808
"result_final_convex_1000",29.86,1.73099595984398e-15,87.6188208799226,24.5382203938458,8430,222,13.4504504504505,0.0114130730128228
"result_final_convex_1000",7.82,0.0203760952189738,18.9687596974645,25.4673200761317,2910,160,4.8875,0.052718259704332
"result_final_convex_1000",34.84,2.57647273793661e-17,95.4629317689087,25.1794348881508,8608,169,20.6153846153846,0.0104752701542913
"result_final_convex_1000",2.9,0.135351959781612,11.9022410044927,25.1239803713295,1128,78,3.71794871794872,0.0840177912396946
"result_final_convex_1000",22.12,3.44357697430004e-11,63.1785784050724,24.7711822173604,6490,233,9.49356223175966,0.0158281497501962
"result_final_convex_1000",10.95,0.00122679985018737,25.5263275334032,25.2013660736587,4070,218,5.02293577981651,0.0391752397085488
"result_final_convex_1000",13.64,4.40192641977361e-05,32.7184559553489,25.2217039767619,4692,210,6.4952380952381,0.0305637894821414
"result_final_convex_1000",39.86,6.83896389393882e-17,98.6971305081408,24.6384554238931,9414,130,30.6615384615385,0.0101320068258471
"result_final_convex_1000",12.25,0.001133374642104,28.8153254370407,25.0302297177424,4126,203,6.03448275862069,0.0347037552008539
"result_final_convex_1000",26.98,2.74954159142422e-14,80.1309121274802,24.1940340446424,7890,220,12.2636363636364,0.0124795783980232
"result_final_convex_1000",1.46,0.0274122441565689,10.4124105305053,24.565570625851,504,27,5.40740740740741,0.096039240584137
"result_final_convex_1000",11.49,0.000615481978165726,26.8504544737304,25.8494041387234,4112,221,5.19909502262443,0.0372433174633363
"result_final_convex_1000",3.13,0.35219672552001,12.1610359651887,25.2727222356264,1164,75,4.17333333333333,0.0822298365749865
"result_final_convex_1000",7.19,0.0775523492144301,17.8626549861487,24.7029372903116,2486,137,5.24817518248175,0.0559827192976315
"result_final_convex_1000",20.41,6.91118338337187e-10,56.5622013832708,25.1572166676817,6490,239,8.53974895397489,0.0176796513492094
"result_final_linear_5000",3.68,26.3134517412277,2.03708716838116,26.2115393618511,1388,81,4.54320987654321,0.490897009966777
"result_final_linear_5000",16.55,660.859127859093,2.43404453907743,24.3540707199368,5588,236,7.01271186440678,0.410838825644098
"result_final_linear_5000",10.21,153.012364755875,2.20679858139643,25.1209751047959,3564,179,5.70391061452514,0.453145116382672
"result_final_linear_5000",18.95,1374.57726349718,2.54390232419454,24.6487822457833,6096,246,7.70325203252033,0.393096853793954
"result_final_linear_5000",25.94,1555.07414606872,2.98621807536914,25.2603646417481,7516,217,11.9539170506912,0.33487172562787
"result_final_linear_5000",19.32,569.862136768324,2.56234358524842,25.0874911769656,6102,249,7.75903614457831,0.390267724343084
"result_final_linear_5000",29.37,3032.38212222435,3.31032090849866,24.1852782475291,8110,201,14.6119402985075,0.302085516069659
"result_final_linear_5000",8.18,195.573520127798,2.14842927404523,25.4732128572436,3036,169,4.84023668639053,0.465456327597474
"result_final_linear_5000",12.27,70.7597597688258,2.27236817907494,25.0622599259696,4432,216,5.68055555555556,0.440069531517155
"result_final_linear_5000",24.58,1840.89177096252,2.88146342581626,24.4459418206822,7102,221,11.1221719457014,0.347045876425352
"result_final_linear_5000",41.33,12865.9317176235,6.33811185411648,25.490101283755,9530,131,31.5496183206107,0.157775694562809
"result_final_linear_5000",10.19,129.619849846036,2.20619483591718,24.917199871124,3670,204,4.99509803921569,0.4532691237056
"result_final_linear_5000",12.68,281.948121340341,2.28627085449766,24.4758664575216,4064,190,6.67368421052632,0.437393495190105
"result_final_linear_5000",10.38,225.515268204122,2.21195472428313,25.3709974293383,3790,208,4.99038461538461,0.452088819459941
"result_final_linear_5000",7.01,109.68025506341,2.11726347282211,25.6842428873626,2464,132,5.31060606060606,0.472307775029574
"result_final_linear_5000",0.74,7.07748941471067,1.97522118258558,22.748750330235,316,25,2.96,0.506272415877493
"result_final_linear_5000",33.83,20294.4992349491,3.9312725393157,25.1200786600957,8750,173,19.5549132947977,0.254370560677044
"result_final_linear_5000",18.98,414.299945337367,2.54538143021407,25.0790078805072,6170,252,7.53174603174603,0.392868427548754
"result_final_linear_5000",37.76,19991.463890671,4.83891031222789,25.4801959693378,9392,148,25.5135135135135,0.206658097686375
"result_final_linear_5000",9.27,111.797765212466,2.1790557985268,24.1689427061347,3330,164,5.65243902439024,0.458914361291745
"result_final_linear_5000",42.75,14419.6545312732,7.31863215084692,27.0788637767366,9372,111,38.5135135135135,0.136637554585153
"result_final_linear_5000",21.64,452.309964148504,2.6887549925198,24.5675629618925,6872,259,8.35521235521236,0.371919346605411
"result_final_linear_5000",10.8,126.881735231581,2.22488276962985,25.5197175860655,3760,183,5.9016393442623,0.449461883408072
"result_final_linear_5000",33.84,3229.56030880534,3.93303847434251,24.1413929710015,8956,183,18.4918032786885,0.254256348246675
"result_final_linear_5000",12.22,367.173445395234,2.27069310721252,25.1318081071521,4240,214,5.71028037383178,0.440394167236272
"result_final_linear_5000",27.23,1666.54323238808,3.09689884541891,24.9658042814976,7600,208,13.0913461538462,0.322903669094407
"result_final_linear_5000",21.87,1039.47897482909,2.70240355847022,24.5767014241147,6658,234,9.34615384615385,0.370040957378727
"result_final_linear_5000",27.36,820.592721530856,3.10873733223774,24.649519636728,7854,234,11.6923076923077,0.321674008810573
"result_final_linear_5000",20.69,1289.78652625023,2.63461238211347,25.8153953053778,6404,219,9.44748858447489,0.379562476358593
"result_final_linear_5000",1.09,4.96000666498581,1.98220007976096,25.4937293671851,416,30,3.63333333333333,0.504489940349812
"result_final_linear_5000",29.6,1578.69995926554,3.33586050037908,24.8854230453791,8516,201,14.726368159204,0.299772727272727
"result_final_linear_5000",26.09,1084.48003163178,2.99848676016569,25.5902204578615,7578,214,12.1915887850467,0.333501555946421
"result_final_linear_5000",13.3,306.16244073354,2.30787659381904,24.0740542157254,4610,222,5.99099099099099,0.433298731257209
"result_final_linear_5000",4.05,40.6193562648217,2.04542789840011,26.1477638754723,1536,90,4.5,0.488895257946848
"result_final_linear_5000",13.53,226.527219540058,2.3160759293633,25.7458949586309,4622,214,6.32242990654206,0.431764773910027
"result_final_linear_5000",8.85,87.1634759304098,2.16706489307324,26.1202830305844,3170,169,5.23668639053254,0.461453647833241
"result_final_linear_5000",19.81,516.393274195277,2.5874502692639,24.4583880237135,6110,230,8.61304347826087,0.38648085796234
"result_final_linear_5000",1.67,13.4488608800557,1.99398539542071,26.442116926958,624,42,3.97619047619048,0.501508186718193
"result_final_linear_5000",28.09,3327.1453968506,3.17776668095505,24.0495503744523,8110,219,12.8264840182648,0.314686413572522
"result_final_linear_5000",2.4,35.4485329841295,2.00922266139657,25.2749585634788,956,62,3.87096774193548,0.497704918032788
"result_final_linear_5000",39.01,9183.56088527353,5.25780394658575,24.573834436969,9186,139,28.0647482014388,0.190193474340056
"result_final_linear_5000",31.82,4221.71398779794,3.61471333594885,24.9644246468537,8586,204,15.5980392156863,0.276647110589616
"result_final_linear_5000",6.21,66.6769513448324,2.09690148654419,24.9973742748898,2322,138,4.5,0.47689412517326
"result_final_linear_5000",11.68,108.847725316002,2.25287731613746,24.5747201523794,4280,217,5.38248847926267,0.443876811594203
"result_final_linear_5000",32.1,7557.21653757661,3.65466386780774,25.1072916738177,8670,184,17.445652173913,0.273622974963181
"result_final_linear_5000",36.58,20113.9987316502,4.51253006218781,23.3969852790616,9114,139,26.3165467625899,0.221605171870073
"result_final_linear_5000",37.16,8729.1295403987,4.66573609337412,25.4526073192147,9298,153,24.2875816993464,0.214328453214513
"result_final_linear_5000",32.21,4175.00218836975,3.67069347354058,24.6515413216933,8718,193,16.6891191709845,0.272428086738457
"result_final_linear_5000",17.67,559.90655408822,2.48331237011097,25.7208638998122,5578,235,7.51914893617021,0.402687963075428
"result_final_linear_5000",12.37,303.639891289796,2.27573150367602,24.256521859863,4290,201,6.15422885572139,0.43941914869337
"result_final_linear_5000",25.92,956.76143696228,2.98459356668601,25.0067355460187,7514,236,10.9830508474576,0.335053995680345
"result_final_linear_5000",26.73,3706.44847555189,3.0525732521758,24.8678195035212,7556,224,11.9330357142857,0.327592466220827
"result_final_linear_5000",14,118.737001075784,2.33315246880087,25.1112324609406,5022,227,6.16740088105727,0.42860465116279
"result_final_linear_5000",30.37,3611.65993357289,3.42561115402213,25.2166154677864,8436,210,14.4619047619048,0.291918713198334
"result_final_linear_5000",11.77,383.841522018995,2.25581211025688,25.2952319261213,4014,192,6.13020833333333,0.44329933129321
"result_final_linear_5000",36.28,11867.668575808,4.43819129078093,24.7633368663974,9108,165,21.9878787878788,0.225317011927182
"result_final_linear_5000",26.97,2049.27555443986,3.07361439039069,24.7184423100898,7712,213,12.6619718309859,0.32534985622347
"result_final_linear_5000",40.4,9934.80130026367,5.84542958022755,23.9456890281688,9244,120,33.6666666666667,0.171073825503355
"result_final_linear_5000",8.18,233.163789740402,2.14842927404523,25.8251434866633,3062,165,4.95757575757576,0.465456327597474
"result_final_linear_5000",29.17,3268.91292867684,3.28856037848855,24.3359447217425,8046,206,14.1601941747573,0.304084427502471
"result_final_linear_5000",2.93,61.9809462174359,2.02057838457808,25.3791967945068,1180,72,4.06944444444444,0.49490779849593
"result_final_linear_5000",4.6,20.0143001548618,2.0580748155499,24.510285839422,1804,105,4.38095238095238,0.485890985324947
"result_final_linear_5000",24.96,1290.41941823862,2.90960977728147,25.2811785399478,7374,231,10.8051948051948,0.343688699360341
"result_final_linear_5000",14.16,267.636663854747,2.33906655331023,25.2429258405646,4788,225,6.29333333333333,0.427520969245106
"result_final_linear_5000",23.45,988.050942354119,2.80243817612711,24.8225332478769,7134,220,10.6590909090909,0.356832135858915
"result_final_linear_5000",33.04,6512.23523817737,3.79815764396243,24.7026927640054,8740,185,17.8594594594595,0.263285543608124
"result_final_linear_5000",43.53,2978.94813308428,8.02735013575561,22.8309140029581,9654,102,42.6764705882353,0.124574110146981
"result_final_linear_5000",9.41,215.838333319519,2.18310724674004,26.1946556513351,3278,182,5.17032967032967,0.458062700077271
"result_final_linear_5000",2.07,10.0092890535175,2.00227768542997,24.6568518782877,800,49,4.22448979591837,0.499431226386194
"result_final_linear_5000",35.25,8106.70759900976,4.20522812144829,23.4566120908063,8624,158,22.3101265822785,0.237799227799228
"result_final_linear_5000",25.12,1836.25018172641,2.92171307279311,24.2074184140618,7350,213,11.7934272300469,0.342264957264957
"result_final_linear_5000",14.76,217.27269540998,2.36171603994193,25.7655699586333,5260,255,5.78823529411765,0.423420929141248
"result_final_linear_5000",21.43,564.760338974114,2.67648190981649,24.8385251461438,6700,242,8.85537190082645,0.373624793178058
"result_final_linear_5000",5.64,62.0721943411469,2.08283668406043,25.7026756378011,2226,137,4.11678832116788,0.48011445527766
"result_final_linear_5000",14.22,517.909308898967,2.34129778534737,24.8764904511108,5000,236,6.02542372881356,0.427113546281185
"result_final_linear_5000",38.84,7277.55252686403,5.19555540453295,24.8193558041828,9326,139,27.9424460431655,0.192472204054938
"result_final_linear_5000",3.15,21.8214431699067,2.02536675136192,25.8508355539559,1316,88,3.57954545454545,0.493737738771296
"result_final_linear_5000",35.7,8809.81129801221,4.30301813558188,25.9421893923974,8658,168,21.25,0.232395023328149
"result_final_linear_5000",1.81,4.78991812899688,1.99687219733222,25.7906943680457,778,53,3.41509433962264,0.500783175476117
"result_final_linear_5000",19.27,683.97372231466,2.55982598383501,25.4646662256114,6134,230,8.37826086956522,0.390651554564599
"result_final_linear_5000",4.1,30.3299753365765,2.04656522759769,25.2447217285127,1662,100,4.1,0.488623566214806
"result_final_linear_5000",9.66,131.743061918897,2.1904110718321,25.1863897460395,3426,172,5.61627906976744,0.456535311047155
"result_final_linear_5000",34.2,9033.6155020454,3.99805565682343,24.9924509545277,8850,176,19.4318181818182,0.250121580547112
"result_final_linear_5000",27.2,1903.90674401289,3.09418565113907,24.8245359161409,7698,215,12.6511627906977,0.323186813186813
"result_final_linear_5000",37.3,12044.0408274562,4.70473474900578,23.8001446810061,9224,147,25.3741496598639,0.212551834130781
"result_final_linear_5000",36.6,15625.8224919443,4.51760011400884,23.2490708890277,9008,144,25.4166666666667,0.221356466876971
"result_final_linear_5000",33.5,6111.55652182898,3.87416254005243,24.4058431492904,8760,178,18.8202247191011,0.25812030075188
"result_final_linear_5000",25.04,1664.83684994425,2.91564240594953,24.322183915479,7598,232,10.7931034482759,0.342977588046958
"result_final_linear_5000",21.9,923.274466085918,2.70419999307503,25.7548950058344,6858,244,8.97540983606557,0.369795134443022
"result_final_linear_5000",17.58,543.165314193379,2.4792294595749,25.2840085066157,5658,221,7.95475113122172,0.403351128366902
"result_final_linear_5000",9.58,55.4760640024476,2.1880641367528,25.8524047673735,3552,190,5.04210526315789,0.45702499447025
"result_final_linear_5000",2.01,6.4927597178336,2.00102511951219,24.6974654796448,838,56,3.58928571428571,0.499743851413409
"result_final_linear_5000",3.62,14.3597291781112,2.03574702495364,26.741881222277,1492,101,3.58415841584158,0.491220170159784
"result_final_linear_5000",38.27,4210.7698099666,4.99947356912038,25.1204329165501,9280,142,26.9507042253521,0.200021059452454
"result_final_linear_5000",11.78,129.986714519538,2.25613904077008,24.9306227628927,4172,198,5.94949494949495,0.443235094082975
"result_final_linear_5000",2.59,7.47917282054486,2.01326468819302,23.7393843086014,944,56,4.625,0.496705677035213
"result_final_linear_5000",29.59,2589.39368276507,3.33473839756371,25.337015597464,8068,207,14.2946859903382,0.299873597500355
"result_final_linear_5000",36.37,18665.8360290026,4.46016135928727,26.2765604422345,9136,157,23.1656050955414,0.224207134999214
"result_final_linear_5000",7.86,193.744993722957,2.13973535463315,24.2449503720695,2850,148,5.31081081081081,0.467347514651618
"result_final_linear_5000",35.55,9127.17801814784,4.2697671337242,24.2015100221252,8802,153,23.2352941176471,0.234204809930179
"result_final_linear_5000",1.46,3.02743753675344,1.98968610046562,26.9997914788474,628,42,3.47619047619048,0.502591840876801
"result_final_linear_5000",39.58,15875.1545075586,5.4806697991691,25.4084192725588,9508,140,28.2714285714286,0.182459450513075
"result_final_linear_5000",17.98,457.024556832053,2.49754873600039,25.1960559786002,5894,249,7.22088353413655,0.40039258717386
"result_final_linear_5000",37.61,14707.4203868975,4.79410476490522,25.2062563137331,9268,141,26.6737588652482,0.208589517550889
"result_final_linear_5000",13.99,422.056909899363,2.3327845598466,25.4403035225702,4600,208,6.72596153846154,0.428672247413091
"result_final_linear_5000",13.09,133.65356374647,2.30047830678867,24.5093894032642,4638,226,5.79203539823009,0.434692210332529
"result_final_linear_5000",39.54,6654.59186644485,5.46427344865607,24.7045462330235,9392,132,29.9545454545455,0.183006946741648
"result_final_linear_5000",10.78,161.071262398033,2.22426094804075,25.7022409394854,3928,199,5.41708542713568,0.449587536426809
"result_final_linear_5000",34.96,9916.7531926656,4.14520980982002,24.8024330983445,8762,156,22.4102564102564,0.241242312423124
"result_final_linear_5000",28.5,1692.96522788705,3.21854602745892,25.1028225905933,7968,229,12.4454148471616,0.310699300699301
"result_final_linear_5000",12.53,217.103988363336,2.28114967648723,25.1120853142053,4386,205,6.11219512195122,0.438375443009032
"result_final_linear_5000",3.34,80.3633288360249,2.02953811525492,24.2798515676621,1340,85,3.92941176470588,0.492722946410097
"result_final_linear_5000",35.92,20709.1040449385,4.35302429215803,25.5941955901849,8880,137,26.2189781021898,0.229725343320849
"result_final_linear_5000",42.4,11883.4219146854,7.04500978473581,23.9279416813486,9784,96,44.1666666666667,0.141944444444444
"result_final_linear_5000",21.7,2159.22290194599,2.69229446755837,24.9054826809102,6442,220,9.86363636363636,0.371430395913154
"result_final_linear_5000",2.79,13.8464778201418,2.01755423694692,24.7449371633913,1082,68,4.10294117647059,0.495649624524225
"result_final_linear_5000",13.47,745.827017987434,2.31392715127302,25.1751063294733,4468,204,6.60294117647059,0.432165722870681
"result_final_linear_5000",36.54,24937.2913803436,4.50243355611369,25.4104494680193,9396,134,27.2686567164179,0.222102111566341
"result_final_linear_5000",25.11,1711.5745088587,2.92095214693298,24.8527588271431,7360,231,10.8701298701299,0.342354119375084
"result_final_linear_5000",24.06,1277.51035750372,2.84425867247953,25.5614188752632,7208,238,10.109243697479,0.351585462207006
"result_final_linear_5000",28.99,2423.35256153702,3.26932196444768,25.4247579979073,8016,180,16.1055555555556,0.305873820588649
"result_final_linear_5000",21.22,677.036101078062,2.66438490520093,25.0013375106332,6560,256,8.2890625,0.375321147499365
"result_final_linear_5000",3.91,91.4958578883474,2.04225636491544,24.5067704294162,1496,93,4.20430107526882,0.489654490581747
"result_final_linear_5000",16.99,533.875893883532,2.4530069355587,25.8204213116824,5566,229,7.41921397379913,0.407662932176846
"result_final_linear_5000",31.67,4535.46566377982,3.59380012938312,24.0854535652673,8498,187,16.9358288770053,0.278256988145763
"result_final_linear_5000",28.21,1749.33465729427,3.18954678135233,24.6647474349312,7970,235,12.0042553191489,0.31352416771138
"result_final_linear_5000",4.8,34.2925063478792,2.06274917663373,25.1253887763001,1802,108,4.44444444444444,0.484789915966387
"result_final_linear_5000",34.44,7009.94893786939,4.04302030143812,24.3875479581405,8734,175,19.68,0.247339841366687
"result_final_linear_5000",26.89,1470.07279920597,3.06655313722941,23.9776967688248,7672,215,12.506976744186,0.326099028860621
"result_final_linear_5000",8.91,129.112441692801,2.16876305031559,25.8089499195638,3034,149,5.97986577181208,0.461092326270721
"result_final_linear_5000",37.95,21878.3882105173,4.89720216250345,25.3914059969235,9206,153,24.8039215686275,0.2041982272361
"result_final_linear_5000",8.62,68.1434043666956,2.16060037168568,25.7236672420523,3078,170,5.07058823529412,0.462834318231561
"result_final_linear_5000",2.04,43.0065229482848,2.00165101472019,22.1649818857484,788,51,4,0.499587586770109
"result_final_linear_5000",11.68,169.994528261796,2.25287731613746,23.9469238836931,3998,198,5.8989898989899,0.443876811594203
"result_final_linear_5000",44.78,13390.3639524217,9.56654308582516,26.1896865038818,10050,94,47.6382978723404,0.104530967040927
"result_final_linear_5000",5.17,25.5598321181077,2.07150549496159,25.4778569788988,2054,127,4.07086614173228,0.482740693873246
"result_final_linear_5000",14.6,1179.83506353121,2.35560214045347,23.9231861695673,4688,206,7.0873786407767,0.424519906323185
"result_final_linear_5000",29.14,3520.66012226344,3.28533145405821,25.0646000432208,8302,210,13.8761904761905,0.304383290996331
"result_final_linear_5000",5.03,74.1788079821187,2.06817553250566,25.376772953817,1800,105,4.79047619047619,0.483517953037801
"result_final_linear_5000",22.37,669.968822238083,2.73284447464119,25.0308993882978,6986,244,9.16803278688525,0.365919103439392
"result_final_linear_5000",28.55,1037.86208059477,3.22362336168197,24.7195850436543,8082,203,14.064039408867,0.310209937018894
"result_final_linear_5000",6.9,93.9250839326539,2.11441938634144,24.8532764977461,2560,152,4.53947368421053,0.472943071965629
"result_final_linear_5000",42.01,9034.81742254595,6.76670672936673,24.4127614948724,9600,119,35.3025210084034,0.147782376271771
"result_final_linear_5000",29.74,2351.22815153663,3.35168347437818,25.0915085547763,8102,190,15.6526315789474,0.298357529177341
"result_final_linear_5000",3.71,48.3942164786026,2.03775852910615,24.7930945315247,1404,85,4.36470588235294,0.490735278845155
"result_final_linear_5000",6.2,141.297015290474,2.09665161607582,25.6033379251599,2222,123,5.04065040650407,0.476950959488273
"result_final_linear_5000",19.46,705.81117167253,2.56943602570074,25.4580140677464,6532,261,7.45593869731801,0.389190464365533
"result_final_linear_5000",20.54,854.63108118111,2.62637747648292,24.783574021833,6464,230,8.9304347826087,0.380752579914422
"result_final_linear_5000",41.5,35525.0769075509,6.43918547055586,26.2712888030053,9612,123,33.739837398374,0.155299145299145
"result_final_linear_5000",20.01,500.20723744691,2.59792984062956,24.5654147983333,6218,221,9.05429864253394,0.384921865233154
"result_final_linear_5000",15.45,284.224670940173,2.38872173016344,25.3705388013885,5190,234,6.6025641025641,0.418633944411591
"result_final_linear_5000",44.62,4622.13731081694,9.33297381104856,24.9346731256114,9322,99,45.0707070707071,0.107146984470928
"result_final_linear_5000",13.9,494.572062421084,2.3294824274235,25.0182722902757,4644,211,6.58767772511848,0.429279907084785
"result_final_linear_5000",23.62,622.07443703166,2.81390225392171,24.5586727409313,6976,228,10.359649122807,0.355378371301387
"result_final_linear_5000",9.44,109.868020410524,2.18397900910634,24.8671100974194,3498,183,5.15846994535519,0.457879858657245
"result_final_linear_5000",23.92,2770.81077204463,2.8344907752377,25.2693965245407,7016,220,10.8727272727273,0.352797055730809
"result_final_linear_5000",40.9,9475.19653145615,6.09844185326592,23.6265327226077,9454,118,34.6610169491525,0.163976311336717
"result_final_linear_5000",25.77,1334.39632470156,2.97249352282329,24.820262373861,7424,236,10.9194915254237,0.336417890340832
"result_final_linear_5000",20.49,649.607423857043,2.62365080465004,25.060883102798,6360,223,9.18834080717489,0.381148283234814
"result_final_linear_5000",10.87,433.742849388064,2.22706408837294,24.9042027043171,3768,192,5.66145833333333,0.449021653764165
"result_final_linear_5000",22.2,483.25320076582,2.72237385401358,25.2996889906986,6810,241,9.21161825726141,0.3673264781491
"result_final_linear_5000",5.11,16.6250390758913,2.07007585260554,25.1256517569147,2096,136,3.75735294117647,0.483074085783538
"result_final_linear_5000",26.62,993.712807577313,3.04307077275253,24.8918835716082,7778,235,11.3276595744681,0.328615426546743
"result_final_linear_5000",10.57,67.7677513146345,2.21776943431132,26.2660053094222,3862,224,4.71875,0.450903499944091
"result_final_linear_5000",36.98,30931.7590639485,4.61678217168979,24.9332026921014,9252,139,26.6043165467626,0.216601079022533
"result_final_linear_5000",33.41,3020.65343579846,3.85896997548665,24.2106795010722,8870,184,18.1576086956522,0.25913650698303
"result_final_linear_5000",31.63,1895.22040656228,3.58827944178821,24.9821749918369,8518,211,14.9905213270142,0.278685095802252
"result_final_linear_5000",5.43,38.950672101077,2.07774460241192,25.2875207474608,2048,123,4.41463414634146,0.481291107116421
"result_final_linear_5000",41.27,8375.88566818829,6.30332821740204,25.9773755157891,9648,145,28.4620689655172,0.158646347692832
"result_final_linear_5000",38.2,5391.72826433011,4.97664680302786,25.7438787752349,9480,165,23.1515151515152,0.200938511326861
"result_final_linear_5000",33.22,4164.86253695421,3.82741663705453,25.3898362690729,8844,207,16.048309178744,0.261272836178496
"result_final_linear_5000",25.43,940.574526231589,2.94560292624735,24.8581022571737,7548,223,11.4035874439462,0.339489070671852
"result_final_linear_5000",32.08,14970.8920688867,3.6517699686008,24.5202914158849,8454,180,17.8222222222222,0.273839811542992
"result_final_linear_5000",21.35,480.223969658769,2.67185297165084,25.2291836306827,6624,242,8.82231404958678,0.374272091544819
"result_final_linear_5000",29.37,3130.84882157946,3.31032090849866,23.6518119622507,8306,209,14.0526315789474,0.302085516069659
"result_final_linear_5000",8.02,55.9412254291715,2.14406593970135,24.7039053771323,3124,185,4.33513513513514,0.466403565992607
"result_final_linear_5000",31.74,8426.02458312713,3.60351799647356,24.5384014780534,8634,179,17.731843575419,0.277506592440668
"result_final_linear_5000",32.33,3425.91049273087,3.68840172892128,25.8381816961087,8462,185,17.4756756756757,0.271120141864933
"result_final_linear_5000",25.74,2118.55290830778,2.97009111052451,24.6450181082739,7432,223,11.542600896861,0.336690008079719
"result_final_linear_5000",27.84,2604.49321266181,3.15362562058597,25.6481130308733,7720,201,13.8507462686567,0.31709534368071
"result_final_linear_5000",34.06,7699.40652311031,3.97243273853272,23.9140447954006,8644,172,19.8023255813953,0.251734910524719
"result_final_linear_5000",2.33,16.3729073753991,2.0077415323136,24.8895101602565,924,62,3.75806451612903,0.498072079451213
"result_final_linear_5000",34.64,14235.9486756091,4.08153069890593,24.4819263201092,8868,169,20.4970414201183,0.24500611995104
"result_final_linear_5000",40.92,18327.2335444667,6.10911196591802,24.8352091841828,9398,120,34.1,0.163689911983751
"result_final_linear_5000",38.99,8117.26610481864,5.25038510856189,23.2910285182275,8992,131,29.763358778626,0.19046221930831
"result_final_linear_5000",29.86,3471.33340331444,3.36541691057223,24.5382203938458,8430,222,13.4504504504505,0.29714000570288
"result_final_linear_5000",7.82,92.005892022607,2.13865778227359,25.4673200761317,2910,160,4.8875,0.467582989802561
"result_final_linear_5000",34.84,2114.09431987554,4.12102507020163,25.1794348881508,8608,169,20.6153846153846,0.242658072437078
"result_final_linear_5000",2.9,19.2527572445376,2.01992885523497,25.1239803713295,1128,78,3.71794871794872,0.49506694129763
"result_final_linear_5000",22.12,482.271952977654,2.71748991583737,24.7711822173604,6490,233,9.49356223175966,0.367986646122239
"result_final_linear_5000",10.95,166.154683655614,2.22956648013921,25.2013660736587,4070,218,5.02293577981651,0.448517686692869
"result_final_linear_5000",13.64,175.714289323759,2.32003352711721,25.2217039767619,4692,210,6.4952380952381,0.431028253821213
"result_final_linear_5000",39.86,11270.0887440066,5.59889772282943,24.6384554238931,9414,130,30.6615384615385,0.17860658463585
"result_final_linear_5000",12.25,681.181046830127,2.27169762474921,25.0302297177424,4126,203,6.03448275862069,0.44019943019943
"result_final_linear_5000",26.98,1502.91762994905,3.07450042525958,24.1940340446424,7890,220,12.2636363636364,0.325256094220761
"result_final_linear_5000",1.46,2.18403325222695,1.98968610046562,24.565570625851,504,27,5.40740740740741,0.502591840876801
"result_final_linear_5000",11.49,135.956372295436,2.24672611568444,25.8494041387234,4112,221,5.19909502262443,0.445092079990961
"result_final_linear_5000",3.13,55.9521669897709,2.02492960720086,25.2727222356264,1164,75,4.17333333333333,0.49384432744916
"result_final_linear_5000",7.19,203.200763320089,2.12194859859025,24.7029372903116,2486,137,5.24817518248175,0.471264949897639
"result_final_linear_5000",20.41,360.130661711619,2.61930698119852,25.1572166676817,6490,239,8.53974895397489,0.381780374418896
"result_final_concave_5000",3.68,27.5125734146844,1.9635943653266,26.2115393618511,1388,81,4.54320987654321,0.509270151543581
"result_final_concave_5000",16.55,977.95629215538,2.03942567545628,24.3540707199368,5588,236,7.01271186440678,0.490334123000717
"result_final_concave_5000",10.21,175.579829225105,1.98595909279042,25.1209751047959,3564,179,5.70391061452514,0.50353504441772
"result_final_concave_5000",18.95,1748.27684601411,2.07182044803624,24.6487822457833,6096,246,7.70325203252033,0.482667308814257
"result_final_concave_5000",25.94,2277.7105197372,2.22885840030525,25.2603646417481,7516,217,11.9539170506912,0.44866017503088
"result_final_concave_5000",19.32,733.124371999405,2.07758377461872,25.0874911769656,6102,249,7.75903614457831,0.481328364332033
"result_final_concave_5000",29.37,5069.32901202381,2.36103461009826,24.1852782475291,8110,201,14.6119402985075,0.42354313474396
"result_final_concave_5000",8.18,213.255554415835,1.97616069416352,25.4732128572436,3036,169,4.84023668639053,0.506031722497793
"result_final_concave_5000",12.27,83.993963898534,1.99912254850737,25.0622599259696,4432,216,5.68055555555556,0.500219459155539
"result_final_concave_5000",24.58,2620.53562384311,2.18870149415539,24.4459418206822,7102,221,11.1221719457014,0.456891907220037
"result_final_concave_5000",41.33,45508.9158020797,3.81860004258229,25.490101283755,9530,131,31.5496183206107,0.261876077318577
"result_final_concave_5000",10.19,158.773718701781,1.98584799190598,24.917199871124,3670,204,4.99509803921569,0.50356321534974
"result_final_concave_5000",12.68,325.095307101775,2.00217600124335,24.4758664575216,4064,190,6.67368421052632,0.499456590918581
"result_final_concave_5000",10.38,253.34705001725,1.98691580047022,25.3709974293383,3790,208,4.99038461538461,0.503292590336914
"result_final_concave_5000",7.01,122.479431013284,1.97176980746659,25.6842428873626,2464,132,5.31060606060606,0.507158592353557
"result_final_concave_5000",0.74,7.12842464092009,1.9608911621727,22.748750330235,316,25,2.96,0.50997221023322
"result_final_concave_5000",33.83,38797.2165608441,2.63638563686205,25.1200786600957,8750,173,19.5549132947977,0.379307179502862
"result_final_concave_5000",18.98,540.532996042021,2.07227949458906,25.0790078805072,6170,252,7.53174603174603,0.482560389470197
"result_final_concave_5000",37.76,53642.046349324,3.06779162428681,25.4801959693378,9392,148,25.5135135135135,0.325967380601502
"result_final_concave_5000",9.27,125.536669471476,1.98105903499384,24.1689427061347,3330,164,5.65243902439024,0.50478051503554
"result_final_concave_5000",42.75,66817.111140589,4.32524139318944,27.0788637767366,9372,111,38.5135135135135,0.231200968707691
"result_final_concave_5000",21.64,610.830870831874,2.11923913256142,24.5675629618925,6872,259,8.35521235521236,0.471867466316248
"result_final_concave_5000",10.8,143.192506334105,1.98937564832028,25.5197175860655,3760,183,5.9016393442623,0.502670272879004
"result_final_concave_5000",33.84,6189.9633222153,2.63719778055998,24.1413929710015,8956,183,18.4918032786885,0.379190369175747
"result_final_concave_5000",12.22,434.712677210445,1.99876054423947,25.1318081071521,4240,214,5.71028037383178,0.500310056090536
"result_final_concave_5000",27.23,2546.05006286105,2.27277930943868,24.9658042814976,7600,208,13.0913461538462,0.439989925923329
"result_final_concave_5000",21.87,1388.9709507145,2.12394072247429,24.5767014241147,6658,234,9.34615384615385,0.470822932777073
"result_final_concave_5000",27.36,1274.94419243976,2.27755858484535,24.649519636728,7854,234,11.6923076923077,0.439066642085038
"result_final_concave_5000",20.69,1685.81470540957,2.1009634594231,25.8153953053778,6404,219,9.44748858447489,0.475972104852594
"result_final_concave_5000",1.09,5.04775330604878,1.96101779602142,25.4937293671851,416,30,3.63333333333333,0.509939278485302
"result_final_concave_5000",29.6,2639.27482000673,2.37186594546914,24.8854230453791,8516,201,14.726368159204,0.421608987603305
"result_final_concave_5000",26.09,1619.33941055039,2.23365556800159,25.5902204578615,7578,214,12.1915887850467,0.447696598493331
"result_final_concave_5000",13.3,357.226992392573,2.00708972030607,24.0740542157254,4610,222,5.99099099099099,0.498233830746493
"result_final_concave_5000",4.05,42.3243442746014,1.96421522106261,26.1477638754723,1536,90,4.5,0.509109179725741
"result_final_concave_5000",13.53,276.090035847224,2.00900638043595,25.7458949586309,4622,214,6.32242990654206,0.497758498797302
"result_final_concave_5000",8.85,97.476849259859,1.979075224265,26.1202830305844,3170,169,5.23668639053254,0.505286503382602
"result_final_concave_5000",19.81,667.618627445513,2.08556644012738,24.4583880237135,6110,230,8.61304347826087,0.479486043100561
"result_final_concave_5000",1.67,13.763744519867,1.96133895648338,26.442116926958,624,42,3.97619047619048,0.509855778214373
"result_final_concave_5000",28.09,5212.73725634544,2.30571361921593,24.0495503744523,8110,219,12.8264840182648,0.433705205913671
"result_final_concave_5000",2.4,37.2869491984144,1.96194739492298,25.2749585634788,956,62,3.87096774193548,0.509697661918839
"result_final_concave_5000",39.01,26307.3162954442,3.27388426269274,24.573834436969,9186,139,28.0647482014388,0.305447572290631
"result_final_concave_5000",31.82,7747.84686939137,2.49318824814609,24.9644246468537,8586,204,15.5980392156863,0.401092858007649
"result_final_concave_5000",6.21,71.0825191534334,1.96924821164077,24.9973742748898,2322,138,4.5,0.507808002103912
"result_final_concave_5000",11.68,124.174698957948,1.99499078597415,24.5747201523794,4280,217,5.38248847926267,0.501255447910102
"result_final_concave_5000",32.1,13434.2065471779,2.51097418713895,25.1072916738177,8670,184,17.445652173913,0.398251804069487
"result_final_concave_5000",36.58,44883.7505945689,2.90987946555266,23.3969852790616,9114,139,26.3165467625899,0.343656846215819
"result_final_concave_5000",37.16,20400.5170191894,2.98367921938577,25.4526073192147,9298,153,24.2875816993464,0.335156672842955
"result_final_concave_5000",32.21,7858.05419514951,2.5181357898598,24.6515413216933,8718,193,16.6891191709845,0.3971191720585
"result_final_concave_5000",17.67,695.254837284948,2.05352195526156,25.7208638998122,5578,235,7.51914893617021,0.486968253462198
"result_final_concave_5000",12.37,355.02696102436,1.99985326333596,24.256521859863,4290,201,6.15422885572139,0.500036686857664
"result_final_concave_5000",25.92,1466.79470275598,2.2282246080008,25.0067355460187,7514,236,10.9830508474576,0.448787791145174
"result_final_concave_5000",26.73,5669.19126592059,2.25502032402709,24.8678195035212,7556,224,11.9330357142857,0.443454983241201
"result_final_concave_5000",14,168.613628265416,2.0130866966434,25.1112324609406,5022,227,6.16740088105727,0.496749594375339
"result_final_concave_5000",30.37,7119.01486104784,2.41032910076225,25.2166154677864,8436,210,14.4619047619048,0.41488110469386
"result_final_concave_5000",11.77,437.906428142886,1.99560152824506,25.2952319261213,4014,192,6.13020833333333,0.501102041588134
"result_final_concave_5000",36.28,26766.0768263274,2.87429672071118,24.7633368663974,9108,165,21.9878787878788,0.347911192603863
"result_final_concave_5000",26.97,3175.6998848023,2.26342332297283,24.7184423100898,7712,213,12.6619718309859,0.441808648806613
"result_final_concave_5000",40.4,31033.1126748666,3.56813955618844,23.9456890281688,9244,120,33.6666666666667,0.28025809648214
"result_final_concave_5000",8.18,255.321592462595,1.97616069416352,25.8251434866633,3062,165,4.95757575757576,0.506031722497793
"result_final_concave_5000",29.17,5230.87707015337,2.35184796003276,24.3359447217425,8046,206,14.1601941747573,0.42519755400603
"result_final_concave_5000",2.93,64.6234073503383,1.96253731783156,25.3791967945068,1180,72,4.06944444444444,0.50954445090752
"result_final_concave_5000",4.6,20.9655596565451,1.96526391771508,24.510285839422,1804,105,4.38095238095238,0.508837510822797
"result_final_concave_5000",24.96,1856.10806543852,2.19934365948284,25.2811785399478,7374,231,10.8051948051948,0.454681102559089
"result_final_concave_5000",14.16,316.135668152974,2.01452708125125,25.2429258405646,4788,225,6.29333333333333,0.496394418971467
"result_final_concave_5000",23.45,1393.19176920919,2.15945777029456,24.8225332478769,7134,220,10.6590909090909,0.463079210788917
"result_final_concave_5000",33.04,12023.730345653,2.57556744493102,24.7026927640054,8740,185,17.8594594594595,0.388263954014523
"result_final_concave_5000",43.53,15778.5741866773,4.6971783849742,22.8309140029581,9654,102,42.6764705882353,0.212893766862016
"result_final_concave_5000",9.41,238.852429546203,1.98174796743814,26.1946556513351,3278,182,5.17032967032967,0.504605033753473
"result_final_concave_5000",2.07,10.2595860654157,1.96164358266224,24.6568518782877,800,49,4.22448979591837,0.509776602048601
"result_final_concave_5000",35.25,17224.592098863,2.76385501761169,23.4566120908063,8624,158,22.3101265822785,0.361813479226607
"result_final_concave_5000",25.12,2658.95212022857,2.20395432619015,24.2074184140618,7350,213,11.7934272300469,0.453729910877347
"result_final_concave_5000",14.76,262.374717648244,2.02016884462819,25.7655699586333,5260,255,5.78823529411765,0.495008128978471
"result_final_concave_5000",21.43,764.683135581876,2.11504309074819,24.8385251461438,6700,242,8.85537190082645,0.472803605928545
"result_final_concave_5000",5.64,67.3717085551509,1.96767616340528,25.7026756378011,2226,137,4.11678832116788,0.508213708433297
"result_final_concave_5000",14.22,626.994095173392,2.01507407768298,24.8764904511108,5000,236,6.02542372881356,0.496259671579838
"result_final_concave_5000",38.84,19470.1387045152,3.24304482915503,24.8193558041828,9326,139,27.9424460431655,0.308352197604542
"result_final_concave_5000",3.15,23.4034156700902,1.96281995923359,25.8508355539559,1316,88,3.57954545454545,0.509471077719458
"result_final_concave_5000",35.7,18829.1446594004,2.81000736129238,25.9421893923974,8658,168,21.25,0.355870953854042
"result_final_concave_5000",1.81,4.89768188323887,1.96143774058937,25.7906943680457,778,53,3.41509433962264,0.509830100291392
"result_final_concave_5000",19.27,882.055285407265,2.07679188391955,25.4646662256114,6134,230,8.37826086956522,0.481511897144306
"result_final_concave_5000",4.1,31.6119246664172,1.96430428477289,25.2447217285127,1662,100,4.1,0.509086096157255
"result_final_concave_5000",9.66,151.834487001171,1.98301329368187,25.1863897460395,3426,172,5.61627906976744,0.504283054070351
"result_final_concave_5000",34.2,17676.7188828362,2.66719004613082,24.9924509545277,8850,176,19.4318181818182,0.374926414205339
"result_final_concave_5000",27.2,2950.14910976153,2.27168608431107,24.8245359161409,7698,215,12.6511627906977,0.440201666465403
"result_final_concave_5000",37.3,31352.7853044588,3.00255958678785,23.8001446810061,9224,147,25.3741496598639,0.333049177242076
"result_final_concave_5000",36.6,34896.9410725031,2.91231184913211,23.2490708890277,9008,144,25.4166666666667,0.34336982157251
"result_final_concave_5000",33.5,11664.7082859534,2.61019435168639,24.4058431492904,8760,178,18.8202247191011,0.383113234213353
"result_final_concave_5000",25.04,2399.06265256469,2.20163920584822,24.322183915479,7598,232,10.7931034482759,0.454207027810777
"result_final_concave_5000",21.9,1370.37386652895,2.12456227300344,25.7548950058344,6858,244,8.97540983606557,0.470685191348298
"result_final_concave_5000",17.58,688.617308311286,2.05232595326432,25.2840085066157,5658,221,7.95475113122172,0.487252036358773
"result_final_concave_5000",9.58,70.2170519506582,1.98260345730628,25.8524047673735,3552,190,5.04210526315789,0.504387297578245
"result_final_concave_5000",2.01,6.75454885273183,1.96159347937312,24.6974654796448,838,56,3.58928571428571,0.50978962283234
"result_final_concave_5000",3.62,15.313265310242,1.96349996514526,26.741881222277,1492,101,3.58415841584158,0.509294635982344
"result_final_concave_5000",38.27,10854.5725380971,3.14637457282236,25.1204329165501,9280,142,26.9507042253521,0.317826112834042
"result_final_concave_5000",11.78,148.398494980166,1.99566981688209,24.9306227628927,4172,198,5.94949494949495,0.501084894675782
"result_final_concave_5000",2.59,7.87150688104816,1.96214426455091,23.7393843086014,944,56,4.625,0.509646521953816
"result_final_concave_5000",29.59,4262.81130993251,2.37138896479873,25.337015597464,8068,207,14.2946859903382,0.421693789945115
"result_final_concave_5000",36.37,41110.094837142,2.8847967110428,26.2765604422345,9136,157,23.1656050955414,0.346644876629286
"result_final_concave_5000",7.86,211.389765932247,1.97487356128808,24.2449503720695,2850,148,5.31081081081081,0.506361530987212
"result_final_concave_5000",35.55,20150.2794060848,2.79427934579743,24.2015100221252,8802,153,23.2352941176471,0.357874026268702
"result_final_concave_5000",1.46,3.12541272538467,1.9612064024262,26.9997914788474,628,42,3.47619047619048,0.509890238356812
"result_final_concave_5000",39.58,45369.0267088447,3.38484644389902,25.4084192725588,9508,140,28.2714285714286,0.295434376883607
"result_final_concave_5000",17.98,584.777104303275,2.05772989998543,25.1960559786002,5894,249,7.22088353413655,0.48597243010712
"result_final_concave_5000",37.61,35324.7661882173,3.04596258108929,25.2062563137331,9268,141,26.6737588652482,0.328303442139589
"result_final_concave_5000",13.99,495.694397531281,2.01299754947786,25.4403035225702,4600,208,6.72596153846154,0.496771593318325
"result_final_concave_5000",13.09,160.116995816936,2.00538456331327,24.5093894032642,4638,226,5.79203539823009,0.4986574736308
"result_final_concave_5000",39.54,19061.2479086998,3.37665484429233,24.7045462330235,9392,132,29.9545454545455,0.29615108624156
"result_final_concave_5000",10.78,183.998123127788,1.98925536145338,25.7022409394854,3928,199,5.41708542713568,0.502700668490035
"result_final_concave_5000",34.96,20283.372933797,2.73568911909121,24.8024330983445,8762,156,22.4102564102564,0.365538610736661
"result_final_concave_5000",28.5,2709.53587759237,2.32256496401268,25.1028225905933,7968,229,12.4454148471616,0.430558462516504
"result_final_concave_5000",12.53,257.381376341469,2.00104115903728,25.1120853142053,4386,205,6.11219512195122,0.499739845671695
"result_final_concave_5000",3.34,83.0814081200658,1.96308224838773,24.2798515676621,1340,85,3.92941176470588,0.509403006838504
"result_final_concave_5000",35.92,45487.1600367146,2.8337262899386,25.5941955901849,8880,137,26.2189781021898,0.352892233646767
"result_final_concave_5000",42.4,56035.8975641126,4.18287152839414,23.9279416813486,9784,96,44.1666666666667,0.239070216049383
"result_final_concave_5000",21.7,2900.62639613289,2.12045485696807,24.9054826809102,6442,220,9.86363636363636,0.471596929646429
"result_final_concave_5000",2.79,14.43291488833,1.96236908664829,24.7449371633913,1082,68,4.10294117647059,0.50958813344741
"result_final_concave_5000",13.47,881.070614901154,2.00850138135649,25.1751063294733,4468,204,6.60294117647059,0.497883650607512
"result_final_concave_5000",36.54,55438.6983524736,2.90503770185844,25.4104494680193,9396,134,27.2686567164179,0.344229611670881
"result_final_concave_5000",25.11,2536.51732340826,2.20366385930398,24.8527588271431,7360,231,10.8701298701299,0.453789717418993
"result_final_concave_5000",24.06,1794.79868838217,2.17481290337117,25.5614188752632,7208,238,10.109243697479,0.459809668431663
"result_final_concave_5000",28.99,4436.79304384739,2.34375912368014,25.4247579979073,8016,180,16.1055555555556,0.42666500575785
"result_final_concave_5000",21.22,946.771380168607,2.1109372978976,25.0013375106332,6560,256,8.2890625,0.473723213378226
"result_final_concave_5000",3.91,95.1491006254623,1.96397241669814,24.5067704294162,1496,93,4.20430107526882,0.509172120493024
"result_final_concave_5000",16.99,680.196497887837,2.04476293139852,25.8204213116824,5566,229,7.41921397379913,0.48905424909872
"result_final_concave_5000",31.67,7907.4668401474,2.48391446233927,24.0854535652673,8498,187,16.9358288770053,0.402590352913454
"result_final_concave_5000",28.21,2729.33723621176,2.31056543545406,24.6647474349312,7970,235,12.0042553191489,0.432794494652988
"result_final_concave_5000",4.8,36.7359146200835,1.96568347790359,25.1253887763001,1802,108,4.44444444444444,0.508728903326035
"result_final_concave_5000",34.44,14459.124088182,2.6880327123509,24.3875479581405,8734,175,19.68,0.372019282133445
"result_final_concave_5000",26.89,2204.11300682894,2.26059780080314,23.9776967688248,7672,215,12.506976744186,0.442360865627987
"result_final_concave_5000",8.91,142.469877131835,1.97935109701128,25.8089499195638,3034,149,5.97986577181208,0.505216078900782
"result_final_concave_5000",37.95,55512.8880339147,3.09625752318336,25.3914059969235,9206,153,24.8039215686275,0.322970551548913
"result_final_concave_5000",8.62,76.9981939238143,1.97804059667048,25.7236672420523,3078,170,5.07058823529412,0.505550796926636
"result_final_concave_5000",2.04,43.876062182764,1.96161833498736,22.1649818857484,788,51,4,0.50978316330146
"result_final_concave_5000",11.68,195.075926453555,1.99499078597415,23.9469238836931,3998,198,5.8989898989899,0.501255447910102
"result_final_concave_5000",44.78,101338.945161853,5.51907670838107,26.1896865038818,10050,94,47.6382978723404,0.181189726622469
"result_final_concave_5000",5.17,26.9395637225972,1.96651473589612,25.4778569788988,2054,127,4.07086614173228,0.508513860458976
"result_final_concave_5000",14.6,1402.44407979084,2.01862664657144,23.9231861695673,4688,206,7.0873786407767,0.495386307170007
"result_final_concave_5000",29.14,5919.45468370331,2.35048816301699,25.0646000432208,8302,210,13.8761904761905,0.425443537957001
"result_final_concave_5000",5.03,78.0608589109636,1.96619171731041,25.376772953817,1800,105,4.79047619047619,0.508597402377383
"result_final_concave_5000",22.37,921.534899620735,2.13455650596613,25.0308993882978,6986,244,9.16803278688525,0.468481390492582
"result_final_concave_5000",28.55,2123.44255039991,2.32467389959666,24.7195850436543,8082,203,14.064039408867,0.430167861468012
"result_final_concave_5000",6.9,100.938452533737,1.9714006223929,24.8532764977461,2560,152,4.53947368421053,0.507253568169312
"result_final_concave_5000",42.01,35833.3955530406,4.03882463769092,24.4127614948724,9600,119,35.3025210084034,0.247596786121351
"result_final_concave_5000",29.74,3939.06717900619,2.37860249674983,25.0915085547763,8102,190,15.6526315789474,0.42041492908816
"result_final_concave_5000",3.71,51.3629450658648,1.96364221771558,24.7930945315247,1404,85,4.36470588235294,0.509257741037651
"result_final_concave_5000",6.2,151.274769142983,1.96921905098863,25.6033379251599,2222,123,5.04065040650407,0.507815521842508
"result_final_concave_5000",19.46,1147.2528750008,2.07982314561831,25.4580140677464,6532,261,7.45593869731801,0.480810112199569
"result_final_concave_5000",20.54,1150.63607312971,2.09823865771972,24.783574021833,6464,230,8.9304347826087,0.476590208802443
"result_final_concave_5000",41.5,128364.379104673,3.87034937473317,26.2712888030053,9612,123,33.739837398374,0.258374607348966
"result_final_concave_5000",20.01,645.592054058191,2.08894336304436,24.5654147983333,6218,221,9.05429864253394,0.478710920406493
"result_final_concave_5000",15.45,341.92327040194,2.02714555571064,25.3705388013885,5190,234,6.6025641025641,0.493304487772432
"result_final_concave_5000",44.62,33201.8088851936,5.3931935896313,24.9346731256114,9322,99,45.0707070707071,0.185418895758267
"result_final_concave_5000",13.9,581.496078618761,2.01219983398532,25.0182722902757,4644,211,6.58767772511848,0.496968533199519
"result_final_concave_5000",23.62,873.990823203292,2.16363903233232,24.5586727409313,6976,228,10.359649122807,0.462184303877176
"result_final_concave_5000",9.44,125.499431625139,1.98189742136064,24.8671100974194,3498,183,5.15846994535519,0.504566981732821
"result_final_concave_5000",23.92,3936.99988271696,2.17120154962737,25.2693965245407,7016,220,10.8727272727273,0.460574468626196
"result_final_concave_5000",40.9,31782.8014188625,3.69637647562815,23.6265327226077,9454,118,34.6610169491525,0.270535213767711
"result_final_concave_5000",25.77,1967.08809309299,2.22351431917808,24.820262373861,7424,236,10.9194915254237,0.449738502412545
"result_final_concave_5000",20.49,899.896591849532,2.09733976074947,25.060883102798,6360,223,9.18834080717489,0.476794470173329
"result_final_concave_5000",10.87,488.61370788699,1.98979916492298,24.9042027043171,3768,192,5.66145833333333,0.502563282580686
"result_final_concave_5000",22.2,674.610231228253,2.13088522543904,25.2996889906986,6810,241,9.21161825726141,0.469288532325322
"result_final_concave_5000",5.11,18.4778848198956,1.96637502526591,25.1256517569147,2096,136,3.75735294117647,0.508549990287215
"result_final_concave_5000",26.62,1688.70754128631,2.25124186536131,24.8918835716082,7778,235,11.3276595744681,0.44419927302636
"result_final_concave_5000",10.57,80.2977621192543,1.98801146638053,26.2660053094222,3862,224,4.71875,0.503015207362284
"result_final_concave_5000",36.98,71188.0144165199,2.96003234379388,24.9332026921014,9252,139,26.6043165467626,0.337834146338515
"result_final_concave_5000",33.41,5800.34236996943,2.60325135438824,24.2106795010722,8870,184,18.1576086956522,0.384135015742649
"result_final_concave_5000",31.63,3452.24150674525,2.48147067119693,24.9821749918369,8518,211,14.9905213270142,0.402986830191974
"result_final_concave_5000",5.43,41.1696509464169,1.96714243072616,25.2875207474608,2048,123,4.41463414634146,0.508351598938799
"result_final_concave_5000",41.27,29441.3780741014,3.80081853029494,25.9773755157891,9648,145,28.4620689655172,0.263101222020826
"result_final_concave_5000",38.2,13598.7075305098,3.1351697810625,25.7438787752349,9480,165,23.1515151515152,0.318961992438286
"result_final_concave_5000",33.22,8487.29516833022,2.58886542061021,25.3898362690729,8844,207,16.048309178744,0.386269595954623
"result_final_concave_5000",25.43,1512.78482707443,2.21311380338437,24.8581022571737,7548,223,11.4035874439462,0.451852045959302
"result_final_concave_5000",32.08,26755.5000171339,2.5096827905322,24.5202914158849,8454,180,17.8222222222222,0.398456730775901
"result_final_concave_5000",21.35,637.958811486688,2.11346844447855,25.2291836306827,6624,242,8.82231404958678,0.473155869732764
"result_final_concave_5000",29.37,5171.18464092787,2.36103461009826,23.6518119622507,8306,209,14.0526315789474,0.42354313474396
"result_final_concave_5000",8.02,63.021870476334,1.97550881951846,24.7039053771323,3124,185,4.33513513513514,0.506198701883677
"result_final_concave_5000",31.74,14969.7062038622,2.48822057170488,24.5384014780534,8634,179,17.731843575419,0.4018936308829
"result_final_concave_5000",32.33,6157.50076531274,2.52606375688307,25.8381816961087,8462,185,17.4756756756757,0.39587282675474
"result_final_concave_5000",25.74,3110.4447769452,2.22258132517499,24.6450181082739,7432,223,11.542600896861,0.449927293401184
"result_final_concave_5000",27.84,4403.65521361338,2.29581278088719,25.6481130308733,7720,201,13.8507462686567,0.435575587140673
"result_final_concave_5000",34.06,17115.6947858765,2.65534930510784,23.9140447954006,8644,172,19.8023255813953,0.37659828711665
"result_final_concave_5000",2.33,16.7907458834003,1.96187892898375,24.8895101602565,924,62,3.75806451612903,0.509715449422762
"result_final_concave_5000",34.64,28768.0256432912,2.70594627608834,24.4819263201092,8868,169,20.4970414201183,0.369556487073195
"result_final_concave_5000",40.92,61107.3512691476,3.70180281594255,24.8352091841828,9398,120,34.1,0.270138645876355
"result_final_concave_5000",38.99,29556.7639976279,3.27020514687712,23.2910285182275,8992,131,29.763358778626,0.305791213421259
"result_final_concave_5000",29.86,5780.26009828475,2.38446523386281,24.5382203938458,8430,222,13.4504504504505,0.41938124565566
"result_final_concave_5000",7.82,99.8808416351936,1.9747173209506,25.4673200761317,2910,160,4.8875,0.506401594491821
"result_final_concave_5000",34.84,5345.83133245098,2.72437557031364,25.1794348881508,8608,169,20.6153846153846,0.367056587533883
"result_final_concave_5000",2.9,20.5965915586107,1.96250051074207,25.1239803713295,1128,78,3.71794871794872,0.509554007515583
"result_final_concave_5000",22.12,668.294359915378,2.12917983314713,24.7711822173604,6490,233,9.49356223175966,0.46966441464078
"result_final_concave_5000",10.95,194.523897594369,1.99028799049539,25.2013660736587,4070,218,5.02293577981651,0.502439850300808
"result_final_concave_5000",13.64,205.300650892711,2.00994146550378,25.2217039767619,4692,210,6.4952380952381,0.497526926610948
"result_final_concave_5000",39.86,33331.6163795789,3.44403840620594,24.6384554238931,9414,130,30.6615384615385,0.290356808506567
"result_final_concave_5000",12.25,788.982650936766,1.99897747939748,25.0302297177424,4126,203,6.03448275862069,0.50025576091103
"result_final_concave_5000",26.98,2274.07987265609,2.26377825601935,24.1940340446424,7890,220,12.2636363636364,0.441739378554863
"result_final_concave_5000",1.46,2.23299957752733,1.9612064024262,24.565570625851,504,27,5.40740740740741,0.509890238356812
"result_final_concave_5000",11.49,154.658003671166,1.99372406034129,25.8494041387234,4112,221,5.19909502262443,0.501573923840202
"result_final_concave_5000",3.13,57.7179994857041,1.96279333473475,25.2727222356264,1164,75,4.17333333333333,0.509477988488859
"result_final_concave_5000",7.19,219.032423741188,1.97238973197388,24.7029372903116,2486,137,5.24817518248175,0.506999191787134
"result_final_concave_5000",20.41,470.269319091315,2.09591117912895,25.1572166676817,6490,239,8.53974895397489,0.477119455231683
"result_final_convex_5000",3.68,16.5201485136725,2.8473402919457,26.2115393618511,1388,81,4.54320987654321,0.351204948291116
"result_final_convex_5000",16.55,1.22763015344708,12.691989956795,24.3540707199368,5588,236,7.01271186440678,0.0787898511899328
"result_final_convex_5000",10.21,23.4124925376343,5.87020358910921,25.1209751047959,3564,179,5.70391061452514,0.170351842967638
"result_final_convex_5000",18.95,0.900109292664072,17.1719274009743,24.6487822457833,6096,246,7.70325203252033,0.0582345811654935
"result_final_convex_5000",25.94,1.46433431329107e-05,39.9403624063787,25.2603646417481,7516,217,11.9539170506912,0.0250373291515325
"result_final_convex_5000",19.32,0.252154389156449,17.9921247132762,25.0874911769656,6102,249,7.75903614457831,0.0555798726351708
"result_final_convex_5000",29.37,9.69046795788527e-09,56.1972992273253,24.1852782475291,8110,201,14.6119402985075,0.0177944494441783
"result_final_convex_5000",8.18,55.9763316541428,4.64843364502133,25.4732128572436,3036,169,4.84023668639053,0.215126228825713
"result_final_convex_5000",12.27,5.19590381917773,7.49358053755902,25.0622599259696,4432,216,5.68055555555556,0.133447554875515
"result_final_convex_5000",24.58,0.00027924065040231,34.2593075586897,24.4459418206822,7102,221,11.1221719457014,0.0291891480377091
"result_final_convex_5000",41.33,4.27836224867395e-16,96.030085923857,25.490101283755,9530,131,31.5496183206107,0.0104134031577657
"result_final_convex_5000",10.19,13.3226092256176,5.85651232170693,24.917199871124,3670,204,4.99509803921569,0.1707500889725
"result_final_convex_5000",12.68,17.2484501060804,7.87320596325118,24.4758664575216,4064,190,6.67368421052632,0.12701306236209
"result_final_convex_5000",10.38,33.0075577216759,5.98804842232488,25.3709974293383,3790,208,4.99038461538461,0.16699931755257
"result_final_convex_5000",7.01,32.5350781079203,4.07739420880245,25.6842428873626,2464,132,5.31060606060606,0.24525467707811
"result_final_convex_5000",0.74,6.61781422296557,2.10944754864066,22.748750330235,316,25,2.96,0.474057769601527
"result_final_convex_5000",33.83,2.76203738900991e-12,76.9968567416907,25.1200786600957,8750,173,19.5549132947977,0.0129875431584799
"result_final_convex_5000",18.98,0.257158352136521,17.2370345649143,25.0790078805072,6170,252,7.53174603174603,0.0580146194076494
"result_final_convex_5000",37.76,6.19035518766559e-15,89.7944310617481,25.4801959693378,9392,148,25.5135135135135,0.0111365480929696
"result_final_convex_5000",9.27,22.5974468969763,5.26408592524799,24.1689427061347,3330,164,5.65243902439024,0.189966504004756
"result_final_convex_5000",42.75,3.83040920969691e-16,97.4369252628655,27.0788637767366,9372,111,38.5135135135135,0.0102630496323873
"result_final_convex_5000",21.64,0.0101910916400235,24.0545206781687,24.5675629618925,6872,259,8.35521235521236,0.0415722272490582
"result_final_convex_5000",10.8,16.3956943632915,6.29078983987733,25.5197175860655,3760,183,5.9016393442623,0.158962550880495
"result_final_convex_5000",33.84,4.30850083539601e-13,77.0375970909027,24.1413929710015,8956,183,18.4918032786885,0.0129806748621718
"result_final_convex_5000",12.22,20.3824933824845,7.44868858678917,25.1318081071521,4240,214,5.71028037383178,0.134251820081937
"result_final_convex_5000",27.23,8.69411960376253e-07,45.8053532662078,24.9658042814976,7600,208,13.0913461538462,0.0218315093912339
"result_final_convex_5000",21.87,0.0169618349298838,24.7480066386095,24.5767014241147,6658,234,9.34615384615385,0.0404072948016708
"result_final_convex_5000",27.36,3.14656511104782e-07,46.4176439676014,24.649519636728,7854,234,11.6923076923077,0.0215435320391957
"result_final_convex_5000",20.69,0.10989285734817,21.3718143372799,25.8153953053778,6404,219,9.44748858447489,0.0467905992546291
"result_final_convex_5000",1.09,4.2356349836446,2.18433635581675,25.4937293671851,416,30,3.63333333333333,0.457804951758946
"result_final_convex_5000",29.6,2.63492690037695e-09,57.3358448781431,24.8854230453791,8516,201,14.726368159204,0.0174410964401993
"result_final_convex_5000",26.09,7.326089736468e-06,40.6005032393771,25.5902204578615,7578,214,12.1915887850467,0.0246302365786967
"result_final_convex_5000",13.3,13.6072220901782,8.48821799851679,24.0740542157254,4610,222,5.99099099099099,0.117810357860123
"result_final_convex_5000",4.05,25.6260126949171,2.96021121110303,26.1477638754723,1536,90,4.5,0.337813733104328
"result_final_convex_5000",13.53,9.16959112804582,8.7296321980182,25.7458949586309,4622,214,6.32242990654206,0.114552363411945
"result_final_convex_5000",8.85,19.6954520954319,5.01646704880451,26.1202830305844,3170,169,5.23668639053254,0.199343480236417
"result_final_convex_5000",19.81,0.130463848290529,19.1374349524543,24.4583880237135,6110,230,8.61304347826087,0.0522536067390658
"result_final_convex_5000",1.67,10.7100487601759,2.31546102605333,26.442116926958,624,42,3.97619047619048,0.431879435131105
"result_final_convex_5000",28.09,2.33094803007904e-07,49.9126677246568,24.0495503744523,8110,219,12.8264840182648,0.0200349940323066
"result_final_convex_5000",2.4,21.1970659460963,2.49390567727012,25.2749585634788,956,62,3.87096774193548,0.400977474454696
"result_final_convex_5000",39.01,1.02622662257949e-15,92.4958073654052,24.573834436969,9186,139,28.0647482014388,0.0108113008414478
"result_final_convex_5000",31.82,3.99046064468758e-11,68.1326545629026,24.9644246468537,8586,204,15.5980392156863,0.0146772499385997
"result_final_convex_5000",6.21,29.4068276185558,3.73333909174786,24.9973742748898,2322,138,4.5,0.267856729706228
"result_final_convex_5000",11.68,10.131540295685,6.9824365386613,24.5747201523794,4280,217,5.38248847926267,0.143216482450369
"result_final_convex_5000",32.1,3.91949683072314e-11,69.4376449900945,25.1072916738177,8670,184,17.445652173913,0.0144014100729173
"result_final_convex_5000",36.58,2.92877878767606e-14,86.6516155308316,23.3969852790616,9114,139,26.3165467625899,0.0115404657359699
"result_final_convex_5000",37.16,6.0814950960918e-15,88.2709854199683,25.4526073192147,9298,153,24.2875816993464,0.0113287508374613
"result_final_convex_5000",32.21,1.65196698566585e-11,69.9450516696039,24.6515413216933,8718,193,16.6891191709845,0.0142969370402877
"result_final_convex_5000",17.67,1.30028294292766,14.6115884879891,25.7208638998122,5578,235,7.51914893617021,0.0684388285929358
"result_final_convex_5000",12.37,20.2534205399139,7.58426708889575,24.256521859863,4290,201,6.15422885572139,0.131851896601073
"result_final_convex_5000",25.92,9.15664912994338e-06,39.8528168754549,25.0067355460187,7514,236,10.9830508474576,0.0250923291852901
"result_final_convex_5000",26.73,5.95050019736818e-06,43.4840465496065,24.8678195035212,7556,224,11.9330357142857,0.0229969397824833
"result_final_convex_5000",14,2.84825860108966,9.24663107974957,25.1112324609406,5022,227,6.16740088105727,0.108147496247583
"result_final_convex_5000",30.37,7.25502255090971e-10,61.1391757302767,25.2166154677864,8436,210,14.4619047619048,0.0163561249895096
"result_final_convex_5000",11.77,34.6595756979178,7.05783668342376,25.2952319261213,4014,192,6.13020833333333,0.14168647488665
"result_final_convex_5000",36.28,2.58567083499609e-14,85.7564817745887,24.7633368663974,9108,165,21.9878787878788,0.0116609261400031
"result_final_convex_5000",26.97,1.8795495064226e-06,44.5913330287935,24.7184423100898,7712,213,12.6619718309859,0.022425882611634
"result_final_convex_5000",40.4,4.74660458964196e-16,94.8201837697173,23.9456890281688,9244,120,33.6666666666667,0.0105462778096763
"result_final_convex_5000",8.18,65.9613515529139,4.64843364502133,25.8251434866633,3062,165,4.95757575757576,0.215126228825713
"result_final_convex_5000",29.17,1.73392043965243e-08,55.2080630284394,24.3359447217425,8046,206,14.1601941747573,0.0181132962314738
"result_final_convex_5000",2.93,40.9153096159631,2.63362647975951,25.3791967945068,1180,72,4.06944444444444,0.37970456618864
"result_final_convex_5000",4.6,11.6635834446826,3.13778998840526,24.510285839422,1804,105,4.38095238095238,0.318695643652122
"result_final_convex_5000",24.96,9.32770539828346e-05,35.7889961424226,25.2811785399478,7374,231,10.8051948051948,0.0279415492968982
"result_final_convex_5000",14.16,7.66541411052947,9.4301650397674,25.2429258405646,4788,225,6.29333333333333,0.106042682793245
"result_final_convex_5000",23.45,0.00120477264705448,29.9916550271331,24.8225332478769,7134,220,10.6590909090909,0.0333426081053317
"result_final_convex_5000",33.04,4.37756317024613e-12,73.6643220290972,24.7026927640054,8740,185,17.8594594594595,0.0135750926969097
"result_final_convex_5000",43.53,8.54968767246131e-17,98.0219793482751,22.8309140029581,9654,102,42.6764705882353,0.0102017935839366
"result_final_convex_5000",9.41,44.2760099946743,5.34969140272162,26.1946556513351,3278,182,5.17032967032967,0.186926670104982
"result_final_convex_5000",2.07,7.90971614576877,2.41130633987934,24.6568518782877,800,49,4.22448979591837,0.414712964280614
"result_final_convex_5000",35.25,8.47425424823086e-14,82.3835201943193,23.4566120908063,8624,158,22.3101265822785,0.0121383499714662
"result_final_convex_5000",25.12,9.40387950816739e-05,36.4468221167813,24.2074184140618,7350,213,11.7934272300469,0.0274372343573836
"result_final_convex_5000",14.76,4.34261782946186,10.1543901521951,25.7655699586333,5260,255,5.78823529411765,0.0984795723831655
"result_final_convex_5000",21.43,0.0169912424310952,23.4365004953019,24.8385251461438,6700,242,8.85537190082645,0.0426684862870402
"result_final_convex_5000",5.64,22.756560283669,3.50861918887803,25.7026756378011,2226,137,4.11678832116788,0.28501240692347
"result_final_convex_5000",14.22,12.2037515024608,9.50000716232084,24.8764904511108,5000,236,6.02542372881356,0.105263078533901
"result_final_convex_5000",38.84,9.45949452591335e-16,92.1642886847604,24.8193558041828,9326,139,27.9424460431655,0.0108501895286189
"result_final_convex_5000",3.15,10.3273609255032,2.69430698204064,25.8508355539559,1316,88,3.57954545454545,0.371152955719474
"result_final_convex_5000",35.7,4.51496892773031e-14,83.9140536865823,25.9421893923974,8658,168,21.25,0.01191695498033
"result_final_convex_5000",1.81,4.01768318489573,2.34848789336622,25.7906943680457,778,53,3.41509433962264,0.425805899542724
"result_final_convex_5000",19.27,0.31753208140564,17.8790789938946,25.4646662256114,6134,230,8.37826086956522,0.0559312926768478
"result_final_convex_5000",4.1,19.031259250612,2.97586140150518,25.2447217285127,1662,100,4.1,0.336037155323902
"result_final_convex_5000",9.66,18.0030898819194,5.50651735984486,25.1863897460395,3426,172,5.61627906976744,0.181602986906442
"result_final_convex_5000",34.2,6.04769839908471e-13,78.4787569861137,24.9924509545277,8850,176,19.4318181818182,0.0127423017183738
"result_final_convex_5000",27.2,1.01433120921405e-06,45.6645425515804,24.8245359161409,7698,215,12.6511627906977,0.021898828809474
"result_final_convex_5000",37.3,6.60977751237795e-15,88.6401159346546,23.8001446810061,9224,147,25.3741496598639,0.0112815736921779
"result_final_convex_5000",36.6,2.21709830104785e-14,86.709890917875,23.2490708890277,9008,144,25.4166666666667,0.0115327096991406
"result_final_convex_5000",33.5,1.57720221047605e-12,75.6316575086632,24.4058431492904,8760,178,18.8202247191011,0.0132219765233289
"result_final_convex_5000",25.04,0.00010210873455302,36.1169041585482,24.322183915479,7598,232,10.7931034482759,0.0276878659258872
"result_final_convex_5000",21.9,0.0117841224262584,24.8397499815187,25.7548950058344,6858,244,8.97540983606557,0.0402580541569066
"result_final_convex_5000",17.58,1.31350745091621,14.4468197141958,25.2840085066157,5658,221,7.95475113122172,0.0692193866735511
"result_final_convex_5000",9.58,9.01930498782765,5.45577281279916,25.8524047673735,3552,190,5.04210526315789,0.18329208973915
"result_final_convex_5000",2.01,4.36953123536138,2.39663606967031,24.6974654796448,838,56,3.58928571428571,0.417251502076226
"result_final_convex_5000",3.62,7.29483296668173,2.82951455079826,26.741881222277,1492,101,3.58415841584158,0.353417514576089
"result_final_convex_5000",38.27,8.87397558598925e-16,90.9715770883697,25.1204329165501,9280,142,26.9507042253521,0.0109924443656572
"result_final_convex_5000",11.78,11.6566142691582,7.06627033394451,24.9306227628927,4172,198,5.94949494949495,0.141517370938423
"result_final_convex_5000",2.59,4.40344693299485,2.5429700255848,23.7393843086014,944,56,4.625,0.393240970180147
"result_final_convex_5000",29.59,4.92617570683369e-09,57.2863376962408,25.337015597464,8068,207,14.2946859903382,0.0174561691358675
"result_final_convex_5000",36.37,3.6138662367446e-14,86.0291609069688,26.2765604422345,9136,157,23.1656050955414,0.0116239655188709
"result_final_convex_5000",7.86,59.1021731122875,4.48361443099339,24.2449503720695,2850,148,5.31081081081081,0.223034343249368
"result_final_convex_5000",35.55,5.55361885828857e-14,83.4136308869829,24.2015100221252,8802,153,23.2352941176471,0.0119884482831697
"result_final_convex_5000",1.46,2.22042376994861,2.26694058018495,26.9997914788474,628,42,3.47619047619048,0.441123163412785
"result_final_convex_5000",39.58,1.20466593901288e-15,93.5298024786126,25.4084192725588,9508,140,28.2714285714286,0.010691779235059
"result_final_convex_5000",17.98,0.771395703986039,15.1939484460128,25.1960559786002,5894,249,7.22088353413655,0.0658156767842937
"result_final_convex_5000",37.61,6.15340320673516e-15,89.4278077146679,25.2062563137331,9268,141,26.6737588652482,0.011182204121459
"result_final_convex_5000",13.99,13.3717202725635,9.23528985593062,25.4403035225702,4600,208,6.72596153846154,0.108280304744072
"result_final_convex_5000",13.09,6.34990920517622,8.27418056017062,24.5093894032642,4638,226,5.79203539823009,0.120857889518836
"result_final_convex_5000",39.54,5.175427284043e-16,93.4610384560869,24.7045462330235,9392,132,29.9545454545455,0.0106996457188934
"result_final_convex_5000",10.78,20.0525441657324,6.27598923774049,25.7022409394854,3928,199,5.41708542713568,0.159337430661373
"result_final_convex_5000",34.96,1.69288429219192e-13,81.3510325855301,24.8024330983445,8762,156,22.4102564102564,0.0122924069703557
"result_final_convex_5000",28.5,4.34260482383351e-08,51.9099889365302,25.1028225905933,7968,229,12.4454148471616,0.0192641150669997
"result_final_convex_5000",12.53,12.9062031605539,7.73190451497488,25.1120853142053,4386,205,6.11219512195122,0.129334240750547
"result_final_convex_5000",3.34,56.100687106678,2.74803429824155,24.2798515676621,1340,85,3.92941176470588,0.363896477070862
"result_final_convex_5000",35.92,7.61350554292183e-14,84.6302487506057,25.5941955901849,8880,137,26.2189781021898,0.0118161061176468
"result_final_convex_5000",42.4,3.03207575273001e-16,97.1340928398031,23.9279416813486,9784,96,44.1666666666667,0.0102950464740453
"result_final_convex_5000",21.7,0.0451893541975434,24.2337495569817,24.9054826809102,6442,220,9.86363636363636,0.0412647658031071
"result_final_convex_5000",2.79,9.04829933076739,2.59584558233704,24.7449371633913,1082,68,4.10294117647059,0.38523092698746
"result_final_convex_5000",13.47,30.3507649937669,8.66593780532809,25.1751063294733,4468,204,6.60294117647059,0.115394319975983
"result_final_convex_5000",36.54,3.83502516074412e-14,86.534540350019,25.4104494680193,9396,134,27.2686567164179,0.0115560791789631
"result_final_convex_5000",25.11,9.04207433576244e-05,36.4054729684567,24.8527588271431,7360,231,10.8701298701299,0.027468397426575
"result_final_convex_5000",24.06,0.000524881711591268,32.2424015769317,25.5614188752632,7208,238,10.109243697479,0.0310150593966755
"result_final_convex_5000",28.99,1.92697293240737e-08,54.3190752733393,25.4247579979073,8016,180,16.1055555555556,0.0184097390275496
"result_final_convex_5000",21.22,0.028153841960302,22.8328058886389,25.0013375106332,6560,256,8.2890625,0.0437966321299818
"result_final_convex_5000",3.91,59.0832463484348,2.91689926607516,24.5067704294162,1496,93,4.20430107526882,0.342829802739658
"result_final_convex_5000",16.99,1.95209714714453,13.4129266407519,25.8204213116824,5566,229,7.41921397379913,0.0745549444042842
"result_final_convex_5000",31.67,6.24312120847521e-11,67.4261578183751,24.0854535652673,8498,187,16.9358288770053,0.0148310393526157
"result_final_convex_5000",28.21,9.24270715608453e-08,50.4951043652383,24.6647474349312,7970,235,12.0042553191489,0.0198039000527033
"result_final_convex_5000",4.8,17.052424466304,3.20542053344857,25.1253887763001,1802,108,4.44444444444444,0.311971546187153
"result_final_convex_5000",34.44,2.83462538134766e-13,79.4112618164898,24.3875479581405,8734,175,19.68,0.0125926723379725
"result_final_convex_5000",26.89,1.6979253302529e-06,44.220766484426,23.9776967688248,7672,215,12.506976744186,0.0226138097437137
"result_final_convex_5000",8.91,30.1838550048572,5.0510159903684,25.8089499195638,3034,149,5.97986577181208,0.197979971139839
"result_final_convex_5000",37.95,6.05114725642986e-15,90.2454074981386,25.3914059969235,9206,153,24.8039215686275,0.0110808962774158
"result_final_convex_5000",8.62,16.4200497592988,4.88650145431237,25.7236672420523,3078,170,5.07058823529412,0.204645390848599
"result_final_convex_5000",2.04,35.1700695951129,2.40395804269944,22.1649818857484,788,51,4,0.415980637863831
"result_final_convex_5000",11.68,15.1975077962051,6.9824365386613,23.9469238836931,3998,198,5.8989898989899,0.143216482450369
"result_final_convex_5000",44.78,5.79567113446819e-16,98.7395622375907,26.1896865038818,10050,94,47.6382978723404,0.0101276527598306
"result_final_convex_5000",5.17,13.5873135060846,3.33505995692221,25.4778569788988,2054,127,4.07086614173228,0.299844684328512
"result_final_convex_5000",14.6,25.8315783163173,9.95556362363186,23.9231861695673,4688,206,7.0873786407767,0.10044634716876
"result_final_convex_5000",29.14,1.98675477353128e-08,55.0597943920715,25.0646000432208,8302,210,13.8761904761905,0.0181620729071229
"result_final_convex_5000",5.03,40.3601598818524,3.28530295148156,25.376772953817,1800,105,4.79047619047619,0.30438593175982
"result_final_convex_5000",22.37,0.00494635962213316,26.3162393475511,25.0308993882978,6986,244,9.16803278688525,0.0379993503932414
"result_final_convex_5000",28.55,1.84711068742437e-08,52.1548674968729,24.7195850436543,8082,203,14.064039408867,0.0191736658147959
"result_final_convex_5000",6.9,36.033535922387,4.02798370141338,24.8532764977461,2560,152,4.53947368421053,0.2482631693989
"result_final_convex_5000",42.01,2.57763749583485e-16,96.7642163692849,24.4127614948724,9600,119,35.3025210084034,0.0103343987841917
"result_final_convex_5000",29.74,2.97748260627545e-09,58.028864733383,25.0915085547763,8102,190,15.6526315789474,0.0172328030988467
"result_final_convex_5000",3.71,25.6615351428414,2.85630237908918,24.7930945315247,1404,85,4.36470588235294,0.350102988857532
"result_final_convex_5000",6.2,60.8179666337177,3.72925567434277,25.6033379251599,2222,123,5.04065040650407,0.268150024381537
"result_final_convex_5000",19.46,0.194181865677567,18.3123805409009,25.4580140677464,6532,261,7.45593869731801,0.0546078647593899
"result_final_convex_5000",20.54,0.0775340472644478,20.9743230254193,24.783574021833,6464,230,8.9304347826087,0.0476773433301316
"result_final_convex_5000",41.5,1.13192393748935e-15,96.2248233901419,26.2712888030053,9612,123,33.739837398374,0.0103923287647463
"result_final_convex_5000",20.01,0.100314108387205,19.624860633573,24.5654147983333,6218,221,9.05429864253394,0.0509557758738557
"result_final_convex_5000",15.45,3.70166876531003,11.0620250498164,25.3705388013885,5190,234,6.6025641025641,0.090399361373404
"result_final_convex_5000",44.62,1.85122133202075e-16,98.6608886405595,24.9346731256114,9322,99,45.0707070707071,0.0101357286943075
"result_final_convex_5000",13.9,16.3276424378977,9.13389741730089,25.0182722902757,4644,211,6.58767772511848,0.109482289357209
"result_final_convex_5000",23.62,0.000563969409946488,30.6062771688233,24.5586727409313,6976,228,10.359649122807,0.0326730361384376
"result_final_convex_5000",9.44,16.842611039629,5.36824040098878,24.8671100974194,3498,183,5.15846994535519,0.18628077830043
"result_final_convex_5000",23.92,0.00140497125372464,31.714749561732,25.2693965245407,7016,220,10.8727272727273,0.0315310703637601
"result_final_convex_5000",40.9,3.64977297535843e-16,95.5020284116241,23.6265327226077,9454,118,34.6610169491525,0.0104709817857469
"result_final_convex_5000",25.77,1.79120698208176e-05,39.1998368717022,24.820262373861,7424,236,10.9194915254237,0.0255103102411604
"result_final_convex_5000",20.49,0.0499202971259135,20.8433695372258,25.060883102798,6360,223,9.18834080717489,0.0479768877202902
"result_final_convex_5000",10.87,55.3644673118052,6.34290153637486,24.9042027043171,3768,192,5.66145833333333,0.1576565542229
"result_final_convex_5000",22.2,0.00434299900811414,25.7736565749684,25.2996889906986,6810,241,9.21161825726141,0.0387993064581767
"result_final_convex_5000",5.11,6.03585474853151,3.31362904525321,25.1256517569147,2096,136,3.75735294117647,0.301783931255825
"result_final_convex_5000",26.62,1.37469424007548e-06,42.9810729453066,24.8918835716082,7778,235,11.3276595744681,0.023266054834706
"result_final_convex_5000",10.57,8.45319637049624,6.12292375574581,26.2660053094222,3862,224,4.71875,0.163320668342733
"result_final_convex_5000",36.98,2.68405920712271e-14,87.7840191399726,24.9332026921014,9252,139,26.6043165467626,0.0113915950738766
"result_final_convex_5000",33.41,9.17044109896754e-13,75.2524922272929,24.2106795010722,8870,184,18.1576086956522,0.0132885964358442
"result_final_convex_5000",31.63,2.79956611612433e-11,67.2369424598861,24.9821749918369,8518,211,14.9905213270142,0.0148727762360194
"result_final_convex_5000",5.43,19.8011377501937,3.42980721482918,25.2875207474608,2048,123,4.41463414634146,0.291561576894579
"result_final_convex_5000",41.27,2.84306730365429e-16,95.959495408736,25.9773755157891,9648,145,28.4620689655172,0.0104210635512467
"result_final_convex_5000",38.2,1.23469435330976e-15,90.816266523378,25.7438787752349,9480,165,23.1515151515152,0.0110112432307772
"result_final_convex_5000",33.22,1.84316620702965e-12,74.4427431116059,25.3898362690729,8844,207,16.048309178744,0.0134331428182433
"result_final_convex_5000",25.43,2.30218522519972e-05,37.7439462660326,24.8581022571737,7548,223,11.4035874439462,0.0264943149545532
"result_final_convex_5000",32.08,8.03286116230643e-11,69.3450599053658,24.5202914158849,8454,180,17.8222222222222,0.0144206379137128
"result_final_convex_5000",21.35,0.0166292500362613,23.2048406534089,25.2291836306827,6624,242,8.82231404958678,0.043094456666872
"result_final_convex_5000",29.37,1.00574699296911e-08,56.1972992273253,23.6518119622507,8306,209,14.0526315789474,0.0177944494441783
"result_final_convex_5000",8.02,14.0274923505918,4.56517244528448,24.7039053771323,3124,185,4.33513513513514,0.219049775662458
"result_final_convex_5000",31.74,9.83499480476472e-11,67.7564673472234,24.5384014780534,8634,179,17.731843575419,0.0147587387470398
"result_final_convex_5000",32.33,1.06325551680004e-11,70.4949900001052,25.8381816961087,8462,185,17.4756756756757,0.0141854052323223
"result_final_convex_5000",25.74,3.04835457851692e-05,39.0700135765776,24.6450181082739,7432,223,11.542600896861,0.0255950768494101
"result_final_convex_5000",27.84,2.97237984195963e-07,48.7058318392232,25.6481130308733,7720,201,13.8507462686567,0.0205314222596788
"result_final_convex_5000",34.06,5.38446864169875e-13,77.924260430877,23.9140447954006,8644,172,19.8023255813953,0.0128329738963266
"result_final_convex_5000",2.33,12.8052211773906,2.47611020503504,24.8895101602565,924,62,3.75806451612903,0.403859245831043
"result_final_convex_5000",34.64,4.23581748115944e-13,80.170562442297,24.4819263201092,8868,169,20.4970414201183,0.0124734063169353
"result_final_convex_5000",40.92,7.01429252575327e-16,95.5277529782924,24.8352091841828,9398,120,34.1,0.0104681620662347
"result_final_convex_5000",38.99,4.89233649107498e-16,92.4573687203531,23.2910285182275,8992,131,29.763358778626,0.0108157955806054
"result_final_convex_5000",29.86,3.42563560771954e-09,58.6226197058242,24.5382203938458,8430,222,13.4504504504505,0.0170582618964851
"result_final_convex_5000",7.82,28.7674342323407,4.46348662082104,25.4673200761317,2910,160,4.8875,0.224040102491907
"result_final_convex_5000",34.84,3.71896635245885e-14,80.9133722914502,25.1794348881508,8608,169,20.6153846153846,0.0123588965788992
"result_final_convex_5000",2.9,13.9922755000373,2.62547658246711,25.1239803713295,1128,78,3.71794871794872,0.380883229611715
"result_final_convex_5000",22.12,0.00517728284831572,25.521677693863,24.7711822173604,6490,233,9.49356223175966,0.0391823771146699
"result_final_convex_5000",10.95,17.5932060417212,6.4030521123787,25.2013660736587,4070,218,5.02293577981651,0.156175521056084
"result_final_convex_5000",13.64,6.71588152055877,8.84773936613691,25.2217039767619,4692,210,6.4952380952381,0.11302322080455
"result_final_convex_5000",39.86,7.17638403354598e-16,93.995641528082,24.6384554238931,9414,130,30.6615384615385,0.0106387911582181
"result_final_convex_5000",12.25,48.7895442332422,7.47558784830631,25.0302297177424,4126,203,6.03448275862069,0.13376874438397
"result_final_convex_5000",26.98,1.40120430529588e-06,44.6377548778803,24.1940340446424,7890,220,12.2636363636364,0.0224025604051054
"result_final_convex_5000",1.46,1.78798238868681,2.26694058018495,24.565570625851,504,27,5.40740740740741,0.441123163412785
"result_final_convex_5000",11.49,13.7223728024781,6.82619082412799,25.8494041387234,4112,221,5.19909502262443,0.146494586184931
"result_final_convex_5000",3.13,40.1487449263557,2.68872336364601,25.2727222356264,1164,75,4.17333333333333,0.371923721689227
"result_final_convex_5000",7.19,73.3070117651625,4.15976090855546,24.7029372903116,2486,137,5.24817518248175,0.240398432021245
"result_final_convex_5000",20.41,0.0437471685478215,20.6354389962826,25.1572166676817,6490,239,8.53974895397489,0.0484603211097252
"result_final_none_0",3.68,1.25368740117655e-20,100,26.2115393618511,1388,81,4.54320987654321,0.01
"result_final_none_0",16.55,1.35012489357474e-19,100,24.3540707199368,5588,236,7.01271186440678,0.01
"result_final_none_0",10.21,8.49984015117968e-20,100,25.1209751047959,3564,179,5.70391061452514,0.01
"result_final_none_0",18.95,9.29802441508063e-19,100,24.6487822457833,6096,246,7.70325203252033,0.01
"result_final_none_0",25.94,1.33001200043512e-18,100,25.2603646417481,7516,217,11.9539170506912,0.01
"result_final_none_0",19.32,3.92538878316515e-19,100,25.0874911769656,6102,249,7.75903614457831,0.01
"result_final_none_0",29.37,2.98338382539967e-18,100,24.1852782475291,8110,201,14.6119402985075,0.01
"result_final_none_0",8.18,1.10324491303536e-19,100,25.4732128572436,3036,169,4.84023668639053,0.01
"result_final_none_0",12.27,4.24763535463032e-20,100,25.0622599259696,4432,216,5.68055555555556,0.01
"result_final_none_0",24.58,1.48104634913001e-18,100,24.4459418206822,7102,221,11.1221719457014,0.01
"result_final_none_0",41.33,5.87789285145554e-17,100,25.490101283755,9530,131,31.5496183206107,0.01
"result_final_none_0",10.19,4.71578351757718e-20,100,24.917199871124,3670,204,4.99509803921569,0.01
"result_final_none_0",12.68,1.70479012088476e-19,100,24.4758664575216,4064,190,6.67368421052632,0.01
"result_final_none_0",10.38,1.23777812657539e-19,100,25.3709974293383,3790,208,4.99038461538461,0.01
"result_final_none_0",7.01,4.05037468072423e-20,100,25.6842428873626,2464,132,5.31060606060606,0.01
"result_final_none_0",0.74,3.66462471113144e-21,100,22.748750330235,316,25,2.96,0.01
"result_final_none_0",33.83,2.79357581026826e-17,100,25.1200786600957,8750,173,19.5549132947977,0.01
"result_final_none_0",18.98,2.74442291390476e-19,100,25.0790078805072,6170,252,7.53174603174603,0.01
"result_final_none_0",37.76,3.76360841784609e-17,100,25.4801959693378,9392,148,25.5135135135135,0.01
"result_final_none_0",9.27,6.03860300504655e-20,100,24.1689427061347,3330,164,5.65243902439024,0.01
"result_final_none_0",42.75,1.06336060185799e-16,100,27.0788637767366,9372,111,38.5135135135135,0.01
"result_final_none_0",21.64,3.28752761357938e-19,100,24.5675629618925,6872,259,8.35521235521236,0.01
"result_final_none_0",10.8,7.33840526521091e-20,100,25.5197175860655,3760,183,5.9016393442623,0.01
"result_final_none_0",33.84,4.44737493564008e-18,100,24.1413929710015,8956,183,18.4918032786885,0.01
"result_final_none_0",12.22,1.53967523047537e-19,100,25.1318081071521,4240,214,5.71028037383178,0.01
"result_final_none_0",27.23,1.4825428304562e-18,100,24.9658042814976,7600,208,13.0913461538462,0.01
"result_final_none_0",21.87,7.739449965083e-19,100,24.5767014241147,6658,234,9.34615384615385,0.01
"result_final_none_0",27.36,7.28745601791348e-19,100,24.649519636728,7854,234,11.6923076923077,0.01
"result_final_none_0",20.69,9.26991129941335e-19,100,25.8153953053778,6404,219,9.44748858447489,0.01
"result_final_none_0",1.09,2.12162483276031e-21,100,25.4937293671851,416,30,3.63333333333333,0.01
"result_final_none_0",29.6,1.43338987386286e-18,100,24.8854230453791,8516,201,14.726368159204,0.01
"result_final_none_0",26.09,9.25625687617954e-19,100,25.5902204578615,7578,214,12.1915887850467,0.01
"result_final_none_0",13.3,1.82560019361224e-19,100,24.0740542157254,4610,222,5.99099099099099,0.01
"result_final_none_0",4.05,2.16019982971959e-20,100,26.1477638754723,1536,90,4.5,0.01
"result_final_none_0",13.53,1.39070889118076e-19,100,25.7458949586309,4622,214,6.32242990654206,0.01
"result_final_none_0",8.85,4.6521191679347e-20,100,26.1202830305844,3170,169,5.23668639053254,0.01
"result_final_none_0",19.81,3.60085561097327e-19,100,24.4583880237135,6110,230,8.61304347826087,0.01
"result_final_none_0",1.67,1.07425002119718e-29,100,26.442116926958,624,42,3.97619047619048,0.01
"result_final_none_0",28.09,3.09889175214181e-18,100,24.0495503744523,8110,219,12.8264840182648,0.01
"result_final_none_0",2.4,1.27297489965619e-20,100,25.2749585634788,956,62,3.87096774193548,0.01
"result_final_none_0",39.01,2.40839962464575e-17,100,24.573834436969,9186,139,28.0647482014388,0.01
"result_final_none_0",31.82,4.7986259016224e-18,100,24.9644246468537,8586,204,15.5980392156863,0.01
"result_final_none_0",6.21,3.66777026877183e-20,100,24.9973742748898,2322,138,4.5,0.01
"result_final_none_0",11.68,6.411848696614e-20,100,24.5747201523794,4280,217,5.38248847926267,0.01
"result_final_none_0",32.1,9.05105596443503e-18,100,25.1072916738177,8670,184,17.445652173913,0.01
"result_final_none_0",36.58,3.69931839280234e-17,100,23.3969852790616,9114,139,26.3165467625899,0.01
"result_final_none_0",37.16,1.72618447265998e-17,100,25.4526073192147,9298,153,24.2875816993464,0.01
"result_final_none_0",32.21,4.91645713301456e-18,100,24.6515413216933,8718,193,16.6891191709845,0.01
"result_final_none_0",17.67,3.73404799846488e-19,100,25.7208638998122,5578,235,7.51914893617021,0.01
"result_final_none_0",12.37,1.73206676281892e-19,100,24.256521859863,4290,201,6.15422885572139,0.01
"result_final_none_0",25.92,7.96052492391767e-19,100,25.0067355460187,7514,236,10.9830508474576,0.01
"result_final_none_0",26.73,3.17884541847327e-18,100,24.8678195035212,7556,224,11.9330357142857,0.01
"result_final_none_0",14,5.59337455909536e-20,100,25.1112324609406,5022,227,6.16740088105727,0.01
"result_final_none_0",30.37,2.64312678279904e-18,100,25.2166154677864,8436,210,14.4619047619048,0.01
"result_final_none_0",11.77,2.27821201861115e-19,100,25.2952319261213,4014,192,6.13020833333333,0.01
"result_final_none_0",36.28,2.08752916980929e-17,100,24.7633368663974,9108,165,21.9878787878788,0.01
"result_final_none_0",26.97,1.74668492094395e-18,100,24.7184423100898,7712,213,12.6619718309859,0.01
"result_final_none_0",40.4,3.56123187408923e-17,100,23.9456890281688,9244,120,33.6666666666667,0.01
"result_final_none_0",8.18,1.2996579759454e-19,100,25.8251434866633,3062,165,4.95757575757576,0.01
"result_final_none_0",29.17,3.2552446655764e-18,100,24.3359447217425,8046,206,14.1601941747573,0.01
"result_final_none_0",2.93,2.50737480235309e-20,100,25.3791967945068,1180,72,4.06944444444444,0.01
"result_final_none_0",4.6,1.08009991485979e-20,100,24.510285839422,1804,105,4.38095238095238,0.01
"result_final_none_0",24.96,1.06299811567753e-18,100,25.2811785399478,7374,231,10.8051948051948,0.01
"result_final_none_0",14.16,1.65023148817936e-19,100,25.2429258405646,4788,225,6.29333333333333,0.01
"result_final_none_0",23.45,7.56460305890848e-19,100,24.8225332478769,7134,220,10.6590909090909,0.01
"result_final_none_0",33.04,8.36589889031519e-18,100,24.7026927640054,8740,185,17.8594594594595,0.01
"result_final_none_0",43.53,3.1800102717035e-17,100,22.8309140029581,9654,102,42.6764705882353,0.01
"result_final_none_0",9.41,1.2390595774061e-19,100,26.1946556513351,3278,182,5.17032967032967,0.01
"result_final_none_0",2.07,4.91736655580357e-21,100,24.6568518782877,800,49,4.22448979591837,0.01
"result_final_none_0",35.25,1.26686840340336e-17,100,23.4566120908063,8624,158,22.3101265822785,0.01
"result_final_none_0",25.12,1.48905183229421e-18,100,24.2074184140618,7350,213,11.7934272300469,0.01
"result_final_none_0",14.76,1.34284324862187e-19,100,25.7655699586333,5260,255,5.78823529411765,0.01
"result_final_none_0",21.43,4.02388247992594e-19,100,24.8385251461438,6700,242,8.85537190082645,0.01
"result_final_none_0",5.64,2.16019982971959e-20,100,25.7026756378011,2226,137,4.11678832116788,0.01
"result_final_none_0",14.22,2.69274183119406e-19,100,24.8764904511108,5000,236,6.02542372881356,0.01
"result_final_none_0",38.84,1.88089623545076e-17,100,24.8193558041828,9326,139,27.9424460431655,0.01
"result_final_none_0",3.15,1.73587486316753e-21,100,25.8508355539559,1316,88,3.57954545454545,0.01
"result_final_none_0",35.7,1.45089473842259e-17,100,25.9421893923974,8658,168,21.25,0.01
"result_final_none_0",1.81,2.50737480235309e-21,100,25.7906943680457,778,53,3.41509433962264,0.01
"result_final_none_0",19.27,4.67149822801339e-19,100,25.4646662256114,6134,230,8.37826086956522,0.01
"result_final_none_0",4.1,1.62427764935493e-20,100,25.2447217285127,1662,100,4.1,0.01
"result_final_none_0",9.66,4.68416269083051e-20,100,25.1863897460395,3426,172,5.61627906976744,0.01
"result_final_none_0",34.2,1.28325091410079e-17,100,24.9924509545277,8850,176,19.4318181818182,0.01
"result_final_none_0",27.2,1.61207428523509e-18,100,24.8245359161409,7698,215,12.6511627906977,0.01
"result_final_none_0",37.3,2.25641697804702e-17,100,23.8001446810061,9224,147,25.3741496598639,0.01
"result_final_none_0",36.6,2.88319774766705e-17,100,23.2490708890277,9008,144,25.4166666666667,0.01
"result_final_none_0",33.5,8.06063096404969e-18,100,24.4058431492904,8760,178,18.8202247191011,0.01
"result_final_none_0",25.04,1.37096033087419e-18,100,24.322183915479,7598,232,10.7931034482759,0.01
"result_final_none_0",21.9,5.62927509248235e-19,100,25.7548950058344,6858,244,8.97540983606557,0.01
"result_final_none_0",17.58,3.47372335874297e-19,100,25.2840085066157,5658,221,7.95475113122172,0.01
"result_final_none_0",9.58,2.66167479019021e-20,100,25.8524047673735,3552,190,5.04210526315789,0.01
"result_final_none_0",2.01,2.70024978714948e-21,100,24.6974654796448,838,56,3.58928571428571,0.01
"result_final_none_0",3.62,2.78168258975091e-21,100,26.741881222277,1492,101,3.58415841584158,0.01
"result_final_none_0",38.27,9.71898930346958e-18,100,25.1204329165501,9280,142,26.9507042253521,0.01
"result_final_none_0",11.78,7.69571189337603e-20,100,24.9306227628927,4172,198,5.94949494949495,0.01
"result_final_none_0",2.59,2.12162483276031e-21,100,23.7393843086014,944,56,4.625,0.01
"result_final_none_0",29.59,2.61430328216594e-18,100,25.337015597464,8068,207,14.2946859903382,0.01
"result_final_none_0",36.37,3.34382015181442e-17,100,26.2765604422345,9136,157,23.1656050955414,0.01
"result_final_none_0",7.86,1.0721906352948e-19,100,24.2449503720695,2850,148,5.31081081081081,0.01
"result_final_none_0",35.55,1.38960632034937e-17,100,24.2015100221252,8802,153,23.2352941176471,0.01
"result_final_none_0",1.46,1.92874984796392e-22,100,26.9997914788474,628,42,3.47619047619048,0.01
"result_final_none_0",39.58,4.74112156480757e-17,100,25.4084192725588,9508,140,28.2714285714286,0.01
"result_final_none_0",17.98,2.96399251385505e-19,100,25.1960559786002,5894,249,7.22088353413655,0.01
"result_final_none_0",37.61,3.11453336683311e-17,100,25.2062563137331,9268,141,26.6737588652482,0.01
"result_final_none_0",13.99,2.61144509398765e-19,100,25.4403035225702,4600,208,6.72596153846154,0.01
"result_final_none_0",13.09,7.66934581773835e-20,100,24.5093894032642,4638,226,5.79203539823009,0.01
"result_final_none_0",39.54,1.96801658069661e-17,100,24.7045462330235,9392,132,29.9545454545455,0.01
"result_final_none_0",10.78,8.90877423053954e-20,100,25.7022409394854,3928,199,5.41708542713568,0.01
"result_final_none_0",34.96,1.51027298721218e-17,100,24.8024330983445,8762,156,22.4102564102564,0.01
"result_final_none_0",28.5,1.56724519870899e-18,100,25.1028225905933,7968,229,12.4454148471616,0.01
"result_final_none_0",12.53,1.18810990634577e-19,100,25.1120853142053,4386,205,6.11219512195122,0.01
"result_final_none_0",3.34,4.275129876216e-20,100,24.2798515676621,1340,85,3.92941176470588,0.01
"result_final_none_0",35.92,3.500141406679e-17,100,25.5941955901849,8880,137,26.2189781021898,0.01
"result_final_none_0",42.4,7.23462816422066e-17,100,23.9279416813486,9784,96,44.1666666666667,0.01
"result_final_none_0",21.7,1.5944242605417e-18,100,24.9054826809102,6442,220,9.86363636363636,0.01
"result_final_none_0",2.79,5.78624954389175e-22,100,24.7449371633913,1082,68,4.10294117647059,0.01
"result_final_none_0",13.47,4.45879244090264e-19,100,25.1751063294733,4468,204,6.60294117647059,0.01
"result_final_none_0",36.54,4.56857550035059e-17,100,25.4104494680193,9396,134,27.2686567164179,0.01
"result_final_none_0",25.11,1.40246486043609e-18,100,24.8527588271431,7360,231,10.8701298701299,0.01
"result_final_none_0",24.06,1.01551379104205e-18,100,25.5614188752632,7208,238,10.109243697479,0.01
"result_final_none_0",28.99,2.31947034514314e-18,100,25.4247579979073,8016,180,16.1055555555556,0.01
"result_final_none_0",21.22,4.93053776298086e-19,100,25.0013375106332,6560,256,8.2890625,0.01
"result_final_none_0",3.91,4.89932836333977e-20,100,24.5067704294162,1496,93,4.20430107526882,0.01
"result_final_none_0",16.99,3.07828475735041e-19,100,25.8204213116824,5566,229,7.41921397379913,0.01
"result_final_none_0",31.67,5.27329187173666e-18,100,24.0854535652673,8498,187,16.9358288770053,0.01
"result_final_none_0",28.21,1.6441736404188e-18,100,24.6647474349312,7970,235,12.0042553191489,0.01
"result_final_none_0",4.8,1.62014987228969e-20,100,25.1253887763001,1802,108,4.44444444444444,0.01
"result_final_none_0",34.44,9.58755747101311e-18,100,24.3875479581405,8734,175,19.68,0.01
"result_final_none_0",26.89,1.31102784693496e-18,100,23.9776967688248,7672,215,12.506976744186,0.01
"result_final_none_0",8.91,7.2668578144072e-20,100,25.8089499195638,3034,149,5.97986577181208,0.01
"result_final_none_0",37.95,4.60951118290418e-17,100,25.3914059969235,9206,153,24.8039215686275,0.01
"result_final_none_0",8.62,3.6453372126518e-20,100,25.7236672420523,3078,170,5.07058823529412,0.01
"result_final_none_0",2.04,2.25663732211778e-20,100,22.1649818857484,788,51,4,0.01
"result_final_none_0",11.68,9.55682351713587e-20,100,23.9469238836931,3998,198,5.8989898989899,0.01
"result_final_none_0",44.78,3.08605137497738e-16,100,26.1896865038818,10050,94,47.6382978723404,0.01
"result_final_none_0",5.17,1.38869989053402e-20,100,25.4778569788988,2054,127,4.07086614173228,0.01
"result_final_none_0",14.6,7.22567746160355e-19,100,23.9231861695673,4688,206,7.0873786407767,0.01
"result_final_none_0",29.14,3.46339965698007e-18,100,25.0646000432208,8302,210,13.8761904761905,0.01
"result_final_none_0",5.03,4.0236514073218e-20,100,25.376772953817,1800,105,4.79047619047619,0.01
"result_final_none_0",22.37,4.94379391827522e-19,100,25.0308993882978,6986,244,9.16803278688525,0.01
"result_final_none_0",28.55,7.53449373027708e-19,100,24.7195850436543,8082,203,14.064039408867,0.01
"result_final_none_0",6.9,5.20762458950258e-20,100,24.8532764977461,2560,152,4.53947368421053,0.01
"result_final_none_0",42.01,5.11187649913493e-17,100,24.4127614948724,9600,119,35.3025210084034,0.01
"result_final_none_0",29.74,2.29051431473944e-18,100,25.0915085547763,8102,190,15.6526315789474,0.01
"result_final_none_0",3.71,6.9434994526701e-21,100,24.7930945315247,1404,85,4.36470588235294,0.01
"result_final_none_0",6.2,7.52143972667508e-20,100,25.6033379251599,2222,123,5.04065040650407,0.01
"result_final_none_0",19.46,3.54786688038299e-19,100,25.4580140677464,6532,261,7.45593869731801,0.01
"result_final_none_0",20.54,5.36109448876267e-19,100,24.783574021833,6464,230,8.9304347826087,0.01
"result_final_none_0",41.5,1.71414698588528e-16,100,26.2712888030053,9612,123,33.739837398374,0.01
"result_final_none_0",20.01,3.53282534391924e-19,100,24.5654147983333,6218,221,9.05429864253394,0.01
"result_final_none_0",15.45,1.80202849790046e-19,100,25.3705388013885,5190,234,6.6025641025641,0.01
"result_final_none_0",44.62,9.47706826804323e-17,100,24.9346731256114,9322,99,45.0707070707071,0.01
"result_final_none_0",13.9,3.03106950698186e-19,100,25.0182722902757,4644,211,6.58767772511848,0.01
"result_final_none_0",23.62,4.81504218164436e-19,100,24.5586727409313,6976,228,10.359649122807,0.01
"result_final_none_0",9.44,4.33968715791882e-20,100,24.8671100974194,3498,183,5.15846994535519,0.01
"result_final_none_0",23.92,2.08791855938082e-18,100,25.2693965245407,7016,220,10.8727272727273,0.01
"result_final_none_0",40.9,3.85073587320946e-17,100,23.6265327226077,9454,118,34.6610169491525,0.01
"result_final_none_0",25.77,1.1234612580607e-18,100,24.820262373861,7424,236,10.9194915254237,0.01
"result_final_none_0",20.49,3.23317390386267e-19,100,25.060883102798,6360,223,9.18834080717489,0.01
"result_final_none_0",10.87,2.54594979931237e-19,100,24.9042027043171,3768,192,5.66145833333333,0.01
"result_final_none_0",22.2,3.30934531358158e-19,100,25.2996889906986,6810,241,9.21161825726141,0.01
"result_final_none_0",5.11,5.22800213758846e-21,100,25.1256517569147,2096,136,3.75735294117647,0.01
"result_final_none_0",26.62,5.71088507066465e-19,100,24.8918835716082,7778,235,11.3276595744681,0.01
"result_final_none_0",10.57,3.47896144913203e-20,100,26.2660053094222,3862,224,4.71875,0.01
"result_final_none_0",36.98,5.97207911425529e-17,100,24.9332026921014,9252,139,26.6043165467626,0.01
"result_final_none_0",33.41,3.87736952453407e-18,100,24.2106795010722,8870,184,18.1576086956522,0.01
"result_final_none_0",31.63,2.15121183414716e-18,100,24.9821749918369,8518,211,14.9905213270142,0.01
"result_final_none_0",5.43,2.12162483276031e-20,100,25.2875207474608,2048,123,4.41463414634146,0.01
"result_final_none_0",41.27,3.77053274524831e-17,100,25.9773755157891,9648,145,28.4620689655172,0.01
"result_final_none_0",38.2,1.25122979032494e-17,100,25.7438787752349,9480,165,23.1515151515152,0.01
"result_final_none_0",33.22,5.19848361863161e-18,100,25.3898362690729,8844,207,16.048309178744,0.01
"result_final_none_0",25.43,6.97284418221845e-19,100,24.8581022571737,7548,223,11.4035874439462,0.01
"result_final_none_0",32.08,1.77106539602426e-17,100,24.5202914158849,8454,180,17.8222222222222,0.01
"result_final_none_0",21.35,3.50764516235897e-19,100,25.2291836306827,6624,242,8.82231404958678,0.01
"result_final_none_0",29.37,3.09637194400065e-18,100,23.6518119622507,8306,209,14.0526315789474,0.01
"result_final_none_0",8.02,2.62309979323093e-20,100,24.7039053771323,3124,185,4.33513513513514,0.01
"result_final_none_0",31.74,9.79895990725635e-18,100,24.5384014780534,8634,179,17.731843575419,0.01
"result_final_none_0",32.33,4.16587398844665e-18,100,25.8381816961087,8462,185,17.4756756756757,0.01
"result_final_none_0",25.74,1.79178971189033e-18,100,24.6450181082739,7432,223,11.542600896861,0.01
"result_final_none_0",27.84,2.16131024564577e-18,100,25.6481130308733,7720,201,13.8507462686567,0.01
"result_final_none_0",34.06,8.65878413287745e-18,100,23.9140447954006,8644,172,19.8023255813953,0.01
"result_final_none_0",2.33,8.48649933104124e-21,100,24.8895101602565,924,62,3.75806451612903,0.01
"result_final_none_0",34.64,2.09425510649721e-17,100,24.4819263201092,8868,169,20.4970414201183,0.01
"result_final_none_0",40.92,7.49631404425529e-17,100,24.8352091841828,9398,120,34.1,0.01
"result_final_none_0",38.99,1.12630172146568e-17,100,23.2910285182275,8992,131,29.763358778626,0.01
"result_final_none_0",29.86,3.54615054273869e-18,100,24.5382203938458,8430,222,13.4504504504505,0.01
"result_final_none_0",7.82,5.1690495925433e-20,100,25.4673200761317,2910,160,4.8875,0.01
"result_final_none_0",34.84,2.66571492220518e-18,100,25.1794348881508,8608,169,20.6153846153846,0.01
"result_final_none_0",2.9,1.00294992094124e-20,100,25.1239803713295,1128,78,3.71794871794872,0.01
"result_final_none_0",22.12,3.47808096814204e-19,100,24.7711822173604,6490,233,9.49356223175966,0.01
"result_final_none_0",10.95,8.26077927621418e-20,100,25.2013660736587,4070,218,5.02293577981651,0.01
"result_final_none_0",13.64,1.08054068203377e-19,100,25.2217039767619,4692,210,6.4952380952381,0.01
"result_final_none_0",39.86,3.56513348633029e-17,100,24.6384554238931,9414,130,30.6615384615385,0.01
"result_final_none_0",12.25,3.95200796782166e-19,100,25.0302297177424,4126,203,6.03448275862069,0.01
"result_final_none_0",26.98,1.33273155853463e-18,100,24.1940340446424,7890,220,12.2636363636364,0.01
"result_final_none_0",1.46,9.64374923981959e-22,100,24.565570625851,504,27,5.40740740740741,0.01
"result_final_none_0",11.49,8.03513824173705e-20,100,25.8494041387234,4112,221,5.19909502262443,0.01
"result_final_none_0",3.13,2.97027476586443e-20,100,25.2727222356264,1164,75,4.17333333333333,0.01
"result_final_none_0",7.19,1.13161086635193e-19,100,24.7029372903116,2486,137,5.24817518248175,0.01
"result_final_none_0",20.41,2.5536083759845e-19,100,25.1572166676817,6490,239,8.53974895397489,0.01
